# Blender 4.2.16 LTS
# www.blender.org
mtllib body.mtl
o Body
v -0.000000 -0.345347 0.000000
v -0.000000 -0.000000 0.182502
v -0.214437 -0.262246 0.007993
v -0.133404 -0.343281 0.000000
v -0.214437 -0.262246 0.000000
v -0.154473 -0.340507 0.000000
v -0.173980 -0.332427 0.000000
v -0.190730 -0.319573 0.000000
v -0.203584 -0.302822 0.000000
v -0.211664 -0.283315 0.000000
v -0.108521 -0.000000 0.182502
v -0.087267 -0.000000 0.182502
v -0.000000 -0.303969 0.182502
v -0.000000 -0.341507 0.145940
v -0.000000 -0.315319 0.180713
v -0.000000 -0.325651 0.175519
v -0.000000 -0.333956 0.167431
v -0.000000 -0.339419 0.157238
v -0.138102 -0.000000 0.182502
v -0.154564 -0.000000 0.182502
v -0.108521 -0.230377 0.182502
v -0.138102 -0.230377 0.182502
v -0.154564 -0.230377 0.182502
v -0.000000 -0.230377 0.182502
v -0.087267 -0.230377 0.182502
v -0.000000 -0.244120 0.182502
v -0.108521 -0.244119 0.182502
v -0.087267 -0.244121 0.182502
v -0.138102 -0.244120 0.182502
v -0.154473 -0.340507 0.007993
v -0.154279 -0.244119 0.182502
v -0.138102 -0.256372 0.182502
v -0.000000 -0.256372 0.182502
v -0.108521 -0.256372 0.182502
v -0.154025 -0.256372 0.182502
v -0.087267 -0.256372 0.182502
v -0.181174 -0.000000 0.177286
v -0.169595 -0.000000 0.182502
v -0.178197 -0.000000 0.179894
v -0.173959 -0.000000 0.181803
v -0.181018 -0.233446 0.177300
v -0.169443 -0.230377 0.182502
v -0.178051 -0.231912 0.179901
v -0.173814 -0.230788 0.181805
v -0.213218 -0.000000 0.127431
v -0.208910 -0.000000 0.140149
v -0.212573 -0.000000 0.131769
v -0.210996 -0.000000 0.136424
v -0.208935 -0.255590 0.139761
v -0.213228 -0.259038 0.127036
v -0.211014 -0.257245 0.136034
v -0.212585 -0.258507 0.131376
v -0.178067 -0.247785 0.177277
v -0.166676 -0.244119 0.182502
v -0.175214 -0.245951 0.179890
v -0.171045 -0.244610 0.181802
v -0.159953 -0.256372 0.182502
v -0.170919 -0.260372 0.177111
v -0.164297 -0.256907 0.181780
v -0.168311 -0.258372 0.179807
v -0.140643 -0.281871 0.176954
v -0.138102 -0.270988 0.182502
v -0.139372 -0.278955 0.179728
v -0.138442 -0.274972 0.181759
v -0.153915 -0.261700 0.182502
v -0.156576 -0.272695 0.176943
v -0.154218 -0.265772 0.181757
v -0.155192 -0.269797 0.179723
v -0.210491 -0.280602 0.123579
v -0.206375 -0.276436 0.136449
v -0.209871 -0.279975 0.127939
v -0.208365 -0.278450 0.132650
v -0.138016 -0.341483 0.110229
v -0.132540 -0.337102 0.124164
v -0.137380 -0.340812 0.114488
v -0.135375 -0.339209 0.119588
v -0.186115 -0.313662 0.118482
v -0.189496 -0.318283 0.105041
v -0.187739 -0.315904 0.114365
v -0.188976 -0.317595 0.109446
v -0.172419 -0.331575 0.100948
v -0.169307 -0.326797 0.114366
v -0.171936 -0.330868 0.105315
v -0.170797 -0.329119 0.110227
v -0.148177 -0.335343 0.117257
v -0.152336 -0.339789 0.103797
v -0.150191 -0.337499 0.113056
v -0.151714 -0.339127 0.108130
v -0.202406 -0.300820 0.115672
v -0.198731 -0.296142 0.128906
v -0.201846 -0.300124 0.120075
v -0.200501 -0.298412 0.124919
v -0.111863 -0.296445 0.177004
v -0.108521 -0.286168 0.182502
v -0.110192 -0.293758 0.179753
v -0.108969 -0.289997 0.181766
v -0.091516 -0.307441 0.177027
v -0.075584 -0.304315 0.182502
v -0.087827 -0.305898 0.179765
v -0.081995 -0.304754 0.181769
v -0.102082 -0.336858 0.141421
v -0.075419 -0.341013 0.145930
v -0.092880 -0.338908 0.143675
v -0.083121 -0.340429 0.145326
v -0.073679 -0.334053 0.160323
v -0.058952 -0.339255 0.157232
v -0.070233 -0.336643 0.158777
v -0.064843 -0.338547 0.157646
v -0.066555 -0.330505 0.167972
v -0.049718 -0.334402 0.167427
v -0.061958 -0.332488 0.167699
v -0.055795 -0.333914 0.167500
v -0.066040 -0.326816 0.172070
v -0.048716 -0.326938 0.175518
v -0.061194 -0.326978 0.173794
v -0.054853 -0.327022 0.175056
v -0.070413 -0.321100 0.174930
v -0.056156 -0.317652 0.180712
v -0.067146 -0.319537 0.177821
v -0.061927 -0.318274 0.179938
v -0.000000 0.345347 0.000000
v -0.133404 0.343281 0.000000
v -0.214437 0.262246 0.000000
v -0.154473 0.340507 0.000000
v -0.173980 0.332427 0.000000
v -0.190730 0.319573 0.000000
v -0.203584 0.302822 0.000000
v -0.211664 0.283315 0.000000
v -0.000000 0.303969 0.182502
v -0.000000 0.341507 0.145940
v -0.000000 0.315319 0.180713
v -0.000000 0.325651 0.175519
v -0.000000 0.333956 0.167431
v -0.000000 0.339419 0.157238
v -0.108521 0.230377 0.182502
v -0.138102 0.230377 0.182502
v -0.154564 0.230377 0.182502
v -0.000000 0.230377 0.182502
v -0.087267 0.230377 0.182502
v -0.000000 0.244120 0.182502
v -0.108521 0.244119 0.182502
v -0.087267 0.244121 0.182502
v -0.138102 0.244120 0.182502
v -0.133404 -0.343281 0.007993
v -0.154279 0.244119 0.182502
v -0.138102 0.256372 0.182502
v -0.000000 0.256372 0.182502
v -0.108521 0.256372 0.182502
v -0.154025 0.256372 0.182502
v -0.087267 0.256372 0.182502
v -0.181018 0.233446 0.177300
v -0.169443 0.230377 0.182502
v -0.178051 0.231912 0.179901
v -0.173814 0.230788 0.181805
v -0.208935 0.255590 0.139761
v -0.213228 0.259038 0.127036
v -0.211014 0.257245 0.136034
v -0.212585 0.258507 0.131376
v -0.178067 0.247785 0.177277
v -0.166676 0.244118 0.182502
v -0.175214 0.245951 0.179890
v -0.171045 0.244609 0.181802
v -0.159953 0.256372 0.182502
v -0.170919 0.260372 0.177111
v -0.164297 0.256907 0.181780
v -0.168311 0.258372 0.179807
v -0.140643 0.281871 0.176954
v -0.138102 0.270988 0.182502
v -0.139372 0.278955 0.179728
v -0.138442 0.274972 0.181759
v -0.153915 0.261700 0.182502
v -0.156576 0.272695 0.176943
v -0.154218 0.265772 0.181757
v -0.155192 0.269797 0.179723
v -0.210491 0.280602 0.123579
v -0.206375 0.276436 0.136449
v -0.209871 0.279975 0.127939
v -0.208365 0.278450 0.132650
v -0.138016 0.341483 0.110229
v -0.132540 0.337102 0.124164
v -0.137380 0.340812 0.114488
v -0.135375 0.339209 0.119588
v -0.186115 0.313662 0.118482
v -0.189496 0.318283 0.105041
v -0.187739 0.315904 0.114365
v -0.188976 0.317595 0.109446
v -0.172419 0.331575 0.100948
v -0.169307 0.326797 0.114366
v -0.171936 0.330868 0.105315
v -0.170797 0.329119 0.110227
v -0.148177 0.335343 0.117257
v -0.152336 0.339789 0.103797
v -0.150191 0.337499 0.113056
v -0.151714 0.339127 0.108130
v -0.202406 0.300820 0.115672
v -0.198731 0.296142 0.128906
v -0.201846 0.300124 0.120075
v -0.200501 0.298412 0.124919
v -0.111863 0.296445 0.177004
v -0.108521 0.286168 0.182502
v -0.110192 0.293758 0.179753
v -0.108969 0.289997 0.181766
v -0.091516 0.307441 0.177027
v -0.075584 0.304315 0.182502
v -0.087827 0.305898 0.179765
v -0.081995 0.304754 0.181769
v -0.102082 0.336858 0.141421
v -0.075419 0.341013 0.145930
v -0.092880 0.338908 0.143675
v -0.083121 0.340429 0.145326
v -0.073679 0.334053 0.160323
v -0.058952 0.339255 0.157232
v -0.070233 0.336643 0.158777
v -0.064843 0.338547 0.157646
v -0.066555 0.330505 0.167972
v -0.049718 0.334402 0.167427
v -0.061958 0.332488 0.167699
v -0.055795 0.333914 0.167500
v -0.066040 0.326816 0.172070
v -0.048716 0.326938 0.175518
v -0.061194 0.326978 0.173794
v -0.054853 0.327022 0.175056
v -0.070413 0.321100 0.174930
v -0.056156 0.317652 0.180712
v -0.067146 0.319537 0.177821
v -0.061927 0.318274 0.179938
v -0.190730 -0.319573 0.007993
v -0.173980 -0.332427 0.007993
v -0.155012 -0.342520 0.000000
v -0.133540 -0.345347 0.000000
v -0.175022 -0.334232 0.000000
v -0.192204 -0.321047 0.000000
v -0.205389 -0.303865 0.000000
v -0.213677 -0.283855 0.000000
v -0.216504 -0.262382 0.000000
v -0.203584 -0.302822 0.007993
v -0.211664 -0.283315 0.007993
v -0.155012 0.342520 0.000000
v -0.133540 0.345347 0.000000
v -0.175022 0.334232 0.000000
v -0.192204 0.321047 0.000000
v -0.205389 0.303865 0.000000
v -0.213677 0.283855 0.000000
v -0.216504 0.262382 0.000000
v -0.000000 -0.343281 0.000000
v -0.000000 0.343281 0.000000
v -0.133404 0.343281 0.007993
v -0.214437 0.262246 0.007993
v -0.154473 0.340507 0.007993
v -0.173980 0.332427 0.007993
v -0.190730 0.319573 0.007993
v -0.203584 0.302822 0.007993
v -0.211664 0.283315 0.007993
v -0.000000 -0.343281 0.007993
v -0.000000 0.343281 0.007993
v -0.216301 -0.066440 0.007974
v -0.213651 -0.000000 0.110669
v -0.213706 -0.016292 0.108524
v -0.213880 0.035050 0.101764
v -0.213706 0.018732 0.108524
v -0.213880 -0.032610 0.101764
v -0.214157 -0.046623 0.091012
v -0.214519 0.059815 0.076999
v -0.214157 0.049063 0.091012
v -0.214939 0.066575 0.060681
v -0.214519 -0.057376 0.076999
v -0.215391 0.068880 0.043169
v -0.214939 -0.064135 0.060681
v -0.214437 0.068880 0.007993
v -0.215391 -0.066440 0.043169
v -0.214437 0.068880 0.000000
v -0.216504 0.068880 0.000000
v -0.214437 -0.066440 0.000000
v -0.216504 -0.066440 0.000000
v -0.214437 -0.066440 0.007993
v -0.216301 0.068880 0.007974
v -0.181636 -0.000000 0.110669
v -0.181692 -0.016292 0.108524
v -0.181866 0.035050 0.101764
v -0.181692 0.018732 0.108524
v -0.181866 -0.032610 0.101764
v -0.182143 -0.046623 0.091012
v -0.182504 0.059815 0.076999
v -0.182143 0.049063 0.091012
v -0.182925 0.066575 0.060681
v -0.182504 -0.057376 0.076999
v -0.183377 0.068880 0.043169
v -0.182925 -0.064135 0.060681
v -0.183377 -0.066440 0.043169
v -0.184490 0.068880 0.000000
v -0.184490 -0.066440 0.000000
v -0.184287 0.068880 0.007974
v -0.184287 -0.066440 0.007974
v -0.000000 -0.344211 0.043169
v -0.135293 -0.343834 0.043169
v -0.215391 -0.261246 0.043169
v -0.173909 -0.333096 0.043169
v -0.204276 -0.302728 0.043169
v -0.212564 -0.282719 0.043169
v -0.191091 -0.319911 0.043169
v -0.153899 -0.341384 0.043169
v -0.191091 0.319911 0.043169
v -0.135293 0.343834 0.043169
v -0.215391 0.261246 0.043169
v -0.173909 0.333096 0.043169
v -0.204276 0.302728 0.043169
v -0.000000 0.344211 0.043169
v -0.212564 0.282719 0.043169
v -0.153899 0.341384 0.043169
v -0.182925 0.066575 0.060681
v -0.136004 0.343220 0.060681
v -0.214939 0.260785 0.060681
v -0.212113 0.282258 0.060681
v -0.153448 0.340923 0.060681
v -0.190640 0.319450 0.060681
v -0.173457 0.332635 0.060681
v -0.203824 0.302268 0.060681
v -0.000000 0.343750 0.060681
v -0.000000 -0.343750 0.060681
v -0.136004 -0.343220 0.060681
v -0.153448 -0.340923 0.060681
v -0.214939 -0.260785 0.060681
v -0.173457 -0.332635 0.060681
v -0.203824 -0.302268 0.060681
v -0.212113 -0.282258 0.060681
v -0.190640 -0.319450 0.060681
v -0.190219 -0.319021 0.076999
v -0.136667 -0.342648 0.076999
v -0.153027 -0.340494 0.076999
v -0.173036 -0.332206 0.076999
v -0.203404 -0.301838 0.076999
v -0.211692 -0.281828 0.076999
v -0.214519 -0.260355 0.076999
v -0.000000 -0.343321 0.076999
v -0.153027 0.340494 0.076999
v -0.190219 0.319021 0.076999
v -0.136667 0.342648 0.076999
v -0.214519 0.260355 0.076999
v -0.173036 0.332206 0.076999
v -0.203404 0.301838 0.076999
v -0.000000 0.343321 0.076999
v -0.211692 0.281828 0.076999
v -0.000000 -0.342952 0.091012
v -0.137236 -0.342157 0.091012
v -0.152666 -0.340125 0.091012
v -0.214157 -0.259986 0.091012
v -0.172675 -0.331837 0.091012
v -0.203042 -0.301469 0.091012
v -0.211330 -0.281460 0.091012
v -0.189858 -0.318652 0.091012
v -0.189858 0.318652 0.091012
v -0.137236 0.342157 0.091012
v -0.214157 0.259986 0.091012
v -0.172675 0.331837 0.091012
v -0.203042 0.301469 0.091012
v -0.000000 0.342952 0.091012
v -0.152666 0.340125 0.091012
v -0.211330 0.281460 0.091012
v -0.212575 0.035050 0.131716
v -0.173937 0.035050 0.181804
v -0.210998 0.035050 0.136371
v -0.181151 0.035050 0.177288
v -0.208913 0.035050 0.140096
v -0.213220 0.035050 0.127377
v -0.178175 0.035050 0.179895
v -0.169572 0.035050 0.182502
v -0.212574 0.018732 0.131741
v -0.213219 0.018732 0.127402
v -0.210997 0.018732 0.136396
v -0.178185 0.018732 0.179895
v -0.181162 0.018732 0.177287
v -0.208911 0.018732 0.140120
v -0.169583 0.018732 0.182502
v -0.173947 0.018732 0.181804
v -0.169584 -0.016292 0.182502
v -0.210997 -0.016292 0.136399
v -0.213219 -0.016292 0.127406
v -0.212574 -0.016292 0.131744
v -0.181163 -0.016292 0.177287
v -0.178187 -0.016292 0.179895
v -0.173949 -0.016292 0.181803
v -0.208911 -0.016292 0.140124
v -0.213220 -0.032610 0.127381
v -0.178176 -0.032610 0.179895
v -0.212575 -0.032610 0.131719
v -0.181152 -0.032610 0.177288
v -0.169574 -0.032610 0.182502
v -0.173938 -0.032610 0.181804
v -0.208913 -0.032610 0.140099
v -0.210998 -0.032610 0.136375
v -0.213220 -0.046623 0.127360
v -0.212575 -0.046623 0.131698
v -0.208914 -0.046623 0.140078
v -0.181143 -0.046623 0.177289
v -0.178168 -0.046623 0.179896
v -0.173930 -0.046623 0.181804
v -0.210999 -0.046623 0.136353
v -0.169564 -0.046623 0.182502
v -0.173928 0.049063 0.181804
v -0.210999 0.049063 0.136350
v -0.169563 0.049063 0.182502
v -0.181141 0.049063 0.177289
v -0.212575 0.049063 0.131694
v -0.213220 0.049063 0.127356
v -0.178166 0.049063 0.179896
v -0.208914 0.049063 0.140074
v -0.087267 -0.046623 0.182502
v -0.154564 -0.046623 0.182502
v -0.000000 -0.046623 0.182502
v -0.108521 -0.046623 0.182502
v -0.138102 -0.046623 0.182502
v -0.087267 -0.032610 0.182502
v -0.154564 -0.032610 0.182502
v -0.000000 -0.032610 0.182502
v -0.108521 -0.032610 0.182502
v -0.138102 -0.032610 0.182502
v -0.087267 -0.016292 0.182502
v -0.154564 -0.016292 0.182502
v -0.000000 -0.016292 0.182502
v -0.108521 -0.016292 0.182502
v -0.138102 -0.016292 0.182502
v -0.154564 0.018732 0.182502
v -0.087267 0.018732 0.182502
v -0.000000 0.018732 0.182502
v -0.138102 0.018732 0.182502
v -0.108521 0.018732 0.182502
v -0.108521 0.035050 0.182502
v -0.087267 0.035050 0.182502
v -0.000000 0.035050 0.182502
v -0.138102 0.035050 0.182502
v -0.154564 0.035050 0.182502
v -0.138102 0.049063 0.182502
v -0.108521 0.049063 0.182502
v -0.154564 0.049063 0.182502
v -0.087267 0.049063 0.182502
v -0.000000 0.049063 0.182502
v 0.214437 -0.262246 0.007993
v 0.133404 -0.343281 0.000000
v 0.214437 -0.262246 0.000000
v 0.154473 -0.340507 0.000000
v 0.173980 -0.332427 0.000000
v 0.190730 -0.319573 0.000000
v 0.203584 -0.302822 0.000000
v 0.211664 -0.283315 0.000000
v 0.108521 -0.000000 0.182502
v 0.087267 -0.000000 0.182502
v 0.138102 -0.000000 0.182502
v 0.154564 -0.000000 0.182502
v 0.108521 -0.230377 0.182502
v 0.138102 -0.230377 0.182502
v 0.154564 -0.230377 0.182502
v 0.087267 -0.230377 0.182502
v 0.108521 -0.244119 0.182502
v 0.087267 -0.244121 0.182502
v 0.138102 -0.244120 0.182502
v 0.154473 -0.340507 0.007993
v 0.154279 -0.244119 0.182502
v 0.138102 -0.256372 0.182502
v 0.108521 -0.256372 0.182502
v 0.154025 -0.256372 0.182502
v 0.087267 -0.256372 0.182502
v 0.181174 -0.000000 0.177286
v 0.169595 -0.000000 0.182502
v 0.178197 -0.000000 0.179894
v 0.173959 -0.000000 0.181803
v 0.181018 -0.233446 0.177300
v 0.169443 -0.230377 0.182502
v 0.178051 -0.231912 0.179901
v 0.173814 -0.230788 0.181805
v 0.213218 -0.000000 0.127431
v 0.208910 -0.000000 0.140149
v 0.212573 -0.000000 0.131769
v 0.210996 -0.000000 0.136424
v 0.208935 -0.255590 0.139761
v 0.213228 -0.259038 0.127036
v 0.211014 -0.257245 0.136034
v 0.212585 -0.258507 0.131376
v 0.178067 -0.247785 0.177277
v 0.166676 -0.244119 0.182502
v 0.175214 -0.245951 0.179890
v 0.171045 -0.244610 0.181802
v 0.159953 -0.256372 0.182502
v 0.170919 -0.260372 0.177111
v 0.164297 -0.256907 0.181780
v 0.168311 -0.258372 0.179807
v 0.140643 -0.281871 0.176954
v 0.138102 -0.270988 0.182502
v 0.139372 -0.278955 0.179728
v 0.138442 -0.274972 0.181759
v 0.153915 -0.261700 0.182502
v 0.156576 -0.272695 0.176943
v 0.154218 -0.265772 0.181757
v 0.155192 -0.269797 0.179723
v 0.210491 -0.280602 0.123579
v 0.206375 -0.276436 0.136449
v 0.209871 -0.279975 0.127939
v 0.208365 -0.278450 0.132650
v 0.138016 -0.341483 0.110229
v 0.132540 -0.337102 0.124164
v 0.137380 -0.340812 0.114488
v 0.135375 -0.339209 0.119588
v 0.186115 -0.313662 0.118482
v 0.189496 -0.318283 0.105041
v 0.187739 -0.315904 0.114365
v 0.188976 -0.317595 0.109446
v 0.172419 -0.331575 0.100948
v 0.169307 -0.326797 0.114366
v 0.171936 -0.330868 0.105315
v 0.170797 -0.329119 0.110227
v 0.148177 -0.335343 0.117257
v 0.152336 -0.339789 0.103797
v 0.150191 -0.337499 0.113056
v 0.151714 -0.339127 0.108130
v 0.202406 -0.300820 0.115672
v 0.198731 -0.296142 0.128906
v 0.201846 -0.300124 0.120075
v 0.200501 -0.298412 0.124919
v 0.111863 -0.296445 0.177004
v 0.108521 -0.286168 0.182502
v 0.110192 -0.293758 0.179753
v 0.108969 -0.289997 0.181766
v 0.091516 -0.307441 0.177027
v 0.075584 -0.304315 0.182502
v 0.087827 -0.305898 0.179765
v 0.081995 -0.304754 0.181769
v 0.102082 -0.336858 0.141421
v 0.075419 -0.341013 0.145930
v 0.092880 -0.338908 0.143675
v 0.083121 -0.340429 0.145326
v 0.073679 -0.334053 0.160323
v 0.058952 -0.339255 0.157232
v 0.070233 -0.336643 0.158777
v 0.064843 -0.338547 0.157646
v 0.066555 -0.330505 0.167972
v 0.049718 -0.334402 0.167427
v 0.061958 -0.332488 0.167699
v 0.055795 -0.333914 0.167500
v 0.066040 -0.326816 0.172070
v 0.048716 -0.326938 0.175518
v 0.061194 -0.326978 0.173794
v 0.054853 -0.327022 0.175056
v 0.070413 -0.321100 0.174930
v 0.056156 -0.317652 0.180712
v 0.067146 -0.319537 0.177821
v 0.061927 -0.318274 0.179938
v 0.133404 0.343281 0.000000
v 0.214437 0.262246 0.000000
v 0.154473 0.340507 0.000000
v 0.173980 0.332427 0.000000
v 0.190730 0.319573 0.000000
v 0.203584 0.302822 0.000000
v 0.211664 0.283315 0.000000
v 0.108521 0.230377 0.182502
v 0.138102 0.230377 0.182502
v 0.154564 0.230377 0.182502
v 0.087267 0.230377 0.182502
v 0.108521 0.244119 0.182502
v 0.087267 0.244121 0.182502
v 0.138102 0.244120 0.182502
v 0.133404 -0.343281 0.007993
v 0.154279 0.244119 0.182502
v 0.138102 0.256372 0.182502
v 0.108521 0.256372 0.182502
v 0.154025 0.256372 0.182502
v 0.087267 0.256372 0.182502
v 0.181018 0.233446 0.177300
v 0.169443 0.230377 0.182502
v 0.178051 0.231912 0.179901
v 0.173814 0.230788 0.181805
v 0.208935 0.255590 0.139761
v 0.213228 0.259038 0.127036
v 0.211014 0.257245 0.136034
v 0.212585 0.258507 0.131376
v 0.178067 0.247785 0.177277
v 0.166676 0.244118 0.182502
v 0.175214 0.245951 0.179890
v 0.171045 0.244609 0.181802
v 0.159953 0.256372 0.182502
v 0.170919 0.260372 0.177111
v 0.164297 0.256907 0.181780
v 0.168311 0.258372 0.179807
v 0.140643 0.281871 0.176954
v 0.138102 0.270988 0.182502
v 0.139372 0.278955 0.179728
v 0.138442 0.274972 0.181759
v 0.153915 0.261700 0.182502
v 0.156576 0.272695 0.176943
v 0.154218 0.265772 0.181757
v 0.155192 0.269797 0.179723
v 0.210491 0.280602 0.123579
v 0.206375 0.276436 0.136449
v 0.209871 0.279975 0.127939
v 0.208365 0.278450 0.132650
v 0.138016 0.341483 0.110229
v 0.132540 0.337102 0.124164
v 0.137380 0.340812 0.114488
v 0.135375 0.339209 0.119588
v 0.186115 0.313662 0.118482
v 0.189496 0.318283 0.105041
v 0.187739 0.315904 0.114365
v 0.188976 0.317595 0.109446
v 0.172419 0.331575 0.100948
v 0.169307 0.326797 0.114366
v 0.171936 0.330868 0.105315
v 0.170797 0.329119 0.110227
v 0.148177 0.335343 0.117257
v 0.152336 0.339789 0.103797
v 0.150191 0.337499 0.113056
v 0.151714 0.339127 0.108130
v 0.202406 0.300820 0.115672
v 0.198731 0.296142 0.128906
v 0.201846 0.300124 0.120075
v 0.200501 0.298412 0.124919
v 0.111863 0.296445 0.177004
v 0.108521 0.286168 0.182502
v 0.110192 0.293758 0.179753
v 0.108969 0.289997 0.181766
v 0.091516 0.307441 0.177027
v 0.075584 0.304315 0.182502
v 0.087827 0.305898 0.179765
v 0.081995 0.304754 0.181769
v 0.102082 0.336858 0.141421
v 0.075419 0.341013 0.145930
v 0.092880 0.338908 0.143675
v 0.083121 0.340429 0.145326
v 0.073679 0.334053 0.160323
v 0.058952 0.339255 0.157232
v 0.070233 0.336643 0.158777
v 0.064843 0.338547 0.157646
v 0.066555 0.330505 0.167972
v 0.049718 0.334402 0.167427
v 0.061958 0.332488 0.167699
v 0.055795 0.333914 0.167500
v 0.066040 0.326816 0.172070
v 0.048716 0.326938 0.175518
v 0.061194 0.326978 0.173794
v 0.054853 0.327022 0.175056
v 0.070413 0.321100 0.174930
v 0.056156 0.317652 0.180712
v 0.067146 0.319537 0.177821
v 0.061927 0.318274 0.179938
v 0.190730 -0.319573 0.007993
v 0.173980 -0.332427 0.007993
v 0.155012 -0.342520 0.000000
v 0.133540 -0.345347 0.000000
v 0.175022 -0.334232 0.000000
v 0.192204 -0.321047 0.000000
v 0.205389 -0.303865 0.000000
v 0.213677 -0.283855 0.000000
v 0.216504 -0.262382 0.000000
v 0.203584 -0.302822 0.007993
v 0.211664 -0.283315 0.007993
v 0.155012 0.342520 0.000000
v 0.133540 0.345347 0.000000
v 0.175022 0.334232 0.000000
v 0.192204 0.321047 0.000000
v 0.205389 0.303865 0.000000
v 0.213677 0.283855 0.000000
v 0.216504 0.262382 0.000000
v 0.133404 0.343281 0.007993
v 0.214437 0.262246 0.007993
v 0.154473 0.340507 0.007993
v 0.173980 0.332427 0.007993
v 0.190730 0.319573 0.007993
v 0.203584 0.302822 0.007993
v 0.211664 0.283315 0.007993
v 0.216301 -0.066440 0.007974
v 0.213651 -0.000000 0.110669
v 0.213706 -0.016292 0.108524
v 0.213880 0.035050 0.101764
v 0.213706 0.018732 0.108524
v 0.213880 -0.032610 0.101764
v 0.214157 -0.046623 0.091012
v 0.214519 0.059815 0.076999
v 0.214157 0.049063 0.091012
v 0.214939 0.066575 0.060681
v 0.214519 -0.057376 0.076999
v 0.215391 0.068880 0.043169
v 0.214939 -0.064135 0.060681
v 0.214437 0.068880 0.007993
v 0.215391 -0.066440 0.043169
v 0.214437 0.068880 0.000000
v 0.216504 0.068880 0.000000
v 0.214437 -0.066440 0.000000
v 0.216504 -0.066440 0.000000
v 0.214437 -0.066440 0.007993
v 0.216301 0.068880 0.007974
v 0.181636 -0.000000 0.110669
v 0.181692 -0.016292 0.108524
v 0.181866 0.035050 0.101764
v 0.181692 0.018732 0.108524
v 0.181866 -0.032610 0.101764
v 0.182143 -0.046623 0.091012
v 0.182504 0.059815 0.076999
v 0.182143 0.049063 0.091012
v 0.182925 0.066575 0.060681
v 0.182504 -0.057376 0.076999
v 0.183377 0.068880 0.043169
v 0.182925 -0.064135 0.060681
v 0.183377 -0.066440 0.043169
v 0.184490 0.068880 0.000000
v 0.184490 -0.066440 0.000000
v 0.184287 0.068880 0.007974
v 0.184287 -0.066440 0.007974
v 0.135293 -0.343834 0.043169
v 0.215391 -0.261246 0.043169
v 0.173909 -0.333096 0.043169
v 0.204276 -0.302728 0.043169
v 0.212564 -0.282719 0.043169
v 0.191091 -0.319911 0.043169
v 0.153899 -0.341384 0.043169
v 0.191091 0.319911 0.043169
v 0.135293 0.343834 0.043169
v 0.215391 0.261246 0.043169
v 0.173909 0.333096 0.043169
v 0.204276 0.302728 0.043169
v 0.212564 0.282719 0.043169
v 0.153899 0.341384 0.043169
v 0.182925 0.066575 0.060681
v 0.136004 0.343220 0.060681
v 0.214939 0.260785 0.060681
v 0.212113 0.282258 0.060681
v 0.153448 0.340923 0.060681
v 0.190640 0.319450 0.060681
v 0.173457 0.332635 0.060681
v 0.203824 0.302268 0.060681
v 0.136004 -0.343220 0.060681
v 0.153448 -0.340923 0.060681
v 0.214939 -0.260785 0.060681
v 0.173457 -0.332635 0.060681
v 0.203824 -0.302268 0.060681
v 0.212113 -0.282258 0.060681
v 0.190640 -0.319450 0.060681
v 0.190219 -0.319021 0.076999
v 0.136667 -0.342648 0.076999
v 0.153027 -0.340494 0.076999
v 0.173036 -0.332206 0.076999
v 0.203404 -0.301838 0.076999
v 0.211692 -0.281828 0.076999
v 0.214519 -0.260355 0.076999
v 0.153027 0.340494 0.076999
v 0.190219 0.319021 0.076999
v 0.136667 0.342648 0.076999
v 0.214519 0.260355 0.076999
v 0.173036 0.332206 0.076999
v 0.203404 0.301838 0.076999
v 0.211692 0.281828 0.076999
v 0.137236 -0.342157 0.091012
v 0.152666 -0.340125 0.091012
v 0.214157 -0.259986 0.091012
v 0.172675 -0.331837 0.091012
v 0.203042 -0.301469 0.091012
v 0.211330 -0.281460 0.091012
v 0.189858 -0.318652 0.091012
v 0.189858 0.318652 0.091012
v 0.137236 0.342157 0.091012
v 0.214157 0.259986 0.091012
v 0.172675 0.331837 0.091012
v 0.203042 0.301469 0.091012
v 0.152666 0.340125 0.091012
v 0.211330 0.281460 0.091012
v 0.212575 0.035050 0.131716
v 0.173937 0.035050 0.181804
v 0.210998 0.035050 0.136371
v 0.181151 0.035050 0.177288
v 0.208913 0.035050 0.140096
v 0.213220 0.035050 0.127377
v 0.178175 0.035050 0.179895
v 0.169572 0.035050 0.182502
v 0.212574 0.018732 0.131741
v 0.213219 0.018732 0.127402
v 0.210997 0.018732 0.136396
v 0.178185 0.018732 0.179895
v 0.181162 0.018732 0.177287
v 0.208911 0.018732 0.140120
v 0.169583 0.018732 0.182502
v 0.173947 0.018732 0.181804
v 0.169584 -0.016292 0.182502
v 0.210997 -0.016292 0.136399
v 0.213219 -0.016292 0.127406
v 0.212574 -0.016292 0.131744
v 0.181163 -0.016292 0.177287
v 0.178187 -0.016292 0.179895
v 0.173949 -0.016292 0.181803
v 0.208911 -0.016292 0.140124
v 0.213220 -0.032610 0.127381
v 0.178176 -0.032610 0.179895
v 0.212575 -0.032610 0.131719
v 0.181152 -0.032610 0.177288
v 0.169574 -0.032610 0.182502
v 0.173938 -0.032610 0.181804
v 0.208913 -0.032610 0.140099
v 0.210998 -0.032610 0.136375
v 0.213220 -0.046623 0.127360
v 0.212575 -0.046623 0.131698
v 0.208914 -0.046623 0.140078
v 0.181143 -0.046623 0.177289
v 0.178168 -0.046623 0.179896
v 0.173930 -0.046623 0.181804
v 0.210999 -0.046623 0.136353
v 0.169564 -0.046623 0.182502
v 0.173928 0.049063 0.181804
v 0.210999 0.049063 0.136350
v 0.169563 0.049063 0.182502
v 0.181141 0.049063 0.177289
v 0.212575 0.049063 0.131694
v 0.213220 0.049063 0.127356
v 0.178166 0.049063 0.179896
v 0.208914 0.049063 0.140074
v 0.087267 -0.046623 0.182502
v 0.154564 -0.046623 0.182502
v 0.108521 -0.046623 0.182502
v 0.138102 -0.046623 0.182502
v 0.087267 -0.032610 0.182502
v 0.154564 -0.032610 0.182502
v 0.108521 -0.032610 0.182502
v 0.138102 -0.032610 0.182502
v 0.087267 -0.016292 0.182502
v 0.154564 -0.016292 0.182502
v 0.108521 -0.016292 0.182502
v 0.138102 -0.016292 0.182502
v 0.154564 0.018732 0.182502
v 0.087267 0.018732 0.182502
v 0.138102 0.018732 0.182502
v 0.108521 0.018732 0.182502
v 0.108521 0.035050 0.182502
v 0.087267 0.035050 0.182502
v 0.138102 0.035050 0.182502
v 0.154564 0.035050 0.182502
v 0.138102 0.049063 0.182502
v 0.108521 0.049063 0.182502
v 0.154564 0.049063 0.182502
v 0.087267 0.049063 0.182502
v -0.085968 -0.342025 0.008001
v -0.133738 0.342975 0.008001
v -0.213926 0.262787 0.008001
v -0.154492 0.340243 0.008001
v -0.173832 0.332232 0.008001
v -0.190439 0.319489 0.008001
v -0.203183 0.302881 0.008001
v -0.211193 0.283541 0.008001
v -0.213926 0.262787 0.000001
v -0.133738 0.342975 0.000001
v -0.211193 0.283541 0.000001
v -0.203183 0.302881 0.000001
v -0.190439 0.319489 0.000001
v -0.173832 0.332232 0.000001
v -0.154492 0.340243 0.000001
v -0.213926 -0.261837 0.008001
v -0.133738 -0.342025 0.008001
v -0.211193 -0.282591 0.008001
v -0.203183 -0.301931 0.008001
v -0.190439 -0.318538 0.008001
v -0.173832 -0.331282 0.008001
v -0.154492 -0.339292 0.008001
v -0.133738 -0.342025 0.000001
v -0.213926 -0.261837 0.000001
v -0.154492 -0.339292 0.000001
v -0.173832 -0.331282 0.000001
v -0.190439 -0.318538 0.000001
v -0.203183 -0.301931 0.000001
v -0.211193 -0.282591 0.000001
v -0.213926 0.097026 0.000001
v -0.213926 0.097026 0.008001
v -0.213926 0.257971 0.000001
v -0.213926 0.257971 0.008001
v -0.213926 0.190213 0.000001
v -0.213926 0.190213 0.008001
v -0.047383 0.342975 0.008001
v -0.213926 -0.257767 0.008001
v -0.047383 0.342975 0.000001
v -0.213926 -0.257767 0.000001
v -0.213926 -0.069574 0.008001
v -0.213926 -0.069574 0.000001
v -0.213926 0.071726 0.008001
v -0.213926 0.071726 0.000001
v -0.063467 -0.000020 0.000001
v -0.063467 -0.000020 0.008001
v -0.182613 -0.000020 0.000001
v -0.182613 -0.000020 0.008001
v -0.213926 -0.194384 0.000001
v -0.213926 -0.194384 0.008001
v -0.213926 -0.089182 0.008001
v -0.213926 -0.089182 0.000001
v -0.085968 -0.342025 0.000001
v -0.012070 0.172105 0.000001
v -0.012070 0.172105 0.008001
v -0.049742 0.179955 0.000001
v -0.049742 0.179955 0.008001
v -0.018903 -0.267439 0.000001
v -0.018903 -0.267439 0.008001
v -0.139318 0.320912 0.000001
v -0.139318 0.320912 0.008001
v -0.187615 0.257971 0.000001
v -0.187615 0.257971 0.008001
v -0.126377 0.319208 0.000001
v -0.126377 0.319208 0.008001
v -0.189318 0.270912 0.000001
v -0.189318 0.270912 0.008001
v -0.114318 0.314213 0.000001
v -0.114318 0.314213 0.008001
v -0.187615 0.283853 0.000001
v -0.187615 0.283853 0.008001
v -0.103963 0.306267 0.000001
v -0.103963 0.306267 0.008001
v -0.182620 0.295912 0.000001
v -0.182620 0.295912 0.008001
v -0.096017 0.295912 0.000001
v -0.096017 0.295912 0.008001
v -0.174674 0.306267 0.000001
v -0.174674 0.306267 0.008001
v -0.091022 0.283853 0.000001
v -0.091022 0.283853 0.008001
v -0.164318 0.314213 0.000001
v -0.164318 0.314213 0.008001
v -0.089318 0.270912 0.000001
v -0.089318 0.270912 0.008001
v -0.152259 0.319208 0.000001
v -0.152259 0.319208 0.008001
v -0.091022 0.257971 0.000001
v -0.091022 0.257971 0.008001
v -0.096017 0.245912 0.000001
v -0.096017 0.245912 0.008001
v -0.103963 0.235557 0.000001
v -0.103963 0.235557 0.008001
v -0.114318 0.227611 0.000001
v -0.114318 0.227611 0.008001
v -0.126377 0.222616 0.000001
v -0.126377 0.222616 0.008001
v -0.174674 0.235557 0.000001
v -0.164318 0.227611 0.000001
v -0.152259 0.222616 0.000001
v -0.139318 0.220912 0.000001
v -0.139318 0.220912 0.008001
v -0.152259 0.222616 0.008001
v -0.164318 0.227611 0.008001
v -0.174674 0.235557 0.008001
v -0.182620 0.245912 0.000001
v -0.182620 0.245912 0.008001
v -0.138502 -0.220708 0.000001
v -0.138502 -0.220708 0.008001
v -0.188502 -0.270708 0.000001
v -0.188502 -0.270708 0.008001
v -0.125561 -0.222411 0.000001
v -0.125561 -0.222411 0.008001
v -0.186798 -0.257767 0.000001
v -0.186798 -0.257767 0.008001
v -0.113502 -0.227406 0.000001
v -0.113502 -0.227406 0.008001
v -0.181803 -0.245708 0.000001
v -0.181803 -0.245708 0.008001
v -0.103147 -0.235352 0.000001
v -0.103147 -0.235352 0.008001
v -0.173857 -0.235352 0.000001
v -0.173857 -0.235352 0.008001
v -0.163502 -0.227406 0.000001
v -0.163502 -0.227406 0.008001
v -0.095201 -0.245708 0.000001
v -0.095201 -0.245708 0.008001
v -0.090206 -0.257767 0.000001
v -0.090206 -0.257767 0.008001
v -0.151443 -0.222411 0.000001
v -0.151443 -0.222411 0.008001
v -0.088502 -0.270708 0.000001
v -0.088502 -0.270708 0.008001
v -0.090206 -0.283649 0.000001
v -0.090206 -0.283649 0.008001
v -0.095201 -0.295708 0.000001
v -0.095201 -0.295708 0.008001
v -0.071385 0.342975 0.000001
v -0.071385 0.342975 0.008001
v -0.103147 -0.306063 0.000001
v -0.103147 -0.306063 0.008001
v -0.113502 -0.314009 0.000001
v -0.113502 -0.314009 0.008001
v -0.125561 -0.319004 0.000001
v -0.125561 -0.319004 0.008001
v -0.181803 -0.295708 0.000001
v -0.138502 -0.320708 0.000001
v -0.138502 -0.320708 0.008001
v -0.151443 -0.319004 0.000001
v -0.151443 -0.319004 0.008001
v -0.163502 -0.314009 0.000001
v -0.163502 -0.314009 0.008001
v -0.173857 -0.306063 0.000001
v -0.173857 -0.306063 0.008001
v -0.181803 -0.295708 0.008001
v -0.186798 -0.283649 0.000001
v -0.186798 -0.283649 0.008001
v -0.096295 0.342975 0.008001
v -0.096295 0.342975 0.000001
v -0.118287 0.342975 0.000001
v -0.118287 0.342975 0.008001
v -0.139318 0.188684 0.000001
v -0.139318 0.188684 0.008001
v -0.126377 0.188684 0.000001
v -0.126377 0.188684 0.008001
v -0.114318 0.188684 0.008001
v -0.114318 0.188684 0.000001
v -0.103963 0.188684 0.000001
v -0.152259 0.188684 0.008001
v -0.152259 0.188684 0.000001
v -0.164318 0.188684 0.000001
v -0.164318 0.188684 0.008001
v -0.125561 -0.342025 0.008001
v -0.125561 -0.342025 0.000001
v -0.113502 -0.342025 0.000001
v -0.113502 -0.342025 0.008001
v -0.074041 -0.245708 0.000001
v -0.074041 -0.245708 0.008001
v -0.074041 -0.257767 0.000001
v -0.074041 -0.257767 0.008001
v -0.074041 -0.270708 0.008001
v -0.074041 -0.270708 0.000001
v -0.074041 -0.283649 0.008001
v -0.074041 -0.283649 0.000001
v -0.189250 0.124218 0.000001
v -0.177312 0.118230 0.000001
v -0.188665 0.120052 0.000001
v -0.186970 0.117165 0.000001
v -0.184329 0.115840 0.000001
v -0.181001 0.116207 0.000001
v -0.177312 0.118230 0.008001
v -0.189250 0.124218 0.008001
v -0.181001 0.116207 0.008001
v -0.184329 0.115840 0.008001
v -0.186970 0.117165 0.008001
v -0.188665 0.120052 0.008001
v -0.102983 0.173674 0.000001
v -0.088485 0.213149 0.000001
v -0.072586 0.180086 0.000001
v -0.097798 0.178313 0.000001
v -0.095186 0.182497 0.000001
v -0.095402 0.185817 0.000001
v -0.098427 0.187949 0.000001
v -0.103963 0.188684 0.008001
v -0.102983 0.173674 0.008001
v -0.088485 0.213149 0.008001
v -0.098427 0.187949 0.008001
v -0.095402 0.185817 0.008001
v -0.095186 0.182497 0.008001
v -0.097798 0.178313 0.008001
v -0.068170 0.163788 0.000001
v -0.078082 0.168760 0.000001
v -0.039807 0.095851 0.000001
v -0.068656 0.167247 0.000001
v -0.070063 0.169644 0.000001
v -0.072256 0.170744 0.000001
v -0.075019 0.170440 0.000001
v -0.078082 0.168760 0.008001
v -0.068170 0.163788 0.008001
v -0.039807 0.095851 0.008001
v -0.072548 0.180053 0.008001
v -0.075019 0.170440 0.008001
v -0.072256 0.170744 0.008001
v -0.070063 0.169644 0.008001
v -0.068656 0.167247 0.008001
v -0.156869 0.109991 0.000001
v -0.152489 0.096796 0.000001
v -0.213926 0.124218 0.000001
v -0.177881 0.099629 0.000001
v -0.161255 0.105914 0.000001
v -0.163052 0.102235 0.000001
v -0.162083 0.099316 0.000001
v -0.158444 0.097441 0.000001
v -0.152489 0.096796 0.008001
v -0.156869 0.109991 0.008001
v -0.177881 0.099629 0.008001
v -0.213926 0.124218 0.008001
v -0.158444 0.097441 0.008001
v -0.162083 0.099316 0.008001
v -0.163052 0.102235 0.008001
v -0.161255 0.105914 0.008001
v -0.184968 0.188684 0.000001
v -0.189250 0.184402 0.000001
v -0.193523 0.188949 0.000001
v -0.187978 0.192772 0.000001
v -0.187109 0.188110 0.000001
v -0.188676 0.186543 0.000001
v -0.189250 0.184402 0.008001
v -0.184968 0.188684 0.008001
v -0.187978 0.192772 0.008001
v -0.193523 0.188949 0.008001
v -0.188676 0.186543 0.008001
v -0.187109 0.188110 0.008001
v -0.068170 0.101077 0.008001
v -0.072452 0.096795 0.008001
v -0.068744 0.098936 0.008001
v -0.070311 0.097369 0.008001
v -0.072452 0.096795 0.000001
v -0.068170 0.101077 0.000001
v -0.070311 0.097369 0.000001
v -0.068744 0.098936 0.000001
v -0.182613 -0.062046 0.008001
v -0.190141 -0.069574 0.008001
v -0.184352 -0.072914 0.008001
v -0.175085 -0.065527 0.008001
v -0.183621 -0.065810 0.008001
v -0.186377 -0.068566 0.008001
v -0.190141 0.071726 0.008001
v -0.182613 0.064198 0.008001
v -0.175085 0.064552 0.008001
v -0.180782 0.071973 0.008001
v -0.186377 0.070717 0.008001
v -0.183621 0.067962 0.008001
v -0.182613 0.064198 0.000001
v -0.190141 0.071726 0.000001
v -0.180782 0.071973 0.000001
v -0.175085 0.064552 0.000001
v -0.183621 0.067962 0.000001
v -0.186377 0.070717 0.000001
v -0.190141 -0.069574 0.000001
v -0.182613 -0.062046 0.000001
v -0.175085 -0.065527 0.000001
v -0.184352 -0.072914 0.000001
v -0.186377 -0.068566 0.000001
v -0.183621 -0.065810 0.000001
v -0.040251 -0.064592 0.008001
v -0.063467 -0.041376 0.008001
v -0.086682 -0.064786 0.008001
v -0.047269 -0.081223 0.008001
v -0.049136 -0.062825 0.008001
v -0.056667 -0.057792 0.008001
v -0.061700 -0.050260 0.008001
v -0.063467 0.039578 0.008001
v -0.040251 0.062793 0.008001
v -0.086680 0.063159 0.008001
v -0.061700 0.048462 0.008001
v -0.056667 0.055994 0.008001
v -0.049136 0.061026 0.008001
v -0.040251 0.062793 0.000001
v -0.063467 0.039578 0.000001
v -0.086680 0.063159 0.000001
v -0.049136 0.061026 0.000001
v -0.056667 0.055994 0.000001
v -0.061700 0.048462 0.000001
v -0.063467 -0.041376 0.000001
v -0.040251 -0.064592 0.000001
v -0.047269 -0.081223 0.000001
v -0.086682 -0.064786 0.000001
v -0.061700 -0.050260 0.000001
v -0.056667 -0.057792 0.000001
v -0.049136 -0.062825 0.000001
v -0.127046 -0.194146 0.000001
v -0.117129 -0.184229 0.000001
v -0.107220 -0.194549 0.000001
v -0.119964 -0.203649 0.000001
v -0.122087 -0.192817 0.000001
v -0.118457 -0.189188 0.000001
v -0.117129 -0.098862 0.000001
v -0.127046 -0.088945 0.000001
v -0.111550 -0.086195 0.000001
v -0.118457 -0.093903 0.000001
v -0.122087 -0.090273 0.000001
v -0.117129 -0.184229 0.008001
v -0.127046 -0.194146 0.008001
v -0.119964 -0.203649 0.008001
v -0.107220 -0.194549 0.008001
v -0.118457 -0.189188 0.008001
v -0.122087 -0.192817 0.008001
v -0.127046 -0.088945 0.008001
v -0.117129 -0.098862 0.008001
v -0.111550 -0.086195 0.008001
v -0.122087 -0.090273 0.008001
v -0.118457 -0.093903 0.008001
v -0.188158 -0.098862 0.008001
v -0.178241 -0.088945 0.008001
v -0.185867 -0.079296 0.008001
v -0.198075 -0.089036 0.008001
v -0.186829 -0.093903 0.008001
v -0.183199 -0.090273 0.008001
v -0.178241 -0.088945 0.000001
v -0.188158 -0.098862 0.000001
v -0.198075 -0.089036 0.000001
v -0.185867 -0.079296 0.000001
v -0.183199 -0.090273 0.000001
v -0.186829 -0.093903 0.000001
v -0.188158 -0.184229 0.000001
v -0.178241 -0.194146 0.000001
v -0.179413 -0.198824 0.000001
v -0.198075 -0.194238 0.000001
v -0.186829 -0.189188 0.000001
v -0.183199 -0.192817 0.000001
v -0.178241 -0.194146 0.008001
v -0.188158 -0.184229 0.008001
v -0.198075 -0.194238 0.008001
v -0.179413 -0.198824 0.008001
v -0.183199 -0.192817 0.008001
v -0.186829 -0.189188 0.008001
v -0.083695 -0.314811 0.000001
v -0.085968 -0.317085 0.000001
v -0.087586 -0.316410 0.000001
v -0.087995 -0.313780 0.000001
v -0.085957 -0.306222 0.000001
v -0.085303 -0.315477 0.000001
v -0.083695 -0.330831 0.008001
v -0.085968 -0.328544 0.008001
v -0.088075 -0.331675 0.008001
v -0.085968 -0.333092 0.008001
v -0.085303 -0.330156 0.008001
v -0.085968 -0.317085 0.008001
v -0.083695 -0.314811 0.008001
v -0.085957 -0.306222 0.008001
v -0.087995 -0.313780 0.008001
v -0.087586 -0.316410 0.008001
v -0.085303 -0.315477 0.008001
v -0.085968 -0.328544 0.000001
v -0.083695 -0.330831 0.000001
v -0.085968 -0.333092 0.000001
v -0.088075 -0.331675 0.000001
v -0.085303 -0.330156 0.000001
v -0.062850 -0.239672 0.000001
v -0.087167 -0.230873 0.000001
v -0.067132 -0.237963 0.000001
v -0.070763 -0.238510 0.000001
v -0.073189 -0.241230 0.000001
v -0.062850 -0.239672 0.008001
v -0.087167 -0.230873 0.008001
v -0.073189 -0.241230 0.008001
v -0.070763 -0.238510 0.008001
v -0.067132 -0.237963 0.008001
v -0.074041 -0.288475 0.000001
v -0.062798 -0.294724 0.000001
v -0.086777 -0.298099 0.000001
v -0.073186 -0.293009 0.000001
v -0.070748 -0.295789 0.000001
v -0.067101 -0.296391 0.000001
v -0.062798 -0.294724 0.008001
v -0.074041 -0.288475 0.008001
v -0.086777 -0.298099 0.008001
v -0.067101 -0.296391 0.008001
v -0.070748 -0.295789 0.008001
v -0.073186 -0.293009 0.008001
v -0.008845 -0.108206 0.000001
v -0.020988 -0.120350 0.000001
v -0.031697 -0.108308 0.000001
v -0.020940 -0.099277 0.000001
v -0.013492 -0.109131 0.000001
v -0.017431 -0.111763 0.000001
v -0.020064 -0.115703 0.000001
v -0.020988 -0.185916 0.000001
v -0.008845 -0.198060 0.000001
v -0.021835 -0.207207 0.000001
v -0.033121 -0.197566 0.000001
v -0.020064 -0.190563 0.000001
v -0.017431 -0.194503 0.000001
v -0.013492 -0.197135 0.000001
v -0.008845 -0.198060 0.008001
v -0.020988 -0.185916 0.008001
v -0.033121 -0.197566 0.008001
v -0.021835 -0.207207 0.008001
v -0.013492 -0.197135 0.008001
v -0.017431 -0.194503 0.008001
v -0.020064 -0.190563 0.008001
v -0.020988 -0.120350 0.008001
v -0.008845 -0.108206 0.008001
v -0.020940 -0.099277 0.008001
v -0.031697 -0.108308 0.008001
v -0.020064 -0.115703 0.008001
v -0.017431 -0.111763 0.008001
v -0.013492 -0.109131 0.008001
v -0.033220 -0.222653 0.000001
v -0.036109 -0.232488 0.000001
v -0.056145 -0.232603 0.000001
v -0.069586 -0.222594 0.000001
v -0.038090 -0.223134 0.000001
v -0.040987 -0.224531 0.000001
v -0.041626 -0.226707 0.000001
v -0.039945 -0.229449 0.000001
v -0.036109 -0.232488 0.008001
v -0.033220 -0.222653 0.008001
v -0.069586 -0.222594 0.008001
v -0.056145 -0.232603 0.008001
v -0.039945 -0.229449 0.008001
v -0.041626 -0.226707 0.008001
v -0.040987 -0.224531 0.008001
v -0.038090 -0.223134 0.008001
v -0.038475 0.213316 0.000001
v -0.049742 0.210016 0.000001
v -0.062632 0.214469 0.000001
v -0.067205 0.242352 0.000001
v -0.041957 0.217728 0.000001
v -0.045097 0.219663 0.000001
v -0.047590 0.218933 0.000001
v -0.049190 0.215609 0.000001
v -0.049742 0.210016 0.008001
v -0.038475 0.213316 0.008001
v -0.067205 0.242352 0.008001
v -0.062632 0.214469 0.008001
v -0.049190 0.215609 0.008001
v -0.047590 0.218933 0.008001
v -0.045097 0.219663 0.008001
v -0.041957 0.217728 0.008001
v -0.049742 0.137025 0.000001
v -0.038080 0.133466 0.000001
v -0.049171 0.131420 0.000001
v -0.047514 0.128059 0.000001
v -0.044934 0.127271 0.000001
v -0.041683 0.129134 0.000001
v -0.038080 0.133466 0.008001
v -0.049742 0.137025 0.008001
v -0.041683 0.129134 0.008001
v -0.044934 0.127271 0.008001
v -0.047514 0.128059 0.008001
v -0.049171 0.131420 0.008001
v -0.025741 0.097026 0.008001
v -0.031242 0.107145 0.008001
v -0.029145 0.097522 0.008001
v -0.031575 0.098959 0.008001
v -0.032792 0.101198 0.008001
v -0.032677 0.104018 0.008001
v -0.031242 0.107145 0.000001
v -0.025741 0.097026 0.000001
v -0.032677 0.104018 0.000001
v -0.032792 0.101198 0.000001
v -0.031575 0.098959 0.000001
v -0.029145 0.097522 0.000001
v -0.032116 0.239087 0.008001
v -0.027018 0.248534 0.008001
v -0.040701 0.259582 0.008001
v -0.048669 0.253075 0.008001
v -0.049371 0.246169 0.008001
v -0.038370 0.237232 0.008001
v -0.033630 0.242702 0.008001
v -0.033193 0.245767 0.008001
v -0.030871 0.247815 0.008001
v -0.027018 0.248534 0.000001
v -0.032116 0.239087 0.000001
v -0.038370 0.237232 0.000001
v -0.049371 0.246169 0.000001
v -0.048669 0.253075 0.000001
v -0.040701 0.259582 0.000001
v -0.030871 0.247815 0.000001
v -0.033193 0.245767 0.000001
v -0.033630 0.242702 0.000001
v -0.047383 0.296026 0.000001
v -0.041930 0.290574 0.000001
v -0.046234 0.285245 0.000001
v -0.052771 0.289744 0.000001
v -0.046652 0.293300 0.000001
v -0.044656 0.291305 0.000001
v -0.041930 0.290574 0.008001
v -0.047383 0.296026 0.008001
v -0.052771 0.289744 0.008001
v -0.046234 0.285245 0.008001
v -0.044656 0.291305 0.008001
v -0.046652 0.293300 0.008001
v -0.213926 -0.236196 0.008001
v -0.213926 -0.236196 0.000001
v -0.213926 -0.216003 0.008001
v -0.213926 -0.216003 0.000001
v -0.187808 -0.208363 0.008001
v -0.187808 -0.208363 0.000001
v 0.085968 -0.342025 0.008001
v -0.000000 -0.314811 0.000001
v -0.000000 -0.342025 0.008001
v -0.000000 -0.342025 0.000001
v 0.133738 0.342975 0.008001
v 0.213926 0.262787 0.008001
v 0.154492 0.340243 0.008001
v 0.173832 0.332232 0.008001
v 0.190439 0.319489 0.008001
v 0.203183 0.302881 0.008001
v 0.211193 0.283541 0.008001
v 0.213926 0.262787 0.000001
v 0.133738 0.342975 0.000001
v 0.211193 0.283541 0.000001
v 0.203183 0.302881 0.000001
v 0.190439 0.319489 0.000001
v 0.173832 0.332232 0.000001
v 0.154492 0.340243 0.000001
v 0.213926 -0.261837 0.008001
v 0.133738 -0.342025 0.008001
v 0.211193 -0.282591 0.008001
v 0.203183 -0.301931 0.008001
v 0.190439 -0.318538 0.008001
v 0.173832 -0.331282 0.008001
v 0.154492 -0.339292 0.008001
v 0.133738 -0.342025 0.000001
v 0.213926 -0.261837 0.000001
v 0.154492 -0.339292 0.000001
v 0.173832 -0.331282 0.000001
v 0.190439 -0.318538 0.000001
v 0.203183 -0.301931 0.000001
v 0.211193 -0.282591 0.000001
v 0.213926 0.097026 0.000001
v -0.000000 0.097026 0.008001
v -0.000000 0.097026 0.000001
v 0.213926 0.097026 0.008001
v -0.000000 0.155335 0.000001
v -0.000000 0.155335 0.008001
v 0.213926 0.257971 0.000001
v -0.000000 0.248534 0.008001
v 0.213926 0.257971 0.008001
v -0.000000 0.248534 0.000001
v 0.213926 0.190213 0.000001
v -0.000000 0.190213 0.008001
v 0.213926 0.190213 0.008001
v -0.000000 0.190213 0.000001
v 0.047383 0.342975 0.008001
v 0.213926 -0.257767 0.008001
v 0.047383 0.342975 0.000001
v -0.000000 0.290574 0.000001
v -0.000000 0.290574 0.008001
v 0.213926 -0.257767 0.000001
v -0.000000 -0.255697 0.008001
v -0.000000 -0.064592 0.008001
v 0.213926 -0.069574 0.008001
v -0.000000 -0.255697 0.000001
v -0.000000 -0.222653 0.008001
v -0.000000 -0.222653 0.000001
v 0.213926 -0.069574 0.000001
v -0.000000 -0.064592 0.000001
v 0.213926 0.071726 0.008001
v -0.000000 0.062793 0.000001
v 0.213926 0.071726 0.000001
v 0.063467 -0.000020 0.000001
v 0.063467 -0.000020 0.008001
v 0.182613 -0.000020 0.000001
v 0.182613 -0.000020 0.008001
v -0.000000 -0.198060 0.008001
v 0.213926 -0.194384 0.000001
v -0.000000 -0.198060 0.000001
v 0.213926 -0.194384 0.008001
v -0.000000 -0.108206 0.008001
v 0.213926 -0.089182 0.008001
v -0.000000 -0.108206 0.000001
v 0.213926 -0.089182 0.000001
v -0.000000 -0.314811 0.008001
v 0.085968 -0.342025 0.000001
v -0.000000 -0.331333 0.000001
v -0.000000 -0.331333 0.008001
v 0.012070 0.172105 0.000001
v 0.012070 0.172105 0.008001
v 0.049742 0.179955 0.000001
v 0.049742 0.179955 0.008001
v 0.018903 -0.267439 0.000001
v 0.018903 -0.267439 0.008001
v 0.139318 0.320912 0.000001
v 0.139318 0.320912 0.008001
v 0.187615 0.257971 0.000001
v 0.187615 0.257971 0.008001
v 0.126377 0.319208 0.000001
v 0.126377 0.319208 0.008001
v 0.189318 0.270912 0.000001
v 0.189318 0.270912 0.008001
v 0.114318 0.314213 0.000001
v 0.114318 0.314213 0.008001
v 0.187615 0.283853 0.000001
v 0.187615 0.283853 0.008001
v 0.103963 0.306267 0.000001
v 0.103963 0.306267 0.008001
v 0.182620 0.295912 0.000001
v 0.182620 0.295912 0.008001
v 0.096017 0.295912 0.000001
v 0.096017 0.295912 0.008001
v 0.174674 0.306267 0.000001
v 0.174674 0.306267 0.008001
v 0.091022 0.283853 0.000001
v 0.091022 0.283853 0.008001
v 0.164318 0.314213 0.000001
v 0.164318 0.314213 0.008001
v 0.089318 0.270912 0.000001
v 0.089318 0.270912 0.008001
v 0.152259 0.319208 0.000001
v 0.152259 0.319208 0.008001
v 0.091022 0.257971 0.000001
v 0.091022 0.257971 0.008001
v 0.096017 0.245912 0.000001
v 0.096017 0.245912 0.008001
v 0.103963 0.235557 0.000001
v 0.103963 0.235557 0.008001
v 0.114318 0.227611 0.000001
v 0.114318 0.227611 0.008001
v 0.126377 0.222616 0.000001
v 0.126377 0.222616 0.008001
v 0.174674 0.235557 0.000001
v 0.164318 0.227611 0.000001
v 0.152259 0.222616 0.000001
v 0.139318 0.220912 0.000001
v 0.139318 0.220912 0.008001
v 0.152259 0.222616 0.008001
v 0.164318 0.227611 0.008001
v 0.174674 0.235557 0.008001
v 0.182620 0.245912 0.000001
v 0.182620 0.245912 0.008001
v 0.138502 -0.220708 0.000001
v 0.138502 -0.220708 0.008001
v 0.188502 -0.270708 0.000001
v 0.188502 -0.270708 0.008001
v 0.125561 -0.222411 0.000001
v 0.125561 -0.222411 0.008001
v 0.186798 -0.257767 0.000001
v 0.186798 -0.257767 0.008001
v 0.113502 -0.227406 0.000001
v 0.113502 -0.227406 0.008001
v 0.181803 -0.245708 0.000001
v 0.181803 -0.245708 0.008001
v 0.103147 -0.235352 0.000001
v 0.103147 -0.235352 0.008001
v 0.173857 -0.235352 0.000001
v 0.173857 -0.235352 0.008001
v 0.163502 -0.227406 0.000001
v 0.163502 -0.227406 0.008001
v 0.095201 -0.245708 0.000001
v 0.095201 -0.245708 0.008001
v 0.090206 -0.257767 0.000001
v 0.090206 -0.257767 0.008001
v 0.151443 -0.222411 0.000001
v 0.151443 -0.222411 0.008001
v 0.088502 -0.270708 0.000001
v 0.088502 -0.270708 0.008001
v 0.090206 -0.283649 0.000001
v 0.090206 -0.283649 0.008001
v 0.095201 -0.295708 0.000001
v 0.095201 -0.295708 0.008001
v 0.071385 0.342975 0.000001
v 0.071385 0.342975 0.008001
v 0.103147 -0.306063 0.000001
v 0.103147 -0.306063 0.008001
v 0.113502 -0.314009 0.000001
v 0.113502 -0.314009 0.008001
v 0.125561 -0.319004 0.000001
v 0.125561 -0.319004 0.008001
v 0.181803 -0.295708 0.000001
v 0.138502 -0.320708 0.000001
v 0.138502 -0.320708 0.008001
v 0.151443 -0.319004 0.000001
v 0.151443 -0.319004 0.008001
v 0.163502 -0.314009 0.000001
v 0.163502 -0.314009 0.008001
v 0.173857 -0.306063 0.000001
v 0.173857 -0.306063 0.008001
v 0.181803 -0.295708 0.008001
v 0.186798 -0.283649 0.000001
v 0.186798 -0.283649 0.008001
v 0.096295 0.342975 0.008001
v 0.096295 0.342975 0.000001
v 0.118287 0.342975 0.000001
v 0.118287 0.342975 0.008001
v 0.139318 0.188684 0.000001
v 0.139318 0.188684 0.008001
v 0.126377 0.188684 0.000001
v 0.126377 0.188684 0.008001
v 0.114318 0.188684 0.008001
v 0.114318 0.188684 0.000001
v 0.103963 0.188684 0.000001
v 0.152259 0.188684 0.008001
v 0.152259 0.188684 0.000001
v 0.164318 0.188684 0.000001
v 0.164318 0.188684 0.008001
v 0.125561 -0.342025 0.008001
v 0.125561 -0.342025 0.000001
v 0.113502 -0.342025 0.000001
v 0.113502 -0.342025 0.008001
v 0.074041 -0.245708 0.000001
v 0.074041 -0.245708 0.008001
v 0.074041 -0.257767 0.000001
v 0.074041 -0.257767 0.008001
v 0.074041 -0.270708 0.008001
v 0.074041 -0.270708 0.000001
v 0.074041 -0.283649 0.008001
v 0.074041 -0.283649 0.000001
v 0.189250 0.124218 0.000001
v 0.177312 0.118230 0.000001
v 0.188665 0.120052 0.000001
v 0.186970 0.117165 0.000001
v 0.184329 0.115840 0.000001
v 0.181001 0.116207 0.000001
v 0.177312 0.118230 0.008001
v 0.189250 0.124218 0.008001
v 0.181001 0.116207 0.008001
v 0.184329 0.115840 0.008001
v 0.186970 0.117165 0.008001
v 0.188665 0.120052 0.008001
v 0.102983 0.173674 0.000001
v 0.088485 0.213149 0.000001
v 0.072586 0.180086 0.000001
v 0.097798 0.178313 0.000001
v 0.095186 0.182497 0.000001
v 0.095402 0.185817 0.000001
v 0.098427 0.187949 0.000001
v 0.103963 0.188684 0.008001
v 0.102983 0.173674 0.008001
v 0.088485 0.213149 0.008001
v 0.098427 0.187949 0.008001
v 0.095402 0.185817 0.008001
v 0.095186 0.182497 0.008001
v 0.097798 0.178313 0.008001
v 0.068170 0.163788 0.000001
v 0.078082 0.168760 0.000001
v 0.039807 0.095851 0.000001
v 0.068656 0.167247 0.000001
v 0.070063 0.169644 0.000001
v 0.072256 0.170744 0.000001
v 0.075019 0.170440 0.000001
v 0.078082 0.168760 0.008001
v 0.068170 0.163788 0.008001
v 0.039807 0.095851 0.008001
v 0.072548 0.180053 0.008001
v 0.075019 0.170440 0.008001
v 0.072256 0.170744 0.008001
v 0.070063 0.169644 0.008001
v 0.068656 0.167247 0.008001
v 0.156869 0.109991 0.000001
v 0.152489 0.096796 0.000001
v 0.213926 0.124218 0.000001
v 0.177881 0.099629 0.000001
v 0.161255 0.105914 0.000001
v 0.163052 0.102235 0.000001
v 0.162083 0.099316 0.000001
v 0.158444 0.097441 0.000001
v 0.152489 0.096796 0.008001
v 0.156869 0.109991 0.008001
v 0.177881 0.099629 0.008001
v 0.213926 0.124218 0.008001
v 0.158444 0.097441 0.008001
v 0.162083 0.099316 0.008001
v 0.163052 0.102235 0.008001
v 0.161255 0.105914 0.008001
v 0.184968 0.188684 0.000001
v 0.189250 0.184402 0.000001
v 0.193523 0.188949 0.000001
v 0.187978 0.192772 0.000001
v 0.187109 0.188110 0.000001
v 0.188676 0.186543 0.000001
v 0.189250 0.184402 0.008001
v 0.184968 0.188684 0.008001
v 0.187978 0.192772 0.008001
v 0.193523 0.188949 0.008001
v 0.188676 0.186543 0.008001
v 0.187109 0.188110 0.008001
v 0.068170 0.101077 0.008001
v 0.072452 0.096795 0.008001
v 0.068744 0.098936 0.008001
v 0.070311 0.097369 0.008001
v 0.072452 0.096795 0.000001
v 0.068170 0.101077 0.000001
v -0.000000 0.062793 0.008001
v 0.070311 0.097369 0.000001
v 0.068744 0.098936 0.000001
v 0.182613 -0.062046 0.008001
v 0.190141 -0.069574 0.008001
v 0.184352 -0.072914 0.008001
v 0.175085 -0.065527 0.008001
v 0.183621 -0.065810 0.008001
v 0.186377 -0.068566 0.008001
v 0.190141 0.071726 0.008001
v 0.182613 0.064198 0.008001
v 0.175085 0.064552 0.008001
v 0.180782 0.071973 0.008001
v 0.186377 0.070717 0.008001
v 0.183621 0.067962 0.008001
v 0.182613 0.064198 0.000001
v 0.190141 0.071726 0.000001
v 0.180782 0.071973 0.000001
v 0.175085 0.064552 0.000001
v 0.183621 0.067962 0.000001
v 0.186377 0.070717 0.000001
v 0.190141 -0.069574 0.000001
v 0.182613 -0.062046 0.000001
v 0.175085 -0.065527 0.000001
v 0.184352 -0.072914 0.000001
v 0.186377 -0.068566 0.000001
v 0.183621 -0.065810 0.000001
v 0.040251 -0.064592 0.008001
v 0.063467 -0.041376 0.008001
v 0.086682 -0.064786 0.008001
v 0.047269 -0.081223 0.008001
v 0.049136 -0.062825 0.008001
v 0.056667 -0.057792 0.008001
v 0.061700 -0.050260 0.008001
v 0.063467 0.039578 0.008001
v 0.040251 0.062793 0.008001
v 0.086680 0.063159 0.008001
v 0.061700 0.048462 0.008001
v 0.056667 0.055994 0.008001
v 0.049136 0.061026 0.008001
v 0.040251 0.062793 0.000001
v 0.063467 0.039578 0.000001
v 0.086680 0.063159 0.000001
v 0.049136 0.061026 0.000001
v 0.056667 0.055994 0.000001
v 0.061700 0.048462 0.000001
v 0.063467 -0.041376 0.000001
v 0.040251 -0.064592 0.000001
v 0.047269 -0.081223 0.000001
v 0.086682 -0.064786 0.000001
v 0.061700 -0.050260 0.000001
v 0.056667 -0.057792 0.000001
v 0.049136 -0.062825 0.000001
v 0.127046 -0.194146 0.000001
v 0.117129 -0.184229 0.000001
v 0.107220 -0.194549 0.000001
v 0.119964 -0.203649 0.000001
v 0.122087 -0.192817 0.000001
v 0.118457 -0.189188 0.000001
v 0.117129 -0.098862 0.000001
v 0.127046 -0.088945 0.000001
v 0.111550 -0.086195 0.000001
v 0.118457 -0.093903 0.000001
v 0.122087 -0.090273 0.000001
v 0.117129 -0.184229 0.008001
v 0.127046 -0.194146 0.008001
v 0.119964 -0.203649 0.008001
v 0.107220 -0.194549 0.008001
v 0.118457 -0.189188 0.008001
v 0.122087 -0.192817 0.008001
v 0.127046 -0.088945 0.008001
v 0.117129 -0.098862 0.008001
v 0.111550 -0.086195 0.008001
v 0.122087 -0.090273 0.008001
v 0.118457 -0.093903 0.008001
v 0.188158 -0.098862 0.008001
v 0.178241 -0.088945 0.008001
v 0.185867 -0.079296 0.008001
v 0.198075 -0.089036 0.008001
v 0.186829 -0.093903 0.008001
v 0.183199 -0.090273 0.008001
v 0.178241 -0.088945 0.000001
v 0.188158 -0.098862 0.000001
v 0.198075 -0.089036 0.000001
v 0.185867 -0.079296 0.000001
v 0.183199 -0.090273 0.000001
v 0.186829 -0.093903 0.000001
v 0.188158 -0.184229 0.000001
v 0.178241 -0.194146 0.000001
v 0.179413 -0.198824 0.000001
v 0.198075 -0.194238 0.000001
v 0.186829 -0.189188 0.000001
v 0.183199 -0.192817 0.000001
v 0.178241 -0.194146 0.008001
v 0.188158 -0.184229 0.008001
v 0.198075 -0.194238 0.008001
v 0.179413 -0.198824 0.008001
v 0.183199 -0.192817 0.008001
v 0.186829 -0.189188 0.008001
v 0.083695 -0.314811 0.000001
v 0.085968 -0.317085 0.000001
v 0.087586 -0.316410 0.000001
v 0.087995 -0.313780 0.000001
v 0.085957 -0.306222 0.000001
v 0.085303 -0.315477 0.000001
v 0.083695 -0.330831 0.008001
v 0.085968 -0.328544 0.008001
v 0.088075 -0.331675 0.008001
v 0.085968 -0.333092 0.008001
v 0.085303 -0.330156 0.008001
v 0.085968 -0.317085 0.008001
v 0.083695 -0.314811 0.008001
v 0.085957 -0.306222 0.008001
v 0.087995 -0.313780 0.008001
v 0.087586 -0.316410 0.008001
v 0.085303 -0.315477 0.008001
v 0.085968 -0.328544 0.000001
v 0.083695 -0.330831 0.000001
v 0.085968 -0.333092 0.000001
v 0.088075 -0.331675 0.000001
v 0.085303 -0.330156 0.000001
v 0.062850 -0.239672 0.000001
v 0.087167 -0.230873 0.000001
v 0.067132 -0.237963 0.000001
v 0.070763 -0.238510 0.000001
v 0.073189 -0.241230 0.000001
v 0.062850 -0.239672 0.008001
v 0.087167 -0.230873 0.008001
v 0.073189 -0.241230 0.008001
v 0.070763 -0.238510 0.008001
v 0.067132 -0.237963 0.008001
v 0.074041 -0.288475 0.000001
v 0.062798 -0.294724 0.000001
v 0.086777 -0.298099 0.000001
v 0.073186 -0.293009 0.000001
v 0.070748 -0.295789 0.000001
v 0.067101 -0.296391 0.000001
v 0.062798 -0.294724 0.008001
v 0.074041 -0.288475 0.008001
v 0.086777 -0.298099 0.008001
v 0.067101 -0.296391 0.008001
v 0.070748 -0.295789 0.008001
v 0.073186 -0.293009 0.008001
v 0.061263 -0.108206 0.000001
v 0.073406 -0.120350 0.000001
v 0.084115 -0.108308 0.000001
v 0.064741 -0.103106 0.000001
v 0.065910 -0.109131 0.000001
v 0.069850 -0.111763 0.000001
v 0.072482 -0.115703 0.000001
v 0.073406 -0.185916 0.000001
v 0.061263 -0.198060 0.000001
v 0.074253 -0.207207 0.000001
v 0.085540 -0.197566 0.000001
v 0.072482 -0.190563 0.000001
v 0.069850 -0.194503 0.000001
v 0.065910 -0.197135 0.000001
v 0.061263 -0.198060 0.008001
v 0.073406 -0.185916 0.008001
v 0.085540 -0.197566 0.008001
v 0.074253 -0.207207 0.008001
v 0.065910 -0.197135 0.008001
v 0.069850 -0.194503 0.008001
v 0.072482 -0.190563 0.008001
v 0.073406 -0.120350 0.008001
v 0.061263 -0.108206 0.008001
v 0.064741 -0.103106 0.008001
v 0.084115 -0.108308 0.008001
v 0.072482 -0.115703 0.008001
v 0.069850 -0.111763 0.008001
v 0.065910 -0.109131 0.008001
v 0.033220 -0.222653 0.000001
v 0.036109 -0.232488 0.000001
v 0.056145 -0.232603 0.000001
v 0.069586 -0.222594 0.000001
v 0.038090 -0.223134 0.000001
v 0.040987 -0.224531 0.000001
v 0.041626 -0.226707 0.000001
v 0.039945 -0.229449 0.000001
v 0.036109 -0.232488 0.008001
v 0.033220 -0.222653 0.008001
v 0.069586 -0.222594 0.008001
v 0.056145 -0.232603 0.008001
v 0.039945 -0.229449 0.008001
v 0.041626 -0.226707 0.008001
v 0.040987 -0.224531 0.008001
v 0.038090 -0.223134 0.008001
v 0.038475 0.213316 0.000001
v 0.049742 0.210016 0.000001
v 0.062632 0.214469 0.000001
v 0.067205 0.242352 0.000001
v 0.041957 0.217728 0.000001
v 0.045097 0.219663 0.000001
v 0.047590 0.218933 0.000001
v 0.049190 0.215609 0.000001
v 0.049742 0.210016 0.008001
v 0.038475 0.213316 0.008001
v 0.067205 0.242352 0.008001
v 0.062632 0.214469 0.008001
v 0.049190 0.215609 0.008001
v 0.047590 0.218933 0.008001
v 0.045097 0.219663 0.008001
v 0.041957 0.217728 0.008001
v 0.049742 0.137025 0.000001
v 0.038080 0.133466 0.000001
v 0.049171 0.131420 0.000001
v 0.047514 0.128059 0.000001
v 0.044934 0.127271 0.000001
v 0.041683 0.129134 0.000001
v 0.038080 0.133466 0.008001
v 0.049742 0.137025 0.008001
v 0.041683 0.129134 0.008001
v 0.044934 0.127271 0.008001
v 0.047514 0.128059 0.008001
v 0.049171 0.131420 0.008001
v 0.025741 0.097026 0.008001
v 0.031242 0.107145 0.008001
v 0.029145 0.097522 0.008001
v 0.031575 0.098959 0.008001
v 0.032792 0.101198 0.008001
v 0.032677 0.104018 0.008001
v 0.031242 0.107145 0.000001
v 0.025741 0.097026 0.000001
v 0.032677 0.104018 0.000001
v 0.032792 0.101198 0.000001
v 0.031575 0.098959 0.000001
v 0.029145 0.097522 0.000001
v 0.032116 0.239087 0.008001
v 0.027018 0.248534 0.008001
v 0.040701 0.259582 0.008001
v 0.048669 0.253075 0.008001
v 0.049371 0.246169 0.008001
v 0.038370 0.237232 0.008001
v 0.033630 0.242702 0.008001
v 0.033193 0.245767 0.008001
v 0.030871 0.247815 0.008001
v 0.027018 0.248534 0.000001
v 0.032116 0.239087 0.000001
v 0.038370 0.237232 0.000001
v 0.049371 0.246169 0.000001
v 0.048669 0.253075 0.000001
v 0.040701 0.259582 0.000001
v 0.030871 0.247815 0.000001
v 0.033193 0.245767 0.000001
v 0.033630 0.242702 0.000001
v 0.047383 0.296026 0.000001
v 0.041930 0.290574 0.000001
v 0.046234 0.285245 0.000001
v 0.052771 0.289744 0.000001
v 0.046652 0.293300 0.000001
v 0.044656 0.291305 0.000001
v 0.041930 0.290574 0.008001
v 0.047383 0.296026 0.008001
v 0.052771 0.289744 0.008001
v 0.046234 0.285245 0.008001
v 0.044656 0.291305 0.008001
v 0.046652 0.293300 0.008001
v 0.213926 -0.236196 0.008001
v 0.213926 -0.236196 0.000001
v 0.213926 -0.216003 0.008001
v 0.213926 -0.216003 0.000001
v 0.187808 -0.208363 0.008001
v 0.187808 -0.208363 0.000001
vn 0.5000 0.8660 -0.0000
vn 0.7071 0.7071 -0.0000
vn -0.7066 -0.7066 0.0368
vn -0.8655 -0.4997 0.0355
vn -0.8651 -0.5004 0.0355
vn -0.0643 -0.9975 0.0301
vn -0.0666 -0.9973 0.0301
vn -0.2587 -0.9654 0.0321
vn -0.2601 -0.9650 0.0321
vn -0.0000 -0.9995 0.0306
vn -0.0464 -0.1366 0.9895
vn -0.0000 -0.0000 1.0000
vn -0.0465 -0.0884 0.9950
vn -0.4997 -0.8655 0.0357
vn -0.5003 -0.8651 0.0357
vn -0.0839 -0.0336 0.9959
vn -0.0832 -0.0084 0.9965
vn -0.6381 -0.2610 0.7243
vn -0.7140 -0.3229 0.6212
vn -0.5400 -0.5571 0.6309
vn -0.5034 -0.4687 0.7259
vn -0.9650 -0.2602 0.0317
vn -0.9654 -0.2587 0.0317
vn -0.9975 -0.0654 0.0274
vn -0.9974 -0.0664 0.0275
vn -0.3513 -0.7205 0.5980
vn -0.3371 -0.7238 0.6020
vn -0.3407 -0.6241 0.7032
vn -0.3320 -0.6274 0.7044
vn -0.9997 -0.0000 0.0258
vn -0.0817 -0.0765 0.9937
vn -0.0497 -0.0891 0.9948
vn -0.0692 -0.0895 0.9936
vn -0.3380 -0.6262 0.7026
vn -0.3838 -0.7042 0.5973
vn -0.0000 -0.0706 0.9975
vn -0.3412 -0.6297 0.6979
vn -0.3326 -0.7093 0.6215
vn -0.3218 -0.6938 0.6443
vn -0.3262 -0.6550 0.6816
vn -0.0000 -0.9493 0.3143
vn -0.0360 -0.9426 0.3320
vn -0.0491 -0.9859 0.1597
vn -0.0000 -0.9950 0.0997
vn -0.0000 -0.3026 0.9531
vn -0.0266 -0.3367 0.9412
vn -0.0109 -0.6092 0.7929
vn -0.0000 -0.5956 0.8033
vn -0.0183 -0.8167 0.5768
vn -0.0000 -0.8137 0.5813
vn -0.3856 -0.5928 0.7070
vn -0.4223 -0.6736 0.6065
vn -0.7166 -0.0729 0.6937
vn -0.7344 -0.0005 0.6787
vn -0.8390 -0.0007 0.5442
vn -0.8141 -0.0932 0.5731
vn -0.0792 -0.0000 0.9969
vn -0.2866 -0.0002 0.9580
vn -0.2891 -0.0268 0.9569
vn -0.5406 -0.0003 0.8413
vn -0.5346 -0.0490 0.8437
vn -0.8965 -0.0949 0.4327
vn -0.8102 -0.3376 0.4792
vn -0.9639 -0.0853 0.2522
vn -0.9053 -0.3158 0.2840
vn -0.9929 -0.0729 0.0945
vn -0.9536 -0.2809 0.1081
vn -0.2780 -0.1031 0.9550
vn -0.4956 -0.1801 0.8497
vn -0.3390 -0.8190 0.4629
vn -0.2732 -0.8439 0.4617
vn -0.3112 -0.9090 0.2772
vn -0.1869 -0.9439 0.2721
vn -0.2763 -0.9556 0.1023
vn -0.1056 -0.9894 0.0995
vn -0.2038 -0.2812 0.9378
vn -0.1601 -0.2927 0.9427
vn -0.3266 -0.4643 0.8232
vn -0.2684 -0.4949 0.8265
vn -0.8411 -0.5283 0.1156
vn -0.7642 -0.5714 0.2991
vn -0.6406 -0.5882 0.4937
vn -0.2530 -0.2141 0.9435
vn -0.4235 -0.3465 0.8370
vn -0.1556 -0.2942 0.9430
vn -0.2624 -0.4974 0.8269
vn -0.5128 -0.7167 0.4726
vn -0.4301 -0.7735 0.4655
vn -0.6183 -0.7321 0.2859
vn -0.4733 -0.8345 0.2822
vn -0.6871 -0.7184 0.1083
vn -0.4957 -0.8620 0.1061
vn -0.9962 -0.0000 0.0867
vn -0.9962 -0.0001 0.0866
vn -0.9720 -0.0003 0.2349
vn -0.9720 -0.0000 0.2350
vn -0.9137 -0.0006 0.4064
vn -0.9136 -0.0000 0.4066
vn -0.8387 -0.0007 0.5446
vn -0.8386 -0.0000 0.5447
vn -0.1597 -0.3194 0.9340
vn -0.2712 -0.5073 0.8180
vn -0.2064 -0.6551 0.7268
vn -0.2522 -0.5516 0.7951
vn -0.0927 -0.6387 0.7639
vn -0.1312 -0.4359 0.8904
vn -0.2051 -0.7580 0.6191
vn -0.0982 -0.8021 0.5891
vn -0.2427 -0.8092 0.5351
vn -0.1327 -0.8965 0.4227
vn -0.3366 -0.7213 0.6053
vn -0.2570 -0.8399 0.4780
vn -0.1497 -0.9383 0.3119
vn 0.2588 0.9659 -0.0000
vn -0.7066 0.7066 0.0368
vn -0.8651 0.5004 0.0355
vn -0.8655 0.4997 0.0355
vn -0.0643 0.9975 0.0301
vn -0.2601 0.9650 0.0321
vn -0.2587 0.9654 0.0321
vn -0.0666 0.9973 0.0301
vn -0.0000 0.9995 0.0306
vn -0.0464 0.1366 0.9895
vn -0.0465 0.0884 0.9950
vn -0.5003 0.8651 0.0357
vn -0.4997 0.8655 0.0357
vn -0.0839 0.0336 0.9959
vn -0.0832 0.0084 0.9965
vn -0.6381 0.2610 0.7243
vn -0.5034 0.4687 0.7259
vn -0.5400 0.5571 0.6309
vn -0.7140 0.3229 0.6212
vn -0.9650 0.2602 0.0317
vn -0.9974 0.0664 0.0275
vn -0.9975 0.0654 0.0274
vn -0.9654 0.2587 0.0317
vn -0.3513 0.7205 0.5980
vn -0.3320 0.6274 0.7044
vn -0.3407 0.6241 0.7032
vn -0.3371 0.7238 0.6020
vn -0.0817 0.0765 0.9937
vn -0.0497 0.0891 0.9948
vn -0.0692 0.0895 0.9936
vn -0.3380 0.6262 0.7026
vn -0.3838 0.7042 0.5973
vn -0.0000 0.0706 0.9975
vn -0.3412 0.6297 0.6979
vn -0.3262 0.6550 0.6816
vn -0.3218 0.6938 0.6443
vn -0.3326 0.7093 0.6215
vn -0.0000 0.9493 0.3143
vn -0.0000 0.9950 0.0997
vn -0.0491 0.9859 0.1597
vn -0.0360 0.9426 0.3320
vn -0.0000 0.3026 0.9531
vn -0.0000 0.5956 0.8033
vn -0.0109 0.6092 0.7929
vn -0.0266 0.3367 0.9412
vn -0.0000 0.8137 0.5813
vn -0.0183 0.8167 0.5768
vn -0.3856 0.5928 0.7070
vn -0.4223 0.6736 0.6065
vn -0.7166 0.0729 0.6937
vn -0.8141 0.0932 0.5731
vn -0.8390 0.0007 0.5442
vn -0.7344 0.0005 0.6787
vn 0.9979 -0.0654 -0.0000
vn 0.9659 -0.2588 -0.0000
vn -0.2891 0.0268 0.9569
vn -0.2866 0.0002 0.9580
vn -0.5346 0.0490 0.8437
vn -0.5406 0.0003 0.8413
vn -0.8102 0.3376 0.4792
vn -0.8965 0.0949 0.4327
vn -0.9053 0.3158 0.2840
vn -0.9639 0.0853 0.2522
vn -0.9536 0.2809 0.1081
vn -0.9929 0.0729 0.0945
vn -0.2780 0.1031 0.9550
vn -0.4956 0.1801 0.8497
vn -0.2732 0.8439 0.4617
vn -0.3390 0.8190 0.4629
vn -0.1869 0.9439 0.2721
vn -0.3112 0.9090 0.2772
vn -0.1056 0.9894 0.0995
vn -0.2763 0.9556 0.1023
vn -0.1601 0.2927 0.9427
vn -0.2038 0.2812 0.9378
vn -0.2684 0.4949 0.8265
vn -0.3266 0.4643 0.8232
vn -0.7642 0.5714 0.2991
vn -0.8411 0.5283 0.1156
vn -0.6406 0.5882 0.4937
vn -0.2530 0.2141 0.9435
vn -0.4235 0.3465 0.8370
vn -0.1556 0.2942 0.9430
vn -0.2624 0.4974 0.8269
vn -0.4301 0.7735 0.4655
vn -0.5128 0.7167 0.4726
vn -0.4733 0.8345 0.2822
vn -0.6183 0.7321 0.2859
vn -0.4957 0.8620 0.1061
vn -0.6871 0.7184 0.1083
vn -0.9720 0.0003 0.2349
vn -0.9962 0.0001 0.0866
vn -0.9137 0.0006 0.4064
vn -0.8387 0.0007 0.5446
vn -0.1597 0.3194 0.9340
vn -0.2712 0.5073 0.8180
vn -0.2522 0.5516 0.7951
vn -0.2064 0.6551 0.7268
vn -0.1312 0.4359 0.8904
vn -0.0927 0.6387 0.7639
vn -0.2051 0.7580 0.6191
vn -0.0982 0.8021 0.5891
vn -0.2427 0.8092 0.5351
vn -0.1327 0.8965 0.4227
vn -0.2570 0.8399 0.4780
vn -0.3366 0.7213 0.6053
vn -0.1497 0.9383 0.3119
vn 0.8660 0.5000 -0.0000
vn -0.0000 -0.0000 -1.0000
vn -0.0000 1.0000 -0.0000
vn 0.0654 0.9979 -0.0000
vn 0.2588 -0.9659 -0.0000
vn 0.0654 -0.9979 -0.0000
vn -0.0000 -1.0000 -0.0000
vn 0.5000 -0.8660 -0.0000
vn 1.0000 -0.0000 -0.0000
vn 0.9659 0.2588 -0.0000
vn 0.9979 0.0654 -0.0000
vn 0.7071 -0.7071 -0.0000
vn 0.8660 -0.5000 -0.0000
vn -0.0000 0.2594 -0.9658
vn -0.0000 0.0085 -1.0000
vn -0.0000 0.0084 -1.0000
vn -0.0000 0.2583 -0.9661
vn -0.0000 0.9979 -0.0643
vn -0.0000 0.9978 -0.0665
vn -0.0000 -0.8670 -0.4984
vn -0.0000 -0.9239 -0.3827
vn -0.0000 -0.8651 -0.5016
vn -0.0000 -0.2512 -0.9679
vn -0.0000 -0.5009 -0.8655
vn -0.0000 -0.4991 -0.8666
vn -0.0000 -0.2501 -0.9682
vn -0.0000 0.9665 -0.2568
vn -0.0000 0.8669 -0.4984
vn -0.0000 0.8651 -0.5016
vn -0.0000 0.9654 -0.2608
vn -0.0000 -0.7082 -0.7060
vn -0.0000 -0.7060 -0.7082
vn -0.0000 0.5009 -0.8655
vn -0.0000 0.4991 -0.8666
vn -0.0000 -0.9914 -0.1305
vn -0.0000 -0.9979 -0.0643
vn -0.0000 -0.9978 -0.0665
vn -0.0000 0.7082 -0.7060
vn -0.0000 0.7060 -0.7082
vn -0.9997 -0.0000 0.0254
vn -0.9997 -0.0000 0.0256
vn -0.0673 -0.9973 0.0301
vn -0.0673 0.9973 0.0301
vn -0.0678 0.9972 0.0301
vn -0.0678 -0.9972 0.0301
vn -0.0684 -0.9972 0.0293
vn -0.0000 -0.9996 0.0291
vn -0.0684 0.9972 0.0293
vn -0.0000 0.9996 0.0291
vn -0.9963 -0.0001 0.0865
vn -0.9963 0.0001 0.0865
vn -0.7342 0.0005 0.6789
vn -0.8387 0.0007 0.5445
vn -0.7342 0.0005 0.6790
vn -0.9720 0.0003 0.2348
vn -0.9721 0.0003 0.2346
vn -0.0793 -0.0000 0.9969
vn -0.2868 0.0002 0.9580
vn -0.2869 0.0002 0.9580
vn -0.9138 0.0006 0.4061
vn -0.5407 0.0003 0.8412
vn -0.7342 -0.0000 0.6790
vn -0.5408 -0.0000 0.8412
vn -0.2869 -0.0000 0.9579
vn -0.0793 -0.0000 0.9968
vn -0.9720 -0.0003 0.2348
vn -0.7342 -0.0005 0.6790
vn -0.2869 -0.0002 0.9580
vn -0.5407 -0.0003 0.8412
vn -0.8387 -0.0007 0.5445
vn -0.9138 -0.0006 0.4061
vn -0.7342 -0.0005 0.6789
vn -0.2868 -0.0002 0.9580
vn -0.9721 -0.0003 0.2346
vn -0.5000 0.8660 -0.0000
vn -0.7071 0.7071 -0.0000
vn 0.7066 -0.7066 0.0368
vn 0.8651 -0.5004 0.0355
vn 0.8655 -0.4997 0.0355
vn 0.0643 -0.9975 0.0301
vn 0.2601 -0.9650 0.0321
vn 0.2587 -0.9654 0.0321
vn 0.0666 -0.9973 0.0301
vn 0.0464 -0.1366 0.9895
vn 0.0465 -0.0884 0.9950
vn 0.5003 -0.8651 0.0357
vn 0.4997 -0.8655 0.0357
vn 0.0839 -0.0336 0.9959
vn 0.0832 -0.0084 0.9965
vn 0.6381 -0.2610 0.7243
vn 0.5034 -0.4687 0.7259
vn 0.5400 -0.5571 0.6309
vn 0.7140 -0.3229 0.6212
vn 0.9650 -0.2602 0.0317
vn 0.9974 -0.0664 0.0275
vn 0.9975 -0.0654 0.0274
vn 0.9654 -0.2587 0.0317
vn 0.3513 -0.7205 0.5980
vn 0.3320 -0.6274 0.7044
vn 0.3407 -0.6241 0.7032
vn 0.3371 -0.7238 0.6020
vn 0.9997 -0.0000 0.0258
vn 0.0817 -0.0765 0.9937
vn 0.0497 -0.0891 0.9948
vn 0.0692 -0.0895 0.9936
vn 0.3380 -0.6262 0.7026
vn 0.3838 -0.7042 0.5973
vn 0.3412 -0.6297 0.6979
vn 0.3262 -0.6550 0.6816
vn 0.3218 -0.6938 0.6443
vn 0.3326 -0.7093 0.6215
vn 0.0491 -0.9859 0.1597
vn 0.0360 -0.9426 0.3320
vn 0.0109 -0.6092 0.7929
vn 0.0266 -0.3367 0.9412
vn 0.0183 -0.8167 0.5768
vn 0.3856 -0.5928 0.7070
vn 0.4223 -0.6736 0.6065
vn 0.7166 -0.0729 0.6937
vn 0.8141 -0.0932 0.5731
vn 0.8390 -0.0007 0.5442
vn 0.7344 -0.0005 0.6787
vn 0.2891 -0.0268 0.9569
vn 0.2866 -0.0002 0.9580
vn 0.0792 -0.0000 0.9969
vn 0.5346 -0.0490 0.8437
vn 0.5406 -0.0003 0.8413
vn 0.8102 -0.3376 0.4792
vn 0.8965 -0.0949 0.4327
vn 0.9053 -0.3158 0.2840
vn 0.9639 -0.0853 0.2522
vn 0.9536 -0.2809 0.1081
vn 0.9929 -0.0729 0.0945
vn 0.2780 -0.1031 0.9550
vn 0.4956 -0.1801 0.8497
vn 0.2732 -0.8439 0.4617
vn 0.3390 -0.8190 0.4629
vn 0.1869 -0.9439 0.2721
vn 0.3112 -0.9090 0.2772
vn 0.1056 -0.9894 0.0995
vn 0.2763 -0.9556 0.1023
vn 0.1601 -0.2927 0.9427
vn 0.2038 -0.2812 0.9378
vn 0.2684 -0.4949 0.8265
vn 0.3266 -0.4643 0.8232
vn 0.7642 -0.5714 0.2991
vn 0.8411 -0.5283 0.1156
vn 0.6406 -0.5882 0.4937
vn 0.2530 -0.2141 0.9435
vn 0.4235 -0.3465 0.8370
vn 0.1556 -0.2942 0.9430
vn 0.2624 -0.4974 0.8269
vn 0.4301 -0.7735 0.4655
vn 0.5128 -0.7167 0.4726
vn 0.4733 -0.8345 0.2822
vn 0.6183 -0.7321 0.2859
vn 0.4957 -0.8620 0.1061
vn 0.6871 -0.7184 0.1083
vn 0.9962 -0.0000 0.0867
vn 0.9720 -0.0000 0.2350
vn 0.9720 -0.0003 0.2349
vn 0.9962 -0.0001 0.0866
vn 0.9136 -0.0000 0.4066
vn 0.9137 -0.0006 0.4064
vn 0.8386 -0.0000 0.5447
vn 0.8387 -0.0007 0.5446
vn 0.1597 -0.3194 0.9340
vn 0.2712 -0.5073 0.8180
vn 0.2522 -0.5516 0.7951
vn 0.2064 -0.6551 0.7268
vn 0.1312 -0.4359 0.8904
vn 0.0927 -0.6387 0.7639
vn 0.2051 -0.7580 0.6191
vn 0.0982 -0.8021 0.5891
vn 0.2427 -0.8092 0.5351
vn 0.1327 -0.8965 0.4227
vn 0.2570 -0.8399 0.4780
vn 0.3366 -0.7213 0.6053
vn 0.1497 -0.9383 0.3119
vn -0.2588 0.9659 -0.0000
vn 0.7066 0.7066 0.0368
vn 0.8655 0.4997 0.0355
vn 0.8651 0.5004 0.0355
vn 0.0643 0.9975 0.0301
vn 0.0666 0.9973 0.0301
vn 0.2587 0.9654 0.0321
vn 0.2601 0.9650 0.0321
vn 0.0464 0.1366 0.9895
vn 0.0465 0.0884 0.9950
vn 0.4997 0.8655 0.0357
vn 0.5003 0.8651 0.0357
vn 0.0839 0.0336 0.9959
vn 0.0832 0.0084 0.9965
vn 0.6381 0.2610 0.7243
vn 0.7140 0.3229 0.6212
vn 0.5400 0.5571 0.6309
vn 0.5034 0.4687 0.7259
vn 0.9650 0.2602 0.0317
vn 0.9654 0.2587 0.0317
vn 0.9975 0.0654 0.0274
vn 0.9974 0.0664 0.0275
vn 0.3513 0.7205 0.5980
vn 0.3371 0.7238 0.6020
vn 0.3407 0.6241 0.7032
vn 0.3320 0.6274 0.7044
vn 0.0817 0.0765 0.9937
vn 0.0497 0.0891 0.9948
vn 0.0692 0.0895 0.9936
vn 0.3380 0.6262 0.7026
vn 0.3838 0.7042 0.5973
vn 0.3412 0.6297 0.6979
vn 0.3326 0.7093 0.6215
vn 0.3218 0.6938 0.6443
vn 0.3262 0.6550 0.6816
vn 0.0360 0.9426 0.3320
vn 0.0491 0.9859 0.1597
vn 0.0266 0.3367 0.9412
vn 0.0109 0.6092 0.7929
vn 0.0183 0.8167 0.5768
vn 0.3856 0.5928 0.7070
vn 0.4223 0.6736 0.6065
vn 0.7166 0.0729 0.6937
vn 0.7344 0.0005 0.6787
vn 0.8390 0.0007 0.5442
vn 0.8141 0.0932 0.5731
vn -0.9979 -0.0654 -0.0000
vn -0.9659 -0.2588 -0.0000
vn 0.2866 0.0002 0.9580
vn 0.2891 0.0268 0.9569
vn 0.5406 0.0003 0.8413
vn 0.5346 0.0490 0.8437
vn 0.8965 0.0949 0.4327
vn 0.8102 0.3376 0.4792
vn 0.9639 0.0853 0.2522
vn 0.9053 0.3158 0.2840
vn 0.9929 0.0729 0.0945
vn 0.9536 0.2809 0.1081
vn 0.2780 0.1031 0.9550
vn 0.4956 0.1801 0.8497
vn 0.3390 0.8190 0.4629
vn 0.2732 0.8439 0.4617
vn 0.3112 0.9090 0.2772
vn 0.1869 0.9439 0.2721
vn 0.2763 0.9556 0.1023
vn 0.1056 0.9894 0.0995
vn 0.2038 0.2812 0.9378
vn 0.1601 0.2927 0.9427
vn 0.3266 0.4643 0.8232
vn 0.2684 0.4949 0.8265
vn 0.8411 0.5283 0.1156
vn 0.7642 0.5714 0.2991
vn 0.6406 0.5882 0.4937
vn 0.2530 0.2141 0.9435
vn 0.4235 0.3465 0.8370
vn 0.1556 0.2942 0.9430
vn 0.2624 0.4974 0.8269
vn 0.5128 0.7167 0.4726
vn 0.4301 0.7735 0.4655
vn 0.6183 0.7321 0.2859
vn 0.4733 0.8345 0.2822
vn 0.6871 0.7184 0.1083
vn 0.4957 0.8620 0.1061
vn 0.9962 0.0001 0.0866
vn 0.9720 0.0003 0.2349
vn 0.9137 0.0006 0.4064
vn 0.8387 0.0007 0.5446
vn 0.1597 0.3194 0.9340
vn 0.2712 0.5073 0.8180
vn 0.2064 0.6551 0.7268
vn 0.2522 0.5516 0.7951
vn 0.0927 0.6387 0.7639
vn 0.1312 0.4359 0.8904
vn 0.2051 0.7580 0.6191
vn 0.0982 0.8021 0.5891
vn 0.2427 0.8092 0.5351
vn 0.1327 0.8965 0.4227
vn 0.3366 0.7213 0.6053
vn 0.2570 0.8399 0.4780
vn 0.1497 0.9383 0.3119
vn -0.8660 0.5000 -0.0000
vn -0.0654 0.9979 -0.0000
vn -0.2588 -0.9659 -0.0000
vn -0.0654 -0.9979 -0.0000
vn -0.5000 -0.8660 -0.0000
vn -1.0000 -0.0000 -0.0000
vn -0.9659 0.2588 -0.0000
vn -0.9979 0.0654 -0.0000
vn -0.7071 -0.7071 -0.0000
vn -0.8660 -0.5000 -0.0000
vn 0.9997 -0.0000 0.0254
vn 0.9997 -0.0000 0.0256
vn 0.0673 -0.9973 0.0301
vn 0.0673 0.9973 0.0301
vn 0.0678 0.9972 0.0301
vn 0.0678 -0.9972 0.0301
vn 0.0684 -0.9972 0.0293
vn 0.0684 0.9972 0.0293
vn 0.9963 -0.0001 0.0865
vn 0.9963 0.0001 0.0865
vn 0.7342 0.0005 0.6789
vn 0.7342 0.0005 0.6790
vn 0.8387 0.0007 0.5445
vn 0.9721 0.0003 0.2346
vn 0.9720 0.0003 0.2348
vn 0.0793 -0.0000 0.9969
vn 0.2869 0.0002 0.9580
vn 0.2868 0.0002 0.9580
vn 0.9138 0.0006 0.4061
vn 0.5407 0.0003 0.8412
vn 0.7342 -0.0000 0.6790
vn 0.2869 -0.0000 0.9579
vn 0.5408 -0.0000 0.8412
vn 0.0793 -0.0000 0.9968
vn 0.9720 -0.0003 0.2348
vn 0.7342 -0.0005 0.6790
vn 0.2869 -0.0002 0.9580
vn 0.5407 -0.0003 0.8412
vn 0.8387 -0.0007 0.5445
vn 0.9138 -0.0006 0.4061
vn 0.7342 -0.0005 0.6789
vn 0.2868 -0.0002 0.9580
vn 0.9721 -0.0003 0.2346
vn 0.8828 0.4697 -0.0000
vn 0.8357 0.5492 -0.0000
vn 0.0980 -0.9952 -0.0000
vn -0.1305 -0.9914 -0.0000
vn 0.0492 -0.9988 -0.0000
vn -0.9914 -0.1305 -0.0000
vn -0.9914 0.1305 -0.0000
vn 0.9952 0.0980 -0.0000
vn 0.1305 0.9914 -0.0000
vn -0.1305 0.9914 -0.0000
vn 0.9914 0.1305 -0.0000
vn 0.9914 -0.1305 -0.0000
vn 0.8762 -0.4819 -0.0000
vn 0.8391 -0.5440 -0.0000
vn 0.1951 -0.9808 -0.0000
vn 0.9987 0.0507 -0.0000
vn 0.9988 -0.0491 -0.0000
vn 0.6403 -0.7681 -0.0000
vn 0.5407 -0.8412 -0.0000
vn 0.9976 0.0696 -0.0000
vn -0.9976 -0.0696 -0.0000
vn -0.8145 -0.5802 -0.0000
vn -0.8420 -0.5395 -0.0000
vn -0.0659 -0.9978 -0.0000
vn 0.0540 0.9985 -0.0000
vn -0.8002 0.5998 -0.0000
vn -0.8296 0.5584 -0.0000
vn 0.2005 0.9797 -0.0000
vn 0.1305 -0.9914 -0.0000
vn 0.9952 -0.0980 -0.0000
vn -0.5342 -0.8454 -0.0000
vn -0.4542 -0.8909 -0.0000
vn -0.5279 0.8493 -0.0000
vn -0.4465 0.8948 -0.0000
vn 0.9956 -0.0939 -0.0000
vn 0.9957 0.0931 -0.0000
vn 0.0980 0.9952 -0.0000
vn -0.5407 0.8412 -0.0000
vn -0.3010 0.9536 -0.0000
vn -0.1096 0.9940 -0.0000
vn 0.4484 0.8938 -0.0000
vn 0.8623 0.5065 -0.0000
vn 0.9443 0.3290 -0.0000
vn -0.6329 0.7742 -0.0000
vn -0.7651 0.6439 -0.0000
vn -0.8483 0.5295 -0.0000
vn -0.9979 -0.0652 -0.0000
vn -0.5761 -0.8174 -0.0000
vn -0.3644 -0.9313 -0.0000
vn 0.3010 -0.9536 -0.0000
vn 0.1096 -0.9940 -0.0000
vn -0.4484 -0.8938 -0.0000
vn -0.8623 -0.5065 -0.0000
vn -0.9443 -0.3290 -0.0000
vn 0.8032 -0.5957 -0.0000
vn 0.8985 -0.4389 -0.0000
vn 0.9491 0.3150 -0.0000
vn 0.4578 0.8890 -0.0000
vn 0.2877 0.9577 -0.0000
vn 0.9239 -0.3827 -0.0000
vn 0.3827 -0.9239 -0.0000
vn 0.3827 0.9239 -0.0000
vn 0.9239 0.3827 -0.0000
vn 0.9809 0.1947 -0.0000
vn 0.9242 0.3819 -0.0000
vn 0.3874 0.9219 -0.0000
vn 0.9808 -0.1951 -0.0000
vn 0.9824 -0.1869 -0.0000
vn 0.7462 -0.6657 -0.0000
vn 0.1490 -0.9888 -0.0000
vn -0.3705 -0.9288 -0.0000
vn 0.9826 0.1855 -0.0000
vn 0.7519 0.6592 -0.0000
vn 0.1629 0.9866 -0.0000
vn -0.3612 0.9325 -0.0000
vn 0.2705 -0.9627 -0.0000
vn 0.4344 -0.9007 -0.0000
vn 0.9594 -0.2819 -0.0000
vn 0.8526 0.5226 -0.0000
vn 0.7483 0.6634 -0.0000
vn 0.5816 0.8135 -0.0000
vn 0.5407 0.8412 -0.0000
vn 0.9628 -0.2701 -0.0000
vn 0.9010 -0.4338 -0.0000
vn 0.2811 -0.9597 -0.0000
vn -0.5246 -0.8513 -0.0000
vn -0.6650 -0.7468 -0.0000
vn 0.9611 0.2761 -0.0000
vn 0.8970 0.4421 -0.0000
vn 0.2919 0.9564 -0.0000
vn -0.4972 0.8676 -0.0000
vn -0.6432 0.7657 -0.0000
vn 0.0722 0.9974 -0.0000
vn 0.3328 0.9430 -0.0000
vn 0.5091 0.8607 -0.0000
vn 0.8786 0.4776 -0.0000
vn 0.9992 -0.0407 -0.0000
vn 0.9724 -0.2334 -0.0000
vn 0.9224 0.3862 -0.0000
vn 0.9900 -0.1413 -0.0000
vn 0.6615 -0.7500 -0.0000
vn 0.1835 -0.9830 -0.0000
vn 0.0921 -0.9957 -0.0000
vn -0.8828 0.4697 -0.0000
vn -0.8357 0.5492 -0.0000
vn -0.0980 -0.9952 -0.0000
vn -0.0492 -0.9988 -0.0000
vn -0.9952 0.0980 -0.0000
vn -0.8762 -0.4819 -0.0000
vn -0.8391 -0.5440 -0.0000
vn -0.1951 -0.9808 -0.0000
vn -0.9987 0.0507 -0.0000
vn -0.9988 -0.0491 -0.0000
vn -0.6403 -0.7681 -0.0000
vn -0.5407 -0.8412 -0.0000
vn -0.9976 0.0696 -0.0000
vn 0.9976 -0.0696 -0.0000
vn 0.8145 -0.5802 -0.0000
vn 0.8420 -0.5395 -0.0000
vn 0.0659 -0.9978 -0.0000
vn -0.0540 0.9985 -0.0000
vn 0.8002 0.5998 -0.0000
vn 0.8296 0.5584 -0.0000
vn -0.2005 0.9797 -0.0000
vn -0.9952 -0.0980 -0.0000
vn 0.5342 -0.8454 -0.0000
vn 0.4542 -0.8909 -0.0000
vn 0.5279 0.8493 -0.0000
vn 0.4465 0.8948 -0.0000
vn -0.9956 -0.0939 -0.0000
vn -0.9957 0.0931 -0.0000
vn -0.0980 0.9952 -0.0000
vn 0.3010 0.9536 -0.0000
vn 0.1096 0.9940 -0.0000
vn -0.4484 0.8938 -0.0000
vn -0.8623 0.5065 -0.0000
vn -0.9443 0.3290 -0.0000
vn 0.6329 0.7742 -0.0000
vn 0.7651 0.6439 -0.0000
vn 0.8483 0.5295 -0.0000
vn 0.9979 -0.0652 -0.0000
vn 0.5761 -0.8174 -0.0000
vn 0.3644 -0.9313 -0.0000
vn -0.3010 -0.9536 -0.0000
vn -0.1096 -0.9940 -0.0000
vn 0.4484 -0.8938 -0.0000
vn 0.8623 -0.5065 -0.0000
vn 0.9443 -0.3290 -0.0000
vn -0.8032 -0.5957 -0.0000
vn -0.8985 -0.4389 -0.0000
vn -0.9491 0.3150 -0.0000
vn -0.4578 0.8890 -0.0000
vn -0.2877 0.9577 -0.0000
vn -0.9239 -0.3827 -0.0000
vn -0.3827 -0.9239 -0.0000
vn -0.3827 0.9239 -0.0000
vn -0.9239 0.3827 -0.0000
vn -0.9809 0.1947 -0.0000
vn -0.9242 0.3819 -0.0000
vn -0.3874 0.9219 -0.0000
vn -0.9808 -0.1951 -0.0000
vn -0.9824 -0.1869 -0.0000
vn -0.7462 -0.6657 -0.0000
vn -0.1490 -0.9888 -0.0000
vn 0.3705 -0.9288 -0.0000
vn -0.9826 0.1855 -0.0000
vn -0.7519 0.6592 -0.0000
vn -0.1629 0.9866 -0.0000
vn 0.3612 0.9325 -0.0000
vn -0.2705 -0.9627 -0.0000
vn -0.4344 -0.9007 -0.0000
vn -0.9594 -0.2819 -0.0000
vn -0.8526 0.5226 -0.0000
vn -0.7483 0.6634 -0.0000
vn -0.5816 0.8135 -0.0000
vn -0.9628 -0.2701 -0.0000
vn -0.9010 -0.4338 -0.0000
vn -0.2811 -0.9597 -0.0000
vn 0.5246 -0.8513 -0.0000
vn 0.6650 -0.7468 -0.0000
vn -0.9611 0.2761 -0.0000
vn -0.8970 0.4421 -0.0000
vn -0.2919 0.9564 -0.0000
vn 0.4972 0.8676 -0.0000
vn 0.6432 0.7657 -0.0000
vn -0.0722 0.9974 -0.0000
vn -0.3328 0.9430 -0.0000
vn -0.5091 0.8607 -0.0000
vn -0.8786 0.4776 -0.0000
vn -0.9992 -0.0407 -0.0000
vn -0.9724 -0.2334 -0.0000
vn -0.9224 0.3862 -0.0000
vn -0.9900 -0.1413 -0.0000
vn -0.6615 -0.7500 -0.0000
vn -0.1835 -0.9830 -0.0000
vn -0.0921 -0.9957 -0.0000
vt 0.582070 0.497587
vt 0.581699 0.485516
vt 0.586937 0.485491
vt 0.587308 0.497563
vt 0.721746 0.876370
vt 0.693418 0.875535
vt 0.693795 0.862597
vt 0.722122 0.863431
vt 0.991278 0.509991
vt 0.962947 0.508841
vt 0.962931 0.496633
vt 0.991260 0.495903
vt 0.991278 0.597605
vt 0.962949 0.597605
vt 0.697245 0.028215
vt 0.689160 0.059565
vt 0.675217 0.059379
vt 0.675478 0.039831
vt 0.962878 0.483505
vt 0.991206 0.482775
vt 0.962794 0.472232
vt 0.991122 0.471502
vt 0.636958 0.066908
vt 0.645091 0.067016
vt 0.644784 0.076029
vt 0.635022 0.075898
vt 0.605127 0.830529
vt 0.632709 0.844891
vt 0.637437 0.858668
vt 0.605032 0.839635
vt 0.722357 0.849413
vt 0.694030 0.848579
vt 0.694107 0.834437
vt 0.722435 0.835271
vt 0.914286 0.500388
vt 0.909766 0.510647
vt 0.874895 0.537562
vt 0.874840 0.524213
vt 0.682616 0.834098
vt 0.682578 0.708435
vt 0.694070 0.709952
vt 0.641476 0.058928
vt 0.645365 0.058980
vt 0.655939 0.049531
vt 0.655811 0.059120
vt 0.645484 0.055486
vt 0.874779 0.505331
vt 0.916128 0.486524
vt 0.746411 0.060329
vt 0.746827 0.029104
vt 0.700784 0.017248
vt 0.698755 0.008722
vt 0.703398 0.011113
vt 0.703703 0.013537
vt 0.888082 0.597605
vt 0.888085 0.558927
vt 0.895511 0.548124
vt 0.895508 0.597605
vt 0.746927 0.021658
vt 0.710107 0.019636
vt 0.715069 0.013609
vt 0.747017 0.014880
vt 0.876001 0.597605
vt 0.876010 0.565643
vt 0.881366 0.564986
vt 0.881360 0.597605
vt 0.744165 0.228518
vt 0.686915 0.227753
vt 0.687058 0.217065
vt 0.744308 0.217830
vt 0.874728 0.494877
vt 0.913344 0.475497
vt 0.634317 0.056208
vt 0.616385 0.032498
vt 0.624814 0.021115
vt 0.643834 0.048249
vt 0.655584 0.076173
vt 0.653974 0.196722
vt 0.643174 0.196578
vt 0.605194 0.820928
vt 0.605169 0.701526
vt 0.630360 0.697636
vt 0.630608 0.831169
vt 0.674990 0.076432
vt 0.673380 0.196981
vt 0.746183 0.077383
vt 0.688933 0.076618
vt 0.689053 0.067602
vt 0.746303 0.068367
vt 0.687323 0.197167
vt 0.655704 0.067157
vt 0.675110 0.067417
vt 0.633334 0.196446
vt 0.630470 0.196408
vt 0.632159 0.075590
vt 0.627690 0.196371
vt 0.629389 0.074816
vt 0.625738 0.196345
vt 0.627456 0.073784
vt 0.633111 0.831941
vt 0.635257 0.845907
vt 0.636210 0.832544
vt 0.638388 0.846687
vt 0.639073 0.832816
vt 0.641264 0.847024
vt 0.634096 0.066548
vt 0.631373 0.065631
vt 0.629518 0.064403
vt 0.917056 0.499066
vt 0.912781 0.508787
vt 0.920298 0.498067
vt 0.916138 0.507472
vt 0.923145 0.497659
vt 0.918936 0.507054
vt 0.645321 0.052812
vt 0.655751 0.046915
vt 0.644717 0.050163
vt 0.655176 0.044293
vt 0.654368 0.042369
vt 0.646218 0.861195
vt 0.643316 0.860805
vt 0.640102 0.859880
vt 0.638631 0.058539
vt 0.636010 0.057543
vt 0.675218 0.037316
vt 0.674448 0.034837
vt 0.673376 0.033060
vt 0.916059 0.474432
vt 0.918859 0.485547
vt 0.919297 0.473620
vt 0.922092 0.484800
vt 0.922191 0.473279
vt 0.924962 0.484483
vt 0.906393 0.467220
vt 0.909024 0.466059
vt 0.646655 0.873021
vt 0.649915 0.873949
vt 0.652817 0.874339
vt 0.638765 0.667284
vt 0.638784 0.677695
vt 0.635922 0.677763
vt 0.635902 0.667352
vt 0.632825 0.677968
vt 0.632806 0.667557
vt 0.630324 0.678254
vt 0.630304 0.667843
vt 0.693043 0.027871
vt 0.689227 0.027069
vt 0.686820 0.026025
vt 0.706883 0.013473
vt 0.702914 0.018303
vt 0.711044 0.013500
vt 0.706326 0.019177
vt 0.878271 0.554277
vt 0.880983 0.553939
vt 0.881175 0.556956
vt 0.877141 0.557456
vt 0.881315 0.560999
vt 0.876314 0.561617
vt 0.886024 0.549265
vt 0.887055 0.551526
vt 0.887809 0.555063
vt 0.898443 0.530630
vt 0.896977 0.536667
vt 0.895904 0.543071
vt 0.876358 0.551408
vt 0.582292 0.511006
vt 0.587530 0.510982
vt 0.721623 0.466059
vt 0.722006 0.475080
vt 0.693679 0.475698
vt 0.693296 0.466676
vt 0.522395 0.705079
vt 0.522024 0.718759
vt 0.493717 0.717530
vt 0.494039 0.705676
vt 0.524197 0.618363
vt 0.495875 0.617857
vt 0.691914 0.427497
vt 0.670465 0.415303
vt 0.670726 0.395755
vt 0.684669 0.395941
vt 0.521515 0.730979
vt 0.493208 0.729750
vt 0.520903 0.740907
vt 0.492596 0.739678
vt 0.632682 0.387208
vt 0.630987 0.378169
vt 0.640748 0.378299
vt 0.640815 0.387317
vt 0.625177 0.389513
vt 0.629756 0.397833
vt 0.611197 0.421056
vt 0.606355 0.408061
vt 0.722249 0.486635
vt 0.722334 0.499937
vt 0.694007 0.500555
vt 0.693922 0.487253
vt 0.644019 0.447216
vt 0.668183 0.422016
vt 0.681435 0.429408
vt 0.654262 0.448507
vt 0.722371 0.623589
vt 0.717139 0.623568
vt 0.694044 0.623480
vt 0.636985 0.395305
vt 0.640874 0.395357
vt 0.651192 0.405085
vt 0.640900 0.398854
vt 0.651320 0.395496
vt 0.649430 0.412202
vt 0.630232 0.441425
vt 0.741920 0.396706
vt 0.741503 0.427931
vt 0.695159 0.438553
vt 0.697978 0.442342
vt 0.697608 0.444757
vt 0.692904 0.447022
vt 0.420985 0.616353
vt 0.428449 0.616653
vt 0.427424 0.665581
vt 0.420189 0.654619
vt 0.741403 0.435377
vt 0.741313 0.442156
vt 0.709342 0.442573
vt 0.704543 0.436416
vt 0.408608 0.614900
vt 0.414148 0.615749
vt 0.413493 0.648076
vt 0.407989 0.646654
vt 0.744001 0.240806
vt 0.686751 0.240042
vt 0.639058 0.406043
vt 0.619320 0.432660
vt 0.642336 0.259351
vt 0.653136 0.259495
vt 0.651548 0.378443
vt 0.605105 0.522574
vt 0.630510 0.504515
vt 0.630344 0.636491
vt 0.605151 0.640381
vt 0.672542 0.259754
vt 0.670954 0.378702
vt 0.742147 0.379653
vt 0.742027 0.388668
vt 0.684777 0.387905
vt 0.684897 0.378888
vt 0.686485 0.259940
vt 0.651428 0.387459
vt 0.605032 0.513850
vt 0.632603 0.491596
vt 0.895094 0.316246
vt 0.895072 0.302371
vt 0.900311 0.302340
vt 0.900333 0.316216
vt 0.670834 0.387717
vt 0.628116 0.378400
vt 0.629633 0.259181
vt 0.632497 0.259219
vt 0.625327 0.379100
vt 0.626853 0.259144
vt 0.623367 0.380081
vt 0.624901 0.259118
vt 0.635150 0.490037
vt 0.633013 0.503172
vt 0.638281 0.488869
vt 0.636110 0.502162
vt 0.641157 0.488403
vt 0.638974 0.501754
vt 0.629812 0.387491
vt 0.627065 0.388335
vt 0.440804 0.702510
vt 0.443825 0.704590
vt 0.447856 0.714112
vt 0.445069 0.712564
vt 0.447187 0.706088
vt 0.451111 0.715298
vt 0.449988 0.706604
vt 0.453961 0.715804
vt 0.650934 0.407696
vt 0.640666 0.401522
vt 0.650289 0.410301
vt 0.639991 0.404154
vt 0.643201 0.477235
vt 0.646103 0.476735
vt 0.639987 0.478498
vt 0.605032 0.409365
vt 0.610016 0.422530
vt 0.634130 0.395618
vt 0.631485 0.396544
vt 0.670138 0.417811
vt 0.669303 0.420268
vt 0.446431 0.725515
vt 0.449191 0.726737
vt 0.445869 0.736467
vt 0.443129 0.735166
vt 0.452445 0.727685
vt 0.449125 0.737474
vt 0.455321 0.728106
vt 0.452024 0.737917
vt 0.438277 0.743026
vt 0.435623 0.741628
vt 0.441483 0.744104
vt 0.649793 0.468050
vt 0.652695 0.467561
vt 0.635917 0.655382
vt 0.638780 0.655314
vt 0.632821 0.655587
vt 0.630319 0.655873
vt 0.687705 0.427728
vt 0.683869 0.428427
vt 0.697317 0.437556
vt 0.701156 0.442490
vt 0.700751 0.436774
vt 0.705315 0.442575
vt 0.410011 0.657924
vt 0.408951 0.654777
vt 0.413094 0.655843
vt 0.412796 0.658640
vt 0.408211 0.650651
vt 0.413349 0.651976
vt 0.418949 0.661687
vt 0.417814 0.663668
vt 0.419818 0.658374
vt 0.428605 0.676744
vt 0.429899 0.682549
vt 0.427699 0.670533
vt 0.674246 0.448614
vt 0.581203 0.475614
vt 0.586441 0.475590
vt 0.011898 0.516288
vt 0.010078 0.530111
vt 0.008722 0.530023
vt 0.010577 0.515934
vt 0.017200 0.503490
vt 0.016015 0.502806
vt 0.025633 0.492500
vt 0.024666 0.491533
vt 0.036623 0.484067
vt 0.035939 0.482883
vt 0.049421 0.478766
vt 0.049067 0.477445
vt 0.063244 0.476946
vt 0.063156 0.475590
vt 0.191711 0.476946
vt 0.191711 0.475590
vt 0.010078 0.617637
vt 0.008722 0.617637
vt 0.582176 0.611593
vt 0.582349 0.524947
vt 0.587587 0.524923
vt 0.587414 0.611569
vt 0.548944 0.499378
vt 0.548926 0.513201
vt 0.543683 0.513201
vt 0.543700 0.499378
vt 0.389188 0.530111
vt 0.387368 0.516288
vt 0.388689 0.515934
vt 0.390544 0.530023
vt 0.382067 0.503490
vt 0.383251 0.502806
vt 0.373634 0.492500
vt 0.374601 0.491533
vt 0.362644 0.484067
vt 0.363327 0.482883
vt 0.349845 0.478766
vt 0.350199 0.477445
vt 0.336022 0.476946
vt 0.336111 0.475590
vt 0.209156 0.476946
vt 0.209156 0.475590
vt 0.389188 0.617637
vt 0.390544 0.617637
vt 0.548926 0.600727
vt 0.543683 0.600727
vt 0.548996 0.486580
vt 0.543752 0.486580
vt 0.894578 0.439810
vt 0.899817 0.439780
vt 0.008722 0.926632
vt 0.008932 0.915367
vt 0.014171 0.915303
vt 0.013961 0.926569
vt 0.008985 0.902315
vt 0.014223 0.902252
vt 0.549078 0.475590
vt 0.543834 0.475590
vt 0.008722 0.777191
vt 0.013961 0.777128
vt 0.894896 0.288704
vt 0.894578 0.276089
vt 0.899817 0.276059
vt 0.900135 0.288674
vt 0.075656 0.797028
vt 0.075620 0.807717
vt 0.054616 0.807717
vt 0.054652 0.797028
vt 0.171565 0.830945
vt 0.172280 0.807886
vt 0.193072 0.808135
vt 0.192357 0.831194
vt 0.172776 0.830947
vt 0.930253 0.919231
vt 0.940916 0.918955
vt 0.940916 0.939960
vt 0.930253 0.940236
vt 0.075656 0.820007
vt 0.075771 0.830713
vt 0.054767 0.830713
vt 0.054652 0.820007
vt 0.172420 0.796481
vt 0.172122 0.785990
vt 0.192914 0.786239
vt 0.193212 0.796730
vt 0.369244 0.812246
vt 0.369242 0.817478
vt 0.367887 0.817443
vt 0.368022 0.812201
vt 0.075953 0.839907
vt 0.054948 0.839907
vt 0.075771 0.786322
vt 0.054767 0.786322
vt 0.369242 0.777670
vt 0.369242 0.789148
vt 0.348245 0.788606
vt 0.348245 0.777128
vt 0.171406 0.777128
vt 0.192197 0.777377
vt 0.921129 0.919468
vt 0.921129 0.940473
vt 0.480609 0.761666
vt 0.480609 0.848138
vt 0.475377 0.848116
vt 0.475377 0.761644
vt 0.075953 0.777128
vt 0.054948 0.777128
vt 0.452282 0.848021
vt 0.452282 0.761549
vt 0.440791 0.846501
vt 0.440791 0.762975
vt 0.430083 0.842137
vt 0.430083 0.767250
vt 0.420888 0.835228
vt 0.420888 0.774083
vt 0.413832 0.826244
vt 0.413832 0.783008
vt 0.409396 0.815798
vt 0.409396 0.793418
vt 0.407989 0.805382
vt 0.348247 0.811704
vt 0.171406 0.836169
vt 0.172748 0.836185
vt 0.348245 0.816937
vt 0.192198 0.836418
vt 0.717165 0.710041
vt 0.722397 0.710061
vt 0.682304 0.862258
vt 0.682539 0.848240
vt 0.951439 0.496930
vt 0.951386 0.483802
vt 0.681927 0.875197
vt 0.951302 0.472528
vt 0.951454 0.508374
vt 0.951457 0.597605
vt 0.682430 0.487503
vt 0.682188 0.475948
vt 0.682516 0.500805
vt 0.481725 0.729252
vt 0.482234 0.717031
vt 0.681804 0.466927
vt 0.481113 0.739180
vt 0.682553 0.624909
vt 0.482535 0.705918
vt 0.484386 0.617652
vt 0.671846 0.629188
vt 0.671808 0.501039
vt 0.471533 0.716567
vt 0.471816 0.706144
vt 0.473680 0.617461
vt 0.671722 0.487737
vt 0.671480 0.476181
vt 0.471025 0.728787
vt 0.671096 0.467160
vt 0.549078 0.743308
vt 0.470413 0.738715
vt 0.940678 0.484078
vt 0.940593 0.472804
vt 0.671595 0.861943
vt 0.671830 0.847925
vt 0.940745 0.507940
vt 0.940731 0.497206
vt 0.671908 0.833783
vt 0.940749 0.597605
vt 0.671869 0.704075
vt 0.671219 0.874881
vt 0.931548 0.507566
vt 0.931535 0.497443
vt 0.662023 0.874610
vt 0.662400 0.861672
vt 0.662635 0.847654
vt 0.662712 0.833512
vt 0.931553 0.597605
vt 0.931482 0.484315
vt 0.931398 0.473041
vt 0.662672 0.697169
vt 0.462612 0.706338
vt 0.464486 0.617296
vt 0.662527 0.487937
vt 0.662284 0.476382
vt 0.461224 0.738316
vt 0.461836 0.728388
vt 0.662613 0.501239
vt 0.662653 0.636023
vt 0.462345 0.716168
vt 0.661901 0.467360
vt 0.638820 0.697077
vt 0.638804 0.635932
vt 0.605154 0.649334
vt 0.630332 0.645446
vt 0.605158 0.659760
vt 0.638793 0.644886
vt 0.635931 0.644955
vt 0.635942 0.636000
vt 0.632613 0.250026
vt 0.629750 0.249988
vt 0.629886 0.239283
vt 0.632749 0.239321
vt 0.632834 0.645159
vt 0.632845 0.636205
vt 0.655600 0.644951
vt 0.651168 0.655362
vt 0.626970 0.249951
vt 0.627106 0.239246
vt 0.625017 0.249925
vt 0.625153 0.239220
vt 0.649764 0.667326
vt 0.605163 0.671728
vt 0.627262 0.226957
vt 0.630042 0.226994
vt 0.632905 0.227032
vt 0.625309 0.226931
vt 0.638803 0.688123
vt 0.635941 0.688191
vt 0.605165 0.682141
vt 0.651174 0.677742
vt 0.630192 0.216306
vt 0.633055 0.216344
vt 0.632844 0.688396
vt 0.627411 0.216269
vt 0.630343 0.688682
vt 0.625459 0.216243
vt 0.632861 0.697350
vt 0.605167 0.692570
vt 0.655613 0.688187
vt 0.630341 0.205601
vt 0.633205 0.205639
vt 0.627561 0.205564
vt 0.635958 0.697145
vt 0.625609 0.205538
vt 0.653851 0.205915
vt 0.643052 0.205771
vt 0.744574 0.197931
vt 0.673257 0.206174
vt 0.687200 0.206360
vt 0.673114 0.216879
vt 0.653708 0.216620
vt 0.744451 0.207124
vt 0.642909 0.216476
vt 0.642766 0.227164
vt 0.672972 0.227567
vt 0.653566 0.227308
vt 0.743858 0.251512
vt 0.686608 0.250747
vt 0.672808 0.239856
vt 0.653402 0.239597
vt 0.642602 0.239452
vt 0.743735 0.260705
vt 0.672665 0.250561
vt 0.653259 0.250302
vt 0.642459 0.250158
vt 0.581618 0.723587
vt 0.586856 0.723563
vt 0.586441 0.733251
vt 0.581203 0.733275
vt 0.740569 0.867348
vt 0.740192 0.854410
vt 0.768520 0.853575
vt 0.768896 0.866514
vt 0.991278 0.685220
vt 0.991260 0.699308
vt 0.962931 0.698577
vt 0.962947 0.686370
vt 0.796416 0.029539
vt 0.817865 0.041732
vt 0.817604 0.061280
vt 0.803661 0.061094
vt 0.991206 0.712436
vt 0.962878 0.711706
vt 0.991122 0.723709
vt 0.962794 0.722979
vt 0.855648 0.069828
vt 0.857343 0.078867
vt 0.847582 0.078736
vt 0.847516 0.069719
vt 0.857188 0.821508
vt 0.857283 0.830614
vt 0.824878 0.849646
vt 0.829605 0.835870
vt 0.739957 0.840392
vt 0.739880 0.826250
vt 0.768207 0.825415
vt 0.768285 0.839557
vt 0.914286 0.694823
vt 0.874840 0.670998
vt 0.874895 0.657648
vt 0.909766 0.684564
vt 0.768245 0.700931
vt 0.779736 0.699414
vt 0.779699 0.825077
vt 0.851345 0.061730
vt 0.847456 0.061678
vt 0.837138 0.051950
vt 0.847430 0.058182
vt 0.837010 0.061539
vt 0.874779 0.689880
vt 0.916128 0.708687
vt 0.793171 0.018482
vt 0.790352 0.014694
vt 0.790722 0.012278
vt 0.795427 0.010013
vt 0.895511 0.647087
vt 0.888085 0.636284
vt 0.778988 0.014462
vt 0.783787 0.020619
vt 0.881366 0.630225
vt 0.876010 0.629568
vt 0.801558 0.218594
vt 0.801415 0.229282
vt 0.874728 0.700334
vt 0.913344 0.719714
vt 0.858574 0.059202
vt 0.849273 0.050992
vt 0.869010 0.024375
vt 0.877133 0.035979
vt 0.845973 0.199285
vt 0.835173 0.199141
vt 0.836782 0.078592
vt 0.857120 0.811907
vt 0.831706 0.822148
vt 0.831955 0.688615
vt 0.857145 0.692504
vt 0.815767 0.198882
vt 0.817376 0.078333
vt 0.803554 0.069130
vt 0.803433 0.078147
vt 0.801824 0.198696
vt 0.836903 0.069577
vt 0.817497 0.069318
vt 0.860215 0.078635
vt 0.858677 0.199455
vt 0.855813 0.199416
vt 0.863004 0.077935
vt 0.861457 0.199492
vt 0.864963 0.076955
vt 0.863409 0.199518
vt 0.827057 0.836885
vt 0.829203 0.822920
vt 0.823926 0.837666
vt 0.826105 0.823523
vt 0.821050 0.838003
vt 0.823242 0.823794
vt 0.858519 0.069544
vt 0.861266 0.068700
vt 0.863153 0.067522
vt 0.912781 0.686424
vt 0.917056 0.696145
vt 0.916138 0.687739
vt 0.920298 0.697143
vt 0.918936 0.688157
vt 0.923145 0.697552
vt 0.837396 0.049340
vt 0.847665 0.055513
vt 0.838041 0.046735
vt 0.848339 0.052881
vt 0.838900 0.044833
vt 0.818999 0.851784
vt 0.816097 0.852173
vt 0.822213 0.850859
vt 0.854200 0.061417
vt 0.856846 0.060491
vt 0.818192 0.039225
vt 0.819028 0.036768
vt 0.820147 0.035019
vt 0.918859 0.709664
vt 0.916059 0.720779
vt 0.922092 0.710411
vt 0.919297 0.721591
vt 0.924962 0.710728
vt 0.922191 0.721932
vt 0.909024 0.729152
vt 0.906393 0.727991
vt 0.815660 0.863999
vt 0.812399 0.864928
vt 0.809497 0.865318
vt 0.823550 0.658262
vt 0.826412 0.658331
vt 0.826393 0.668742
vt 0.823531 0.668673
vt 0.829509 0.658536
vt 0.829490 0.668946
vt 0.832010 0.658822
vt 0.831991 0.669233
vt 0.800626 0.029307
vt 0.804461 0.028608
vt 0.806895 0.027628
vt 0.791014 0.019479
vt 0.787174 0.014545
vt 0.787579 0.020261
vt 0.783015 0.014461
vt 0.878271 0.640934
vt 0.877141 0.637754
vt 0.881175 0.638255
vt 0.880983 0.641272
vt 0.876314 0.633594
vt 0.881315 0.634212
vt 0.887055 0.643685
vt 0.886024 0.645946
vt 0.887809 0.640148
vt 0.896977 0.658543
vt 0.898443 0.664581
vt 0.895904 0.652140
vt 0.876358 0.643803
vt 0.581890 0.711666
vt 0.587128 0.711642
vt 0.526089 0.491286
vt 0.497753 0.491503
vt 0.497435 0.481339
vt 0.525772 0.481122
vt 0.525999 0.531648
vt 0.497689 0.529968
vt 0.497870 0.517657
vt 0.526207 0.517440
vt 0.791086 0.428821
vt 0.799170 0.397470
vt 0.813113 0.397656
vt 0.812852 0.417204
vt 0.497901 0.503891
vt 0.526238 0.503674
vt 0.851372 0.390127
vt 0.843239 0.390019
vt 0.843547 0.381006
vt 0.853308 0.381137
vt 0.858813 0.392632
vt 0.877133 0.411676
vt 0.871946 0.424537
vt 0.854013 0.400827
vt 0.740066 0.477614
vt 0.768393 0.478231
vt 0.768307 0.491533
vt 0.739980 0.490916
vt 0.449067 0.520123
vt 0.444381 0.530377
vt 0.408330 0.553760
vt 0.408303 0.539522
vt 0.768271 0.614459
vt 0.745175 0.614547
vt 0.739943 0.614567
vt 0.846854 0.398107
vt 0.842965 0.398055
vt 0.832391 0.407504
vt 0.832519 0.397915
vt 0.842846 0.401550
vt 0.408303 0.519475
vt 0.451000 0.505631
vt 0.740309 0.466059
vt 0.768636 0.466676
vt 0.409813 0.568757
vt 0.419803 0.567980
vt 0.414592 0.572204
vt 0.411793 0.572156
vt 0.421780 0.578056
vt 0.429459 0.567632
vt 0.778223 0.437400
vt 0.773261 0.443426
vt 0.409304 0.583385
vt 0.414834 0.583506
vt 0.801251 0.241571
vt 0.408261 0.508273
vt 0.448151 0.493454
vt 0.407989 0.497808
vt 0.440985 0.483531
vt 0.832747 0.380862
vt 0.834335 0.261914
vt 0.845135 0.262058
vt 0.857210 0.513553
vt 0.857164 0.631359
vt 0.831971 0.627470
vt 0.831804 0.495494
vt 0.813341 0.380603
vt 0.814929 0.261655
vt 0.799398 0.380417
vt 0.799277 0.389434
vt 0.800986 0.261469
vt 0.832626 0.389878
vt 0.829711 0.482574
vt 0.857283 0.504829
vt 0.879966 0.786785
vt 0.874727 0.786755
vt 0.874749 0.772879
vt 0.879988 0.772909
vt 0.813220 0.389618
vt 0.854974 0.262190
vt 0.857838 0.262228
vt 0.856172 0.381445
vt 0.860618 0.262265
vt 0.858941 0.382219
vt 0.862570 0.262291
vt 0.860874 0.383251
vt 0.829302 0.494151
vt 0.827164 0.481016
vt 0.826204 0.493140
vt 0.824033 0.479847
vt 0.823341 0.492733
vt 0.821158 0.479382
vt 0.854234 0.390488
vt 0.856957 0.391405
vt 0.451909 0.519055
vt 0.447478 0.528775
vt 0.455205 0.518264
vt 0.450894 0.527670
vt 0.458072 0.517962
vt 0.453713 0.527359
vt 0.843009 0.404224
vt 0.832580 0.410121
vt 0.843613 0.406872
vt 0.833155 0.412742
vt 0.844496 0.408786
vt 0.833963 0.414666
vt 0.816212 0.467713
vt 0.819114 0.468213
vt 0.822327 0.469476
vt 0.438152 0.475590
vt 0.443688 0.482630
vt 0.435577 0.476659
vt 0.849700 0.398496
vt 0.852320 0.399492
vt 0.813112 0.419719
vt 0.813882 0.422198
vt 0.814955 0.423975
vt 0.450935 0.492647
vt 0.453800 0.504919
vt 0.454225 0.492047
vt 0.457084 0.504388
vt 0.457138 0.491814
vt 0.459973 0.504181
vt 0.446929 0.481961
vt 0.449842 0.481703
vt 0.823535 0.646293
vt 0.826397 0.646361
vt 0.829494 0.646566
vt 0.831995 0.646852
vt 0.795288 0.429164
vt 0.799103 0.429966
vt 0.801510 0.431011
vt 0.787546 0.439787
vt 0.784627 0.443498
vt 0.781447 0.443562
vt 0.785416 0.438732
vt 0.777286 0.443535
vt 0.782004 0.437859
vt 0.414766 0.575377
vt 0.410603 0.575302
vt 0.414855 0.579514
vt 0.409692 0.579412
vt 0.420844 0.570473
vt 0.421568 0.574162
vt 0.432653 0.549973
vt 0.431111 0.556118
vt 0.429942 0.562582
vt 0.923558 0.434370
vt 0.918319 0.434295
vt 0.917986 0.425499
vt 0.923225 0.425574
vt 0.011898 0.718985
vt 0.010577 0.719339
vt 0.008722 0.705251
vt 0.010078 0.705162
vt 0.017200 0.731783
vt 0.016015 0.732467
vt 0.025633 0.742773
vt 0.024666 0.743740
vt 0.036623 0.751206
vt 0.035939 0.752391
vt 0.049421 0.756508
vt 0.049067 0.757828
vt 0.063244 0.758327
vt 0.063156 0.759683
vt 0.191711 0.758327
vt 0.191711 0.759683
vt 0.587241 0.698215
vt 0.582002 0.698239
vt 0.548944 0.702075
vt 0.543700 0.702075
vt 0.543683 0.688252
vt 0.548926 0.688252
vt 0.389188 0.705162
vt 0.390544 0.705251
vt 0.388689 0.719339
vt 0.387368 0.718985
vt 0.383251 0.732467
vt 0.382067 0.731783
vt 0.374601 0.743740
vt 0.373634 0.742773
vt 0.363327 0.752391
vt 0.362644 0.751206
vt 0.350199 0.757829
vt 0.349845 0.756508
vt 0.336111 0.759683
vt 0.336022 0.758327
vt 0.209156 0.759683
vt 0.209156 0.758327
vt 0.548996 0.714873
vt 0.543752 0.714873
vt 0.880483 0.910349
vt 0.875244 0.910318
vt 0.917802 0.414233
vt 0.923040 0.414308
vt 0.917778 0.401181
vt 0.923017 0.401256
vt 0.549078 0.725863
vt 0.543834 0.725863
vt 0.918319 0.276059
vt 0.923558 0.276134
vt 0.880165 0.759243
vt 0.874926 0.759212
vt 0.875244 0.746597
vt 0.880483 0.746628
vt 0.093694 0.797028
vt 0.114698 0.797028
vt 0.114735 0.807717
vt 0.093730 0.807717
vt 0.153097 0.832379
vt 0.151889 0.832289
vt 0.132345 0.831059
vt 0.133067 0.807992
vt 0.153818 0.809312
vt 0.219781 0.927747
vt 0.219781 0.906743
vt 0.230444 0.907019
vt 0.230444 0.928023
vt 0.093694 0.820007
vt 0.114698 0.820007
vt 0.114584 0.830713
vt 0.093580 0.830713
vt 0.153961 0.797893
vt 0.133209 0.796572
vt 0.132907 0.786045
vt 0.153658 0.787365
vt 0.348245 0.870041
vt 0.349467 0.869996
vt 0.349602 0.875238
vt 0.348247 0.875273
vt 0.114402 0.839907
vt 0.093398 0.839907
vt 0.093580 0.786322
vt 0.114584 0.786322
vt 0.348247 0.835465
vt 0.369244 0.834923
vt 0.369244 0.846401
vt 0.348246 0.846943
vt 0.132179 0.777128
vt 0.152931 0.778448
vt 0.210657 0.927510
vt 0.210657 0.906506
vt 0.498054 0.761666
vt 0.503286 0.761644
vt 0.503286 0.848116
vt 0.498054 0.848138
vt 0.093398 0.777128
vt 0.114402 0.777128
vt 0.526382 0.761549
vt 0.526382 0.848021
vt 0.537873 0.762975
vt 0.537873 0.846501
vt 0.548581 0.767250
vt 0.548581 0.842137
vt 0.557776 0.835228
vt 0.557776 0.774083
vt 0.564832 0.783008
vt 0.564832 0.826244
vt 0.569267 0.793418
vt 0.569267 0.815798
vt 0.570675 0.805382
vt 0.369242 0.869499
vt 0.152931 0.837604
vt 0.151591 0.837519
vt 0.369244 0.874732
vt 0.132179 0.836284
vt 0.739917 0.701039
vt 0.745149 0.701019
vt 0.779776 0.839219
vt 0.780011 0.853236
vt 0.951386 0.711409
vt 0.951439 0.698281
vt 0.780388 0.866175
vt 0.951302 0.722683
vt 0.951454 0.686836
vt 0.780127 0.466927
vt 0.779884 0.478482
vt 0.779799 0.491784
vt 0.486375 0.517745
vt 0.486406 0.503979
vt 0.486257 0.491591
vt 0.485940 0.481427
vt 0.779761 0.615888
vt 0.486206 0.529287
vt 0.790507 0.492017
vt 0.790468 0.620166
vt 0.475504 0.528652
vt 0.475663 0.517827
vt 0.790835 0.467160
vt 0.790592 0.478715
vt 0.475694 0.504061
vt 0.475546 0.491673
vt 0.475228 0.481509
vt 0.854321 0.884793
vt 0.940593 0.722407
vt 0.940678 0.711133
vt 0.790484 0.838903
vt 0.790719 0.852921
vt 0.940731 0.698005
vt 0.940745 0.687271
vt 0.790407 0.824761
vt 0.790446 0.695053
vt 0.791096 0.865860
vt 0.931535 0.697768
vt 0.931548 0.687645
vt 0.799914 0.852650
vt 0.800291 0.865589
vt 0.799602 0.824491
vt 0.799680 0.838632
vt 0.931398 0.722169
vt 0.931482 0.710896
vt 0.799643 0.688147
vt 0.466315 0.528107
vt 0.800030 0.467360
vt 0.799787 0.478916
vt 0.466496 0.504131
vt 0.466347 0.491744
vt 0.799702 0.492218
vt 0.799661 0.627002
vt 0.466465 0.517897
vt 0.466030 0.481579
vt 0.823495 0.688056
vt 0.823510 0.626911
vt 0.857160 0.640312
vt 0.857156 0.650739
vt 0.831982 0.636424
vt 0.823522 0.635865
vt 0.826373 0.626979
vt 0.826384 0.635933
vt 0.855103 0.252997
vt 0.855253 0.242291
vt 0.858116 0.242330
vt 0.857966 0.253035
vt 0.829469 0.627183
vt 0.829481 0.636138
vt 0.811147 0.646340
vt 0.806715 0.635929
vt 0.860896 0.242367
vt 0.860747 0.253072
vt 0.862849 0.242393
vt 0.862699 0.253098
vt 0.812551 0.658305
vt 0.857152 0.662707
vt 0.858288 0.230041
vt 0.861068 0.230078
vt 0.855425 0.230003
vt 0.863021 0.230104
vt 0.826373 0.679169
vt 0.823511 0.679101
vt 0.857149 0.673119
vt 0.811140 0.668721
vt 0.858424 0.219353
vt 0.855561 0.219315
vt 0.829470 0.679374
vt 0.861204 0.219390
vt 0.831972 0.679660
vt 0.863157 0.219416
vt 0.829454 0.688329
vt 0.857147 0.683548
vt 0.806702 0.679166
vt 0.858560 0.208648
vt 0.855697 0.208609
vt 0.861340 0.208685
vt 0.826357 0.688124
vt 0.863293 0.208711
vt 0.845850 0.208478
vt 0.835050 0.208334
vt 0.815644 0.208075
vt 0.801701 0.207889
vt 0.834907 0.219039
vt 0.815501 0.218780
vt 0.845707 0.219183
vt 0.845564 0.229871
vt 0.815359 0.229468
vt 0.834765 0.229727
vt 0.801108 0.252276
vt 0.815194 0.241757
vt 0.834601 0.242016
vt 0.845400 0.242160
vt 0.815052 0.252462
vt 0.834458 0.252721
vt 0.845257 0.252865
vt 0.086081 0.427267
vt 0.117990 0.427343
vt 0.117990 0.458145
vt 0.899977 0.133668
vt 0.894728 0.133668
vt 0.894728 0.077265
vt 0.899977 0.077265
vt 0.149077 0.396183
vt 0.149077 0.423765
vt 0.122374 0.403431
vt 0.131351 0.396183
vt 0.898440 0.869456
vt 0.898429 0.866855
vt 0.903673 0.866885
vt 0.903684 0.869486
vt 0.899977 0.045924
vt 0.894728 0.045924
vt 0.894711 0.032307
vt 0.899959 0.032307
vt 0.894659 0.019618
vt 0.899908 0.019618
vt 0.092674 0.025085
vt 0.091613 0.025528
vt 0.074610 0.008722
vt 0.091292 0.015513
vt 0.092674 0.017567
vt 0.903487 0.896704
vt 0.898243 0.896674
vt 0.898418 0.883124
vt 0.903662 0.883155
vt 0.284767 0.811785
vt 0.279525 0.811861
vt 0.279504 0.798634
vt 0.284746 0.798558
vt 0.279656 0.786813
vt 0.284898 0.786737
vt 0.279971 0.777205
vt 0.285214 0.777128
vt 0.921129 0.746597
vt 0.926372 0.746673
vt 0.926702 0.755394
vt 0.921458 0.755318
vt 0.926884 0.766563
vt 0.921641 0.766488
vt 0.926907 0.779420
vt 0.921663 0.779344
vt 0.284847 0.821820
vt 0.279605 0.821896
vt 0.022109 0.357090
vt 0.025746 0.359598
vt 0.034475 0.387669
vt 0.029262 0.394463
vt 0.008722 0.357919
vt 0.926443 0.885343
vt 0.921200 0.885268
vt 0.921276 0.867892
vt 0.926519 0.867967
vt 0.926893 0.782497
vt 0.921650 0.782422
vt 0.121567 0.423765
vt 0.118744 0.420269
vt 0.926704 0.825796
vt 0.921460 0.825721
vt 0.473936 0.403431
vt 0.477566 0.420269
vt 0.474742 0.423765
vt 0.447232 0.423765
vt 0.225204 0.951424
vt 0.230444 0.951227
vt 0.230249 0.977703
vt 0.225009 0.977901
vt 0.472475 0.373077
vt 0.472406 0.388768
vt 0.468303 0.389985
vt 0.447232 0.357919
vt 0.491958 0.299438
vt 0.468672 0.301368
vt 0.473349 0.296009
vt 0.492335 0.298033
vt 0.097848 0.343844
vt 0.099858 0.344946
vt 0.101479 0.351254
vt 0.745128 0.890427
vt 0.745128 0.896230
vt 0.739880 0.896230
vt 0.739880 0.890427
vt 0.470923 0.080588
vt 0.447232 0.065361
vt 0.459634 0.057658
vt 0.436182 0.962426
vt 0.430933 0.962424
vt 0.430939 0.946819
vt 0.436187 0.946821
vt 0.285202 0.890488
vt 0.285202 0.912283
vt 0.279953 0.912283
vt 0.279953 0.890488
vt 0.100499 0.043856
vt 0.100499 0.047023
vt 0.089894 0.047023
vt 0.302696 0.822890
vt 0.302659 0.781854
vt 0.307903 0.781901
vt 0.307940 0.822938
vt 0.926372 0.901510
vt 0.921129 0.901435
vt 0.029267 0.233109
vt 0.092208 0.274560
vt 0.034205 0.275474
vt 0.029267 0.275242
vt 0.092206 0.190616
vt 0.107437 0.205976
vt 0.107437 0.233109
vt 0.019122 0.174706
vt 0.027132 0.181097
vt 0.028126 0.185284
vt 0.024327 0.187475
vt 0.307976 0.862574
vt 0.302732 0.862526
vt 0.030468 0.280343
vt 0.008722 0.296780
vt 0.008722 0.280181
vt 0.024327 0.280181
vt 0.567043 0.233109
vt 0.567043 0.275242
vt 0.562104 0.275474
vt 0.504102 0.274560
vt 0.128281 0.162062
vt 0.135339 0.167987
vt 0.118065 0.179833
vt 0.160516 0.918281
vt 0.155273 0.918333
vt 0.155273 0.891906
vt 0.160516 0.891853
vt 0.963942 0.282131
vt 0.969185 0.282096
vt 0.969185 0.315348
vt 0.963942 0.315382
vt 0.903504 0.826383
vt 0.898260 0.826352
vt 0.897980 0.759127
vt 0.903224 0.759157
vt 0.538102 0.088318
vt 0.564944 0.102675
vt 0.564175 0.105744
vt 0.530586 0.105744
vt 0.546593 0.087200
vt 0.570452 0.096417
vt 0.897928 0.746597
vt 0.903172 0.746628
vt 0.570907 0.055513
vt 0.587587 0.061333
vt 0.587587 0.064003
vt 0.569789 0.064003
vt 0.058207 0.088318
vt 0.066698 0.087200
vt 0.070370 0.099509
vt 0.065724 0.105744
vt 0.105630 0.918128
vt 0.100386 0.918172
vt 0.100476 0.863621
vt 0.105720 0.863577
vt 0.521700 0.027103
vt 0.504696 0.025528
vt 0.521700 0.008722
vt 0.135307 0.154162
vt 0.075890 0.176570
vt 0.072230 0.168260
vt 0.879971 0.933138
vt 0.880079 0.968585
vt 0.874836 0.968520
vt 0.874727 0.933073
vt 0.103975 0.298033
vt 0.122960 0.296009
vt 0.127638 0.301368
vt 0.104351 0.299438
vt 0.529612 0.087200
vt 0.492887 0.087080
vt 0.504422 0.081649
vt 0.521700 0.083923
vt 0.103423 0.087080
vt 0.134752 0.097175
vt 0.127347 0.103501
vt 0.078731 0.105480
vt 0.524079 0.168260
vt 0.520419 0.176570
vt 0.468028 0.162062
vt 0.461002 0.154162
vt 0.917511 0.249557
vt 0.917422 0.195006
vt 0.922665 0.195050
vt 0.922755 0.249601
vt 0.587587 0.187475
vt 0.571982 0.187475
vt 0.568184 0.185284
vt 0.569178 0.181097
vt 0.577187 0.174706
vt 0.587587 0.174610
vt 0.503635 0.017567
vt 0.505017 0.015513
vt 0.503635 0.025085
vt 0.903172 0.909211
vt 0.897928 0.909180
vt 0.894578 0.008722
vt 0.899826 0.008722
vt 0.894728 0.059200
vt 0.899977 0.059200
vt 0.210657 0.833094
vt 0.210657 0.778183
vt 0.215905 0.778183
vt 0.215905 0.833094
vt 0.107876 0.039756
vt 0.105053 0.038662
vt 0.092681 0.032213
vt 0.094166 0.026577
vt 0.447232 0.026577
vt 0.092674 0.008722
vt 0.149077 0.008722
vt 0.149077 0.015737
vt 0.092674 0.014583
vt 0.084913 0.350111
vt 0.081511 0.347068
vt 0.505287 0.372967
vt 0.515441 0.356916
vt 0.515441 0.387669
vt 0.510228 0.394463
vt 0.504103 0.190616
vt 0.488872 0.233109
vt 0.488872 0.205976
vt 0.570681 0.168260
vt 0.570681 0.112251
vt 0.494855 0.351275
vt 0.498461 0.343844
vt 0.511396 0.350111
vt 0.307967 0.934934
vt 0.302723 0.934987
vt 0.302722 0.907554
vt 0.302721 0.888344
vt 0.307965 0.888292
vt 0.307966 0.907501
vt 0.479867 0.323023
vt 0.491958 0.340582
vt 0.479867 0.351189
vt 0.488324 0.373834
vt 0.479867 0.370912
vt 0.762596 0.941782
vt 0.762626 0.890090
vt 0.767874 0.890054
vt 0.767844 0.941747
vt 0.116442 0.351189
vt 0.104351 0.340582
vt 0.116442 0.323023
vt 0.525939 0.099509
vt 0.517578 0.105480
vt 0.506415 0.047023
vt 0.495810 0.047023
vt 0.495810 0.043856
vt 0.514906 0.032317
vt 0.503628 0.032213
vt 0.504965 0.027254
vt 0.502144 0.026577
vt 0.491256 0.038662
vt 0.488433 0.039756
vt 0.127282 0.087041
vt 0.149077 0.087041
vt 0.680187 0.917011
vt 0.674938 0.917011
vt 0.674927 0.908521
vt 0.680176 0.908521
vt 0.674895 0.900609
vt 0.680144 0.900609
vt 0.674844 0.893815
vt 0.680093 0.893815
vt 0.950018 0.809332
vt 0.949789 0.817130
vt 0.944545 0.817078
vt 0.944774 0.809280
vt 0.949644 0.825578
vt 0.944401 0.825526
vt 0.949595 0.834101
vt 0.944352 0.834048
vt 0.949644 0.842117
vt 0.944401 0.842065
vt 0.949789 0.849081
vt 0.944545 0.849029
vt 0.950018 0.854518
vt 0.944774 0.854466
vt 0.371740 0.944769
vt 0.372021 0.938781
vt 0.377264 0.938778
vt 0.376983 0.944766
vt 0.372220 0.931412
vt 0.377463 0.931410
vt 0.372323 0.923166
vt 0.377566 0.923163
vt 0.372323 0.914602
vt 0.377566 0.914600
vt 0.372220 0.906306
vt 0.377463 0.906304
vt 0.372021 0.898843
vt 0.377264 0.898840
vt 0.371740 0.892721
vt 0.376983 0.892718
vt 0.567537 0.972542
vt 0.572781 0.972519
vt 0.572597 0.979482
vt 0.567353 0.979505
vt 0.567633 0.964526
vt 0.572877 0.964503
vt 0.567633 0.956003
vt 0.572877 0.955981
vt 0.567537 0.947554
vt 0.572781 0.947532
vt 0.567353 0.939755
vt 0.572597 0.939733
vt 0.680093 0.940207
vt 0.674844 0.940207
vt 0.674895 0.933413
vt 0.680144 0.933413
vt 0.674927 0.925502
vt 0.680176 0.925502
vt 0.567047 0.427267
vt 0.580539 0.431840
vt 0.572178 0.442736
vt 0.561282 0.451097
vt 0.548593 0.456353
vt 0.534976 0.458145
vt 0.538638 0.443670
vt 0.547128 0.442552
vt 0.555040 0.439275
vt 0.561834 0.434062
vt 0.571442 0.410865
vt 0.587587 0.405535
vt 0.585794 0.419151
vt 0.570325 0.419356
vt 0.008722 0.405535
vt 0.024867 0.410865
vt 0.025985 0.419356
vt 0.029262 0.427267
vt 0.015771 0.431840
vt 0.010515 0.419151
vt 0.049181 0.442552
vt 0.047717 0.456353
vt 0.035028 0.451097
vt 0.024132 0.442736
vt 0.034475 0.434062
vt 0.041269 0.439275
vt 0.702974 0.917011
vt 0.697725 0.917011
vt 0.697714 0.908521
vt 0.702963 0.908521
vt 0.697682 0.900609
vt 0.702931 0.900609
vt 0.697631 0.893815
vt 0.702880 0.893815
vt 0.946669 0.339949
vt 0.946440 0.347746
vt 0.941196 0.347694
vt 0.941425 0.339896
vt 0.946295 0.356194
vt 0.941052 0.356142
vt 0.946246 0.364717
vt 0.941003 0.364664
vt 0.946295 0.372733
vt 0.941052 0.372681
vt 0.946440 0.379697
vt 0.941196 0.379645
vt 0.946669 0.385134
vt 0.941425 0.385082
vt 0.628584 0.939878
vt 0.633827 0.939875
vt 0.633546 0.945863
vt 0.628303 0.945866
vt 0.628783 0.932509
vt 0.634026 0.932506
vt 0.628886 0.924262
vt 0.634129 0.924259
vt 0.628886 0.915699
vt 0.634129 0.915696
vt 0.628783 0.907403
vt 0.634026 0.907400
vt 0.628584 0.899940
vt 0.633827 0.899937
vt 0.628303 0.893817
vt 0.633546 0.893815
vt 0.105587 0.978337
vt 0.100343 0.978359
vt 0.100527 0.971396
vt 0.105771 0.971374
vt 0.100623 0.963380
vt 0.105867 0.963358
vt 0.100623 0.954858
vt 0.105867 0.954835
vt 0.100527 0.946409
vt 0.105771 0.946387
vt 0.100343 0.938610
vt 0.105587 0.938588
vt 0.702880 0.940207
vt 0.697631 0.940207
vt 0.697682 0.933413
vt 0.702931 0.933413
vt 0.697714 0.925502
vt 0.702963 0.925502
vt 0.554504 0.027103
vt 0.561282 0.015771
vt 0.572178 0.024132
vt 0.561298 0.032317
vt 0.031366 0.102675
vt 0.025858 0.096417
vt 0.049717 0.087200
vt 0.081404 0.078709
vt 0.100499 0.071915
vt 0.091888 0.081649
vt 0.074610 0.083923
vt 0.058207 0.022708
vt 0.061333 0.008722
vt 0.066698 0.008722
vt 0.066698 0.023826
vt 0.057672 0.443670
vt 0.061333 0.458145
vt 0.008722 0.402375
vt 0.025985 0.402375
vt 0.570325 0.402375
vt 0.587587 0.402375
vt 0.102242 0.458145
vt 0.080868 0.434062
vt 0.478319 0.458145
vt 0.510228 0.427267
vt 0.515441 0.434062
vt 0.494067 0.458145
vt 0.104985 0.392127
vt 0.116685 0.394631
vt 0.117146 0.399162
vt 0.090476 0.410865
vt 0.089359 0.402375
vt 0.491325 0.392127
vt 0.479505 0.374581
vt 0.123903 0.388768
vt 0.121550 0.375971
vt 0.123834 0.373077
vt 0.116442 0.370912
vt 0.107985 0.373834
vt 0.493200 0.344424
vt 0.494639 0.345146
vt 0.141159 0.346039
vt 0.149077 0.335036
vt 0.149077 0.357919
vt 0.506951 0.402375
vt 0.086081 0.394463
vt 0.091023 0.372967
vt 0.455151 0.346039
vt 0.447232 0.335036
vt 0.124094 0.320688
vt 0.121729 0.317846
vt 0.128580 0.303419
vt 0.963479 0.049922
vt 0.963476 0.011463
vt 0.968720 0.011410
vt 0.968723 0.049869
vt 0.958361 0.922979
vt 0.963605 0.923027
vt 0.963638 0.963100
vt 0.958394 0.963052
vt 0.478319 0.427343
vt 0.481855 0.423221
vt 0.506951 0.419356
vt 0.573355 0.868971
vt 0.572597 0.899228
vt 0.567353 0.899177
vt 0.568111 0.868919
vt 0.080868 0.356916
vt 0.080868 0.387669
vt 0.114455 0.423221
vt 0.089359 0.419356
vt 0.479163 0.399162
vt 0.505833 0.410865
vt 0.085899 0.458145
vt 0.074074 0.439275
vt 0.522236 0.439275
vt 0.510410 0.458145
vt 0.279847 0.852358
vt 0.285090 0.852282
vt 0.285214 0.867871
vt 0.279971 0.867947
vt 0.071470 0.458145
vt 0.066162 0.442552
vt 0.530147 0.442552
vt 0.524839 0.458145
vt 0.279718 0.836180
vt 0.284961 0.836103
vt 0.527187 0.896940
vt 0.521938 0.896938
vt 0.521940 0.888448
vt 0.527189 0.888449
vt 0.567047 0.394463
vt 0.587587 0.357919
vt 0.527184 0.905430
vt 0.521936 0.905429
vt 0.066162 0.356916
vt 0.066162 0.379178
vt 0.057672 0.378061
vt 0.057672 0.356916
vt 0.530147 0.379178
vt 0.530147 0.356916
vt 0.538638 0.356916
vt 0.538638 0.378061
vt 0.527183 0.913342
vt 0.521934 0.913341
vt 0.074074 0.356916
vt 0.074074 0.382456
vt 0.522236 0.382456
vt 0.522236 0.356916
vt 0.527181 0.920136
vt 0.521932 0.920135
vt 0.555040 0.382456
vt 0.555040 0.356916
vt 0.568588 0.356916
vt 0.570563 0.359598
vt 0.049181 0.379178
vt 0.049181 0.356916
vt 0.547128 0.356916
vt 0.547128 0.379178
vt 0.561834 0.387669
vt 0.574201 0.357090
vt 0.041269 0.382456
vt 0.041269 0.356916
vt 0.521942 0.880536
vt 0.527191 0.880537
vt 0.008722 0.314621
vt 0.024912 0.314621
vt 0.571397 0.314621
vt 0.587587 0.314621
vt 0.032371 0.298488
vt 0.458941 0.924033
vt 0.453698 0.924066
vt 0.453708 0.872082
vt 0.458951 0.872048
vt 0.025628 0.112251
vt 0.025628 0.168260
vt 0.008722 0.174610
vt 0.496452 0.344946
vt 0.468747 0.299517
vt 0.467949 0.298048
vt 0.573350 0.920056
vt 0.568107 0.920004
vt 0.034206 0.190131
vt 0.032135 0.174766
vt 0.478245 0.179833
vt 0.460971 0.167987
vt 0.136676 0.057658
vt 0.149077 0.065361
vt 0.125386 0.080588
vt 0.029798 0.039111
vt 0.015771 0.035028
vt 0.024132 0.024132
vt 0.035011 0.032317
vt 0.041805 0.083923
vt 0.149077 0.190744
vt 0.122669 0.190744
vt 0.026521 0.064003
vt 0.008722 0.064003
vt 0.008722 0.061333
vt 0.025403 0.055513
vt 0.587587 0.078156
vt 0.566512 0.071915
vt 0.898372 0.853071
vt 0.903615 0.853101
vt 0.569789 0.047023
vt 0.585794 0.047717
vt 0.010515 0.047717
vt 0.026521 0.047023
vt 0.566512 0.039111
vt 0.580539 0.035028
vt 0.035028 0.015771
vt 0.041805 0.027103
vt 0.546593 0.023826
vt 0.548593 0.010515
vt 0.538102 0.022708
vt 0.534976 0.008722
vt 0.047717 0.010515
vt 0.049717 0.023826
vt 0.238634 0.832641
vt 0.233391 0.832676
vt 0.233375 0.778270
vt 0.238618 0.778235
vt 0.495810 0.071915
vt 0.514906 0.078709
vt 0.081404 0.032317
vt 0.092144 0.037542
vt 0.086617 0.039111
vt 0.074610 0.027103
vt 0.461558 0.097175
vt 0.453035 0.103177
vt 0.447232 0.103177
vt 0.447232 0.087041
vt 0.899977 0.051289
vt 0.894728 0.051289
vt 0.529612 0.023826
vt 0.529612 0.008722
vt 0.503635 0.014583
vt 0.503635 0.008722
vt 0.502144 0.016066
vt 0.447232 0.015737
vt 0.149077 0.026577
vt 0.077501 0.941781
vt 0.082749 0.941781
vt 0.082749 0.975370
vt 0.077501 0.975370
vt 0.160516 0.866550
vt 0.155273 0.866602
vt 0.509693 0.071915
vt 0.504487 0.977707
vt 0.499239 0.977679
vt 0.499218 0.948845
vt 0.504467 0.948874
vt 0.155077 0.978315
vt 0.155294 0.952321
vt 0.160535 0.952160
vt 0.160317 0.978155
vt 0.495810 0.064003
vt 0.506415 0.064003
vt 0.086617 0.071915
vt 0.495810 0.055513
vt 0.505298 0.055513
vt 0.014035 0.956870
vt 0.008792 0.956911
vt 0.008807 0.949206
vt 0.014051 0.949164
vt 0.089894 0.064003
vt 0.100499 0.064003
vt 0.014019 0.965139
vt 0.008775 0.965181
vt 0.091012 0.055513
vt 0.100499 0.055513
vt 0.013996 0.976492
vt 0.008753 0.976534
vt 0.008759 0.973450
vt 0.014003 0.973409
vt 0.808151 0.890735
vt 0.813394 0.890700
vt 0.813394 0.896445
vt 0.808151 0.896479
vt 0.563938 0.298488
vt 0.565986 0.309365
vt 0.563565 0.310692
vt 0.025296 0.311887
vt 0.946050 0.085263
vt 0.940812 0.085487
vt 0.940795 0.083277
vt 0.946033 0.083054
vt 0.940730 0.081151
vt 0.945968 0.080928
vt 0.940623 0.079316
vt 0.945861 0.079092
vt 0.968658 0.054037
vt 0.963414 0.054090
vt 0.963463 0.052497
vt 0.968706 0.052444
vt 0.514798 0.347068
vt 0.086627 0.352857
vt 0.940660 0.128661
vt 0.945898 0.128437
vt 0.945861 0.131378
vt 0.940623 0.131602
vt 0.544901 0.948555
vt 0.544901 0.943311
vt 0.547186 0.943213
vt 0.547186 0.948456
vt 0.549340 0.943197
vt 0.549340 0.948441
vt 0.527198 0.925753
vt 0.521949 0.925751
vt 0.521936 0.923767
vt 0.527185 0.923768
vt 0.492277 0.342852
vt 0.101671 0.345146
vt 0.103109 0.344424
vt 0.762623 0.888080
vt 0.767871 0.888045
vt 0.762613 0.886267
vt 0.767861 0.886232
vt 0.762596 0.884829
vt 0.767844 0.884793
vt 0.958412 0.918955
vt 0.963656 0.919003
vt 0.963617 0.920744
vt 0.958373 0.920696
vt 0.587587 0.296780
vt 0.565842 0.280343
vt 0.571982 0.280181
vt 0.587587 0.280181
vt 0.042736 0.298282
vt 0.045124 0.297053
vt 0.042100 0.300198
vt 0.043279 0.302611
vt 0.032744 0.310692
vt 0.680150 0.965302
vt 0.674906 0.965250
vt 0.674844 0.961991
vt 0.680088 0.962043
vt 0.674844 0.959373
vt 0.680088 0.959425
vt 0.674906 0.957653
vt 0.680150 0.957704
vt 0.453632 0.865617
vt 0.458875 0.865583
vt 0.458932 0.868121
vt 0.453689 0.868155
vt 0.571021 0.355511
vt 0.571397 0.354107
vt 0.026317 0.356540
vt 0.027721 0.356916
vt 0.478406 0.317140
vt 0.476713 0.316624
vt 0.119596 0.316624
vt 0.527194 0.866989
vt 0.521945 0.866988
vt 0.521949 0.865583
vt 0.527198 0.865585
vt 0.963414 0.008775
vt 0.968658 0.008722
vt 0.968703 0.009957
vt 0.963459 0.010010
vt 0.458923 0.925370
vt 0.453680 0.925404
vt 0.458875 0.926242
vt 0.453632 0.926276
vt 0.963656 0.964383
vt 0.958412 0.964335
vt 0.026797 0.188137
vt 0.028605 0.277711
vt 0.569513 0.279519
vt 0.562104 0.190131
vt 0.567705 0.189945
vt 0.567043 0.192414
vt 0.302686 0.779298
vt 0.307929 0.779346
vt 0.302763 0.777128
vt 0.308007 0.777176
vt 0.436187 0.964896
vt 0.430939 0.964894
vt 0.944444 0.887477
vt 0.949687 0.887411
vt 0.949670 0.889762
vt 0.944427 0.889829
vt 0.949594 0.891297
vt 0.944352 0.891363
vt 0.308007 0.864829
vt 0.302763 0.864781
vt 0.944352 0.872029
vt 0.949594 0.871963
vt 0.108597 0.200147
vt 0.107437 0.259089
vt 0.108597 0.264918
vt 0.111899 0.269859
vt 0.116840 0.273161
vt 0.473641 0.274320
vt 0.479470 0.273161
vt 0.484411 0.269859
vt 0.487713 0.264918
vt 0.488872 0.259089
vt 0.479470 0.191903
vt 0.473641 0.190744
vt 0.155222 0.860662
vt 0.160465 0.860610
vt 0.155077 0.855102
vt 0.160320 0.855049
vt 0.187964 0.853863
vt 0.193212 0.853863
vt 0.193180 0.858805
vt 0.187931 0.858805
vt 0.193169 0.864634
vt 0.187920 0.864634
vt 0.137632 0.866342
vt 0.132389 0.866376
vt 0.132334 0.860442
vt 0.137577 0.860407
vt 0.132179 0.855084
vt 0.137422 0.855049
vt 0.160320 0.927761
vt 0.155077 0.927813
vt 0.155222 0.923748
vt 0.160465 0.923695
vt 0.132389 0.892520
vt 0.137632 0.892485
vt 0.524951 0.108998
vt 0.524079 0.112251
vt 0.524951 0.171513
vt 0.071358 0.171513
vt 0.527333 0.173895
vt 0.530586 0.174766
vt 0.068977 0.106616
vt 0.068977 0.173895
vt 0.028882 0.173895
vt 0.569809 0.171513
vt 0.567428 0.106616
vt 0.019122 0.105684
vt 0.026500 0.108998
vt 0.100443 0.860255
vt 0.105687 0.860211
vt 0.100343 0.857396
vt 0.105587 0.857352
vt 0.077509 0.938528
vt 0.082758 0.938528
vt 0.082758 0.978623
vt 0.077509 0.978623
vt 0.917554 0.188781
vt 0.922798 0.188825
vt 0.922698 0.191684
vt 0.917454 0.191640
vt 0.922798 0.252572
vt 0.917554 0.252529
vt 0.969033 0.320466
vt 0.963790 0.320501
vt 0.963902 0.318480
vt 0.969144 0.318445
vt 0.105587 0.921099
vt 0.100343 0.921143
vt 0.963790 0.276093
vt 0.969033 0.276059
vt 0.969144 0.278753
vt 0.963902 0.278787
vt 0.940346 0.236747
vt 0.940346 0.194849
vt 0.945589 0.194796
vt 0.945589 0.236695
vt 0.503198 0.026140
vt 0.093111 0.016510
vt 0.093111 0.026140
vt 0.091345 0.027254
vt 0.503198 0.016510
vt 0.279973 0.965120
vt 0.285216 0.965068
vt 0.285197 0.965999
vt 0.279953 0.966051
vt 0.233355 0.777163
vt 0.238598 0.777128
vt 0.210661 0.777128
vt 0.215910 0.777128
vt 0.279953 0.956671
vt 0.285197 0.956619
vt 0.285216 0.957745
vt 0.279973 0.957798
vt 0.495251 0.074853
vt 0.112241 0.080513
vt 0.105032 0.076996
vt 0.107842 0.075876
vt 0.493650 0.039057
vt 0.504166 0.037542
vt 0.495249 0.040881
vt 0.008788 0.946217
vt 0.014032 0.946176
vt 0.008722 0.944119
vt 0.013966 0.944077
vt 0.499239 0.943653
vt 0.504487 0.943681
vt 0.504471 0.946064
vt 0.499223 0.946035
vt 0.013966 0.979263
vt 0.008722 0.979305
vt 0.155077 0.945418
vt 0.160317 0.945258
vt 0.160447 0.947096
vt 0.155206 0.947256
vt 0.160523 0.949520
vt 0.155283 0.949680
vt 0.460396 0.157211
vt 0.456084 0.103783
vt 0.135914 0.108095
vt 0.135307 0.111144
vt 0.140226 0.161522
vt 0.143274 0.162129
vt 0.739886 0.887378
vt 0.745134 0.887378
vt 0.739903 0.884793
vt 0.745151 0.884793
vt 0.940243 0.188833
vt 0.945487 0.188781
vt 0.945563 0.191690
vt 0.940319 0.191742
vt 0.945563 0.239527
vt 0.940319 0.239580
vt 0.945487 0.241654
vt 0.940243 0.241706
vt 0.808042 0.884828
vt 0.813285 0.884793
vt 0.813366 0.887596
vt 0.808123 0.887631
vt 0.447232 0.190744
vt 0.484068 0.080513
vt 0.473440 0.082583
vt 0.124087 0.086726
vt 0.279956 0.887293
vt 0.285205 0.887293
vt 0.279965 0.885392
vt 0.285214 0.885392
vt 0.386689 0.850546
vt 0.386689 0.845302
vt 0.388174 0.845298
vt 0.388174 0.850542
vt 0.389676 0.845361
vt 0.389676 0.850605
vt 0.348245 0.892753
vt 0.353488 0.892718
vt 0.353581 0.895491
vt 0.348338 0.895526
vt 0.354295 0.921095
vt 0.349052 0.921130
vt 0.479624 0.394631
vt 0.476480 0.896171
vt 0.476480 0.868937
vt 0.481723 0.868903
vt 0.481723 0.896136
vt 0.119779 0.424245
vt 0.116817 0.319345
vt 0.302705 0.884688
vt 0.307949 0.884636
vt 0.302659 0.882326
vt 0.307902 0.882274
vt 0.390385 0.822597
vt 0.390385 0.827845
vt 0.388749 0.827841
vt 0.388749 0.822592
vt 0.386689 0.827853
vt 0.386689 0.822604
vt 0.568211 0.865583
vt 0.573455 0.865635
vt 0.307950 0.938432
vt 0.302707 0.938484
vt 0.307902 0.940333
vt 0.302659 0.940386
vt 0.386689 0.782384
vt 0.386689 0.777141
vt 0.388438 0.777128
vt 0.388438 0.782371
vt 0.390376 0.777198
vt 0.390376 0.782441
vt 0.573455 0.922288
vt 0.568211 0.922237
vt 0.479493 0.319345
vt 0.129955 0.297105
vt 0.128361 0.298048
vt 0.903684 0.930625
vt 0.898441 0.930659
vt 0.898426 0.928402
vt 0.903669 0.928367
vt 0.898381 0.926691
vt 0.903624 0.926656
vt 0.874836 0.927794
vt 0.880079 0.927859
vt 0.880016 0.929107
vt 0.874773 0.929042
vt 0.879979 0.930927
vt 0.874735 0.930862
vt 0.903684 0.947343
vt 0.898441 0.947378
vt 0.128823 0.395711
vt 0.469296 0.392357
vt 0.225190 0.949338
vt 0.230430 0.949141
vt 0.225121 0.947316
vt 0.230362 0.947119
vt 0.225009 0.945665
vt 0.230249 0.945468
vt 0.967467 0.746597
vt 0.972716 0.746597
vt 0.972711 0.749125
vt 0.967463 0.749125
vt 0.972711 0.766851
vt 0.967463 0.766851
vt 0.476531 0.424245
vt 0.118469 0.425554
vt 0.476458 0.867099
vt 0.481701 0.867064
vt 0.476396 0.865618
vt 0.481639 0.865583
vt 0.137423 0.977775
vt 0.132179 0.977830
vt 0.132199 0.976197
vt 0.137443 0.976141
vt 0.132179 0.946196
vt 0.137423 0.946140
vt 0.104033 0.342852
vt 0.474580 0.317846
vt 0.049030 0.296629
vt 0.547279 0.296629
vt 0.477840 0.425554
vt 0.493363 0.297005
vt 0.494767 0.296629
vt 0.122669 0.274320
vt 0.149077 0.274320
vt 0.132189 0.296780
vt 0.447232 0.274320
vt 0.464120 0.296780
vt 0.447232 0.296780
vt 0.102947 0.297005
vt 0.101542 0.296629
vt 0.464959 0.396183
vt 0.447232 0.396183
vt 0.026797 0.279519
vt 0.567705 0.277711
vt 0.553574 0.298282
vt 0.551186 0.297053
vt 0.554209 0.300198
vt 0.550153 0.305286
vt 0.553030 0.302611
vt 0.046157 0.305286
vt 0.568169 0.309124
vt 0.030324 0.309365
vt 0.571014 0.311887
vt 0.026408 0.309993
vt 0.028141 0.309124
vt 0.569902 0.309993
vt 0.024912 0.354107
vt 0.025289 0.355511
vt 0.569993 0.356540
vt 0.117904 0.317140
vt 0.511809 0.356434
vt 0.509683 0.352857
vt 0.084500 0.356434
vt 0.509825 0.355035
vt 0.086485 0.355035
vt 0.127563 0.299517
vt 0.466354 0.297105
vt 0.193169 0.891042
vt 0.187920 0.891042
vt 0.149077 0.296780
vt 0.467730 0.303419
vt 0.472216 0.320688
vt 0.065724 0.174766
vt 0.135914 0.157211
vt 0.458669 0.159795
vt 0.137641 0.159795
vt 0.456084 0.161522
vt 0.453035 0.162129
vt 0.116840 0.191903
vt 0.484411 0.195205
vt 0.487713 0.200147
vt 0.111899 0.195205
vt 0.149077 0.162129
vt 0.447232 0.162129
vt 0.029267 0.192414
vt 0.028605 0.189945
vt 0.569513 0.188137
vt 0.564175 0.174766
vt 0.026500 0.171513
vt 0.008722 0.187475
vt 0.567428 0.173895
vt 0.028882 0.106616
vt 0.032135 0.105744
vt 0.569809 0.108998
vt 0.577187 0.105684
vt 0.071358 0.108998
vt 0.072230 0.112251
vt 0.527333 0.106616
vt 0.468963 0.103501
vt 0.137641 0.105510
vt 0.140226 0.103783
vt 0.461002 0.111144
vt 0.460396 0.108095
vt 0.458669 0.105510
vt 0.143274 0.103177
vt 0.008722 0.105588
vt 0.587587 0.105588
vt 0.587587 0.091405
vt 0.561299 0.078709
vt 0.029798 0.071915
vt 0.008722 0.078156
vt 0.898318 0.840167
vt 0.903562 0.840197
vt 0.035011 0.078709
vt 0.008722 0.091405
vt 0.554505 0.083923
vt 0.509693 0.039111
vt 0.094166 0.016066
vt 0.447232 0.008722
vt 0.102660 0.039057
vt 0.101061 0.040881
vt 0.101058 0.074853
vt 0.102650 0.076637
vt 0.491277 0.076996
vt 0.493659 0.076637
vt 0.488467 0.075876
vt 0.122870 0.082583
vt 0.121767 0.084381
vt 0.474543 0.084381
vt 0.474123 0.085809
vt 0.122186 0.085809
vt 0.472223 0.086726
vt 0.469027 0.087041
vt 0.149077 0.103177
vt 0.116804 0.374581
vt 0.478456 0.376762
vt 0.119489 0.377241
vt 0.474760 0.375971
vt 0.117854 0.376762
vt 0.476820 0.377241
vt 0.128006 0.389985
vt 0.127013 0.392357
vt 0.127300 0.394368
vt 0.467486 0.395711
vt 0.469010 0.394368
vt 0.212073 0.427267
vt 0.180165 0.458145
vt 0.180165 0.427343
vt 0.899977 0.190071
vt 0.894728 0.190071
vt 0.166804 0.396183
vt 0.175781 0.403431
vt 0.922665 0.131581
vt 0.917422 0.131611
vt 0.917432 0.129011
vt 0.922676 0.128980
vt 0.899977 0.221412
vt 0.899959 0.235029
vt 0.894711 0.235029
vt 0.894728 0.221412
vt 0.899908 0.247718
vt 0.894659 0.247718
vt 0.205481 0.025085
vt 0.205481 0.017567
vt 0.206862 0.015513
vt 0.223545 0.008722
vt 0.206542 0.025528
vt 0.917618 0.158829
vt 0.917443 0.145280
vt 0.922687 0.145249
vt 0.922862 0.158799
vt 0.256738 0.825959
vt 0.256816 0.812226
vt 0.262059 0.812252
vt 0.261981 0.825985
vt 0.256726 0.798920
vt 0.261969 0.798947
vt 0.256474 0.786949
vt 0.261717 0.786976
vt 0.256079 0.777128
vt 0.261322 0.777155
vt 0.037171 0.777128
vt 0.036963 0.788297
vt 0.031720 0.788361
vt 0.031927 0.777192
vt 0.036912 0.801154
vt 0.031668 0.801217
vt 0.261863 0.836020
vt 0.256620 0.835993
vt 0.276046 0.357090
vt 0.289432 0.357919
vt 0.268893 0.394463
vt 0.263679 0.387669
vt 0.272408 0.359598
vt 0.031893 0.907141
vt 0.031856 0.889765
vt 0.037100 0.889702
vt 0.037137 0.907078
vt 0.031675 0.804295
vt 0.036918 0.804231
vt 0.179411 0.420269
vt 0.176588 0.423765
vt 0.031767 0.847594
vt 0.037010 0.847530
vt 0.420528 0.403431
vt 0.419722 0.423765
vt 0.416899 0.420269
vt 0.193160 0.951622
vt 0.193355 0.978098
vt 0.188115 0.977901
vt 0.187920 0.951425
vt 0.421989 0.373077
vt 0.426161 0.389985
vt 0.422058 0.388768
vt 0.402506 0.299438
vt 0.402130 0.298033
vt 0.421115 0.296009
vt 0.425793 0.301368
vt 0.200307 0.343844
vt 0.196675 0.351254
vt 0.198297 0.344946
vt 0.745128 0.936424
vt 0.739880 0.936424
vt 0.423541 0.080588
vt 0.434830 0.057658
vt 0.054621 0.963167
vt 0.054616 0.947562
vt 0.059864 0.947560
vt 0.059870 0.963165
vt 0.285202 0.934078
vt 0.279953 0.934078
vt 0.197655 0.043856
vt 0.208261 0.047023
vt 0.197655 0.047023
vt 0.330763 0.822890
vt 0.325519 0.822938
vt 0.325556 0.781901
vt 0.330800 0.781854
vt 0.031927 0.923309
vt 0.037171 0.923245
vt 0.268888 0.233109
vt 0.268888 0.275242
vt 0.263949 0.275474
vt 0.205947 0.274560
vt 0.205948 0.190616
vt 0.190717 0.233109
vt 0.190717 0.205976
vt 0.279033 0.174706
vt 0.273827 0.187475
vt 0.270029 0.185284
vt 0.271023 0.181097
vt 0.330727 0.862526
vt 0.325483 0.862573
vt 0.267687 0.280343
vt 0.273827 0.280181
vt 0.289432 0.280181
vt 0.289432 0.296780
vt 0.327421 0.233109
vt 0.390363 0.274560
vt 0.332360 0.275474
vt 0.327421 0.275242
vt 0.204265 0.162062
vt 0.180090 0.179833
vt 0.191553 0.165475
vt 0.054616 0.920583
vt 0.054616 0.894156
vt 0.059860 0.894208
vt 0.059860 0.920636
vt 0.964266 0.379220
vt 0.964266 0.345969
vt 0.969509 0.345934
vt 0.969509 0.379185
vt 0.917601 0.088508
vt 0.917882 0.021283
vt 0.923125 0.021252
vt 0.922845 0.088478
vt 0.356362 0.088318
vt 0.363878 0.105744
vt 0.330290 0.105744
vt 0.329521 0.102675
vt 0.347872 0.087200
vt 0.324013 0.096417
vt 0.917934 0.008753
vt 0.923178 0.008722
vt 0.323558 0.055513
vt 0.324675 0.064003
vt 0.306877 0.064003
vt 0.306877 0.061333
vt 0.239947 0.088318
vt 0.232431 0.105744
vt 0.227785 0.099509
vt 0.231457 0.087200
vt 0.408079 0.926360
vt 0.407989 0.871808
vt 0.413233 0.871852
vt 0.413322 0.926403
vt 0.372765 0.027103
vt 0.372765 0.008722
vt 0.389768 0.025528
vt 0.197239 0.154162
vt 0.225925 0.168260
vt 0.222264 0.176570
vt 0.964222 0.407924
vt 0.969466 0.407859
vt 0.969357 0.443305
vt 0.964114 0.443370
vt 0.194180 0.298033
vt 0.193803 0.299438
vt 0.170517 0.301368
vt 0.175195 0.296009
vt 0.364853 0.087200
vt 0.372764 0.083923
vt 0.390043 0.081649
vt 0.401578 0.087080
vt 0.194732 0.087080
vt 0.219423 0.105480
vt 0.205199 0.103501
vt 0.197794 0.097175
vt 0.370385 0.168260
vt 0.399071 0.154162
vt 0.392045 0.162062
vt 0.374045 0.176570
vt 0.436097 0.926360
vt 0.430854 0.926403
vt 0.430943 0.871852
vt 0.436187 0.871808
vt 0.306877 0.187475
vt 0.306877 0.174610
vt 0.317277 0.174706
vt 0.325286 0.181097
vt 0.326280 0.185284
vt 0.322482 0.187475
vt 0.390829 0.017567
vt 0.390829 0.025085
vt 0.389447 0.015513
vt 0.917934 0.171336
vt 0.923178 0.171306
vt 0.899826 0.258614
vt 0.894578 0.258614
vt 0.899977 0.208136
vt 0.894728 0.208136
vt 0.215905 0.888006
vt 0.210657 0.888006
vt 0.190279 0.039756
vt 0.203989 0.026577
vt 0.205473 0.032213
vt 0.193102 0.038662
vt 0.205481 0.008722
vt 0.205481 0.014583
vt 0.216644 0.347068
vt 0.213242 0.350111
vt 0.389178 0.372967
vt 0.384236 0.394463
vt 0.379023 0.387669
vt 0.379023 0.356916
vt 0.390361 0.190616
vt 0.405592 0.205976
vt 0.405592 0.233109
vt 0.323783 0.112251
vt 0.323783 0.168260
vt 0.399609 0.351275
vt 0.383068 0.350111
vt 0.396003 0.343844
vt 0.325411 0.934934
vt 0.325412 0.907501
vt 0.325413 0.888292
vt 0.330657 0.888344
vt 0.330656 0.907554
vt 0.330655 0.934987
vt 0.414597 0.323023
vt 0.414597 0.351189
vt 0.402506 0.340582
vt 0.414597 0.370912
vt 0.406140 0.373834
vt 0.790597 0.941782
vt 0.785348 0.941747
vt 0.785319 0.890054
vt 0.790567 0.890090
vt 0.181712 0.351189
vt 0.181712 0.323023
vt 0.193803 0.340582
vt 0.376886 0.105480
vt 0.368525 0.099509
vt 0.388049 0.047023
vt 0.398654 0.043856
vt 0.398654 0.047023
vt 0.379559 0.032317
vt 0.389500 0.027254
vt 0.390836 0.032213
vt 0.392321 0.026577
vt 0.406031 0.039756
vt 0.403208 0.038662
vt 0.170873 0.087041
vt 0.261421 0.922711
vt 0.261410 0.931201
vt 0.256162 0.931201
vt 0.256172 0.922711
vt 0.256130 0.939113
vt 0.261378 0.939113
vt 0.261327 0.945907
vt 0.256079 0.945907
vt 0.521932 0.943219
vt 0.527176 0.943197
vt 0.527360 0.950996
vt 0.522117 0.951018
vt 0.522212 0.959467
vt 0.527456 0.959445
vt 0.527456 0.967967
vt 0.522212 0.967990
vt 0.527360 0.975984
vt 0.522117 0.976006
vt 0.527176 0.982947
vt 0.521932 0.982969
vt 0.605032 0.893818
vt 0.610275 0.893815
vt 0.610556 0.899937
vt 0.605313 0.899940
vt 0.610755 0.907400
vt 0.605512 0.907403
vt 0.610858 0.915696
vt 0.605615 0.915699
vt 0.610858 0.924260
vt 0.605615 0.924262
vt 0.610755 0.932506
vt 0.605512 0.932509
vt 0.610556 0.939875
vt 0.605313 0.939878
vt 0.610275 0.945863
vt 0.605032 0.945866
vt 0.944774 0.791783
vt 0.944545 0.786346
vt 0.949789 0.786398
vt 0.950018 0.791835
vt 0.949644 0.779434
vt 0.944401 0.779382
vt 0.944352 0.771365
vt 0.949595 0.771418
vt 0.944401 0.762843
vt 0.949644 0.762895
vt 0.949789 0.754447
vt 0.944545 0.754395
vt 0.944774 0.746597
vt 0.950018 0.746650
vt 0.261327 0.899514
vt 0.261378 0.906309
vt 0.256130 0.906309
vt 0.256079 0.899514
vt 0.256162 0.914220
vt 0.261410 0.914220
vt 0.327417 0.427267
vt 0.332630 0.434062
vt 0.339424 0.439275
vt 0.347336 0.442552
vt 0.355827 0.443670
vt 0.359488 0.458145
vt 0.345871 0.456353
vt 0.333183 0.451097
vt 0.322287 0.442736
vt 0.313926 0.431840
vt 0.323022 0.410865
vt 0.324140 0.419356
vt 0.308670 0.419151
vt 0.306877 0.405535
vt 0.289432 0.405535
vt 0.287640 0.419151
vt 0.282384 0.431840
vt 0.268893 0.427267
vt 0.272170 0.419356
vt 0.273288 0.410865
vt 0.248974 0.442552
vt 0.256885 0.439275
vt 0.263679 0.434062
vt 0.274023 0.442736
vt 0.263127 0.451097
vt 0.250438 0.456353
vt 0.946345 0.299255
vt 0.946334 0.307745
vt 0.941085 0.307745
vt 0.941096 0.299255
vt 0.946302 0.315657
vt 0.941053 0.315657
vt 0.946251 0.322451
vt 0.941003 0.322451
vt 0.967463 0.804572
vt 0.972707 0.804550
vt 0.972891 0.812349
vt 0.967647 0.812371
vt 0.972986 0.820798
vt 0.967743 0.820820
vt 0.972986 0.829320
vt 0.967743 0.829343
vt 0.972891 0.837337
vt 0.967647 0.837359
vt 0.972707 0.844300
vt 0.967463 0.844322
vt 0.651574 0.893818
vt 0.656817 0.893815
vt 0.657098 0.899937
vt 0.651855 0.899940
vt 0.652053 0.907403
vt 0.657297 0.907400
vt 0.652156 0.915699
vt 0.657399 0.915696
vt 0.657399 0.924259
vt 0.652156 0.924262
vt 0.657297 0.932506
vt 0.652053 0.932509
vt 0.657098 0.939875
vt 0.651855 0.939878
vt 0.656817 0.945863
vt 0.651574 0.945866
vt 0.941425 0.447765
vt 0.941196 0.442328
vt 0.946440 0.442380
vt 0.946669 0.447817
vt 0.941052 0.435364
vt 0.946295 0.435416
vt 0.946246 0.427400
vt 0.941003 0.427347
vt 0.941052 0.418825
vt 0.946295 0.418877
vt 0.946440 0.410429
vt 0.941196 0.410377
vt 0.941425 0.402579
vt 0.946669 0.402631
vt 0.946251 0.276059
vt 0.946302 0.282853
vt 0.941053 0.282853
vt 0.941003 0.276059
vt 0.941085 0.290764
vt 0.946334 0.290764
vt 0.339960 0.027103
vt 0.333166 0.032317
vt 0.322287 0.024132
vt 0.333183 0.015771
vt 0.248438 0.087200
vt 0.272297 0.096417
vt 0.266789 0.102675
vt 0.216751 0.078709
vt 0.223545 0.083923
vt 0.206267 0.081649
vt 0.197655 0.071915
vt 0.239947 0.022708
vt 0.231457 0.023826
vt 0.231457 0.008722
vt 0.236822 0.008722
vt 0.240483 0.443670
vt 0.236822 0.458145
vt 0.289432 0.402375
vt 0.272170 0.402375
vt 0.324140 0.402375
vt 0.306877 0.402375
vt 0.217287 0.434062
vt 0.195912 0.458145
vt 0.416145 0.458145
vt 0.400397 0.458145
vt 0.379023 0.434062
vt 0.384236 0.427267
vt 0.193170 0.392127
vt 0.208796 0.402375
vt 0.207678 0.410865
vt 0.181009 0.399162
vt 0.181469 0.394631
vt 0.403139 0.392127
vt 0.414959 0.374581
vt 0.174251 0.388768
vt 0.174321 0.373077
vt 0.176605 0.375971
vt 0.190170 0.373834
vt 0.181712 0.370912
vt 0.399825 0.345146
vt 0.401264 0.344424
vt 0.156996 0.346039
vt 0.387513 0.402375
vt 0.207132 0.372967
vt 0.212073 0.394463
vt 0.439313 0.346039
vt 0.174061 0.320688
vt 0.169575 0.303419
vt 0.176426 0.317846
vt 0.968739 0.120291
vt 0.963495 0.120238
vt 0.963499 0.081780
vt 0.968742 0.081832
vt 0.968329 0.192805
vt 0.968296 0.232878
vt 0.963052 0.232926
vt 0.963086 0.192853
vt 0.416145 0.427343
vt 0.387513 0.419356
vt 0.412609 0.423221
vt 0.830933 0.888171
vt 0.836177 0.888130
vt 0.836876 0.918389
vt 0.831633 0.918430
vt 0.217287 0.356916
vt 0.217287 0.387669
vt 0.208796 0.419356
vt 0.183700 0.423221
vt 0.388631 0.410865
vt 0.415301 0.399162
vt 0.224081 0.439275
vt 0.212256 0.458145
vt 0.384054 0.458145
vt 0.372229 0.439275
vt 0.261505 0.866481
vt 0.261322 0.882070
vt 0.256079 0.882043
vt 0.256262 0.866454
vt 0.231993 0.442552
vt 0.226685 0.458145
vt 0.369625 0.458145
vt 0.364317 0.442552
vt 0.261695 0.850303
vt 0.256452 0.850276
vt 0.544654 0.896940
vt 0.544652 0.888449
vt 0.549900 0.888448
vt 0.549903 0.896938
vt 0.327417 0.394463
vt 0.306877 0.357919
vt 0.544656 0.905430
vt 0.549905 0.905429
vt 0.231993 0.356916
vt 0.240483 0.356916
vt 0.240483 0.378061
vt 0.231993 0.379178
vt 0.364317 0.379178
vt 0.355827 0.378061
vt 0.355827 0.356916
vt 0.364317 0.356916
vt 0.544658 0.913342
vt 0.549907 0.913341
vt 0.224081 0.356916
vt 0.224081 0.382456
vt 0.372229 0.382456
vt 0.372229 0.356916
vt 0.544660 0.920136
vt 0.549908 0.920135
vt 0.339424 0.382456
vt 0.323901 0.359598
vt 0.325876 0.356916
vt 0.339424 0.356916
vt 0.248973 0.356916
vt 0.248973 0.379178
vt 0.347336 0.379178
vt 0.347336 0.356916
vt 0.332630 0.387669
vt 0.320263 0.357090
vt 0.256885 0.356916
vt 0.256885 0.382456
vt 0.544650 0.880537
vt 0.549899 0.880536
vt 0.273243 0.314621
vt 0.289432 0.314621
vt 0.323067 0.314621
vt 0.306877 0.314621
vt 0.265784 0.298488
vt 0.504477 0.868190
vt 0.504487 0.920174
vt 0.499244 0.920210
vt 0.499234 0.868226
vt 0.272526 0.112251
vt 0.289432 0.174610
vt 0.272526 0.168260
vt 0.398013 0.344946
vt 0.425717 0.299517
vt 0.426516 0.298048
vt 0.830839 0.939256
vt 0.836083 0.939215
vt 0.263949 0.190131
vt 0.266020 0.174766
vt 0.404756 0.165475
vt 0.416219 0.179833
vt 0.161479 0.057658
vt 0.172768 0.080588
vt 0.268357 0.039111
vt 0.263144 0.032317
vt 0.274023 0.024132
vt 0.282384 0.035028
vt 0.256350 0.083923
vt 0.175486 0.190744
vt 0.271634 0.064003
vt 0.272752 0.055513
vt 0.289432 0.061333
vt 0.289432 0.064003
vt 0.327953 0.071915
vt 0.306877 0.078156
vt 0.917490 0.115226
vt 0.922734 0.115196
vt 0.324675 0.047023
vt 0.308670 0.047717
vt 0.271634 0.047023
vt 0.287640 0.047717
vt 0.327953 0.039111
vt 0.313926 0.035028
vt 0.256350 0.027103
vt 0.263127 0.015771
vt 0.347872 0.023826
vt 0.345871 0.010515
vt 0.356362 0.022708
vt 0.359488 0.008722
vt 0.248438 0.023826
vt 0.250438 0.010515
vt 0.238618 0.886955
vt 0.233375 0.886990
vt 0.379559 0.078709
vt 0.398654 0.071915
vt 0.216751 0.032317
vt 0.211538 0.039111
vt 0.206011 0.037542
vt 0.223545 0.027103
vt 0.398515 0.097175
vt 0.407038 0.103177
vt 0.899977 0.216048
vt 0.894728 0.216048
vt 0.364853 0.023826
vt 0.364853 0.008722
vt 0.390829 0.008722
vt 0.390829 0.014583
vt 0.392321 0.016066
vt 0.031668 0.977596
vt 0.031668 0.944007
vt 0.036917 0.944007
vt 0.036917 0.977596
vt 0.054616 0.868852
vt 0.059860 0.868904
vt 0.384772 0.071915
vt 0.453632 0.977775
vt 0.453653 0.948942
vt 0.458901 0.948913
vt 0.458880 0.977747
vt 0.481732 0.980066
vt 0.476490 0.979975
vt 0.476396 0.948926
vt 0.481639 0.949017
vt 0.388049 0.064003
vt 0.398654 0.064003
vt 0.211538 0.071915
vt 0.389167 0.055513
vt 0.398654 0.055513
vt 0.967463 0.874559
vt 0.967463 0.866853
vt 0.972707 0.866905
vt 0.972707 0.874611
vt 0.208261 0.064003
vt 0.197655 0.064003
vt 0.967463 0.882828
vt 0.972707 0.882881
vt 0.207143 0.055513
vt 0.197655 0.055513
vt 0.967463 0.894182
vt 0.967463 0.891098
vt 0.972706 0.891150
vt 0.972706 0.894234
vt 0.808151 0.936270
vt 0.813394 0.936235
vt 0.330526 0.298488
vt 0.330899 0.310692
vt 0.328479 0.309365
vt 0.272859 0.311887
vt 0.077501 0.863721
vt 0.077515 0.861137
vt 0.082757 0.861258
vt 0.082742 0.863842
vt 0.077569 0.858943
vt 0.082810 0.859063
vt 0.077656 0.857352
vt 0.082898 0.857472
vt 0.963561 0.124407
vt 0.963512 0.122814
vt 0.968755 0.122867
vt 0.968804 0.124460
vt 0.379666 0.347068
vt 0.211528 0.352857
vt 0.082868 0.917283
vt 0.082898 0.921083
vt 0.077656 0.920963
vt 0.077626 0.917163
vt 0.330719 0.963188
vt 0.328434 0.963090
vt 0.328434 0.957846
vt 0.330719 0.957944
vt 0.326280 0.963075
vt 0.326280 0.957831
vt 0.544643 0.925753
vt 0.544656 0.923768
vt 0.549904 0.923767
vt 0.549891 0.925751
vt 0.402188 0.342852
vt 0.196484 0.345146
vt 0.195045 0.344424
vt 0.785322 0.888045
vt 0.790570 0.888080
vt 0.785332 0.886232
vt 0.790580 0.886267
vt 0.785348 0.884793
vt 0.790597 0.884829
vt 0.968278 0.188781
vt 0.968317 0.190522
vt 0.963074 0.190570
vt 0.963034 0.188829
vt 0.306877 0.296780
vt 0.306877 0.280181
vt 0.322482 0.280181
vt 0.328623 0.280343
vt 0.255419 0.298282
vt 0.253031 0.297053
vt 0.265411 0.310692
vt 0.254876 0.302611
vt 0.256055 0.300198
vt 0.697632 0.965302
vt 0.697694 0.962043
vt 0.702937 0.961991
vt 0.702875 0.965250
vt 0.697694 0.959425
vt 0.702937 0.959373
vt 0.697632 0.957704
vt 0.702875 0.957652
vt 0.499168 0.926208
vt 0.499225 0.924018
vt 0.504468 0.923982
vt 0.504411 0.926172
vt 0.323067 0.354107
vt 0.323443 0.355511
vt 0.271838 0.356540
vt 0.270433 0.356916
vt 0.416058 0.317140
vt 0.417751 0.316624
vt 0.178559 0.316624
vt 0.544647 0.866989
vt 0.544643 0.865585
vt 0.549891 0.865583
vt 0.549895 0.866988
vt 0.968804 0.079145
vt 0.968759 0.080379
vt 0.963515 0.080326
vt 0.963561 0.079092
vt 0.499216 0.866782
vt 0.504459 0.866746
vt 0.499168 0.865619
vt 0.504411 0.865583
vt 0.963034 0.234209
vt 0.968278 0.234161
vt 0.271358 0.188137
vt 0.269550 0.277711
vt 0.324952 0.279519
vt 0.332361 0.190131
vt 0.327421 0.192414
vt 0.326760 0.189945
vt 0.325529 0.779346
vt 0.330773 0.779298
vt 0.325452 0.777176
vt 0.330696 0.777128
vt 0.054616 0.965637
vt 0.059864 0.965635
vt 0.940712 0.155888
vt 0.940696 0.153350
vt 0.945939 0.153345
vt 0.945955 0.155884
vt 0.940623 0.151304
vt 0.945866 0.151300
vt 0.325452 0.864829
vt 0.330696 0.864781
vt 0.940623 0.171336
vt 0.945866 0.171332
vt 0.189558 0.200147
vt 0.190717 0.259089
vt 0.189558 0.264918
vt 0.186256 0.269859
vt 0.181315 0.273161
vt 0.420824 0.274320
vt 0.414995 0.273161
vt 0.410053 0.269859
vt 0.406752 0.264918
vt 0.405592 0.259089
vt 0.420824 0.190744
vt 0.414995 0.191903
vt 0.054667 0.862912
vt 0.059911 0.862965
vt 0.054812 0.857352
vt 0.060056 0.857404
vt 0.187964 0.928221
vt 0.187931 0.923279
vt 0.193180 0.923279
vt 0.193212 0.928221
vt 0.187920 0.917451
vt 0.193168 0.917451
vt 0.137632 0.918628
vt 0.137577 0.924235
vt 0.132334 0.924269
vt 0.132389 0.918663
vt 0.137422 0.928660
vt 0.132179 0.928695
vt 0.054812 0.930063
vt 0.054667 0.925998
vt 0.059911 0.926050
vt 0.060056 0.930116
vt 0.369513 0.108998
vt 0.370385 0.112251
vt 0.369513 0.171513
vt 0.226796 0.171513
vt 0.367132 0.173895
vt 0.363878 0.174766
vt 0.229178 0.106616
vt 0.229178 0.173895
vt 0.269273 0.173895
vt 0.324655 0.171513
vt 0.327037 0.106616
vt 0.279033 0.105684
vt 0.271655 0.108998
vt 0.408022 0.868442
vt 0.413265 0.868486
vt 0.408122 0.865583
vt 0.413366 0.865627
vt 0.031677 0.980849
vt 0.036925 0.980849
vt 0.031677 0.940754
vt 0.036925 0.940754
vt 0.436054 0.865583
vt 0.436154 0.868442
vt 0.430911 0.868486
vt 0.430811 0.865627
vt 0.436054 0.929331
vt 0.430811 0.929375
vt 0.969357 0.339896
vt 0.969469 0.342590
vt 0.964226 0.342625
vt 0.964114 0.339931
vt 0.413366 0.929375
vt 0.408122 0.929331
vt 0.964114 0.384339
vt 0.964226 0.382317
vt 0.969469 0.382283
vt 0.969357 0.384304
vt 0.945866 0.056689
vt 0.940623 0.056636
vt 0.940623 0.014738
vt 0.945866 0.014790
vt 0.391266 0.026140
vt 0.205044 0.016510
vt 0.205044 0.026140
vt 0.206810 0.027254
vt 0.391266 0.016510
vt 0.836083 0.965202
vt 0.836102 0.966133
vt 0.830858 0.966081
vt 0.830839 0.965150
vt 0.233355 0.887971
vt 0.238598 0.887937
vt 0.215910 0.889061
vt 0.210661 0.889061
vt 0.836102 0.956753
vt 0.836083 0.957880
vt 0.830839 0.957827
vt 0.830858 0.956701
vt 0.399213 0.074853
vt 0.185914 0.080513
vt 0.190312 0.075876
vt 0.193122 0.076996
vt 0.400815 0.039057
vt 0.390298 0.037542
vt 0.399216 0.040881
vt 0.967488 0.863865
vt 0.972731 0.863917
vt 0.967558 0.861767
vt 0.972802 0.861819
vt 0.458880 0.943721
vt 0.458897 0.946103
vt 0.453649 0.946132
vt 0.453632 0.943750
vt 0.972731 0.897004
vt 0.967488 0.896952
vt 0.972802 0.898419
vt 0.967558 0.898366
vt 0.481732 0.943755
vt 0.481658 0.946068
vt 0.476416 0.945976
vt 0.476490 0.943664
vt 0.399677 0.157211
vt 0.403989 0.103783
vt 0.197239 0.111144
vt 0.196632 0.108095
vt 0.192320 0.161522
vt 0.189272 0.162129
vt 0.745134 0.939473
vt 0.739886 0.939473
vt 0.745151 0.942058
vt 0.739903 0.942058
vt 0.945969 0.008775
vt 0.945893 0.011683
vt 0.940649 0.011631
vt 0.940725 0.008722
vt 0.945893 0.059521
vt 0.940649 0.059469
vt 0.945969 0.061647
vt 0.940725 0.061595
vt 0.808042 0.941517
vt 0.808123 0.939203
vt 0.813366 0.939168
vt 0.813285 0.941483
vt 0.410396 0.080513
vt 0.421024 0.082583
vt 0.174068 0.086726
vt 0.285205 0.937274
vt 0.279956 0.937274
vt 0.285214 0.939174
vt 0.279965 0.939174
vt 0.389676 0.873298
vt 0.388191 0.873294
vt 0.388191 0.868050
vt 0.389676 0.868054
vt 0.386689 0.873358
vt 0.386689 0.868114
vt 0.348245 0.944642
vt 0.348338 0.942432
vt 0.353581 0.942398
vt 0.353488 0.944607
vt 0.414840 0.394631
vt 0.481723 0.923370
vt 0.476480 0.923405
vt 0.178376 0.424245
vt 0.181338 0.319345
vt 0.325429 0.884636
vt 0.330673 0.884688
vt 0.325476 0.882274
vt 0.330719 0.882326
vt 0.386689 0.799891
vt 0.388324 0.799886
vt 0.388324 0.805135
vt 0.386689 0.805139
vt 0.390385 0.799899
vt 0.390385 0.805147
vt 0.836083 0.884793
vt 0.830839 0.884835
vt 0.330671 0.938484
vt 0.325428 0.938432
vt 0.330719 0.940386
vt 0.325476 0.940333
vt 0.307965 0.957928
vt 0.307901 0.959529
vt 0.302659 0.959433
vt 0.302723 0.957831
vt 0.307901 0.961814
vt 0.302659 0.961717
vt 0.307965 0.964558
vt 0.302723 0.964462
vt 0.414972 0.319345
vt 0.168199 0.297105
vt 0.169794 0.298048
vt 0.903684 0.964062
vt 0.903669 0.966227
vt 0.898426 0.966262
vt 0.898441 0.964097
vt 0.903624 0.967672
vt 0.898381 0.967707
vt 0.969357 0.402579
vt 0.969420 0.403828
vt 0.964177 0.403893
vt 0.964114 0.402644
vt 0.969458 0.405647
vt 0.964214 0.405712
vt 0.169331 0.395711
vt 0.425168 0.392357
vt 0.187934 0.949339
vt 0.193174 0.949536
vt 0.188003 0.947317
vt 0.193243 0.947514
vt 0.188115 0.945666
vt 0.193355 0.945863
vt 0.967467 0.787105
vt 0.967463 0.784578
vt 0.972711 0.784578
vt 0.972716 0.787105
vt 0.417933 0.424245
vt 0.179685 0.425554
vt 0.481701 0.925073
vt 0.476458 0.925108
vt 0.481639 0.926185
vt 0.476396 0.926219
vt 0.408009 0.978454
vt 0.407989 0.976821
vt 0.413233 0.976876
vt 0.413253 0.978510
vt 0.408009 0.946819
vt 0.413253 0.946875
vt 0.194122 0.342852
vt 0.419884 0.317846
vt 0.249124 0.296629
vt 0.347185 0.296629
vt 0.416624 0.425554
vt 0.401102 0.297005
vt 0.399697 0.296629
vt 0.165966 0.296780
vt 0.175486 0.274320
vt 0.430344 0.296780
vt 0.196613 0.296629
vt 0.195208 0.297005
vt 0.429506 0.396183
vt 0.271358 0.279519
vt 0.326760 0.277711
vt 0.343279 0.297053
vt 0.340891 0.298282
vt 0.340255 0.300198
vt 0.344312 0.305286
vt 0.341434 0.302611
vt 0.251998 0.305286
vt 0.326295 0.309124
vt 0.267831 0.309365
vt 0.323450 0.311887
vt 0.271747 0.309993
vt 0.270014 0.309124
vt 0.324563 0.309993
vt 0.273243 0.354107
vt 0.272866 0.355511
vt 0.324472 0.356540
vt 0.180251 0.317140
vt 0.382655 0.356434
vt 0.384782 0.352857
vt 0.213654 0.356434
vt 0.384639 0.355035
vt 0.211670 0.355035
vt 0.170592 0.299517
vt 0.428110 0.297105
vt 0.422248 0.320688
vt 0.426735 0.303419
vt 0.232431 0.174766
vt 0.196632 0.157211
vt 0.401404 0.159795
vt 0.194905 0.159795
vt 0.403989 0.161522
vt 0.407038 0.162129
vt 0.181315 0.191903
vt 0.410053 0.195205
vt 0.406752 0.200147
vt 0.186256 0.195205
vt 0.268888 0.192414
vt 0.269550 0.189945
vt 0.324952 0.188137
vt 0.330290 0.174766
vt 0.271655 0.171513
vt 0.289432 0.187475
vt 0.327037 0.173895
vt 0.269273 0.106616
vt 0.266020 0.105744
vt 0.317277 0.105684
vt 0.324655 0.108998
vt 0.226796 0.108998
vt 0.225925 0.112251
vt 0.367132 0.106616
vt 0.391110 0.103501
vt 0.194905 0.105510
vt 0.192320 0.103783
vt 0.399071 0.111144
vt 0.399677 0.108095
vt 0.401404 0.105510
vt 0.189272 0.103177
vt 0.289432 0.105588
vt 0.306877 0.105588
vt 0.333166 0.078709
vt 0.306877 0.091405
vt 0.268357 0.071915
vt 0.289432 0.078156
vt 0.917544 0.102323
vt 0.922788 0.102292
vt 0.263144 0.078709
vt 0.289432 0.091405
vt 0.339960 0.083923
vt 0.384772 0.039111
vt 0.203989 0.016066
vt 0.197094 0.040881
vt 0.195495 0.039057
vt 0.197096 0.074853
vt 0.195505 0.076637
vt 0.403187 0.076996
vt 0.400805 0.076637
vt 0.405997 0.075876
vt 0.175285 0.082583
vt 0.176388 0.084381
vt 0.419922 0.084381
vt 0.420341 0.085809
vt 0.175968 0.085809
vt 0.422242 0.086726
vt 0.425437 0.087041
vt 0.181351 0.374581
vt 0.416009 0.376762
vt 0.178665 0.377241
vt 0.419705 0.375971
vt 0.180301 0.376762
vt 0.417644 0.377241
vt 0.170149 0.389985
vt 0.171142 0.392357
vt 0.170855 0.394368
vt 0.426978 0.395711
vt 0.425455 0.394368
s 1
usemtl Aluminium_Plastic_4K
f 7/1/1 8/2/2 227/3/2 228/4/1
f 232/5/3 300/6/3 298/7/4 233/8/5
f 230/9/6 295/10/7 301/11/8 229/12/9
f 1/13/10 294/14/10 295/10/7 230/9/6
f 98/15/11 36/16/12 34/17/12 94/18/13
f 229/12/9 301/11/8 297/19/14 231/20/15
f 231/20/15 297/19/14 300/21/3 232/22/3
f 54/23/16 31/24/12 23/25/12 42/26/17
f 53/27/18 70/28/19 90/29/20 58/30/21
f 234/31/22 299/32/23 296/33/24 235/34/25
f 85/35/26 74/36/27 97/37/28 93/38/29
f 296/33/24 322/39/24 268/40/30 270/41/30
f 57/42/31 35/43/12 31/24/12 54/23/16
f 62/44/32 32/45/12 35/43/12 65/46/33
f 94/18/13 34/17/12 32/45/12 62/44/32
f 61/47/34 82/48/35 85/35/26 93/38/29
f 33/49/12 36/16/12 98/15/11 13/50/36
f 233/8/5 298/7/4 299/32/23 234/31/22
f 117/51/37 105/52/38 109/53/39 113/54/40
f 18/55/41 106/56/42 102/57/43 14/58/44
f 15/59/45 118/60/46 114/61/47 16/62/48
f 16/63/48 114/64/47 110/65/49 17/66/50
f 17/66/50 110/65/49 106/56/42 18/55/41
f 2/67/12 12/68/12 417/69/12 419/70/12
f 66/71/51 77/72/52 82/48/35 61/47/34
f 58/73/21 90/74/20 77/75/52 66/76/51
f 23/25/12 22/77/12 411/78/12 408/79/12
f 41/80/53 394/81/54 393/82/55 49/83/56
f 22/77/12 21/84/12 410/85/12 411/78/12
f 24/86/12 25/87/12 28/88/12 26/89/12
f 21/84/12 25/87/12 407/90/12 410/85/12
f 31/24/12 29/91/12 22/77/12 23/25/12
f 26/89/12 28/88/12 36/16/12 33/49/12
f 49/83/56 70/28/19 53/27/18 41/80/53
f 29/91/12 27/92/12 21/84/12 22/77/12
f 27/92/12 28/88/12 25/87/12 21/84/12
f 35/43/12 32/45/12 29/91/12 31/24/12
f 65/46/33 35/43/12 57/42/31
f 32/45/12 34/17/12 27/92/12 29/91/12
f 13/50/36 98/15/11 118/60/46 15/59/45
f 34/17/12 36/16/12 28/88/12 27/92/12
f 42/26/17 398/93/57 396/94/58 44/95/59
f 44/95/59 396/94/58 395/96/60 43/97/61
f 43/97/61 395/96/60 394/98/54 41/99/53
f 70/28/19 49/83/56 51/100/62 72/101/63
f 72/101/63 51/100/62 52/102/64 71/103/65
f 71/103/65 52/102/64 50/104/66 69/105/67
f 54/23/16 42/26/17 44/95/59 56/106/68
f 56/106/68 44/95/59 43/97/61 55/107/69
f 55/107/69 43/97/61 41/99/53 53/108/18
f 74/36/27 85/35/26 87/109/70 76/110/71
f 76/110/71 87/109/70 88/111/72 75/112/73
f 75/112/73 88/111/72 86/113/74 73/114/75
f 62/44/32 65/46/33 67/115/76 64/116/77
f 64/116/77 67/115/76 68/117/78 63/118/79
f 63/118/79 68/117/78 66/76/51 61/119/34
f 69/105/67 89/120/80 91/121/81 71/103/65
f 71/103/65 91/121/81 92/122/82 72/101/63
f 72/101/63 92/122/82 90/29/20 70/28/19
f 65/46/33 57/42/31 59/123/83 67/115/76
f 67/115/76 59/123/83 60/124/84 68/117/78
f 68/117/78 60/124/84 58/73/21 66/76/51
f 57/42/31 54/23/16 56/106/68 59/123/83
f 59/123/83 56/106/68 55/107/69 60/124/84
f 60/124/84 55/107/69 53/108/18 58/73/21
f 94/18/13 62/44/32 64/116/77 96/125/85
f 96/125/85 64/116/77 63/118/79 95/126/86
f 95/126/86 63/118/79 61/119/34 93/127/29
f 82/48/35 77/72/52 79/128/87 84/129/88
f 84/129/88 79/128/87 80/130/89 83/131/90
f 83/131/90 80/130/89 78/132/91 81/133/92
f 85/35/26 82/48/35 84/129/88 87/109/70
f 87/109/70 84/129/88 83/131/90 88/111/72
f 88/111/72 83/131/90 81/133/92 86/113/74
f 77/72/52 90/134/20 92/135/82 79/128/87
f 79/136/87 92/122/82 91/121/81 80/137/89
f 80/137/89 91/121/81 89/120/80 78/138/91
f 45/139/93 377/140/94 378/141/95 47/142/96
f 47/142/96 378/141/95 376/143/97 48/144/98
f 48/144/98 376/143/97 382/145/99 46/146/100
f 98/15/11 94/18/13 96/125/85 100/147/101
f 100/147/101 96/125/85 95/126/86 99/148/102
f 99/148/102 95/126/86 93/127/29 97/149/28
f 117/51/37 113/54/40 115/150/103 119/151/104
f 119/151/104 115/150/103 116/152/105 120/153/106
f 120/153/106 116/152/105 114/61/47 118/60/46
f 113/154/40 109/155/39 111/156/107 115/157/103
f 115/157/103 111/156/107 112/158/108 116/159/105
f 116/159/105 112/158/108 110/65/49 114/64/47
f 109/155/39 105/160/38 107/161/109 111/156/107
f 111/156/107 107/161/109 108/162/110 112/158/108
f 112/158/108 108/162/110 106/56/42 110/65/49
f 105/160/38 101/163/111 103/164/112 107/161/109
f 107/161/109 103/164/112 104/165/113 108/162/110
f 108/162/110 104/165/113 102/57/43 106/56/42
f 101/163/111 74/36/27 76/110/71 103/164/112
f 103/164/112 76/110/71 75/112/73 104/165/113
f 104/165/113 75/112/73 73/114/75 102/57/43
f 97/149/28 117/51/37 119/151/104 99/148/102
f 99/148/102 119/151/104 120/153/106 100/147/101
f 100/147/101 120/153/106 118/60/46 98/15/11
f 42/26/17 23/25/12 408/79/12 398/93/57
f 101/163/111 105/160/38 117/166/37 97/37/28
f 74/36/27 101/163/111 97/37/28
f 6/167/114 7/1/1 228/4/1 30/168/114
f 241/169/115 242/170/116 306/171/117 302/172/115
f 239/173/118 238/174/119 309/175/120 303/176/121
f 121/177/122 239/173/118 303/176/121 307/178/122
f 204/179/123 200/180/124 148/181/12 150/182/12
f 238/174/119 240/183/125 305/184/126 309/175/120
f 240/183/125 241/185/115 302/186/115 305/184/126
f 160/187/127 152/188/128 137/189/12 145/190/12
f 159/191/129 164/192/130 196/193/131 176/194/132
f 243/195/133 244/196/134 304/197/135 308/198/136
f 191/199/137 199/200/138 203/201/139 180/202/140
f 244/196/134 272/203/30 276/204/30 267/205/30 304/197/135
f 163/206/141 160/187/127 145/190/12 149/207/12
f 168/208/142 171/209/143 149/207/12 146/210/12
f 200/180/124 168/208/142 146/210/12 148/181/12
f 167/211/144 199/200/138 191/199/137 188/212/145
f 147/213/12 129/214/146 204/179/123 150/182/12
f 242/170/116 243/195/133 308/198/136 306/171/117
f 223/215/147 219/216/148 215/217/149 211/218/150
f 134/219/151 130/220/152 208/221/153 212/222/154
f 131/223/155 132/224/156 220/225/157 224/226/158
f 132/227/156 133/228/159 216/229/160 220/230/157
f 133/228/159 134/219/151 212/222/154 216/229/160
f 2/67/12 424/231/12 423/232/12 12/68/12
f 172/233/161 167/211/144 188/212/145 183/234/162
f 164/192/130 172/233/161 183/234/162 196/193/131
f 137/189/12 434/235/12 432/236/12 136/237/12
f 151/238/163 155/239/164 406/240/165 402/241/166
f 136/237/12 432/236/12 433/242/12 135/243/12
f 138/244/12 140/245/12 142/246/12 139/247/12
f 135/243/12 433/242/12 435/248/12 139/247/12
f 145/190/12 137/189/12 136/237/12 143/249/12
f 140/245/12 147/213/12 150/182/12 142/246/12
f 155/239/164 151/238/163 159/250/129 176/251/132
f 123/252/167 128/253/168 253/254/168 248/255/167
f 143/249/12 136/237/12 135/243/12 141/256/12
f 141/256/12 135/243/12 139/247/12 142/246/12
f 149/207/12 145/190/12 143/249/12 146/210/12
f 171/209/143 163/206/141 149/207/12
f 146/210/12 143/249/12 141/256/12 148/181/12
f 129/214/146 131/223/155 224/226/158 204/179/123
f 148/181/12 141/256/12 142/246/12 150/182/12
f 152/188/128 154/257/169 399/258/170 401/259/57
f 154/257/169 153/260/171 405/261/172 399/258/170
f 153/260/171 151/262/163 402/263/166 405/261/172
f 176/251/132 178/264/173 157/265/174 155/239/164
f 178/264/173 177/266/175 158/267/176 157/265/174
f 177/266/175 175/268/177 156/269/178 158/267/176
f 160/187/127 162/270/179 154/257/169 152/188/128
f 162/270/179 161/271/180 153/260/171 154/257/169
f 161/271/180 159/191/129 151/262/163 153/260/171
f 180/272/140 182/273/181 193/274/182 191/275/137
f 182/273/181 181/276/183 194/277/184 193/274/182
f 181/276/183 179/278/185 192/279/186 194/277/184
f 168/208/142 170/280/187 173/281/188 171/209/143
f 170/280/187 169/282/189 174/283/190 173/281/188
f 169/282/189 167/211/144 172/233/161 174/283/190
f 175/268/177 177/266/175 197/284/191 195/285/192
f 177/266/175 178/264/173 198/286/193 197/284/191
f 178/287/173 176/194/132 196/193/131 198/288/193
f 171/209/143 173/281/188 165/289/194 163/206/141
f 173/281/188 174/283/190 166/290/195 165/289/194
f 174/283/190 172/233/161 164/192/130 166/290/195
f 163/206/141 165/289/194 162/270/179 160/187/127
f 165/289/194 166/290/195 161/271/180 162/270/179
f 166/290/195 164/192/130 159/191/129 161/271/180
f 200/180/124 202/291/196 170/280/187 168/208/142
f 202/291/196 201/292/197 169/282/189 170/280/187
f 201/292/197 199/200/138 167/211/144 169/282/189
f 188/293/145 190/294/198 185/295/199 183/296/162
f 190/294/198 189/297/200 186/298/201 185/295/199
f 189/297/200 187/299/202 184/300/203 186/298/201
f 191/275/137 193/274/182 190/294/198 188/293/145
f 193/274/182 194/277/184 189/297/200 190/294/198
f 194/277/184 192/279/186 187/299/202 189/297/200
f 183/296/162 185/295/199 198/301/193 196/302/131
f 185/295/199 186/298/201 197/303/191 198/301/193
f 186/304/201 184/305/203 195/285/192 197/284/191
f 45/139/93 47/142/96 367/306/204 368/307/205
f 47/142/96 48/144/98 369/308/206 367/306/204
f 48/144/98 46/146/100 372/309/207 369/308/206
f 204/179/123 206/310/208 202/291/196 200/180/124
f 206/310/208 205/311/209 201/292/197 202/291/196
f 205/311/209 203/201/139 199/200/138 201/292/197
f 223/215/147 225/312/210 221/313/211 219/216/148
f 225/312/210 226/314/212 222/315/213 221/313/211
f 226/314/212 224/226/158 220/225/157 222/315/213
f 219/316/148 221/317/211 217/318/214 215/319/149
f 221/317/211 222/320/213 218/321/215 217/318/214
f 222/320/213 220/230/157 216/229/160 218/321/215
f 215/319/149 217/318/214 213/322/216 211/323/150
f 217/318/214 218/321/215 214/324/217 213/322/216
f 218/321/215 216/229/160 212/222/154 214/324/217
f 211/323/150 213/322/216 209/325/218 207/326/219
f 213/322/216 214/324/217 210/327/220 209/325/218
f 214/324/217 212/222/154 208/221/153 210/327/220
f 207/326/219 209/325/218 182/273/181 180/272/140
f 209/325/218 210/327/220 181/276/183 182/273/181
f 210/327/220 208/221/153 179/278/185 181/276/183
f 203/201/139 205/311/209 225/312/210 223/215/147
f 205/311/209 206/310/208 226/314/212 225/312/210
f 206/310/208 204/179/123 224/226/158 226/314/212
f 152/188/128 401/259/57 434/235/12 137/189/12
f 207/328/219 203/201/139 223/215/147 211/218/150
f 180/202/140 203/201/139 207/328/219
f 8/2/2 9/329/221 236/330/221 227/3/2
f 6/331/222 4/332/222 230/333/222 229/334/222
f 7/335/222 6/331/222 229/334/222 231/336/222
f 8/337/222 7/335/222 231/336/222 232/338/222
f 9/339/222 8/337/222 232/338/222 233/340/222
f 10/341/222 9/339/222 233/340/222 234/342/222
f 5/343/222 10/341/222 234/342/222 235/344/222
f 273/345/222 5/343/222 235/344/222 274/346/222
f 4/332/222 245/347/222 1/348/222 230/333/222
f 245/349/223 4/350/224 144/351/224 254/352/223
f 124/353/225 122/354/226 247/355/226 249/356/225
f 122/357/222 124/358/222 238/359/222 239/360/222
f 124/358/222 125/361/222 240/362/222 238/359/222
f 125/361/222 126/363/222 241/364/222 240/362/222
f 126/363/222 127/365/222 242/366/222 241/364/222
f 127/365/222 128/367/222 243/368/222 242/366/222
f 128/367/222 123/369/222 244/370/222 243/368/222
f 123/369/222 271/371/222 272/372/222 244/370/222
f 246/373/222 122/357/222 239/360/222 121/374/222
f 122/354/226 246/375/227 255/376/227 247/355/226
f 125/377/228 124/353/225 249/356/225 250/378/228
f 271/379/229 123/252/167 248/255/167 269/380/229
f 9/381/221 10/382/230 237/383/230 236/384/221
f 10/382/230 5/385/231 3/386/231 237/383/230
f 126/387/232 125/377/228 250/378/228 251/388/232
f 5/385/231 273/389/229 275/390/229 3/386/231
f 127/391/233 126/392/232 251/393/232 252/394/233
f 4/350/224 6/167/114 30/168/114 144/351/224
f 128/253/168 127/391/233 252/394/233 253/254/168
f 258/395/234 257/396/235 277/397/236 278/398/237
f 256/399/223 270/400/238 289/401/239 293/402/223 275/403/223
f 263/404/240 265/405/241 310/406/241 283/407/242
f 260/408/243 259/409/244 279/410/245 280/411/246
f 268/412/247 266/413/248 286/414/249 288/415/250
f 257/396/235 260/408/243 280/411/246 277/397/236
f 276/416/227 272/417/227 271/418/227 269/419/227
f 259/409/244 264/420/251 284/421/252 279/410/245
f 261/422/253 258/395/234 278/398/237 281/423/254
f 265/424/255 267/425/256 287/426/257 285/427/255
f 266/413/248 262/428/258 282/429/259 286/414/249
f 270/400/238 268/412/247 288/415/250 289/401/239
f 264/430/251 263/404/240 283/407/242 284/431/252
f 290/432/260 291/433/260 293/434/261 292/435/261
f 262/436/258 261/422/253 281/423/254 282/437/259
f 292/435/261 293/434/261 289/438/30 287/439/30
f 287/439/30 289/438/30 288/440/30 285/441/30
f 285/441/30 288/440/30 286/442/30 283/443/30 310/441/30
f 282/444/30 284/445/30 283/443/30 286/442/30
f 284/445/30 282/444/30 281/446/30 279/447/30
f 279/447/30 281/446/30 278/448/30 280/449/30
f 277/450/30 280/449/30 278/448/30
f 267/425/256 276/416/227 269/419/227 292/451/227 287/426/257
f 274/452/223 256/399/223 275/403/223 273/453/223
f 269/419/227 271/418/227 290/454/227 292/451/227
f 273/453/223 275/403/223 293/402/223 291/455/223
f 235/34/25 296/33/24 270/41/30 256/456/30 274/457/30
f 299/32/23 298/7/4 324/458/4 325/459/23
f 296/33/24 299/32/23 325/459/23 322/39/24
f 297/19/14 301/11/8 321/460/8 323/461/14
f 298/7/4 300/6/3 326/462/3 324/458/4
f 300/21/3 297/19/14 323/461/14 326/463/3
f 301/11/8 295/10/7 320/464/262 321/460/8
f 295/10/7 294/14/10 319/465/10 320/464/262
f 306/171/117 308/198/136 313/466/136 317/467/117
f 308/198/136 304/197/135 312/468/135 313/466/136
f 309/175/120 305/184/126 316/469/126 314/470/120
f 302/172/115 306/171/117 317/467/117 315/471/115
f 305/184/126 302/186/115 315/472/115 316/469/126
f 304/197/135 267/205/30 265/473/30 312/468/135
f 303/176/121 309/175/120 314/470/120 311/474/263
f 307/178/122 303/176/121 311/474/263 318/475/122
f 312/468/135 265/473/30 263/476/30 338/477/135
f 311/474/263 314/470/120 335/478/120 337/479/264
f 318/475/122 311/474/263 337/479/264 341/480/122
f 317/467/117 313/466/136 342/481/136 340/482/117
f 313/466/136 312/468/135 338/477/135 342/481/136
f 314/470/120 316/469/126 339/483/126 335/478/120
f 315/471/115 317/467/117 340/482/117 336/484/115
f 310/485/12 265/485/12 285/485/12
f 316/469/126 315/472/115 336/486/115 339/483/126
f 326/463/3 323/461/14 330/487/14 327/488/3
f 325/459/23 324/458/4 331/489/4 332/490/23
f 321/460/8 320/464/262 328/491/265 329/492/8
f 322/39/24 325/459/23 332/490/23 333/493/24
f 320/464/262 319/465/10 334/494/10 328/491/265
f 323/461/14 321/460/8 329/492/8 330/487/14
f 268/40/30 322/39/24 333/493/24 266/495/30
f 324/458/4 326/462/3 327/496/3 331/489/4
f 329/492/8 328/491/265 344/497/266 345/498/8
f 331/489/4 327/496/3 350/499/3 348/500/4
f 333/493/24 332/490/23 349/501/23 346/502/24
f 328/491/265 334/494/10 343/503/267 344/497/266
f 327/488/3 330/487/14 347/504/14 350/505/3
f 330/487/14 329/492/8 345/498/8 347/504/14
f 332/490/23 331/489/4 348/500/4 349/501/23
f 266/495/30 333/493/24 346/502/24 262/506/30
f 341/480/122 337/479/264 352/507/268 356/508/269
f 340/482/117 342/481/136 358/509/136 355/510/117
f 339/483/126 336/486/115 351/511/115 354/512/126
f 342/481/136 338/477/135 353/513/135 358/509/136
f 338/477/135 263/476/30 264/514/30 353/513/135
f 335/478/120 339/483/126 354/512/126 357/515/120
f 337/479/264 335/478/120 357/515/120 352/507/268
f 336/484/115 340/482/117 355/510/117 351/516/115
f 344/497/266 343/503/267 14/58/44 102/57/43 73/114/75
f 350/505/3 347/504/14 81/133/92 78/132/91
f 345/498/8 344/497/266 73/114/75 86/113/74
f 347/504/14 345/498/8 86/113/74 81/133/92
f 348/500/4 350/499/3 78/138/91 89/120/80
f 349/501/23 348/500/4 89/120/80 69/105/67
f 346/502/24 349/501/23 69/105/67 50/104/66
f 262/506/30 346/502/24 50/104/66 391/517/270
f 353/513/135 264/514/30 404/518/271 156/269/178
f 356/508/269 352/507/268 179/278/185 208/221/153 130/220/152
f 357/515/120 354/512/126 187/299/202 192/279/186
f 355/510/117 358/509/136 175/268/177 195/285/192
f 352/507/268 357/515/120 192/279/186 179/278/185
f 354/512/126 351/511/115 184/300/203 187/299/202
f 351/516/115 355/510/117 195/285/192 184/305/203
f 358/509/136 353/513/135 156/269/178 175/268/177
f 362/519/272 363/520/273 372/309/207 371/521/274
f 364/522/205 359/523/275 403/524/276 404/518/271
f 366/525/277 360/526/278 374/527/279 373/528/277
f 359/523/275 361/529/206 400/530/280 403/524/276
f 364/522/205 259/531/30 260/532/30 368/307/205
f 360/526/278 365/533/281 370/534/281 374/527/279
f 361/529/206 363/520/273 406/240/165 400/530/280
f 365/533/281 362/535/272 371/536/274 370/534/281
f 368/307/205 260/532/30 257/537/30 45/139/93
f 368/307/205 367/306/204 359/523/275 364/522/205
f 371/521/274 372/309/207 46/146/100 37/538/282
f 374/527/279 370/534/281 39/539/283 40/540/284
f 367/306/204 369/308/206 361/529/206 359/523/275
f 369/308/206 372/309/207 363/520/273 361/529/206
f 373/528/277 374/527/279 40/540/284 38/541/285
f 370/534/281 371/536/274 37/542/282 39/539/283
f 378/141/95 377/140/94 383/543/94 385/544/286
f 382/145/99 379/545/287 37/538/282 46/146/100
f 258/546/30 377/140/94 45/139/93 257/537/30
f 381/547/288 375/548/277 38/541/285 40/540/284
f 376/143/97 378/141/95 385/544/286 390/549/97
f 380/550/289 381/547/288 40/540/284 39/539/283
f 382/145/99 376/143/97 390/549/97 389/551/290
f 379/552/287 380/550/289 39/539/283 37/542/282
f 389/551/290 390/549/97 397/553/291 393/82/55
f 389/551/290 386/554/292 379/545/287 382/145/99
f 261/555/30 383/543/94 377/140/94 258/546/30
f 388/556/293 387/557/277 375/548/277 381/547/288
f 384/558/289 388/556/293 381/547/288 380/550/289
f 390/549/97 385/544/286 392/559/294 397/553/291
f 385/544/286 383/543/94 391/517/270 392/559/294
f 386/560/292 384/558/289 380/550/289 379/552/287
f 393/82/55 394/81/54 386/554/292 389/551/290
f 395/96/60 396/94/58 388/556/293 384/558/289
f 396/94/58 398/93/57 387/557/277 388/556/293
f 393/82/55 397/553/291 51/100/62 49/83/56
f 397/553/291 392/559/294 52/102/64 51/100/62
f 391/517/270 383/543/94 261/555/30 262/506/30
f 392/559/294 391/517/270 50/104/66 52/102/64
f 394/98/54 395/96/60 384/558/289 386/560/292
f 403/524/276 400/530/280 157/265/174 158/267/176
f 402/241/166 406/240/165 363/520/273 362/519/272
f 400/530/280 406/240/165 155/239/164 157/265/174
f 404/518/271 403/524/276 158/267/176 156/269/178
f 404/518/271 264/514/30 259/531/30 364/522/205
f 399/258/170 405/261/172 365/533/281 360/526/278
f 401/259/57 399/258/170 360/526/278 366/525/277
f 405/261/172 402/263/166 362/535/272 365/533/281
f 408/79/12 411/78/12 416/561/12 413/562/12
f 409/563/12 407/90/12 25/87/12 24/86/12
f 411/78/12 410/85/12 415/564/12 416/561/12
f 398/93/57 408/79/12 413/562/12 387/557/277
f 410/85/12 407/90/12 412/565/12 415/564/12
f 416/561/12 415/564/12 420/566/12 421/567/12
f 414/568/12 412/565/12 407/90/12 409/563/12
f 387/557/277 413/562/12 418/569/12 375/548/277
f 415/564/12 412/565/12 417/69/12 420/566/12
f 413/562/12 416/561/12 421/567/12 418/569/12
f 419/70/12 417/69/12 412/565/12 414/568/12
f 375/548/277 418/569/12 20/570/12 38/541/285
f 420/566/12 417/69/12 12/68/12 11/571/12
f 418/569/12 421/567/12 19/572/12 20/570/12
f 421/567/12 420/566/12 11/571/12 19/572/12
f 423/232/12 424/231/12 429/573/12 428/574/12
f 426/575/12 425/576/12 19/572/12 11/571/12
f 422/577/12 373/528/277 38/541/285 20/570/12
f 423/232/12 426/575/12 11/571/12 12/68/12
f 425/576/12 422/577/12 20/570/12 19/572/12
f 428/574/12 429/573/12 436/578/12 435/248/12
f 427/579/12 430/580/12 425/576/12 426/575/12
f 431/581/12 366/525/277 373/528/277 422/577/12
f 428/574/12 427/579/12 426/575/12 423/232/12
f 430/580/12 431/581/12 422/577/12 425/576/12
f 435/248/12 436/578/12 138/244/12 139/247/12
f 433/242/12 432/236/12 430/580/12 427/579/12
f 434/235/12 401/259/57 366/525/277 431/581/12
f 435/248/12 433/242/12 427/579/12 428/574/12
f 432/236/12 434/235/12 431/581/12 430/580/12
f 441/582/295 643/583/295 642/584/296 442/585/296
f 647/586/297 648/587/298 708/588/299 710/589/297
f 645/590/300 644/591/301 711/592/302 705/593/303
f 1/13/10 645/590/300 705/593/303 294/14/10
f 523/594/304 519/595/305 459/596/12 461/597/12
f 644/591/301 646/598/306 707/599/307 711/592/302
f 646/598/306 647/600/297 710/601/297 707/599/307
f 479/602/308 467/603/309 451/604/12 457/605/12
f 478/606/310 483/607/311 515/608/312 495/609/313
f 649/610/314 650/611/315 706/612/316 709/613/317
f 510/614/318 518/615/319 522/616/320 499/617/321
f 706/612/316 681/618/322 679/619/322 729/620/316
f 482/621/323 479/602/308 457/605/12 460/622/12
f 487/623/324 490/624/325 460/622/12 458/625/12
f 519/595/305 487/623/324 458/625/12 459/596/12
f 486/626/326 518/615/319 510/614/318 507/627/327
f 33/49/12 13/50/36 523/594/304 461/597/12
f 648/587/298 649/610/314 709/613/317 708/588/299
f 542/628/328 538/629/329 534/630/330 530/631/331
f 18/55/41 14/58/44 527/632/332 531/633/333
f 15/59/45 16/62/48 539/634/334 543/635/335
f 16/63/48 17/66/50 535/636/336 539/637/334
f 17/66/50 18/55/41 531/633/333 535/636/336
f 2/67/12 419/70/12 818/638/12 446/639/12
f 491/640/337 486/626/326 507/627/327 502/641/338
f 483/642/311 491/643/337 502/644/338 515/645/312
f 451/604/12 811/646/12 813/647/12 450/648/12
f 466/649/339 474/650/340 796/651/341 797/652/342
f 450/648/12 813/647/12 812/653/12 449/654/12
f 24/86/12 26/89/12 454/655/12 452/656/12
f 449/654/12 812/653/12 810/657/12 452/656/12
f 457/605/12 451/604/12 450/648/12 455/658/12
f 26/89/12 33/49/12 461/597/12 454/655/12
f 474/650/340 466/649/339 478/606/310 495/609/313
f 455/658/12 450/648/12 449/654/12 453/659/12
f 453/659/12 449/654/12 452/656/12 454/655/12
f 460/622/12 457/605/12 455/658/12 458/625/12
f 490/624/325 482/621/323 460/622/12
f 458/625/12 455/658/12 453/659/12 459/596/12
f 13/50/36 15/59/45 543/635/335 523/594/304
f 459/596/12 453/659/12 454/655/12 461/597/12
f 467/603/309 469/660/343 799/661/344 801/662/345
f 469/660/343 468/663/346 798/664/347 799/661/344
f 468/663/346 466/665/339 797/666/342 798/664/347
f 495/609/313 497/667/348 476/668/349 474/650/340
f 497/667/348 496/669/350 477/670/351 476/668/349
f 496/669/350 494/671/352 475/672/353 477/670/351
f 479/602/308 481/673/354 469/660/343 467/603/309
f 481/673/354 480/674/355 468/663/346 469/660/343
f 480/674/355 478/675/310 466/665/339 468/663/346
f 499/617/321 501/676/356 512/677/357 510/614/318
f 501/676/356 500/678/358 513/679/359 512/677/357
f 500/678/358 498/680/360 511/681/361 513/679/359
f 487/623/324 489/682/362 492/683/363 490/624/325
f 489/682/362 488/684/364 493/685/365 492/683/363
f 488/684/364 486/686/326 491/643/337 493/685/365
f 494/671/352 496/669/350 516/687/366 514/688/367
f 496/669/350 497/667/348 517/689/368 516/687/366
f 497/667/348 495/609/313 515/608/312 517/689/368
f 490/624/325 492/683/363 484/690/369 482/621/323
f 492/683/363 493/685/365 485/691/370 484/690/369
f 493/685/365 491/643/337 483/642/311 485/691/370
f 482/621/323 484/690/369 481/673/354 479/602/308
f 484/690/369 485/691/370 480/674/355 481/673/354
f 485/691/370 483/642/311 478/675/310 480/674/355
f 519/595/305 521/692/371 489/682/362 487/623/324
f 521/692/371 520/693/372 488/684/364 489/682/362
f 520/693/372 518/694/319 486/686/326 488/684/364
f 507/627/327 509/695/373 504/696/374 502/641/338
f 509/695/373 508/697/375 505/698/376 504/696/374
f 508/697/375 506/699/377 503/700/378 505/698/376
f 510/614/318 512/677/357 509/695/373 507/627/327
f 512/677/357 513/679/359 508/697/375 509/695/373
f 513/679/359 511/681/361 506/699/377 508/697/375
f 502/641/338 504/696/374 517/701/368 515/702/312
f 504/703/374 505/704/376 516/687/366 517/689/368
f 505/704/376 503/705/378 514/688/367 516/687/366
f 470/706/379 472/707/380 781/708/381 780/709/382
f 472/707/380 473/710/383 779/711/384 781/708/381
f 473/710/383 471/712/385 785/713/386 779/711/384
f 523/594/304 525/714/387 521/692/371 519/595/305
f 525/714/387 524/715/388 520/693/372 521/692/371
f 524/715/388 522/716/320 518/694/319 520/693/372
f 542/628/328 544/717/389 540/718/390 538/629/329
f 544/717/389 545/719/391 541/720/392 540/718/390
f 545/719/391 543/635/335 539/634/334 541/720/392
f 538/721/329 540/722/390 536/723/393 534/724/330
f 540/722/390 541/725/392 537/726/394 536/723/393
f 541/725/392 539/637/334 535/636/336 537/726/394
f 534/724/330 536/723/393 532/727/395 530/728/331
f 536/723/393 537/726/394 533/729/396 532/727/395
f 537/726/394 535/636/336 531/633/333 533/729/396
f 530/728/331 532/727/395 528/730/397 526/731/398
f 532/727/395 533/729/396 529/732/399 528/730/397
f 533/729/396 531/633/333 527/632/332 529/732/399
f 526/731/398 528/730/397 501/676/356 499/617/321
f 528/730/397 529/732/399 500/678/358 501/676/356
f 529/732/399 527/632/332 498/680/360 500/678/358
f 522/716/320 524/715/388 544/717/389 542/628/328
f 524/715/388 525/714/387 545/719/391 544/717/389
f 525/714/387 523/594/304 543/635/335 545/719/391
f 467/603/309 801/662/345 811/646/12 451/604/12
f 526/731/398 522/616/320 542/733/328 530/728/331
f 499/617/321 522/616/320 526/731/398
f 440/734/400 456/735/400 643/583/295 441/582/295
f 656/736/401 712/737/401 716/738/402 657/739/403
f 654/740/404 713/741/405 718/742/406 653/743/407
f 121/177/122 307/178/122 713/741/405 654/740/404
f 619/744/408 565/745/12 563/746/12 615/747/409
f 653/743/407 718/742/406 715/748/410 655/749/411
f 655/749/411 715/748/410 712/737/401 656/736/401
f 575/750/412 561/751/12 555/752/12 567/753/413
f 574/754/414 591/755/415 611/756/416 579/757/417
f 658/758/418 717/759/419 714/760/420 659/761/421
f 606/762/422 595/763/423 618/764/424 614/765/425
f 659/761/421 714/760/420 678/766/322 687/767/322 683/768/322
f 578/769/426 564/770/12 561/751/12 575/750/412
f 583/771/427 562/772/12 564/770/12 586/773/428
f 615/747/409 563/746/12 562/772/12 583/771/427
f 582/774/429 603/775/430 606/762/422 614/765/425
f 147/213/12 565/745/12 619/744/408 129/214/146
f 657/776/403 716/777/402 717/759/419 658/758/418
f 638/778/431 626/779/432 630/780/433 634/781/434
f 134/219/151 627/782/435 623/783/436 130/220/152
f 131/223/155 639/784/437 635/785/438 132/224/156
f 132/227/156 635/786/438 631/787/439 133/228/159
f 133/228/159 631/787/439 627/782/435 134/219/151
f 2/67/12 446/639/12 823/788/12 424/231/12
f 587/789/440 598/790/441 603/775/430 582/774/429
f 579/791/417 611/792/416 598/790/441 587/789/440
f 555/752/12 554/793/12 830/794/12 832/795/12
f 566/796/442 805/797/443 809/798/444 570/799/445
f 554/793/12 553/800/12 831/801/12 830/794/12
f 138/244/12 556/802/12 558/803/12 140/245/12
f 553/800/12 556/802/12 833/804/12 831/801/12
f 561/751/12 559/805/12 554/793/12 555/752/12
f 140/245/12 558/803/12 565/745/12 147/213/12
f 570/799/445 591/806/415 574/807/414 566/796/442
f 547/808/446 661/809/446 666/810/447 552/811/447
f 559/805/12 557/812/12 553/800/12 554/793/12
f 557/812/12 558/803/12 556/802/12 553/800/12
f 564/770/12 562/772/12 559/805/12 561/751/12
f 586/773/428 564/770/12 578/769/426
f 562/772/12 563/746/12 557/812/12 559/805/12
f 129/214/146 619/744/408 639/784/437 131/223/155
f 563/746/12 565/745/12 558/803/12 557/812/12
f 567/753/413 804/813/345 802/814/448 569/815/449
f 569/815/449 802/814/448 808/816/450 568/817/451
f 568/817/451 808/816/450 805/818/443 566/819/442
f 591/806/415 570/799/445 572/820/452 593/821/453
f 593/821/453 572/820/452 573/822/454 592/823/455
f 592/823/455 573/822/454 571/824/456 590/825/457
f 575/750/412 567/753/413 569/815/449 577/826/458
f 577/826/458 569/815/449 568/817/451 576/827/459
f 576/827/459 568/817/451 566/819/442 574/754/414
f 595/763/423 606/762/422 608/828/460 597/829/461
f 597/829/461 608/828/460 609/830/462 596/831/463
f 596/831/463 609/830/462 607/832/464 594/833/465
f 583/771/427 586/773/428 588/834/466 585/835/467
f 585/835/467 588/834/466 589/836/468 584/837/469
f 584/837/469 589/836/468 587/838/440 582/839/429
f 590/825/457 610/840/470 612/841/471 592/823/455
f 592/823/455 612/841/471 613/842/472 593/821/453
f 593/843/453 613/844/472 611/792/416 591/845/415
f 586/773/428 578/769/426 580/846/473 588/834/466
f 588/834/466 580/846/473 581/847/474 589/836/468
f 589/836/468 581/847/474 579/757/417 587/838/440
f 578/769/426 575/750/412 577/826/458 580/846/473
f 580/846/473 577/826/458 576/827/459 581/847/474
f 581/847/474 576/827/459 574/754/414 579/757/417
f 615/747/409 583/771/427 585/835/467 617/848/475
f 617/848/475 585/835/467 584/837/469 616/849/476
f 616/849/476 584/837/469 582/839/429 614/850/425
f 603/775/430 598/790/441 600/851/477 605/852/478
f 605/852/478 600/851/477 601/853/479 604/854/480
f 604/854/480 601/853/479 599/855/481 602/856/482
f 606/762/422 603/775/430 605/852/478 608/828/460
f 608/828/460 605/852/478 604/854/480 609/830/462
f 609/830/462 604/854/480 602/856/482 607/832/464
f 598/790/441 611/792/416 613/844/472 600/851/477
f 600/851/477 613/844/472 612/857/471 601/853/479
f 601/853/479 612/857/471 610/858/470 599/855/481
f 470/706/379 771/859/483 770/860/484 472/707/380
f 472/707/380 770/860/484 772/861/485 473/710/383
f 473/710/383 772/861/485 775/862/486 471/712/385
f 619/744/408 615/747/409 617/848/475 621/863/487
f 621/863/487 617/848/475 616/849/476 620/864/488
f 620/864/488 616/849/476 614/850/425 618/865/424
f 638/866/431 634/867/434 636/868/489 640/869/490
f 640/869/490 636/868/489 637/870/491 641/871/492
f 641/871/492 637/870/491 635/785/438 639/784/437
f 634/781/434 630/780/433 632/872/493 636/873/489
f 636/873/489 632/872/493 633/874/494 637/875/491
f 637/875/491 633/874/494 631/787/439 635/786/438
f 630/780/433 626/779/432 628/876/495 632/872/493
f 632/872/493 628/876/495 629/877/496 633/874/494
f 633/874/494 629/877/496 627/782/435 631/787/439
f 626/779/432 622/878/497 624/879/498 628/876/495
f 628/876/495 624/879/498 625/880/499 629/877/496
f 629/877/496 625/880/499 623/783/436 627/782/435
f 622/878/497 595/763/423 597/829/461 624/879/498
f 624/879/498 597/829/461 596/831/463 625/880/499
f 625/880/499 596/831/463 594/833/465 623/783/436
f 618/865/424 638/866/431 640/869/490 620/864/488
f 620/864/488 640/869/490 641/871/492 621/863/487
f 621/863/487 641/871/492 639/784/437 619/744/408
f 567/753/413 555/752/12 832/795/12 804/813/345
f 622/878/497 626/779/432 638/778/431 618/764/424
f 595/763/423 622/878/497 618/764/424
f 442/881/296 642/882/296 651/883/500 443/884/500
f 440/885/222 644/886/222 645/887/222 438/888/222
f 441/889/222 646/890/222 644/886/222 440/885/222
f 442/891/222 647/892/222 646/890/222 441/889/222
f 443/893/222 648/894/222 647/892/222 442/891/222
f 444/895/222 649/896/222 648/894/222 443/893/222
f 439/897/222 650/898/222 649/896/222 444/895/222
f 684/899/222 685/900/222 650/898/222 439/897/222
f 438/888/222 645/887/222 1/348/222 245/347/222
f 245/349/223 254/352/223 560/901/501 438/902/501
f 548/903/502 662/904/502 660/905/503 546/906/503
f 546/907/222 654/908/222 653/909/222 548/910/222
f 548/910/222 653/909/222 655/911/222 549/912/222
f 549/912/222 655/911/222 656/913/222 550/914/222
f 550/914/222 656/913/222 657/915/222 551/916/222
f 551/916/222 657/915/222 658/917/222 552/918/222
f 552/918/222 658/917/222 659/919/222 547/920/222
f 547/920/222 659/919/222 683/921/222 682/922/222
f 246/373/222 121/374/222 654/908/222 546/907/222
f 546/906/503 660/905/503 255/376/227 246/375/227
f 549/923/504 663/924/504 662/904/502 548/903/502
f 682/925/505 680/926/505 661/809/446 547/808/446
f 443/884/500 651/883/500 652/927/506 444/928/506
f 444/928/506 652/927/506 437/929/507 439/930/507
f 550/931/508 664/932/508 663/924/504 549/923/504
f 439/930/507 437/929/507 686/933/505 684/934/505
f 551/935/509 665/936/509 664/937/508 550/938/508
f 438/902/501 560/901/501 456/735/400 440/734/400
f 552/811/447 666/810/447 665/936/509 551/935/509
f 669/939/234 689/940/237 688/941/236 668/942/235
f 667/943/223 686/944/223 704/945/223 700/946/239 681/947/238
f 674/948/240 694/949/242 719/950/241 676/951/241
f 671/952/243 691/953/246 690/954/245 670/955/244
f 679/956/247 699/957/250 697/958/249 677/959/248
f 668/942/235 688/941/236 691/953/246 671/952/243
f 687/960/227 680/961/227 682/962/227 683/963/227
f 670/955/244 690/954/245 695/964/252 675/965/251
f 672/966/253 692/967/254 689/940/237 669/939/234
f 676/968/255 696/969/255 698/970/257 678/971/256
f 677/959/248 697/958/249 693/972/259 673/973/258
f 681/947/238 700/946/239 699/957/250 679/956/247
f 675/974/251 695/975/252 694/949/242 674/948/240
f 701/976/510 703/977/511 704/978/511 702/979/510
f 673/980/258 693/981/259 692/967/254 672/966/253
f 703/977/511 698/982/322 700/983/322 704/978/511
f 698/982/322 696/984/322 699/985/322 700/983/322
f 696/984/322 719/984/322 694/986/322 697/987/322 699/985/322
f 693/988/322 697/987/322 694/986/322 695/989/322
f 695/989/322 690/990/322 692/991/322 693/988/322
f 690/990/322 691/992/322 689/993/322 692/991/322
f 688/994/322 689/993/322 691/992/322
f 678/971/256 698/970/257 703/995/227 680/961/227 687/960/227
f 685/996/223 684/997/223 686/944/223 667/943/223
f 680/961/227 703/995/227 701/998/227 682/962/227
f 684/997/223 702/999/223 704/945/223 686/944/223
f 650/611/315 685/1000/322 667/1001/322 681/618/322 706/612/316
f 709/613/317 732/1002/317 731/1003/299 708/588/299
f 706/612/316 729/620/316 732/1002/317 709/613/317
f 707/599/307 730/1004/307 728/1005/302 711/592/302
f 708/588/299 731/1003/299 733/1006/297 710/589/297
f 710/601/297 733/1007/297 730/1004/307 707/599/307
f 711/592/302 728/1005/302 727/1008/512 705/593/303
f 705/593/303 727/1008/512 319/465/10 294/14/10
f 716/777/402 726/1009/402 722/1010/419 717/759/419
f 717/759/419 722/1010/419 721/1011/420 714/760/420
f 718/742/406 723/1012/406 725/1013/410 715/748/410
f 712/737/401 724/1014/401 726/1015/402 716/738/402
f 715/748/410 725/1013/410 724/1014/401 712/737/401
f 714/760/420 721/1011/420 676/1016/322 678/766/322
f 713/741/405 720/1017/513 723/1012/406 718/742/406
f 307/178/122 318/475/122 720/1017/513 713/741/405
f 721/1011/420 744/1018/420 674/1019/322 676/1016/322
f 720/1017/513 743/1020/514 741/1021/406 723/1012/406
f 318/475/122 341/480/122 743/1020/514 720/1017/513
f 726/1009/402 746/1022/402 747/1023/419 722/1010/419
f 722/1010/419 747/1023/419 744/1018/420 721/1011/420
f 723/1012/406 741/1021/406 745/1024/410 725/1013/410
f 724/1014/401 742/1025/401 746/1026/402 726/1015/402
f 719/1027/12 696/1027/12 676/1027/12
f 725/1013/410 745/1024/410 742/1025/401 724/1014/401
f 733/1007/297 734/1028/297 737/1029/307 730/1004/307
f 732/1002/317 739/1030/317 738/1031/299 731/1003/299
f 728/1005/302 736/1032/302 735/1033/515 727/1008/512
f 729/620/316 740/1034/316 739/1030/317 732/1002/317
f 727/1008/512 735/1033/515 334/494/10 319/465/10
f 730/1004/307 737/1029/307 736/1032/302 728/1005/302
f 679/619/322 677/1035/322 740/1034/316 729/620/316
f 731/1003/299 738/1031/299 734/1036/297 733/1006/297
f 736/1032/302 749/1037/302 748/1038/516 735/1033/515
f 738/1031/299 752/1039/299 754/1040/297 734/1036/297
f 740/1034/316 750/1041/316 753/1042/317 739/1030/317
f 735/1033/515 748/1038/516 343/503/267 334/494/10
f 734/1028/297 754/1043/297 751/1044/307 737/1029/307
f 737/1029/307 751/1044/307 749/1037/302 736/1032/302
f 739/1030/317 753/1042/317 752/1039/299 738/1031/299
f 677/1035/322 673/1045/322 750/1041/316 740/1034/316
f 341/480/122 356/508/269 756/1046/517 743/1020/514
f 746/1022/402 759/1047/402 761/1048/419 747/1023/419
f 745/1024/410 758/1049/410 755/1050/401 742/1025/401
f 747/1023/419 761/1048/419 757/1051/420 744/1018/420
f 744/1018/420 757/1051/420 675/1052/322 674/1019/322
f 741/1021/406 760/1053/406 758/1049/410 745/1024/410
f 743/1020/514 756/1046/517 760/1053/406 741/1021/406
f 742/1025/401 755/1050/401 759/1054/402 746/1026/402
f 748/1038/516 498/680/360 527/632/332 14/58/44 343/503/267
f 754/1043/297 503/700/378 506/699/377 751/1044/307
f 749/1037/302 511/681/361 498/680/360 748/1038/516
f 751/1044/307 506/699/377 511/681/361 749/1037/302
f 752/1039/299 514/688/367 503/705/378 754/1040/297
f 753/1042/317 494/671/352 514/688/367 752/1039/299
f 750/1041/316 475/672/353 494/671/352 753/1042/317
f 673/1045/322 794/1055/518 475/672/353 750/1041/316
f 757/1051/420 571/824/456 807/1056/519 675/1052/322
f 356/508/269 130/220/152 623/783/436 594/833/465 756/1046/517
f 760/1053/406 607/832/464 602/856/482 758/1049/410
f 759/1047/402 610/840/470 590/825/457 761/1048/419
f 756/1046/517 594/833/465 607/832/464 760/1053/406
f 758/1049/410 602/856/482 599/855/481 755/1050/401
f 755/1050/401 599/855/481 610/858/470 759/1054/402
f 761/1048/419 590/825/457 571/824/456 757/1051/420
f 765/1057/520 774/1058/521 775/862/486 766/1059/522
f 767/1060/483 807/1056/519 806/1061/523 762/1062/524
f 769/1063/525 776/1064/525 777/1065/526 763/1066/527
f 762/1062/524 806/1061/523 803/1067/528 764/1068/485
f 767/1060/483 771/859/483 671/1069/322 670/1070/322
f 763/1066/527 777/1065/526 773/1071/529 768/1072/529
f 764/1068/485 803/1067/528 809/798/444 766/1059/522
f 768/1072/529 773/1071/529 774/1073/521 765/1074/520
f 771/859/483 470/706/379 668/1075/322 671/1069/322
f 771/859/483 767/1060/483 762/1062/524 770/860/484
f 774/1058/521 462/1076/530 471/712/385 775/862/486
f 777/1065/526 465/1077/531 464/1078/532 773/1071/529
f 770/860/484 762/1062/524 764/1068/485 772/861/485
f 772/861/485 764/1068/485 766/1059/522 775/862/486
f 776/1064/525 463/1079/533 465/1077/531 777/1065/526
f 773/1071/529 464/1078/532 462/1080/530 774/1073/521
f 781/708/381 788/1081/534 786/1082/382 780/709/382
f 785/713/386 471/712/385 462/1076/530 782/1083/535
f 669/1084/322 668/1075/322 470/706/379 780/709/382
f 784/1085/536 465/1077/531 463/1079/533 778/1086/525
f 779/711/384 793/1087/384 788/1081/534 781/708/381
f 783/1088/537 464/1078/532 465/1077/531 784/1085/536
f 785/713/386 792/1089/538 793/1087/384 779/711/384
f 782/1090/535 462/1080/530 464/1078/532 783/1088/537
f 792/1089/538 796/651/341 800/1091/539 793/1087/384
f 792/1089/538 785/713/386 782/1083/535 789/1092/540
f 672/1093/322 669/1084/322 780/709/382 786/1082/382
f 791/1094/541 784/1085/536 778/1086/525 790/1095/525
f 787/1096/537 783/1088/537 784/1085/536 791/1094/541
f 793/1087/384 800/1091/539 795/1097/542 788/1081/534
f 788/1081/534 795/1097/542 794/1055/518 786/1082/382
f 789/1098/540 782/1090/535 783/1088/537 787/1096/537
f 796/651/341 792/1089/538 789/1092/540 797/652/342
f 798/664/347 787/1096/537 791/1094/541 799/661/344
f 799/661/344 791/1094/541 790/1095/525 801/662/345
f 796/651/341 474/650/340 476/668/349 800/1091/539
f 800/1091/539 476/668/349 477/670/351 795/1097/542
f 794/1055/518 673/1045/322 672/1093/322 786/1082/382
f 795/1097/542 477/670/351 475/672/353 794/1055/518
f 797/666/342 789/1098/540 787/1096/537 798/664/347
f 806/1061/523 573/822/454 572/820/452 803/1067/528
f 805/797/443 765/1057/520 766/1059/522 809/798/444
f 803/1067/528 572/820/452 570/799/445 809/798/444
f 807/1056/519 571/824/456 573/822/454 806/1061/523
f 807/1056/519 767/1060/483 670/1070/322 675/1052/322
f 802/814/448 763/1066/527 768/1072/529 808/816/450
f 804/813/345 769/1063/525 763/1066/527 802/814/448
f 808/816/450 768/1072/529 765/1074/520 805/818/443
f 811/646/12 815/1099/12 817/1100/12 813/647/12
f 409/563/12 24/86/12 452/656/12 810/657/12
f 813/647/12 817/1100/12 816/1101/12 812/653/12
f 801/662/345 790/1095/525 815/1099/12 811/646/12
f 812/653/12 816/1101/12 814/1102/12 810/657/12
f 817/1100/12 821/1103/12 820/1104/12 816/1101/12
f 414/568/12 409/563/12 810/657/12 814/1102/12
f 790/1095/525 778/1086/525 819/1105/12 815/1099/12
f 816/1101/12 820/1104/12 818/638/12 814/1102/12
f 815/1099/12 819/1105/12 821/1103/12 817/1100/12
f 419/70/12 414/568/12 814/1102/12 818/638/12
f 778/1086/525 463/1079/533 448/1106/12 819/1105/12
f 820/1104/12 445/1107/12 446/639/12 818/638/12
f 819/1105/12 448/1106/12 447/1108/12 821/1103/12
f 821/1103/12 447/1108/12 445/1107/12 820/1104/12
f 823/788/12 827/1109/12 429/573/12 424/231/12
f 825/1110/12 445/1107/12 447/1108/12 824/1111/12
f 822/1112/12 448/1106/12 463/1079/533 776/1064/525
f 823/788/12 446/639/12 445/1107/12 825/1110/12
f 824/1111/12 447/1108/12 448/1106/12 822/1112/12
f 827/1109/12 833/804/12 436/578/12 429/573/12
f 826/1113/12 825/1110/12 824/1111/12 828/1114/12
f 829/1115/12 822/1112/12 776/1064/525 769/1063/525
f 827/1109/12 823/788/12 825/1110/12 826/1113/12
f 828/1114/12 824/1111/12 822/1112/12 829/1115/12
f 833/804/12 556/802/12 138/244/12 436/578/12
f 831/801/12 826/1113/12 828/1114/12 830/794/12
f 832/795/12 829/1115/12 769/1063/525 804/813/345
f 833/804/12 827/1109/12 826/1113/12 831/801/12
f 830/794/12 828/1114/12 829/1115/12 832/795/12
f 909/1116/12 1343/1117/12 869/1118/12
f 1357/1119/227 1356/1120/227 834/1121/227 885/1122/227
f 1393/1123/12 1404/1124/12 1320/1125/12 1319/1126/12
f 849/1127/446 870/1128/505 872/1129/505 857/1130/446
f 856/1131/503 850/1132/503 855/1133/502 858/1134/502
f 858/1134/502 855/1133/502 854/1135/504 859/1136/504
f 1201/1137/12 1205/1138/12 1008/1139/12 1198/1140/12 1197/1141/12
f 861/1142/509 852/1143/509 851/1144/447 862/1145/447
f 862/1145/447 851/1144/447 849/1127/446 857/1130/446
f 835/1146/501 843/1147/501 848/1148/400 837/1149/400
f 837/1149/400 848/1148/400 847/1150/295 838/1151/295
f 838/1151/295 847/1150/295 846/1152/296 839/1153/296
f 839/1154/296 846/1155/296 845/1156/500 840/1157/500
f 840/1157/500 845/1156/500 844/1158/506 841/1159/506
f 841/1159/506 844/1158/506 842/1160/507 836/1161/507
f 843/1147/501 835/1146/501 993/1162/223 992/1163/223
f 1083/1164/12 1082/1165/12 937/1166/12 939/1167/12 868/1168/12
f 863/1169/505 864/1170/505 1069/1171/505 1060/1172/505
f 865/1173/505 866/1174/505 836/1161/507 842/1160/507
f 1404/1124/12 1342/1175/12 1345/1176/12 1320/1125/12
f 867/1177/505 868/1178/505 866/1174/505 865/1173/505
f 1332/1179/222 1338/1180/222 1337/1181/222 1403/1182/222
f 1328/1183/543 1318/1184/543 1397/1185/544 1399/1186/544
f 1278/1187/222 1329/1188/222 1328/1189/222 1399/1190/222
f 1091/1191/222 1314/1192/222 1045/1193/222 1093/1194/222
f 1050/1195/12 1054/1196/12 1053/1197/12
f 1234/1198/545 1427/1199/227 1425/1200/227 1256/1201/545
f 1263/1202/222 1409/1203/222 890/1204/222
f 1107/1205/546 1100/1206/546 875/1207/227 876/1208/227
f 1262/1209/547 1411/1210/227 1410/1211/227 1271/1212/547
f 1229/1213/12 1015/1214/12 967/1215/12
f 880/1216/505 1101/1217/548 1106/1218/548 879/1219/505
f 876/1220/505 875/1221/505 864/1170/505 863/1169/505
f 880/1222/12 1127/1223/12 1102/1224/12 1101/1225/12
f 1120/1226/12 1119/1227/12 878/1228/12 880/1222/12
f 1169/1229/12 1168/1230/12 1096/1231/12 1095/1232/12
f 880/1216/505 879/1219/505 1113/1233/549 1094/1234/549
f 1103/1235/12 864/1236/12 875/1237/12 1100/1238/12
f 879/1239/222 1106/1240/222 1109/1241/222 1133/1242/222
f 1258/1243/12 1257/1244/12 1121/1245/12
f 1119/1246/550 1137/1247/550 877/1248/229 878/1249/229
f 1179/1250/551 1184/1251/551 1156/1252/552 1144/1253/552
f 881/1254/505 882/1255/505 883/1256/505 884/1257/505
f 940/1258/222 1180/1259/222 1179/1260/222 1144/1261/222
f 962/1262/222 1353/1263/222 1180/1259/222 940/1258/222
f 884/1257/505 883/1256/505 873/1264/505 874/1265/505
f 942/1266/222 857/1267/222 872/1268/222 946/1269/222
f 941/1270/12 945/1271/12 1157/1272/12 1156/1273/12
f 1185/1274/553 1178/1275/553 1173/1276/554 1166/1277/554
f 974/1278/222 1192/1279/222 1007/1280/222
f 1255/1281/12 1258/1243/12 1163/1282/12 1162/1283/12
f 1312/1284/555 1390/1285/556 1391/1286/556 1307/1287/555
f 1088/1288/12 1052/1289/12 1311/1290/12 1086/1291/12
f 944/1292/222 1265/1293/222 1213/1294/222 948/1295/222
f 1272/1296/12 1251/1297/12 1250/1298/12 1158/1299/12
f 1150/1300/222 1152/1301/222 1236/1302/222 1235/1303/222
f 1155/1304/549 1162/1305/548 1150/1306/548 1145/1307/549
f 874/1308/222 1112/1309/222 1115/1310/222 1175/1311/222 1174/1312/222 884/1313/222
f 1207/1314/222 1210/1315/222 1007/1280/222 1192/1279/222 1191/1316/222
f 860/1317/508 853/1318/508 852/1143/509 861/1142/509
f 859/1136/504 854/1135/504 853/1319/508 860/1320/508
f 885/1122/227 834/1121/227 1008/1321/227 1007/1322/227
f 1429/1323/227 1202/1324/557 1190/1325/557 1355/1326/227
f 1228/1327/12 1231/1328/12 1203/1329/12 1202/1330/12
f 1409/1203/222 1355/1331/222 890/1204/222
f 834/1332/12 1356/1333/12 1432/1334/12
f 1199/1335/12 1198/1140/12 1008/1139/12 834/1332/12
f 1050/1195/12 1042/1336/12 1037/1337/12
f 1030/1338/222 1000/1339/222 924/1340/222 922/1341/222
f 1140/1342/222 879/1239/222 877/1343/222 1137/1344/222
f 884/1313/222 1174/1312/222 1173/1345/222 1178/1346/222
f 1031/1347/222 1044/1348/222 1032/1349/222
f 1301/1350/558 1294/1351/558 888/1352/229 1279/1353/559 1286/1354/559 889/1355/229
f 1294/1356/222 1091/1191/222 1043/1357/222 888/1358/222
f 888/1358/222 1031/1347/222 1280/1359/222 1279/1360/222
f 1058/1361/560 1044/1362/561 1050/1363/561 1067/1364/560
f 889/1365/12 1051/1366/12 1086/1291/12 1301/1367/12
f 1265/1293/222 944/1292/222 1147/1368/222 1146/1369/222
f 966/1370/222 1016/1371/222 1222/1372/222
f 972/1373/222 1194/1374/222 1193/1375/222
f 1190/1376/222 1194/1374/222 1227/1377/222 1223/1378/222
f 1251/1297/12 1271/1379/12 1410/1380/12
f 893/1381/227 892/1382/227 896/1383/502 897/1384/502
f 900/1385/504 901/1386/504 897/1384/502 896/1383/502
f 901/1386/504 900/1385/504 904/1387/508 905/1388/508
f 904/1389/508 908/1390/509 909/1391/509 905/1392/508
f 912/1393/447 913/1394/447 909/1391/509 908/1390/509
f 912/1393/447 916/1395/505 917/1396/505 913/1394/447
f 916/1395/505 920/1397/506 921/1398/506 917/1396/505
f 920/1397/506 922/1399/500 923/1400/500 921/1398/506
f 922/1399/500 924/1401/296 925/1402/296 923/1400/500
f 924/1403/296 926/1404/295 927/1405/295 925/1406/296
f 926/1404/295 928/1407/400 929/1408/400 927/1405/295
f 928/1407/400 933/1409/223 934/1410/223 929/1408/400
f 933/1409/223 932/1411/114 935/1412/114 934/1410/223
f 932/1411/114 931/1413/1 936/1414/1 935/1412/114
f 931/1413/1 930/1415/2 937/1416/2 936/1414/1
f 937/1416/2 930/1415/2 938/1417/221 939/1418/221
f 894/1419/230 895/1420/230 939/1421/221 938/1422/221
f 895/1420/230 894/1419/230 898/1423/229 899/1424/229
f 899/1424/229 898/1423/229 902/1425/168 903/1426/168
f 906/1427/233 907/1428/233 903/1426/168 902/1425/168
f 907/1428/233 906/1427/233 910/1429/232 911/1430/232
f 911/1431/232 910/1432/232 914/1433/228 915/1434/228
f 918/1435/225 919/1436/225 915/1434/228 914/1433/228
f 919/1436/225 918/1435/225 892/1382/227 893/1381/227
f 906/1437/222 845/1438/222 846/1439/222 847/1440/222 848/1441/222 843/1442/222 892/1443/222 918/1444/222 914/1445/222 910/1446/222
f 898/1447/222 842/1448/222 844/1449/222 845/1438/222 906/1437/222 902/1450/222
f 836/1451/12 899/1452/12 903/1453/12 907/1454/12 840/1455/12 841/1456/12
f 919/1457/12 837/1458/12 838/1459/12 839/1460/12 840/1455/12 907/1454/12 911/1461/12 915/1462/12
f 941/1463/227 940/1464/227 944/1465/502 945/1466/502
f 945/1466/502 944/1465/502 948/1467/504 949/1468/504
f 949/1468/504 948/1467/504 952/1469/508 953/1470/508
f 952/1471/508 958/1472/509 959/1473/509 953/1474/508
f 958/1472/509 960/1475/447 961/1476/447 959/1473/509
f 960/1475/447 964/1477/505 965/1478/505 961/1476/447
f 964/1477/505 966/1479/506 967/1480/506 965/1478/505
f 966/1479/506 968/1481/500 969/1482/500 967/1480/506
f 968/1481/500 972/1483/296 973/1484/296 969/1482/500
f 974/1485/295 975/1486/295 973/1487/296 972/1488/296
f 976/1489/400 977/1490/400 975/1486/295 974/1485/295
f 976/1489/400 979/1491/223 980/1492/223 977/1490/400
f 979/1491/223 981/1493/114 982/1494/114 980/1492/223
f 981/1493/114 983/1495/1 984/1496/1 982/1494/114
f 983/1495/1 985/1497/2 986/1498/2 984/1496/1
f 986/1498/2 985/1497/2 978/1499/221 987/1500/221
f 987/1501/221 978/1502/221 988/1503/230 989/1504/230
f 942/1505/229 943/1506/229 989/1504/230 988/1503/230
f 943/1506/229 942/1505/229 946/1507/168 947/1508/168
f 950/1509/233 951/1510/233 947/1508/168 946/1507/168
f 951/1510/233 950/1509/233 954/1511/232 955/1512/232
f 955/1513/232 954/1514/232 956/1515/228 957/1516/228
f 962/1517/225 963/1518/225 957/1516/228 956/1515/228
f 963/1518/225 962/1517/225 940/1464/227 941/1463/227
f 983/1519/222 859/1520/222 860/1521/222 985/1522/222
f 941/1270/12 1187/1523/12 1352/1524/12 963/1525/12
f 953/1526/12 1010/1527/12 1218/1528/12 949/1529/12
f 980/1530/12 850/1531/12 1005/1532/12 977/1533/12
f 893/1534/12 835/1535/12 837/1458/12 919/1457/12
f 866/1536/12 895/1537/12 899/1452/12 836/1451/12
f 894/1538/222 865/1539/222 842/1448/222 898/1447/222
f 909/1116/12 869/1118/12 971/1540/12 905/1541/12
f 871/1542/222 908/1543/222 904/1544/222 970/1545/222
f 1288/1546/12 1322/1547/12 1321/1548/12 917/1549/12 921/1550/12
f 1281/1551/222 1285/1552/222 1279/1360/222 1280/1359/222
f 1323/1553/12 1293/1554/12 1287/1555/12
f 889/1365/12 1286/1556/12 1289/1557/12 1053/1197/12
f 1031/1347/222 1047/1558/222 1048/1559/222
f 887/1560/12 1391/1561/12 1397/1562/12
f 1281/1551/222 1280/1359/222 1030/1338/222 922/1341/222 920/1563/222
f 1289/1557/12 1288/1546/12 921/1550/12 923/1564/12 1038/1565/12
f 886/1566/222 1399/1190/222 1390/1567/222
f 1300/1568/12 1302/1569/12 1311/1290/12 1307/1570/12
f 1017/1571/562 1075/1572/554 1080/1573/554 1024/1574/562
f 1051/1575/563 1043/1576/563 1091/1577/549 1086/1578/549
f 1336/1579/222 1339/1580/222 912/1581/222 908/1543/222
f 1397/1562/12 1287/1555/12 887/1560/12
f 1278/1582/564 886/1583/565 887/1584/565 1287/1585/564
f 1036/1586/12 1038/1565/12 923/1564/12 925/1587/12
f 917/1549/12 1321/1548/12 1320/1125/12 1345/1176/12 1344/1588/12 913/1589/12
f 1332/1179/222 1331/1590/222 916/1591/222 912/1581/222 1339/1580/222 1338/1180/222
f 905/1541/12 971/1540/12 990/1592/12 901/1593/12
f 970/1545/222 904/1544/222 900/1594/222 991/1595/222
f 970/1596/223 971/1597/223 869/1598/223 871/1599/223
f 901/1593/12 990/1592/12 993/1600/12 897/1601/12
f 991/1595/222 900/1594/222 896/1602/222 992/1603/222
f 991/1604/223 990/1605/223 971/1597/223 970/1596/223
f 992/1603/222 896/1602/222 892/1443/222 843/1442/222
f 992/1163/223 993/1162/223 990/1605/223 991/1604/223
f 897/1601/12 993/1600/12 835/1535/12 893/1534/12
f 994/1606/227 995/1607/227 1001/1608/227 1002/1609/227
f 868/1168/12 939/1167/12 895/1537/12 866/1536/12
f 938/1610/222 867/1611/222 865/1539/222 894/1538/222
f 996/1612/227 997/1613/227 995/1607/227 994/1606/227
f 997/1614/12 929/1615/12 934/1616/12 995/1617/12
f 928/1618/222 996/1619/222 994/1620/222 933/1621/222
f 999/1622/227 998/1623/227 997/1613/227 996/1612/227
f 998/1624/12 927/1625/12 929/1615/12 997/1614/12
f 926/1626/222 999/1627/222 996/1619/222 928/1618/222
f 1000/1628/566 1036/1629/566 998/1623/227 999/1622/227
f 1036/1586/12 925/1587/12 927/1625/12 998/1624/12
f 924/1340/222 1000/1339/222 999/1627/222 926/1626/222
f 931/1630/222 1003/1631/222 1074/1632/222 1077/1633/222
f 995/1617/12 934/1616/12 935/1634/12 1001/1635/12
f 933/1621/222 994/1620/222 1002/1636/222 932/1637/222
f 930/1638/222 1077/1633/222 1076/1639/222 867/1611/222 938/1610/222
f 1001/1635/12 935/1634/12 936/1640/12 1004/1641/12
f 1002/1609/227 1001/1608/227 1004/1642/227 1003/1643/227
f 932/1637/222 1002/1636/222 1003/1631/222 931/1630/222
f 868/1168/12 1069/1644/12 1024/1645/12
f 1017/1646/222 1060/1647/222 867/1611/222
f 936/1640/12 937/1166/12 1082/1165/12
f 864/1236/12 1068/1648/12 1069/1644/12
f 1087/1649/552 1090/1650/552 1059/1651/567 1066/1652/567
f 1185/1653/12 1166/1654/12 1169/1229/12 883/1655/12
f 1031/1347/222 1048/1559/222 1049/1656/222
f 1315/1657/222 1316/1658/222 1045/1193/222
f 1295/1659/568 1300/1660/568 887/1584/569 886/1583/569
f 1097/1661/12 1096/1231/12 1168/1230/12 1167/1662/12
f 1236/1302/222 1139/1663/222 1237/1664/222
f 891/1665/12 1406/1666/12 1270/1667/12
f 987/1668/12 852/1669/12 853/1670/12 986/1671/12
f 963/1525/12 1352/1524/12 957/1672/12
f 1407/1673/12 1118/1674/12 1121/1245/12 1257/1244/12
f 947/1675/12 870/1676/12 849/1677/12 943/1678/12
f 946/1269/222 872/1268/222 1349/1679/222 950/1680/222
f 872/1129/505 870/1128/505 1348/1681/505 1349/1682/505
f 988/1683/222 862/1684/222 857/1267/222 942/1266/222
f 943/1678/12 849/1677/12 851/1685/12 989/1686/12
f 978/1687/222 861/1688/222 862/1684/222 988/1683/222
f 989/1686/12 851/1685/12 852/1669/12 987/1668/12
f 985/1522/222 860/1521/222 861/1688/222 978/1687/222
f 986/1671/12 853/1670/12 854/1689/12 984/1690/12
f 981/1691/222 858/1692/222 859/1520/222 983/1519/222
f 979/1693/222 856/1694/222 858/1692/222 981/1691/222
f 984/1690/12 854/1689/12 855/1695/12 982/1696/12
f 1432/1697/223 1431/1698/223 1208/1699/570 1196/1700/570
f 982/1696/12 855/1695/12 850/1531/12 980/1530/12
f 948/1295/222 1213/1294/222 1009/1701/222 952/1702/222
f 973/1703/12 1203/1329/12 1230/1704/12 969/1705/12
f 977/1533/12 1005/1532/12 1008/1139/12 975/1706/12
f 1243/1707/222 1242/1708/222 1423/1709/222 1411/1710/222
f 1006/1711/227 1005/1712/227 850/1132/503 856/1131/503
f 976/1713/222 1006/1714/222 856/1694/222 979/1693/222
f 1007/1280/222 1210/1315/222 1209/1715/222 885/1716/222
f 975/1706/12 1008/1139/12 1205/1138/12
f 885/1716/222 1209/1715/222 1208/1717/222 1431/1718/222
f 1007/1322/227 1008/1321/227 1005/1712/227 1006/1711/227
f 974/1278/222 1007/1280/222 1006/1714/222 976/1713/222
f 891/1665/12 1429/1719/12 1406/1666/12
f 1167/1720/571 1172/1721/571 1151/1722/546 1161/1723/546
f 1125/1724/572 878/1249/229 877/1248/229 1132/1725/572
f 952/1702/222 1009/1701/222 958/1726/222
f 890/1727/573 891/1728/573 1217/1729/574 1212/1730/574
f 890/1731/575 1223/1732/576 1228/1733/576 891/1734/575
f 958/1726/222 1009/1701/222 1011/1735/222 960/1736/222
f 959/1737/12 1010/1527/12 953/1526/12
f 960/1736/222 1011/1735/222 1014/1738/222 964/1739/222
f 1012/1740/229 1011/1741/229 1009/1742/577 1010/1743/577
f 961/1744/12 1012/1745/12 1010/1527/12 959/1737/12
f 964/1739/222 1014/1738/222 1016/1371/222 966/1370/222
f 1013/1746/229 1014/1747/229 1011/1741/229 1012/1740/229
f 965/1748/12 1013/1749/12 1012/1745/12 961/1744/12
f 1229/1750/578 1222/1751/578 1016/1752/229 1015/1753/229
f 1015/1753/229 1016/1752/229 1014/1747/229 1013/1746/229
f 967/1215/12 1015/1214/12 1013/1749/12 965/1748/12
f 1242/1754/579 1248/1755/579 1421/1756/223 1423/1757/223
f 1218/1528/12 1272/1296/12 945/1271/12 949/1529/12
f 1061/1758/222 1022/1759/222 1018/1760/222
f 1069/1644/12 1028/1761/12 1024/1645/12
f 1023/1762/580 1018/1763/580 1022/1764/581 1025/1765/581
f 1025/1765/581 1022/1764/581 1021/1766/582 1026/1767/582
f 1026/1767/583 1021/1766/583 1020/1768/583 1027/1769/583
f 1027/1770/584 1020/1771/584 1019/1772/585 1028/1773/585
f 1028/1773/585 1019/1772/585 1017/1571/562 1024/1574/562
f 1032/1349/222 1044/1348/222 1029/1774/222
f 1053/1197/12 1041/1775/12 1042/1336/12
f 1029/1776/586 1037/1777/586 1042/1778/587 1032/1779/587
f 1032/1780/587 1042/1781/587 1041/1782/588 1033/1783/588
f 1033/1783/589 1041/1782/589 1040/1784/589 1034/1785/589
f 1034/1786/590 1040/1787/590 1039/1788/591 1035/1789/591
f 1035/1789/591 1039/1788/591 1036/1629/566 1000/1628/566
f 1037/1777/586 1029/1776/586 1018/1763/580 1023/1762/580
f 1046/1790/222 1047/1558/222 1031/1347/222 888/1358/222
f 1055/1791/12 1056/1792/12 1053/1197/12
f 1050/1363/561 1044/1362/561 1049/1793/592 1054/1794/592
f 1054/1794/592 1049/1793/592 1048/1795/593 1055/1796/593
f 1055/1796/594 1048/1795/594 1047/1797/594 1056/1798/594
f 1056/1799/595 1047/1800/595 1046/1801/596 1057/1802/596
f 1057/1802/596 1046/1801/596 1043/1576/563 1051/1575/563
f 863/1803/222 1108/1804/222 1107/1805/222 876/1806/222
f 1071/1807/12 1068/1648/12 1103/1235/12 1070/1808/12
f 1068/1648/12 1072/1809/12 1073/1810/12 1023/1811/12
f 1058/1812/560 1067/1813/560 1073/1814/597 1062/1815/597
f 1062/1815/597 1073/1814/597 1072/1816/598 1063/1817/598
f 1063/1817/599 1072/1816/599 1071/1818/599 1064/1819/599
f 1064/1820/600 1071/1821/600 1070/1822/601 1065/1823/601
f 1065/1823/601 1070/1822/601 1066/1652/567 1059/1651/567
f 1061/1758/222 863/1803/222 1060/1647/222
f 1076/1639/222 1079/1824/222 1075/1825/222
f 1085/1826/12 1081/1827/12 1082/1165/12
f 1297/1828/222 1298/1829/222 1314/1192/222 1091/1191/222
f 1302/1569/12 1303/1830/12 1311/1290/12
f 1074/1831/571 1081/1832/571 1085/1833/225 1078/1834/225
f 1078/1835/232 1085/1836/232 1084/1837/232 1079/1838/232
f 1079/1838/168 1084/1837/168 1080/1573/554 1075/1572/554
f 1090/1650/552 1087/1649/552 1089/1839/295 1092/1840/295
f 1092/1840/295 1089/1839/295 1088/1841/296 1093/1842/296
f 1093/1843/506 1088/1844/506 1086/1578/549 1091/1577/549
f 1003/1643/227 1004/1642/227 1081/1832/571 1074/1831/571
f 1099/1845/12 1095/1232/12 1096/1231/12
f 1105/1846/12 1101/1225/12 1102/1224/12
f 1108/1804/222 1111/1847/222 1107/1805/222
f 1114/1848/222 1117/1849/222 1113/1850/222
f 1106/1218/548 1101/1217/548 1105/1851/509 1110/1852/509
f 1110/1852/509 1105/1851/509 1104/1853/504 1111/1854/504
f 1111/1855/504 1104/1856/504 1100/1206/546 1107/1205/546
f 1112/1857/552 1095/1858/552 1099/1859/295 1116/1860/295
f 1116/1860/295 1099/1859/295 1098/1861/296 1117/1862/296
f 1117/1863/506 1098/1864/506 1094/1234/549 1113/1233/549
f 874/1865/223 873/1866/223 1095/1858/552 1112/1857/552
f 1124/1867/12 1119/1227/12 1120/1226/12
f 1125/1868/12 1128/1869/12 1127/1223/12
f 1128/1869/12 1129/1870/12 1127/1223/12
f 1129/1870/12 1130/1871/12 1127/1223/12
f 1130/1871/12 1052/1289/12 1127/1223/12
f 1131/1872/222 1134/1873/222 1045/1193/222
f 1134/1873/222 1135/1874/222 1133/1242/222
f 1135/1874/222 1136/1875/222 1133/1242/222
f 1136/1875/222 1132/1876/222 1133/1242/222
f 1139/1663/222 1143/1877/222 1138/1878/222
f 1125/1724/572 1132/1725/572 1136/1879/602 1128/1880/602
f 1128/1880/602 1136/1879/602 1135/1881/232 1129/1882/232
f 1129/1883/232 1135/1884/232 1134/1885/603 1130/1886/603
f 1130/1886/603 1134/1885/603 1131/1887/545 1126/1888/545
f 1118/1889/579 1138/1890/579 1143/1891/604 1122/1892/604
f 1122/1892/604 1143/1891/604 1142/1893/2 1123/1894/2
f 1123/1895/2 1142/1896/2 1141/1897/605 1124/1898/605
f 1124/1898/605 1141/1897/605 1137/1247/550 1119/1246/550
f 1413/1899/223 1138/1890/579 1118/1889/579 1407/1900/223
f 1149/1901/222 1145/1902/222 1146/1369/222
f 1150/1300/222 1153/1903/222 1152/1301/222
f 1162/1283/12 1163/1282/12 1165/1904/12
f 1154/1905/222 1151/1906/222 1152/1301/222
f 1157/1272/12 1160/1907/12 1156/1273/12
f 1163/1282/12 1164/1908/12 1165/1904/12
f 1168/1230/12 1171/1909/12 1167/1662/12
f 1174/1312/222 1177/1910/222 1173/1345/222
f 1183/1911/222 1179/1260/222 1180/1259/222
f 1186/1912/12 1189/1913/12 1185/1653/12
f 1166/1277/554 1173/1276/554 1177/1914/168 1170/1915/168
f 1170/1915/232 1177/1914/232 1176/1916/232 1171/1917/232
f 1171/1918/225 1176/1919/225 1172/1721/571 1167/1720/571
f 1161/1723/546 1151/1722/546 1154/1920/502 1164/1921/502
f 1164/1922/508 1154/1923/508 1153/1924/508 1165/1925/508
f 1165/1925/447 1153/1924/447 1150/1306/548 1162/1305/548
f 1155/1304/549 1145/1307/549 1149/1926/506 1159/1927/506
f 1159/1928/296 1149/1929/296 1148/1930/296 1160/1931/296
f 1160/1931/400 1148/1930/400 1144/1253/552 1156/1252/552
f 1178/1275/553 1185/1274/553 1189/1932/230 1182/1933/230
f 1182/1934/2 1189/1935/2 1188/1936/2 1183/1937/2
f 1183/1937/114 1188/1936/114 1184/1251/551 1179/1250/551
f 1241/1938/550 1235/1939/572 1255/1940/572 1249/1941/550
f 1195/1942/222 1191/1316/222 1192/1279/222 1193/1375/222
f 1200/1943/12 1197/1141/12 1198/1140/12 1199/1335/12
f 1206/1944/12 1202/1330/12 1203/1329/12 1204/1945/12
f 1211/1946/222 1208/1717/222 1209/1715/222
f 1207/1947/606 1197/1948/606 1200/1949/607 1211/1950/607
f 1211/1951/608 1200/1952/608 1196/1700/570 1208/1699/570
f 1190/1325/557 1202/1324/557 1206/1953/603 1195/1954/603
f 1195/1955/602 1206/1956/602 1201/1957/609 1191/1958/609
f 1197/1948/606 1207/1947/606 1191/1958/609 1201/1957/609
f 1213/1294/222 1216/1959/222 1009/1701/222
f 1273/1960/12 1221/1961/12 1217/1962/12
f 1226/1963/222 1227/1377/222 1194/1374/222 1224/1964/222
f 1222/1372/222 1225/1965/222 1224/1964/222 966/1370/222
f 1010/1743/577 1009/1742/577 1216/1966/610 1219/1967/610
f 1219/1967/611 1216/1966/611 1215/1968/611 1220/1969/611
f 1220/1970/612 1215/1971/612 1214/1972/612 1221/1973/612
f 1221/1973/613 1214/1972/613 1212/1730/574 1217/1729/574
f 1222/1751/578 1229/1750/578 1233/1974/614 1225/1975/614
f 1225/1976/615 1233/1977/615 1232/1978/615 1226/1979/615
f 1226/1979/616 1232/1978/616 1231/1980/616 1227/1981/616
f 1227/1981/617 1231/1980/617 1228/1733/576 1223/1732/576
f 1236/1302/222 1240/1982/222 1235/1303/222
f 1247/1983/222 1242/1708/222 1243/1707/222
f 1250/1298/12 1254/1984/12 1249/1985/12
f 1261/1986/12 1256/1987/12 1257/1244/12
f 1234/1198/545 1256/1201/545 1261/1988/603 1238/1989/603
f 1238/1989/603 1261/1988/603 1260/1990/232 1239/1991/232
f 1239/1992/232 1260/1993/232 1259/1994/602 1240/1995/602
f 1240/1995/602 1259/1994/602 1255/1940/572 1235/1939/572
f 1241/1938/550 1249/1941/550 1254/1996/605 1245/1997/605
f 1245/1997/605 1254/1996/605 1253/1998/2 1246/1999/2
f 1246/2000/2 1253/2001/2 1252/2002/604 1247/2003/604
f 1247/2003/604 1252/2002/604 1248/1755/579 1242/1754/579
f 1237/1664/222 1139/1663/222 1138/1878/222 1413/2004/222
f 1264/2005/222 1269/2006/222 1263/1202/222
f 1277/2007/12 1271/1379/12 1251/1297/12
f 1262/1209/547 1271/1212/547 1277/2008/618 1266/2009/618
f 1266/2009/618 1277/2008/618 1276/2010/619 1267/2011/619
f 1267/2012/620 1276/2013/620 1275/2014/620 1268/2015/620
f 1268/2015/621 1275/2014/621 1274/2016/622 1269/2017/622
f 1269/2018/622 1274/2019/622 1270/2020/623 1263/2021/623
f 1263/2021/623 1270/2020/623 1406/2022/624 1409/2023/624
f 1331/1590/222 1330/2024/222 1281/1551/222 920/1563/222 916/1591/222
f 1403/2025/223 1337/2026/551 1342/2027/551 1404/2028/223
f 1342/1175/12 1346/2029/12 1345/1176/12
f 1086/1291/12 1305/2030/12 1301/1367/12
f 1286/1354/559 1279/1353/559 1285/2031/625 1290/2032/625
f 1290/2032/625 1285/2031/625 1284/2033/626 1291/2034/626
f 1291/2035/627 1284/2036/627 1283/2037/627 1292/2038/627
f 1292/2038/628 1283/2037/628 1282/2039/629 1293/2040/629
f 1293/2041/629 1282/2042/629 1278/1582/564 1287/1585/564
f 1294/1351/558 1301/1350/558 1305/2043/630 1296/2044/630
f 1296/2044/630 1305/2043/630 1304/2045/631 1297/2046/631
f 1297/2047/632 1304/2048/632 1303/2049/632 1298/2050/632
f 1298/2050/633 1303/2049/633 1302/2051/634 1299/2052/634
f 1299/2053/634 1302/2054/634 1300/1660/568 1295/1659/568
f 1296/2055/222 1297/1828/222 1091/1191/222
f 1308/2056/12 1309/2057/12 1052/1289/12
f 1306/2058/635 1313/2059/635 1317/2060/636 1308/2061/636
f 1308/2061/636 1317/2060/636 1316/2062/637 1309/2063/637
f 1309/2064/638 1316/2065/638 1315/2066/638 1310/2067/638
f 1310/2067/639 1315/2066/639 1314/2068/640 1311/2069/640
f 1311/2069/640 1314/2068/640 1312/1284/555 1307/1287/555
f 1306/2058/635 1387/2070/223 1388/2071/223 1313/2059/635
f 1320/1125/12 1326/2072/12 1319/1126/12
f 1330/2024/222 1335/2073/222 1328/1189/222 1329/1188/222
f 1318/1184/543 1328/1183/543 1335/2074/641 1324/2075/641
f 1324/2075/642 1335/2074/642 1334/2076/642 1325/2077/642
f 1325/2077/643 1334/2076/643 1333/2078/643 1326/2079/643
f 1326/2080/644 1333/2081/644 1327/2082/645 1319/2083/645
f 1327/2082/645 1395/2084/227 1393/2085/227 1319/2083/645
f 1341/2086/222 1337/1181/222 1338/1180/222
f 1344/1588/12 1347/2087/12 1343/1117/12
f 1342/2027/551 1337/2026/551 1341/2088/1 1346/2089/1
f 1346/2089/1 1341/2088/1 1340/2090/2 1347/2091/2
f 1347/2092/230 1340/2093/230 1336/2094/553 1343/2095/553
f 1336/2094/553 871/2096/229 869/2097/229 1343/2095/553
f 1054/1196/12 1055/1791/12 1053/1197/12
f 1043/1357/222 1046/1790/222 888/1358/222
f 1053/1197/12 1056/1792/12 1057/2098/12 889/1365/12
f 1031/1347/222 1049/1656/222 1044/1348/222
f 889/1365/12 1057/2098/12 1051/1366/12
f 1298/1829/222 1299/2099/222 1314/1192/222
f 1102/1224/12 1066/2100/12 1103/1235/12
f 1059/2101/222 1109/1241/222 1108/1804/222
f 1336/1579/222 1340/2102/222 1339/1580/222
f 1092/2103/222 1045/1193/222 1133/1242/222 1090/2104/222
f 1045/1193/222 1134/1873/222 1133/1242/222
f 1052/1289/12 1126/2105/12 1639/2106/12 1306/2107/12
f 1415/2108/222 1313/2109/222 1388/2110/222
f 1052/1289/12 1130/1871/12 1126/2105/12
f 1052/1289/12 1089/2111/12 1087/2112/12 1127/1223/12
f 1327/2113/222 1332/1179/222 1403/1182/222 1395/2114/222
f 1100/1238/12 1104/2115/12 1103/1235/12
f 1110/2116/222 1111/1847/222 1108/1804/222 1109/1241/222
f 1104/2115/12 1105/1846/12 1102/1224/12 1103/1235/12
f 1106/1240/222 1110/2116/222 1109/1241/222
f 1127/1223/12 1087/2112/12 1066/2100/12 1102/1224/12
f 1090/2104/222 1133/1242/222 1109/1241/222 1059/2101/222
f 1108/1804/222 1061/1758/222 1064/2117/222 1065/2118/222
f 1061/1758/222 1063/2119/222 1064/2117/222
f 1071/1807/12 1072/1809/12 1068/1648/12
f 1058/2120/222 1062/2121/222 1018/1760/222
f 864/1236/12 1103/1235/12 1068/1648/12
f 863/1803/222 1061/1758/222 1108/1804/222
f 1070/1808/12 1103/1235/12 1066/2100/12
f 1018/1760/222 1062/2121/222 1063/2119/222 1061/1758/222
f 1023/1811/12 1073/1810/12 1067/2122/12
f 1059/2101/222 1108/1804/222 1065/2118/222
f 1061/1758/222 1021/2123/222 1022/1759/222
f 1023/1811/12 1025/2124/12 1068/1648/12
f 1060/1172/505 1069/1171/505 868/1178/505 867/1177/505
f 1017/1646/222 1019/2125/222 1060/1647/222
f 1027/2126/12 1028/1761/12 1069/1644/12
f 1025/2124/12 1026/2127/12 1068/1648/12
f 1020/2128/222 1021/2123/222 1061/1758/222 1060/1647/222
f 1026/2127/12 1027/2126/12 1069/1644/12 1068/1648/12
f 1019/2125/222 1020/2128/222 1060/1647/222
f 1080/2129/12 1084/2130/12 1083/1164/12
f 1078/2131/222 1079/1824/222 1076/1639/222 1077/1633/222
f 1084/2130/12 1085/1826/12 1082/1165/12 1083/1164/12
f 1074/1632/222 1078/2131/222 1077/1633/222
f 1303/1830/12 1304/2132/12 1086/1291/12 1311/1290/12
f 1044/1348/222 1058/2120/222 1018/1760/222 1029/1774/222
f 1030/1338/222 1035/2133/222 1000/1339/222
f 1042/1336/12 1050/1195/12 1053/1197/12
f 1067/2122/12 1050/1195/12 1037/1337/12 1023/1811/12
f 1032/1349/222 1033/2134/222 1031/1347/222
f 1036/1586/12 1039/2135/12 1038/1565/12
f 1034/2136/222 1035/2133/222 1030/1338/222 1280/1359/222
f 1039/2135/12 1040/2137/12 1289/1557/12 1038/1565/12
f 1052/1289/12 1310/2138/12 1311/1290/12
f 1040/2137/12 1041/1775/12 1053/1197/12 1289/1557/12
f 1033/2134/222 1034/2136/222 1280/1359/222 1031/1347/222
f 1294/1356/222 1296/2055/222 1091/1191/222
f 1086/1291/12 1304/2132/12 1305/2030/12
f 1314/1192/222 1315/1657/222 1045/1193/222
f 887/1560/12 1300/1568/12 1307/1570/12 1391/1561/12
f 1045/1193/222 1092/2103/222 1093/1194/222
f 1309/2057/12 1310/2138/12 1052/1289/12
f 1308/2056/12 1052/1289/12 1306/2107/12
f 1316/1658/222 1317/2139/222 1045/1193/222
f 1089/2111/12 1052/1289/12 1088/1288/12
f 1313/2109/222 1045/1193/222 1317/2139/222
f 1313/2109/222 1415/2108/222 1131/1872/222 1045/1193/222
f 1346/2029/12 1347/2087/12 1344/1588/12 1345/1176/12
f 1415/2140/227 1639/2141/227 1126/1888/545 1131/1887/545
f 1306/2107/12 1639/2106/12 1387/2142/12
f 1390/1567/222 1312/2143/222 1295/2144/222 886/1566/222
f 1114/1848/222 1140/1342/222 1152/1301/222 1151/1906/222
f 1161/2145/12 1164/1908/12 1163/1282/12
f 1153/1903/222 1154/1905/222 1152/1301/222
f 1255/1281/12 1259/2146/12 1258/1243/12
f 1236/1302/222 1239/2147/222 1240/1982/222
f 1259/2146/12 1260/2148/12 1258/1243/12
f 1238/2149/222 1239/2147/222 1236/1302/222 1237/1664/222
f 1260/2148/12 1261/1986/12 1257/1244/12 1258/1243/12
f 1234/2150/222 1238/2149/222 1237/1664/222
f 1118/1674/12 1122/2151/12 1121/1245/12
f 1140/1342/222 1142/2152/222 1143/1877/222 1139/1663/222
f 1141/2153/222 1142/2152/222 1140/1342/222
f 1122/2151/12 1123/2154/12 1120/1226/12 1121/1245/12
f 1137/1344/222 1141/2153/222 1140/1342/222
f 1123/2154/12 1124/1867/12 1120/1226/12
f 1425/2155/12 1407/1673/12 1257/1244/12 1256/1987/12
f 1234/2150/222 1237/1664/222 1413/2004/222 1427/2156/222
f 1163/1282/12 1258/1243/12 1121/1245/12 1120/1226/12
f 1152/1301/222 1140/1342/222 1139/1663/222 1236/1302/222
f 1094/2157/12 1098/2158/12 1097/1661/12
f 1116/2159/222 1117/1849/222 1114/1848/222 1115/1310/222
f 1098/2158/12 1099/1845/12 1096/1231/12 1097/1661/12
f 1112/1309/222 1116/2159/222 1115/1310/222
f 1097/1661/12 1167/1662/12 1161/2145/12
f 1115/1310/222 1114/1848/222 1172/2160/222 1175/1311/222
f 1170/2161/12 1171/1909/12 1168/1230/12 1169/1229/12
f 883/1655/12 1169/1229/12 1095/1232/12 873/2162/12
f 1166/1654/12 1170/2161/12 1169/1229/12
f 1172/2160/222 1176/2163/222 1177/1910/222 1174/1312/222 1175/1311/222
f 1120/1226/12 1097/1661/12 1161/2145/12 1163/1282/12
f 1172/2160/222 1114/1848/222 1151/1906/222
f 1188/2164/12 1189/1913/12 1186/1912/12 1187/1523/12
f 1184/2165/12 1188/2164/12 1187/1523/12
f 1178/1346/222 1182/2166/222 1181/2167/222
f 1182/2166/222 1183/1911/222 1180/1259/222 1181/2167/222
f 1159/2168/12 1160/1907/12 1157/1272/12 1158/1299/12
f 1155/2169/12 1159/2168/12 1158/1299/12
f 1144/1261/222 1148/2170/222 1147/1368/222
f 1148/2170/222 1149/1901/222 1146/1369/222 1147/1368/222
f 945/1271/12 1272/1296/12 1158/1299/12 1157/1272/12
f 1243/1707/222 1265/1293/222 1146/1369/222 1244/2171/222
f 1250/1298/12 1253/2172/12 1254/1984/12
f 1252/2173/12 1253/2172/12 1250/1298/12 1251/1297/12
f 1241/2174/222 1245/2175/222 1244/2171/222
f 1245/2175/222 1246/2176/222 1244/2171/222
f 1248/2177/12 1252/2173/12 1251/1297/12
f 1246/2176/222 1247/1983/222 1243/1707/222 1244/2171/222
f 1250/1298/12 1249/1985/12 1155/2169/12 1158/1299/12
f 1146/1369/222 1145/1902/222 1241/2174/222 1244/2171/222
f 1249/1985/12 1255/1281/12 1162/1283/12 1155/2169/12
f 1145/1902/222 1150/1300/222 1235/1303/222 1241/2174/222
f 1186/1912/12 1185/1653/12 883/1655/12 882/2178/12
f 881/2179/222 884/1313/222 1178/1346/222 1181/2167/222
f 1187/1523/12 941/1270/12 1156/1273/12 1184/2165/12
f 950/1680/222 1349/1679/222 1351/2180/222 954/2181/222
f 951/2182/12 1348/2183/12 870/1676/12 947/1675/12
f 1349/1682/505 1348/1681/505 1350/2184/505 1351/2185/505
f 1351/2185/505 1350/2184/505 882/1255/505 881/1254/505
f 955/2186/12 1350/2187/12 1348/2183/12 951/2182/12
f 954/2181/222 1351/2180/222 881/2179/222 1353/1263/222
f 956/2188/222 1353/1263/222 962/1262/222
f 1180/1259/222 1353/1263/222 881/2179/222 1181/2167/222
f 1352/1524/12 882/2178/12 1350/2187/12 955/2186/12
f 1352/1524/12 1187/1523/12 1186/1912/12 882/2178/12
f 944/1292/222 940/1258/222 1144/1261/222 1147/1368/222
f 957/1672/12 1352/1524/12 955/2186/12
f 956/2188/222 954/2181/222 1353/1263/222
f 1201/1137/12 1206/1944/12 1204/1945/12 1205/1138/12
f 1190/1376/222 1195/1942/222 1193/1375/222 1194/1374/222
f 1204/1945/12 1203/1329/12 973/1703/12
f 968/2189/222 1224/1964/222 1194/1374/222 972/1373/222
f 973/1703/12 975/1706/12 1205/1138/12 1204/1945/12
f 972/1373/222 1193/1375/222 1192/1279/222 974/1278/222
f 1196/2190/12 1200/1943/12 1199/1335/12
f 1207/1314/222 1211/1946/222 1209/1715/222 1210/1315/222
f 1199/1335/12 834/1332/12 1432/1334/12 1196/2190/12
f 1357/2191/222 885/1716/222 1431/1718/222
f 1230/1704/12 1232/2192/12 1233/2193/12
f 1355/1331/222 1190/1376/222 1223/1378/222
f 1219/2194/12 1220/2195/12 1272/1296/12 1218/1528/12
f 1225/1965/222 1226/1963/222 1224/1964/222
f 891/1665/12 1228/1327/12 1429/1719/12
f 890/1204/222 1355/1331/222 1223/1378/222
f 966/1370/222 1224/1964/222 968/2189/222
f 1230/1704/12 1233/2193/12 1229/1213/12 967/1215/12
f 1429/1719/12 1228/1327/12 1202/1330/12
f 969/1705/12 1230/1704/12 967/1215/12
f 1231/1328/12 1232/2192/12 1230/1704/12 1203/1329/12
f 1010/1527/12 1219/2194/12 1218/1528/12
f 1214/2196/222 1215/2197/222 1265/1293/222 1264/2005/222
f 1212/2198/222 1214/2196/222 1264/2005/222
f 1270/1667/12 1274/2199/12 1273/1960/12
f 1265/1293/222 1215/2197/222 1216/1959/222 1213/1294/222
f 1272/1296/12 1220/2195/12 1221/1961/12 1273/1960/12
f 877/1343/222 879/1239/222 1133/1242/222 1132/1876/222
f 878/1228/12 1125/1868/12 1127/1223/12 880/1222/12
f 1274/2199/12 1275/2200/12 1273/1960/12
f 1264/2005/222 1268/2201/222 1269/2006/222
f 1265/1293/222 1267/2202/222 1268/2201/222 1264/2005/222
f 1275/2200/12 1276/2203/12 1272/1296/12 1273/1960/12
f 1266/2204/222 1267/2202/222 1265/1293/222 1243/1707/222
f 1276/2203/12 1277/2007/12 1251/1297/12 1272/1296/12
f 1262/2205/222 1266/2204/222 1243/1707/222
f 1248/2177/12 1251/1297/12 1410/1380/12 1421/2206/12
f 1262/2205/222 1243/1707/222 1411/1710/222
f 1217/1962/12 891/1665/12 1270/1667/12 1273/1960/12
f 1264/2005/222 1263/1202/222 890/1204/222 1212/2198/222
f 1097/1661/12 1120/1226/12 880/1222/12 1094/2157/12
f 1114/1848/222 1113/1850/222 879/1239/222 1140/1342/222
f 1286/1556/12 1290/2207/12 1288/1546/12 1289/1557/12
f 1284/2208/222 1285/1552/222 1281/1551/222 1330/2024/222
f 1323/1553/12 1292/2209/12 1293/1554/12
f 1278/1187/222 1282/2210/222 1329/1188/222
f 1291/2211/12 1292/2209/12 1323/1553/12 1322/1547/12
f 1282/2210/222 1283/2212/222 1329/1188/222
f 1290/2207/12 1291/2211/12 1322/1547/12 1288/1546/12
f 1283/2212/222 1284/2208/222 1330/2024/222 1329/1188/222
f 1318/2213/12 1324/2214/12 1322/1547/12 1323/1553/12
f 1325/2215/12 1326/2072/12 1320/1125/12 1321/1548/12
f 1327/2113/222 1333/2216/222 1332/1179/222
f 1334/2217/222 1335/2073/222 1330/2024/222 1331/1590/222
f 1324/2214/12 1325/2215/12 1321/1548/12 1322/1547/12
f 1333/2216/222 1334/2217/222 1331/1590/222 1332/1179/222
f 1318/2213/12 1323/1553/12 1287/1555/12 1397/1562/12
f 886/1566/222 1278/1187/222 1399/1190/222
f 1314/1192/222 1299/2099/222 1295/2144/222 1312/2143/222
f 1340/2102/222 1341/2086/222 1338/1180/222 1339/1580/222
f 913/1589/12 1344/1588/12 1343/1117/12 909/1116/12
f 871/1542/222 1336/1579/222 908/1543/222
f 1004/1641/12 936/1640/12 1082/1165/12 1081/1827/12
f 930/1638/222 931/1630/222 1077/1633/222
f 1083/1164/12 868/1168/12 1024/1645/12 1080/2129/12
f 1075/1825/222 1017/1646/222 867/1611/222 1076/1639/222
f 1456/2218/12 1400/2219/12 1891/2220/12
f 1357/1119/227 1430/2221/227 1354/2222/227 1356/1120/227
f 1393/1123/12 1867/2223/12 1868/2224/12 1404/1124/12
f 1372/2225/167 1380/2226/167 1405/2227/229 1401/2228/229
f 1379/2229/226 1381/2230/225 1378/2231/225 1373/2232/226
f 1381/2230/225 1382/2233/228 1377/2234/228 1378/2231/225
f 1749/2235/12 1745/2236/12 1746/2237/12 1555/2238/12 1753/2239/12
f 1384/2240/233 1385/2241/168 1374/2242/168 1375/2243/233
f 1385/2241/168 1380/2226/167 1372/2225/167 1374/2242/168
f 1358/2244/224 1360/2245/114 1371/2246/114 1366/2247/224
f 1360/2245/114 1361/2248/1 1370/2249/1 1371/2246/114
f 1361/2248/1 1362/2250/2 1369/2251/2 1370/2249/1
f 1362/2250/2 1363/2252/221 1368/2253/221 1369/2251/2
f 1363/2254/221 1364/2255/230 1367/2256/230 1368/2257/221
f 1364/2255/230 1359/2258/231 1365/2259/231 1367/2256/230
f 1366/2247/224 1539/2260/223 1540/2261/223 1358/2244/224
f 1630/2262/12 1398/2263/12 1486/2264/12 1484/2265/12 1629/2266/12
f 1386/2267/229 1607/2268/229 1616/2269/229 1389/2270/229
f 1392/2271/229 1365/2259/231 1359/2258/231 1394/2272/229
f 1404/1124/12 1868/2224/12 1893/2273/12 1890/2274/12
f 1396/2275/229 1392/2271/229 1394/2272/229 1398/2276/229
f 1880/2277/222 1403/1182/222 1885/2278/222 1886/2279/222
f 1876/2280/646 1399/2281/647 1397/2282/647 1866/2283/646
f 1826/2284/222 1399/1190/222 1876/2285/222 1877/2286/222
f 1638/2287/222 1641/2288/222 1592/2289/222 1862/2290/222
f 1597/2291/12 1600/2292/12 1601/2293/12
f 1782/2294/648 1804/2295/648 1425/1200/227 1427/1199/227
f 1811/2296/222 1437/2297/222 1409/1203/222
f 1655/2298/571 1416/2299/227 1414/2300/227 1648/2301/571
f 1810/2302/649 1819/2303/649 1410/1211/227 1411/1210/227
f 1777/2304/12 1514/2305/12 1562/2306/12
f 1420/2307/229 1419/2308/229 1654/2309/554 1649/2310/554
f 1416/2311/229 1386/2267/229 1389/2270/229 1414/2312/229
f 1420/2313/12 1649/2314/12 1650/2315/12 1675/2316/12
f 1668/2317/12 1420/2313/12 1418/2318/12 1667/2319/12
f 1717/2320/12 1643/2321/12 1644/2322/12 1716/2323/12
f 1420/2307/229 1642/2324/553 1661/2325/553 1419/2308/229
f 1651/2326/12 1648/2327/12 1414/2328/12 1389/2329/12
f 1419/2330/222 1681/2331/222 1657/2332/222 1654/2333/222
f 1806/2334/12 1669/2335/12 1805/2336/12
f 1667/2337/650 1418/2338/505 1417/2339/505 1685/2340/650
f 1727/2341/552 1692/2342/551 1704/2343/551 1732/2344/552
f 1422/2345/229 1428/2346/229 1426/2347/229 1424/2348/229
f 1487/2349/222 1692/2350/222 1727/2351/222 1728/2352/222
f 1509/2353/222 1487/2349/222 1728/2352/222 1901/2354/222
f 1428/2346/229 1412/2355/229 1408/2356/229 1426/2347/229
f 1489/2357/222 1493/2358/222 1405/2359/222 1380/2360/222
f 1488/2361/12 1704/2362/12 1705/2363/12 1492/2364/12
f 1733/2365/549 1714/2366/548 1721/2367/548 1726/2368/549
f 1521/2369/222 1554/2370/222 1740/2371/222
f 1803/2372/12 1710/2373/12 1711/2374/12 1806/2334/12
f 1860/2375/651 1855/2376/651 1391/2377/652 1390/2378/652
f 1635/2379/12 1633/2380/12 1859/2381/12 1599/2382/12
f 1491/2383/222 1495/2384/222 1761/2385/222 1813/2386/222
f 1820/2387/12 1706/2388/12 1798/2389/12 1799/2390/12
f 1698/2391/222 1783/2392/222 1784/2393/222 1700/2394/222
f 1703/2395/553 1693/2396/553 1698/2397/554 1710/2398/554
f 1412/2399/222 1428/2400/222 1722/2401/222 1723/2402/222 1663/2403/222 1660/2404/222
f 1755/2405/222 1739/2406/222 1740/2371/222 1554/2370/222 1758/2407/222
f 1383/2408/232 1384/2240/233 1375/2243/233 1376/2409/232
f 1382/2233/228 1383/2410/232 1376/2411/232 1377/2234/228
f 1430/2221/227 1554/2412/227 1555/2413/227 1354/2222/227
f 1429/1323/227 1355/1326/227 1738/2414/653 1750/2415/653
f 1776/2416/12 1750/2417/12 1751/2418/12 1779/2419/12
f 1409/1203/222 1437/2297/222 1355/1331/222
f 1354/2420/12 1432/1334/12 1356/1333/12
f 1747/2421/12 1354/2420/12 1555/2238/12 1746/2237/12
f 1597/2291/12 1584/2422/12 1589/2423/12
f 1577/2424/222 1469/2425/222 1471/2426/222 1547/2427/222
f 1688/2428/222 1685/2429/222 1417/2430/222 1419/2330/222
f 1428/2400/222 1726/2431/222 1721/2432/222 1722/2401/222
f 1578/2433/222 1579/2434/222 1591/2435/222
f 1849/2436/654 1436/2437/505 1834/2438/655 1827/2439/655 1435/2440/505 1842/2441/654
f 1842/2442/222 1435/2443/222 1590/2444/222 1638/2287/222
f 1435/2443/222 1827/2445/222 1828/2446/222 1578/2433/222
f 1605/2447/656 1614/2448/656 1597/2449/657 1591/2450/657
f 1436/2451/12 1849/2452/12 1633/2380/12 1598/2453/12
f 1813/2386/222 1694/2454/222 1695/2455/222 1491/2383/222
f 1513/2456/222 1770/2457/222 1563/2458/222
f 1519/2459/222 1741/2460/222 1742/2461/222
f 1738/2462/222 1771/2463/222 1775/2464/222 1742/2461/222
f 1799/2390/12 1410/1380/12 1819/2465/12
f 1440/2466/227 1444/2467/225 1443/2468/225 1439/2469/227
f 1447/2470/228 1443/2468/225 1444/2467/225 1448/2471/228
f 1448/2471/228 1452/2472/232 1451/2473/232 1447/2470/228
f 1451/2474/232 1452/2475/232 1456/2476/233 1455/2477/233
f 1459/2478/168 1455/2477/233 1456/2476/233 1460/2479/168
f 1459/2478/168 1460/2479/168 1464/2480/229 1463/2481/229
f 1463/2481/229 1464/2480/229 1468/2482/230 1467/2483/230
f 1467/2483/230 1468/2482/230 1470/2484/221 1469/2485/221
f 1469/2486/221 1470/2487/221 1472/2488/2 1471/2489/2
f 1471/2489/2 1472/2488/2 1474/2490/1 1473/2491/1
f 1473/2491/1 1474/2490/1 1476/2492/114 1475/2493/114
f 1475/2493/114 1476/2492/114 1481/2494/223 1480/2495/223
f 1480/2495/223 1481/2494/223 1482/2496/400 1479/2497/400
f 1479/2497/400 1482/2496/400 1483/2498/295 1478/2499/295
f 1478/2499/295 1483/2498/295 1484/2500/296 1477/2501/296
f 1484/2502/296 1486/2503/500 1485/2504/500 1477/2505/296
f 1441/2506/506 1485/2504/500 1486/2503/500 1442/2507/506
f 1442/2507/506 1446/2508/505 1445/2509/505 1441/2506/506
f 1446/2508/505 1450/2510/447 1449/2511/447 1445/2509/505
f 1453/2512/509 1449/2511/447 1450/2510/447 1454/2513/509
f 1454/2513/509 1458/2514/508 1457/2515/508 1453/2512/509
f 1458/2516/508 1462/2517/504 1461/2518/504 1457/2519/508
f 1465/2520/502 1461/2518/504 1462/2517/504 1466/2521/502
f 1466/2521/502 1440/2466/227 1439/2469/227 1465/2520/502
f 1453/2522/222 1457/2523/222 1461/2524/222 1465/2525/222 1439/2526/222 1366/2527/222 1371/2528/222 1370/2529/222 1369/2530/222 1368/2531/222
f 1445/2532/222 1449/2533/222 1453/2522/222 1368/2531/222 1367/2534/222 1365/2535/222
f 1359/2536/12 1364/2537/12 1363/2538/12 1454/2539/12 1450/2540/12 1446/2541/12
f 1466/2542/12 1462/2543/12 1458/2544/12 1454/2539/12 1363/2538/12 1362/2545/12 1361/2546/12 1360/2547/12
f 1488/2548/227 1492/2549/225 1491/2550/225 1487/2551/227
f 1492/2549/225 1496/2552/228 1495/2553/228 1491/2550/225
f 1496/2552/228 1500/2554/232 1499/2555/232 1495/2553/228
f 1499/2556/232 1500/2557/232 1506/2558/233 1505/2559/233
f 1505/2559/233 1506/2558/233 1508/2560/168 1507/2561/168
f 1507/2561/168 1508/2560/168 1512/2562/229 1511/2563/229
f 1511/2563/229 1512/2562/229 1514/2564/230 1513/2565/230
f 1513/2565/230 1514/2564/230 1516/2566/221 1515/2567/221
f 1515/2568/221 1516/2569/221 1520/2570/2 1519/2571/2
f 1521/2572/1 1519/2571/2 1520/2570/2 1522/2573/1
f 1523/2574/114 1521/2572/1 1522/2573/1 1524/2575/114
f 1523/2574/114 1524/2575/114 1527/2576/223 1526/2577/223
f 1526/2577/223 1527/2576/223 1529/2578/400 1528/2579/400
f 1528/2579/400 1529/2578/400 1531/2580/295 1530/2581/295
f 1530/2581/295 1531/2580/295 1533/2582/296 1532/2583/296
f 1533/2584/296 1534/2585/500 1525/2586/500 1532/2587/296
f 1534/2585/500 1536/2588/506 1535/2589/506 1525/2586/500
f 1489/2590/505 1535/2589/506 1536/2588/506 1490/2591/505
f 1490/2591/505 1494/2592/447 1493/2593/447 1489/2590/505
f 1497/2594/509 1493/2593/447 1494/2592/447 1498/2595/509
f 1498/2595/509 1502/2596/508 1501/2597/508 1497/2594/509
f 1502/2598/508 1504/2599/504 1503/2600/504 1501/2601/508
f 1509/2602/502 1503/2600/504 1504/2599/504 1510/2603/502
f 1510/2603/502 1488/2548/227 1487/2551/227 1509/2602/502
f 1530/2604/222 1532/2605/222 1383/2606/222 1382/2607/222
f 1488/2361/12 1510/2608/12 1900/2609/12 1735/2610/12
f 1500/2611/12 1496/2612/12 1766/2613/12 1557/2614/12
f 1527/2615/12 1524/2616/12 1552/2617/12 1373/2618/12
f 1440/2619/12 1466/2542/12 1360/2547/12 1358/2620/12
f 1394/2621/12 1359/2536/12 1446/2541/12 1442/2622/12
f 1441/2623/222 1445/2532/222 1365/2535/222 1392/2624/222
f 1456/2218/12 1452/2625/12 1518/2626/12 1400/2219/12
f 1402/2627/222 1517/2628/222 1451/2629/222 1455/2630/222
f 1836/2631/12 1468/2632/12 1464/2633/12 1869/2634/12 1870/2635/12
f 1829/2636/222 1828/2446/222 1827/2445/222 1833/2637/222
f 1871/2638/12 1835/2639/12 1841/2640/12
f 1436/2451/12 1600/2292/12 1837/2641/12 1834/2642/12
f 1578/2433/222 1595/2643/222 1594/2644/222
f 1434/2645/12 1397/1562/12 1391/1561/12
f 1829/2636/222 1467/2646/222 1469/2425/222 1577/2424/222 1828/2446/222
f 1837/2641/12 1585/2647/12 1470/2648/12 1468/2632/12 1836/2631/12
f 1433/2649/222 1390/1567/222 1399/1190/222
f 1848/2650/12 1855/2651/12 1859/2381/12 1850/2652/12
f 1564/2653/658 1571/2654/658 1627/2655/548 1622/2656/548
f 1598/2657/659 1633/2658/553 1638/2659/553 1590/2660/659
f 1884/2661/222 1455/2630/222 1459/2662/222 1887/2663/222
f 1397/1562/12 1434/2645/12 1835/2639/12
f 1826/2664/660 1835/2665/660 1434/2666/661 1433/2667/661
f 1583/2668/12 1472/2669/12 1470/2648/12 1585/2647/12
f 1464/2633/12 1460/2670/12 1892/2671/12 1893/2273/12 1868/2224/12 1869/2634/12
f 1880/2277/222 1886/2279/222 1887/2663/222 1459/2662/222 1463/2672/222 1879/2673/222
f 1452/2625/12 1448/2674/12 1537/2675/12 1518/2626/12
f 1517/2628/222 1538/2676/222 1447/2677/222 1451/2629/222
f 1517/2678/223 1402/2679/223 1400/2680/223 1518/2681/223
f 1448/2674/12 1444/2682/12 1540/2683/12 1537/2675/12
f 1538/2676/222 1539/2684/222 1443/2685/222 1447/2677/222
f 1538/2686/223 1517/2678/223 1518/2681/223 1537/2687/223
f 1539/2684/222 1366/2527/222 1439/2526/222 1443/2685/222
f 1539/2260/223 1538/2686/223 1537/2687/223 1540/2261/223
f 1444/2682/12 1440/2619/12 1358/2620/12 1540/2683/12
f 1541/2688/227 1549/2689/227 1548/2690/227 1542/2691/227
f 1398/2263/12 1394/2621/12 1442/2622/12 1486/2264/12
f 1485/2692/222 1441/2623/222 1392/2624/222 1396/2693/222
f 1543/2694/227 1541/2688/227 1542/2691/227 1544/2695/227
f 1544/2696/12 1542/2697/12 1481/2698/12 1476/2699/12
f 1475/2700/222 1480/2701/222 1541/2702/222 1543/2703/222
f 1546/2704/227 1543/2694/227 1544/2695/227 1545/2705/227
f 1545/2706/12 1544/2696/12 1476/2699/12 1474/2707/12
f 1473/2708/222 1475/2700/222 1543/2703/222 1546/2709/222
f 1547/2710/662 1546/2704/227 1545/2705/227 1583/2711/662
f 1583/2668/12 1545/2706/12 1474/2707/12 1472/2669/12
f 1471/2426/222 1473/2708/222 1546/2709/222 1547/2427/222
f 1478/2712/222 1624/2713/222 1621/2714/222 1550/2715/222
f 1542/2697/12 1548/2716/12 1482/2717/12 1481/2698/12
f 1480/2701/222 1479/2718/222 1549/2719/222 1541/2702/222
f 1477/2720/222 1485/2692/222 1396/2693/222 1623/2721/222 1624/2713/222
f 1548/2716/12 1551/2722/12 1483/2723/12 1482/2717/12
f 1549/2689/227 1550/2724/227 1551/2725/227 1548/2690/227
f 1479/2718/222 1478/2712/222 1550/2715/222 1549/2719/222
f 1398/2263/12 1571/2726/12 1616/2727/12
f 1564/2728/222 1396/2693/222 1607/2729/222
f 1483/2723/12 1629/2266/12 1484/2265/12
f 1389/2329/12 1616/2727/12 1615/2730/12
f 1634/2731/551 1613/2732/663 1606/2733/663 1637/2734/551
f 1733/2735/12 1426/2736/12 1717/2320/12 1714/2737/12
f 1578/2433/222 1596/2738/222 1595/2643/222
f 1863/2739/222 1592/2289/222 1864/2740/222
f 1843/2741/664 1433/2667/665 1434/2666/665 1848/2742/664
f 1645/2743/12 1715/2744/12 1716/2323/12 1644/2322/12
f 1784/2393/222 1785/2745/222 1687/2746/222
f 1438/2747/12 1818/2748/12 1406/1666/12
f 1534/2749/12 1533/2750/12 1376/2751/12 1375/2752/12
f 1510/2608/12 1504/2753/12 1900/2609/12
f 1407/1673/12 1805/2336/12 1669/2335/12 1666/2754/12
f 1494/2755/12 1490/2756/12 1372/2757/12 1401/2758/12
f 1493/2358/222 1497/2759/222 1897/2760/222 1405/2359/222
f 1405/2227/229 1897/2761/229 1896/2762/229 1401/2228/229
f 1535/2763/222 1489/2357/222 1380/2360/222 1385/2764/222
f 1490/2756/12 1536/2765/12 1374/2766/12 1372/2757/12
f 1525/2767/222 1535/2763/222 1385/2764/222 1384/2768/222
f 1536/2765/12 1534/2749/12 1375/2752/12 1374/2766/12
f 1532/2605/222 1525/2767/222 1384/2768/222 1383/2606/222
f 1533/2750/12 1531/2769/12 1377/2770/12 1376/2751/12
f 1528/2771/222 1530/2604/222 1382/2607/222 1381/2772/222
f 1526/2773/222 1528/2771/222 1381/2772/222 1379/2774/222
f 1531/2769/12 1529/2775/12 1378/2776/12 1377/2770/12
f 1432/1697/223 1744/2777/666 1756/2778/666 1431/1698/223
f 1529/2775/12 1527/2615/12 1373/2618/12 1378/2776/12
f 1495/2384/222 1499/2779/222 1556/2780/222 1761/2385/222
f 1520/2781/12 1516/2782/12 1778/2783/12 1751/2418/12
f 1524/2616/12 1522/2784/12 1555/2238/12 1552/2617/12
f 1791/2785/222 1411/1710/222 1423/1709/222 1790/2786/222
f 1553/2787/227 1379/2229/226 1373/2232/226 1552/2788/227
f 1523/2789/222 1526/2773/222 1379/2774/222 1553/2790/222
f 1554/2370/222 1430/2791/222 1757/2792/222 1758/2407/222
f 1522/2784/12 1753/2239/12 1555/2238/12
f 1430/2791/222 1431/1718/222 1756/2793/222 1757/2792/222
f 1554/2412/227 1553/2787/227 1552/2788/227 1555/2413/227
f 1521/2369/222 1523/2789/222 1553/2790/222 1554/2370/222
f 1438/2747/12 1406/1666/12 1429/1719/12
f 1715/2794/546 1709/2795/571 1699/2796/571 1720/2797/546
f 1673/2798/667 1680/2799/667 1417/2339/505 1418/2338/505
f 1499/2779/222 1505/2800/222 1556/2780/222
f 1437/2801/668 1760/2802/669 1765/2803/669 1438/2804/668
f 1437/2805/670 1438/2806/670 1776/2807/671 1771/2808/671
f 1505/2800/222 1507/2809/222 1558/2810/222 1556/2780/222
f 1506/2811/12 1500/2611/12 1557/2614/12
f 1507/2809/222 1511/2812/222 1561/2813/222 1558/2810/222
f 1559/2814/505 1557/2815/672 1556/2816/672 1558/2817/505
f 1508/2818/12 1506/2811/12 1557/2614/12 1559/2819/12
f 1511/2812/222 1513/2456/222 1563/2458/222 1561/2813/222
f 1560/2820/505 1559/2814/505 1558/2817/505 1561/2821/505
f 1512/2822/12 1508/2818/12 1559/2819/12 1560/2823/12
f 1777/2824/673 1562/2825/505 1563/2826/505 1770/2827/673
f 1562/2825/505 1560/2820/505 1561/2821/505 1563/2826/505
f 1514/2305/12 1512/2822/12 1560/2823/12 1562/2306/12
f 1790/2828/674 1423/1757/223 1421/1756/223 1796/2829/674
f 1766/2613/12 1496/2612/12 1492/2364/12 1820/2387/12
f 1608/2830/222 1565/2831/222 1569/2832/222
f 1616/2727/12 1571/2726/12 1575/2833/12
f 1570/2834/624 1572/2835/675 1569/2836/675 1565/2837/624
f 1572/2835/675 1573/2838/676 1568/2839/676 1569/2836/675
f 1573/2838/677 1574/2840/677 1567/2841/677 1568/2839/677
f 1574/2842/678 1575/2843/679 1566/2844/679 1567/2845/678
f 1575/2843/679 1571/2654/658 1564/2653/658 1566/2844/679
f 1579/2434/222 1576/2846/222 1591/2435/222
f 1600/2292/12 1589/2423/12 1588/2847/12
f 1576/2848/680 1579/2849/681 1589/2850/681 1584/2851/680
f 1579/2852/681 1580/2853/682 1588/2854/682 1589/2855/681
f 1580/2853/683 1581/2856/683 1587/2857/683 1588/2854/683
f 1581/2858/684 1582/2859/685 1586/2860/685 1587/2861/684
f 1582/2859/685 1547/2710/662 1583/2711/662 1586/2860/685
f 1584/2851/680 1570/2834/624 1565/2837/624 1576/2848/680
f 1593/2862/222 1435/2443/222 1578/2433/222 1594/2644/222
f 1602/2863/12 1600/2292/12 1603/2864/12
f 1597/2449/657 1601/2865/686 1596/2866/686 1591/2450/657
f 1601/2865/686 1602/2867/687 1595/2868/687 1596/2866/686
f 1602/2867/688 1603/2869/688 1594/2870/688 1595/2868/688
f 1603/2871/689 1604/2872/690 1593/2873/690 1594/2874/689
f 1604/2872/690 1598/2657/659 1590/2660/659 1593/2873/690
f 1386/2875/222 1416/2876/222 1655/2877/222 1656/2878/222
f 1618/2879/12 1617/2880/12 1651/2326/12 1615/2730/12
f 1615/2730/12 1570/2881/12 1620/2882/12 1619/2883/12
f 1605/2884/656 1609/2885/691 1620/2886/691 1614/2887/656
f 1609/2885/691 1610/2888/692 1619/2889/692 1620/2886/691
f 1610/2888/693 1611/2890/693 1618/2891/693 1619/2889/693
f 1611/2892/694 1612/2893/695 1617/2894/695 1618/2895/694
f 1612/2893/695 1606/2733/663 1613/2732/663 1617/2894/695
f 1608/2830/222 1607/2729/222 1386/2875/222
f 1623/2721/222 1622/2896/222 1626/2897/222
f 1632/2898/12 1629/2266/12 1628/2899/12
f 1845/2900/222 1638/2287/222 1862/2290/222 1846/2901/222
f 1850/2652/12 1859/2381/12 1851/2902/12
f 1621/2903/546 1625/2904/502 1632/2905/502 1628/2906/546
f 1625/2907/508 1626/2908/508 1631/2909/508 1632/2910/508
f 1626/2908/447 1622/2656/548 1627/2655/548 1631/2909/447
f 1637/2734/551 1640/2911/1 1636/2912/1 1634/2731/551
f 1640/2911/1 1641/2913/2 1635/2914/2 1636/2912/1
f 1641/2915/230 1638/2659/553 1633/2658/553 1635/2916/230
f 1550/2724/227 1621/2903/546 1628/2906/546 1551/2725/227
f 1647/2917/12 1644/2322/12 1643/2321/12
f 1653/2918/12 1650/2315/12 1649/2314/12
f 1656/2878/222 1655/2877/222 1659/2919/222
f 1662/2920/222 1661/2921/222 1665/2922/222
f 1654/2309/554 1658/2923/233 1653/2924/233 1649/2310/554
f 1658/2923/233 1659/2925/228 1652/2926/228 1653/2924/233
f 1659/2927/228 1655/2298/571 1648/2301/571 1652/2928/228
f 1660/2929/551 1664/2930/1 1647/2931/1 1643/2932/551
f 1664/2930/1 1665/2933/2 1646/2934/2 1647/2931/1
f 1665/2935/230 1661/2325/553 1642/2324/553 1646/2936/230
f 1412/2937/223 1660/2929/551 1643/2932/551 1408/2938/223
f 1672/2939/12 1668/2317/12 1667/2319/12
f 1673/2940/12 1675/2316/12 1676/2941/12
f 1676/2941/12 1675/2316/12 1677/2942/12
f 1677/2942/12 1675/2316/12 1678/2943/12
f 1678/2943/12 1675/2316/12 1599/2382/12
f 1679/2944/222 1592/2289/222 1682/2945/222
f 1682/2945/222 1681/2331/222 1683/2946/222
f 1683/2946/222 1681/2331/222 1684/2947/222
f 1684/2947/222 1681/2331/222 1680/2948/222
f 1687/2746/222 1686/2949/222 1691/2950/222
f 1673/2798/667 1676/2951/696 1684/2952/696 1680/2799/667
f 1676/2951/696 1677/2953/508 1683/2954/508 1684/2952/696
f 1677/2955/508 1678/2956/697 1682/2957/697 1683/2958/508
f 1678/2956/697 1674/2959/648 1679/2960/648 1682/2957/697
f 1666/2961/674 1670/2962/698 1691/2963/698 1686/2964/674
f 1670/2962/698 1671/2965/296 1690/2966/296 1691/2963/698
f 1671/2967/296 1672/2968/699 1689/2969/699 1690/2970/296
f 1672/2968/699 1667/2337/650 1685/2340/650 1689/2969/699
f 1413/1899/223 1407/1900/223 1666/2961/674 1686/2964/674
f 1697/2971/222 1694/2454/222 1693/2972/222
f 1698/2391/222 1700/2394/222 1701/2973/222
f 1710/2373/12 1713/2974/12 1711/2374/12
f 1702/2975/222 1700/2394/222 1699/2976/222
f 1705/2363/12 1704/2362/12 1708/2977/12
f 1711/2374/12 1713/2974/12 1712/2978/12
f 1716/2323/12 1715/2744/12 1719/2979/12
f 1722/2401/222 1721/2432/222 1725/2980/222
f 1731/2981/222 1728/2352/222 1727/2351/222
f 1734/2982/12 1733/2735/12 1737/2983/12
f 1714/2366/548 1718/2984/447 1725/2985/447 1721/2367/548
f 1718/2984/508 1719/2986/508 1724/2987/508 1725/2985/508
f 1719/2988/502 1715/2794/546 1720/2797/546 1724/2989/502
f 1709/2795/571 1712/2990/225 1702/2991/225 1699/2796/571
f 1712/2992/232 1713/2993/232 1701/2994/232 1702/2995/232
f 1713/2993/168 1710/2398/554 1698/2397/554 1701/2994/168
f 1703/2395/553 1707/2996/230 1697/2997/230 1693/2396/553
f 1707/2998/2 1708/2999/2 1696/3000/2 1697/3001/2
f 1708/2999/114 1704/2343/551 1692/2342/551 1696/3000/114
f 1726/2368/549 1730/3002/506 1737/3003/506 1733/2365/549
f 1730/3004/296 1731/3005/296 1736/3006/296 1737/3007/296
f 1731/3005/400 1727/2341/552 1732/2344/552 1736/3006/400
f 1789/3008/650 1797/3009/650 1803/3010/667 1783/3011/667
f 1743/3012/222 1741/2460/222 1740/2371/222 1739/2406/222
f 1748/3013/12 1747/2421/12 1746/2237/12 1745/2236/12
f 1754/3014/12 1752/3015/12 1751/2418/12 1750/2417/12
f 1759/3016/222 1757/2792/222 1756/2793/222
f 1755/3017/700 1759/3018/701 1748/3019/701 1745/3020/700
f 1759/3021/702 1756/2778/666 1744/2777/666 1748/3022/702
f 1738/2414/653 1743/3023/697 1754/3024/697 1750/2415/653
f 1743/3025/696 1739/3026/703 1749/3027/703 1754/3028/696
f 1745/3020/700 1749/3027/703 1739/3026/703 1755/3017/700
f 1761/2385/222 1556/2780/222 1764/3029/222
f 1821/3030/12 1765/3031/12 1769/3032/12
f 1774/3033/222 1772/3034/222 1742/2461/222 1775/2464/222
f 1770/2457/222 1513/2456/222 1772/3034/222 1773/3035/222
f 1557/2815/672 1767/3036/704 1764/3037/704 1556/2816/672
f 1767/3036/705 1768/3038/705 1763/3039/705 1764/3037/705
f 1768/3040/706 1769/3041/706 1762/3042/706 1763/3043/706
f 1769/3041/707 1765/2803/669 1760/2802/669 1762/3042/707
f 1770/2827/673 1773/3044/708 1781/3045/708 1777/2824/673
f 1773/3044/709 1774/3046/709 1780/3047/709 1781/3045/709
f 1774/3048/710 1775/3049/710 1779/3050/710 1780/3051/710
f 1775/3049/711 1771/2808/671 1776/2807/671 1779/3050/711
f 1784/2393/222 1783/2392/222 1788/3052/222
f 1795/3053/222 1791/2785/222 1790/2786/222
f 1798/2389/12 1797/3054/12 1802/3055/12
f 1809/3056/12 1805/2336/12 1804/3057/12
f 1782/2294/648 1786/3058/697 1809/3059/697 1804/2295/648
f 1786/3058/697 1787/3060/508 1808/3061/508 1809/3059/697
f 1787/3062/508 1788/3063/696 1807/3064/696 1808/3065/508
f 1788/3063/696 1783/3011/667 1803/3010/667 1807/3064/696
f 1789/3008/650 1793/3066/699 1802/3067/699 1797/3009/650
f 1793/3066/699 1794/3068/296 1801/3069/296 1802/3067/699
f 1794/3070/296 1795/3071/698 1800/3072/698 1801/3073/296
f 1795/3071/698 1790/2828/674 1796/2829/674 1800/3072/698
f 1785/2745/222 1413/2004/222 1686/2949/222 1687/2746/222
f 1812/3074/222 1811/2296/222 1817/3075/222
f 1825/3076/12 1799/2390/12 1819/2465/12
f 1810/2302/649 1814/3077/712 1825/3078/712 1819/2303/649
f 1814/3077/712 1815/3079/713 1824/3080/713 1825/3078/712
f 1815/3081/714 1816/3082/714 1823/3083/714 1824/3084/714
f 1816/3082/715 1817/3085/716 1822/3086/716 1823/3083/715
f 1817/3087/716 1811/3088/717 1818/3089/717 1822/3090/716
f 1811/3088/717 1409/2023/580 1406/2022/580 1818/3089/717
f 1879/2673/222 1463/2672/222 1467/2646/222 1829/2636/222 1878/3091/222
f 1403/2025/223 1404/2028/223 1890/3092/552 1885/3093/552
f 1890/2274/12 1893/2273/12 1894/3094/12
f 1633/2380/12 1849/2452/12 1853/3095/12
f 1834/2438/655 1838/3096/718 1833/3097/718 1827/2439/655
f 1838/3096/718 1839/3098/719 1832/3099/719 1833/3097/718
f 1839/3100/720 1840/3101/720 1831/3102/720 1832/3103/720
f 1840/3101/721 1841/3104/722 1830/3105/722 1831/3102/721
f 1841/3106/722 1835/2665/660 1826/2664/660 1830/3107/722
f 1842/2441/654 1844/3108/723 1853/3109/723 1849/2436/654
f 1844/3108/723 1845/3110/724 1852/3111/724 1853/3109/723
f 1845/3112/725 1846/3113/725 1851/3114/725 1852/3115/725
f 1846/3113/726 1847/3116/727 1850/3117/727 1851/3114/726
f 1847/3116/727 1843/3118/664 1848/3119/664 1850/3117/727
f 1844/3120/222 1638/2287/222 1845/2900/222
f 1856/3121/12 1599/2382/12 1857/3122/12
f 1854/3123/728 1856/3124/729 1865/3125/729 1861/3126/728
f 1856/3124/729 1857/3127/730 1864/3128/730 1865/3125/729
f 1857/3129/731 1858/3130/731 1863/3131/731 1864/3132/731
f 1858/3130/732 1859/3133/733 1862/3134/733 1863/3131/732
f 1859/3133/733 1855/2376/651 1860/2375/651 1862/3134/733
f 1854/3123/728 1861/3126/728 1388/2071/223 1387/2070/223
f 1868/2224/12 1867/2223/12 1874/3135/12
f 1878/3091/222 1877/2286/222 1876/2285/222 1883/3136/222
f 1866/2283/646 1872/3137/734 1883/3138/734 1876/2280/646
f 1872/3137/735 1873/3139/735 1882/3140/735 1883/3138/735
f 1873/3139/736 1874/3141/736 1881/3142/736 1882/3140/736
f 1874/3143/737 1867/3144/738 1875/3145/738 1881/3146/737
f 1875/3145/738 1867/3144/738 1393/2085/227 1395/2084/227
f 1889/3147/222 1886/2279/222 1885/2278/222
f 1892/2671/12 1891/2220/12 1895/3148/12
f 1890/3092/552 1894/3149/295 1889/3150/295 1885/3093/552
f 1894/3149/295 1895/3151/296 1888/3152/296 1889/3150/295
f 1895/3153/506 1891/3154/549 1884/3155/549 1888/3156/506
f 1884/3155/549 1891/3154/549 1400/3157/505 1402/3158/505
f 1601/2293/12 1600/2292/12 1602/2863/12
f 1590/2444/222 1435/2443/222 1593/2862/222
f 1600/2292/12 1436/2451/12 1604/3159/12 1603/2864/12
f 1578/2433/222 1591/2435/222 1596/2738/222
f 1436/2451/12 1598/2453/12 1604/3159/12
f 1846/2901/222 1862/2290/222 1847/3160/222
f 1650/2315/12 1651/2326/12 1613/3161/12
f 1606/3162/222 1656/2878/222 1657/2332/222
f 1884/2661/222 1887/2663/222 1888/3163/222
f 1640/3164/222 1637/3165/222 1681/2331/222 1592/2289/222
f 1592/2289/222 1681/2331/222 1682/2945/222
f 1599/2382/12 1854/3166/12 1639/2106/12 1674/3167/12
f 1415/2108/222 1388/2110/222 1861/3168/222
f 1599/2382/12 1674/3167/12 1678/2943/12
f 1599/2382/12 1675/2316/12 1634/3169/12 1636/3170/12
f 1875/3171/222 1395/2114/222 1403/1182/222 1880/2277/222
f 1648/2327/12 1651/2326/12 1652/3172/12
f 1658/3173/222 1657/2332/222 1656/2878/222 1659/2919/222
f 1652/3172/12 1651/2326/12 1650/2315/12 1653/2918/12
f 1654/2333/222 1657/2332/222 1658/3173/222
f 1675/2316/12 1650/2315/12 1613/3161/12 1634/3169/12
f 1637/3165/222 1606/3162/222 1657/2332/222 1681/2331/222
f 1656/2878/222 1612/3174/222 1611/3175/222 1608/2830/222
f 1608/2830/222 1611/3175/222 1610/3176/222
f 1618/2879/12 1615/2730/12 1619/2883/12
f 1605/3177/222 1565/2831/222 1609/3178/222
f 1389/2329/12 1615/2730/12 1651/2326/12
f 1386/2875/222 1656/2878/222 1608/2830/222
f 1617/2880/12 1613/3161/12 1651/2326/12
f 1565/2831/222 1608/2830/222 1610/3176/222 1609/3178/222
f 1570/2881/12 1614/3179/12 1620/2882/12
f 1606/3162/222 1612/3174/222 1656/2878/222
f 1608/2830/222 1569/2832/222 1568/3180/222
f 1570/2881/12 1615/2730/12 1572/3181/12
f 1607/2268/229 1396/2275/229 1398/2276/229 1616/2269/229
f 1564/2728/222 1607/2729/222 1566/3182/222
f 1574/3183/12 1616/2727/12 1575/2833/12
f 1572/3181/12 1615/2730/12 1573/3184/12
f 1567/3185/222 1607/2729/222 1608/2830/222 1568/3180/222
f 1573/3184/12 1615/2730/12 1616/2727/12 1574/3183/12
f 1566/3182/222 1607/2729/222 1567/3185/222
f 1627/3186/12 1630/2262/12 1631/3187/12
f 1625/3188/222 1624/2713/222 1623/2721/222 1626/2897/222
f 1631/3187/12 1630/2262/12 1629/2266/12 1632/2898/12
f 1621/2714/222 1624/2713/222 1625/3188/222
f 1851/2902/12 1859/2381/12 1633/2380/12 1852/3189/12
f 1591/2435/222 1576/2846/222 1565/2831/222 1605/3177/222
f 1577/2424/222 1547/2427/222 1582/3190/222
f 1589/2423/12 1600/2292/12 1597/2291/12
f 1614/3179/12 1570/2881/12 1584/2422/12 1597/2291/12
f 1579/2434/222 1578/2433/222 1580/3191/222
f 1583/2668/12 1585/2647/12 1586/3192/12
f 1581/3193/222 1828/2446/222 1577/2424/222 1582/3190/222
f 1586/3192/12 1585/2647/12 1837/2641/12 1587/3194/12
f 1599/2382/12 1859/2381/12 1858/3195/12
f 1587/3194/12 1837/2641/12 1600/2292/12 1588/2847/12
f 1580/3191/222 1578/2433/222 1828/2446/222 1581/3193/222
f 1842/2442/222 1638/2287/222 1844/3120/222
f 1633/2380/12 1853/3095/12 1852/3189/12
f 1862/2290/222 1592/2289/222 1863/2739/222
f 1434/2645/12 1391/1561/12 1855/2651/12 1848/2650/12
f 1592/2289/222 1641/2288/222 1640/3164/222
f 1857/3122/12 1599/2382/12 1858/3195/12
f 1856/3121/12 1854/3166/12 1599/2382/12
f 1864/2740/222 1592/2289/222 1865/3196/222
f 1636/3170/12 1635/2379/12 1599/2382/12
f 1861/3168/222 1865/3196/222 1592/2289/222
f 1861/3168/222 1592/2289/222 1679/2944/222 1415/2108/222
f 1894/3094/12 1893/2273/12 1892/2671/12 1895/3148/12
f 1415/2140/227 1679/2960/648 1674/2959/648 1639/2141/227
f 1854/3166/12 1387/2142/12 1639/2106/12
f 1390/1567/222 1433/2649/222 1843/3197/222 1860/3198/222
f 1662/2920/222 1699/2976/222 1700/2394/222 1688/2428/222
f 1709/3199/12 1711/2374/12 1712/2978/12
f 1701/2973/222 1700/2394/222 1702/2975/222
f 1803/2372/12 1806/2334/12 1807/3200/12
f 1784/2393/222 1788/3052/222 1787/3201/222
f 1807/3200/12 1806/2334/12 1808/3202/12
f 1786/3203/222 1785/2745/222 1784/2393/222 1787/3201/222
f 1808/3202/12 1806/2334/12 1805/2336/12 1809/3056/12
f 1782/3204/222 1785/2745/222 1786/3203/222
f 1666/2754/12 1669/2335/12 1670/3205/12
f 1688/2428/222 1687/2746/222 1691/2950/222 1690/3206/222
f 1689/3207/222 1688/2428/222 1690/3206/222
f 1670/3205/12 1669/2335/12 1668/2317/12 1671/3208/12
f 1685/2429/222 1688/2428/222 1689/3207/222
f 1671/3208/12 1668/2317/12 1672/2939/12
f 1425/2155/12 1804/3057/12 1805/2336/12 1407/1673/12
f 1782/3204/222 1427/2156/222 1413/2004/222 1785/2745/222
f 1711/2374/12 1668/2317/12 1669/2335/12 1806/2334/12
f 1700/2394/222 1784/2393/222 1687/2746/222 1688/2428/222
f 1642/3209/12 1645/2743/12 1646/3210/12
f 1664/3211/222 1663/2403/222 1662/2920/222 1665/2922/222
f 1646/3210/12 1645/2743/12 1644/2322/12 1647/2917/12
f 1660/2404/222 1663/2403/222 1664/3211/222
f 1645/2743/12 1709/3199/12 1715/2744/12
f 1663/2403/222 1723/2402/222 1720/3212/222 1662/2920/222
f 1718/3213/12 1717/2320/12 1716/2323/12 1719/2979/12
f 1426/2736/12 1408/3214/12 1643/2321/12 1717/2320/12
f 1714/2737/12 1717/2320/12 1718/3213/12
f 1720/3212/222 1723/2402/222 1722/2401/222 1725/2980/222 1724/3215/222
f 1668/2317/12 1711/2374/12 1709/3199/12 1645/2743/12
f 1720/3212/222 1699/2976/222 1662/2920/222
f 1736/3216/12 1735/2610/12 1734/2982/12 1737/2983/12
f 1732/3217/12 1735/2610/12 1736/3216/12
f 1726/2431/222 1729/3218/222 1730/3219/222
f 1730/3219/222 1729/3218/222 1728/2352/222 1731/2981/222
f 1707/3220/12 1706/2388/12 1705/2363/12 1708/2977/12
f 1703/3221/12 1706/2388/12 1707/3220/12
f 1692/2350/222 1695/2455/222 1696/3222/222
f 1696/3222/222 1695/2455/222 1694/2454/222 1697/2971/222
f 1492/2364/12 1705/2363/12 1706/2388/12 1820/2387/12
f 1791/2785/222 1792/3223/222 1694/2454/222 1813/2386/222
f 1798/2389/12 1802/3055/12 1801/3224/12
f 1800/3225/12 1799/2390/12 1798/2389/12 1801/3224/12
f 1789/3226/222 1792/3223/222 1793/3227/222
f 1793/3227/222 1792/3223/222 1794/3228/222
f 1796/3229/12 1799/2390/12 1800/3225/12
f 1794/3228/222 1792/3223/222 1791/2785/222 1795/3053/222
f 1798/2389/12 1706/2388/12 1703/3221/12 1797/3054/12
f 1694/2454/222 1792/3223/222 1789/3226/222 1693/2972/222
f 1797/3054/12 1703/3221/12 1710/2373/12 1803/2372/12
f 1693/2972/222 1789/3226/222 1783/2392/222 1698/2391/222
f 1734/2982/12 1424/3230/12 1426/2736/12 1733/2735/12
f 1422/3231/222 1729/3218/222 1726/2431/222 1428/2400/222
f 1735/2610/12 1732/3217/12 1704/2362/12 1488/2361/12
f 1497/2759/222 1501/3232/222 1899/3233/222 1897/2760/222
f 1498/3234/12 1494/2755/12 1401/2758/12 1896/3235/12
f 1897/2761/229 1899/3236/229 1898/3237/229 1896/2762/229
f 1899/3236/229 1422/2345/229 1424/2348/229 1898/3237/229
f 1502/3238/12 1498/3234/12 1896/3235/12 1898/3239/12
f 1501/3232/222 1901/2354/222 1422/3231/222 1899/3233/222
f 1503/3240/222 1509/2353/222 1901/2354/222
f 1728/2352/222 1729/3218/222 1422/3231/222 1901/2354/222
f 1900/2609/12 1502/3238/12 1898/3239/12 1424/3230/12
f 1900/2609/12 1424/3230/12 1734/2982/12 1735/2610/12
f 1491/2383/222 1695/2455/222 1692/2350/222 1487/2349/222
f 1504/2753/12 1502/3238/12 1900/2609/12
f 1503/3240/222 1901/2354/222 1501/3232/222
f 1749/2235/12 1753/2239/12 1752/3015/12 1754/3014/12
f 1738/2462/222 1742/2461/222 1741/2460/222 1743/3012/222
f 1752/3015/12 1520/2781/12 1751/2418/12
f 1515/3241/222 1519/2459/222 1742/2461/222 1772/3034/222
f 1520/2781/12 1752/3015/12 1753/2239/12 1522/2784/12
f 1519/2459/222 1521/2369/222 1740/2371/222 1741/2460/222
f 1744/3242/12 1747/2421/12 1748/3013/12
f 1755/2405/222 1758/2407/222 1757/2792/222 1759/3016/222
f 1747/2421/12 1744/3242/12 1432/1334/12 1354/2420/12
f 1357/2191/222 1431/1718/222 1430/2791/222
f 1778/2783/12 1781/3243/12 1780/3244/12
f 1355/1331/222 1771/2463/222 1738/2462/222
f 1767/3245/12 1766/2613/12 1820/2387/12 1768/3246/12
f 1773/3035/222 1772/3034/222 1774/3033/222
f 1438/2747/12 1429/1719/12 1776/2416/12
f 1437/2297/222 1771/2463/222 1355/1331/222
f 1513/2456/222 1515/3241/222 1772/3034/222
f 1778/2783/12 1514/2305/12 1777/2304/12 1781/3243/12
f 1429/1719/12 1750/2417/12 1776/2416/12
f 1516/2782/12 1514/2305/12 1778/2783/12
f 1779/2419/12 1751/2418/12 1778/2783/12 1780/3244/12
f 1557/2614/12 1766/2613/12 1767/3245/12
f 1762/3247/222 1812/3074/222 1813/2386/222 1763/3248/222
f 1760/3249/222 1812/3074/222 1762/3247/222
f 1818/2748/12 1821/3030/12 1822/3250/12
f 1813/2386/222 1761/2385/222 1764/3029/222 1763/3248/222
f 1820/2387/12 1821/3030/12 1769/3032/12 1768/3246/12
f 1417/2430/222 1680/2948/222 1681/2331/222 1419/2330/222
f 1418/2318/12 1420/2313/12 1675/2316/12 1673/2940/12
f 1822/3250/12 1821/3030/12 1823/3251/12
f 1812/3074/222 1817/3075/222 1816/3252/222
f 1813/2386/222 1812/3074/222 1816/3252/222 1815/3253/222
f 1823/3251/12 1821/3030/12 1820/2387/12 1824/3254/12
f 1814/3255/222 1791/2785/222 1813/2386/222 1815/3253/222
f 1824/3254/12 1820/2387/12 1799/2390/12 1825/3076/12
f 1810/3256/222 1791/2785/222 1814/3255/222
f 1796/3229/12 1421/2206/12 1410/1380/12 1799/2390/12
f 1810/3256/222 1411/1710/222 1791/2785/222
f 1765/3031/12 1821/3030/12 1818/2748/12 1438/2747/12
f 1812/3074/222 1760/3249/222 1437/2297/222 1811/2296/222
f 1645/2743/12 1642/3209/12 1420/2313/12 1668/2317/12
f 1662/2920/222 1688/2428/222 1419/2330/222 1661/2921/222
f 1834/2642/12 1837/2641/12 1836/2631/12 1838/3257/12
f 1832/3258/222 1878/3091/222 1829/2636/222 1833/2637/222
f 1871/2638/12 1841/2640/12 1840/3259/12
f 1826/2284/222 1877/2286/222 1830/3260/222
f 1839/3261/12 1870/2635/12 1871/2638/12 1840/3259/12
f 1830/3260/222 1877/2286/222 1831/3262/222
f 1838/3257/12 1836/2631/12 1870/2635/12 1839/3261/12
f 1831/3262/222 1877/2286/222 1878/3091/222 1832/3258/222
f 1866/3263/12 1871/2638/12 1870/2635/12 1872/3264/12
f 1873/3265/12 1869/2634/12 1868/2224/12 1874/3135/12
f 1875/3171/222 1880/2277/222 1881/3266/222
f 1882/3267/222 1879/2673/222 1878/3091/222 1883/3136/222
f 1872/3264/12 1870/2635/12 1869/2634/12 1873/3265/12
f 1881/3266/222 1880/2277/222 1879/2673/222 1882/3267/222
f 1866/3263/12 1397/1562/12 1835/2639/12 1871/2638/12
f 1433/2649/222 1399/1190/222 1826/2284/222
f 1862/2290/222 1860/3198/222 1843/3197/222 1847/3160/222
f 1888/3163/222 1887/2663/222 1886/2279/222 1889/3147/222
f 1460/2670/12 1456/2218/12 1891/2220/12 1892/2671/12
f 1402/2627/222 1455/2630/222 1884/2661/222
f 1551/2722/12 1628/2899/12 1629/2266/12 1483/2723/12
f 1477/2720/222 1624/2713/222 1478/2712/222
f 1630/2262/12 1627/3186/12 1571/2726/12 1398/2263/12
f 1622/2896/222 1623/2721/222 1396/2693/222 1564/2728/222
l 844 902
l 841 903
l 839 911
l 838 915
l 1367 1449
l 1364 1450
l 1362 1458
l 1361 1462
