# Blender 4.2.16 LTS
# www.blender.org
mtllib suspension_cup.mtl
o Suspension_cup
v 0.034871 0.003665 -0.009000
v 0.034871 -0.003665 -0.009000
v 0.020609 -0.028366 -0.009000
v 0.014261 -0.032031 -0.009000
v -0.039120 -0.056082 -0.114501
v -0.056082 -0.039124 -0.114501
v -0.056082 -0.039124 -0.104501
v -0.039120 -0.056082 -0.104501
v -0.056082 0.039063 -0.114501
v -0.039145 0.056082 -0.114501
v -0.039145 0.056082 -0.104501
v -0.056082 0.039063 -0.104501
v 0.056082 -0.039145 -0.114501
v 0.039145 -0.056082 -0.114501
v 0.039145 -0.056082 -0.104501
v 0.056082 -0.039145 -0.104501
v 0.039089 0.056082 -0.114501
v 0.056082 0.039166 -0.114501
v 0.056082 0.039166 -0.104501
v 0.039089 0.056082 -0.104501
v -0.056082 0.005443 -0.104501
v 0.056082 0.005443 -0.104501
v -0.056082 0.005443 -0.114501
v 0.056082 0.005443 -0.114501
v -0.056082 -0.005443 -0.114501
v 0.056082 -0.005443 -0.104501
v -0.056082 -0.005443 -0.104501
v 0.056082 -0.005443 -0.114501
v 0.000000 0.056082 -0.104501
v 0.000000 0.056082 -0.114501
v 0.000000 -0.056082 -0.104501
v 0.000000 -0.056082 -0.114501
v -0.010827 0.056082 -0.104501
v -0.010827 -0.056082 -0.104501
v -0.010827 -0.056082 -0.114501
v -0.010827 0.056082 -0.114501
v 0.010827 0.056082 -0.114501
v 0.010827 0.056082 -0.104501
v 0.010827 -0.056082 -0.104501
v 0.010827 -0.056082 -0.114501
v 0.000000 0.035179 -0.075744
v 0.000000 0.042678 -0.082290
v 0.007314 0.034411 -0.075744
v 0.008873 0.041745 -0.082290
v 0.017359 0.038988 -0.082290
v 0.025085 0.034527 -0.082290
v 0.026143 0.023540 -0.075744
v 0.031716 0.028557 -0.082290
v 0.030466 0.017590 -0.075744
v 0.036960 0.021339 -0.082290
v 0.033457 0.010871 -0.075744
v 0.040589 0.013188 -0.082290
v 0.042444 0.004461 -0.082290
v 0.042444 -0.004461 -0.082290
v 0.033457 -0.010871 -0.075744
v 0.040589 -0.013188 -0.082290
v 0.030466 -0.017590 -0.075744
v 0.036960 -0.021339 -0.082290
v 0.026143 -0.023540 -0.075744
v 0.031716 -0.028557 -0.082290
v 0.025086 -0.034527 -0.082290
v 0.017359 -0.038988 -0.082290
v 0.007314 -0.034411 -0.075744
v 0.008873 -0.041745 -0.082290
v 0.000000 -0.035179 -0.075744
v 0.000000 -0.042678 -0.082290
v -0.007314 -0.034411 -0.075744
v -0.008873 -0.041745 -0.082290
v -0.014309 -0.032138 -0.075744
v -0.017359 -0.038988 -0.082290
v -0.020678 -0.028461 -0.075744
v -0.025086 -0.034527 -0.082290
v -0.026143 -0.023540 -0.075744
v -0.031716 -0.028557 -0.082290
v -0.030466 -0.017590 -0.075744
v -0.036960 -0.021339 -0.082290
v -0.033457 -0.010871 -0.075744
v -0.040589 -0.013188 -0.082290
v -0.034987 -0.003677 -0.075744
v -0.042444 -0.004461 -0.082290
v -0.034987 0.003677 -0.075744
v -0.042444 0.004461 -0.082290
v -0.033457 0.010871 -0.075744
v -0.040589 0.013188 -0.082290
v -0.030466 0.017590 -0.075744
v -0.036960 0.021339 -0.082290
v -0.026143 0.023540 -0.075744
v -0.031716 0.028557 -0.082290
v -0.020678 0.028461 -0.075744
v -0.025086 0.034527 -0.082290
v -0.014309 0.032138 -0.075744
v -0.017359 0.038988 -0.082290
v -0.007314 0.034411 -0.075744
v -0.008873 0.041745 -0.082290
v 0.000000 0.047326 -0.088960
v 0.009840 0.046292 -0.088960
v 0.019249 0.043235 -0.088960
v 0.027818 0.038288 -0.088960
v 0.035170 0.031667 -0.088960
v 0.040986 0.023663 -0.088960
v 0.045010 0.014625 -0.088960
v 0.047067 0.004947 -0.088960
v 0.047067 -0.004947 -0.088960
v 0.045010 -0.014625 -0.088960
v 0.040986 -0.023663 -0.088960
v 0.035170 -0.031667 -0.088960
v 0.027818 -0.038288 -0.088960
v 0.019249 -0.043235 -0.088960
v 0.009840 -0.046292 -0.088960
v 0.000000 -0.047326 -0.088960
v -0.009840 -0.046292 -0.088960
v -0.019249 -0.043235 -0.088960
v -0.027818 -0.038288 -0.088960
v -0.035170 -0.031667 -0.088960
v -0.040986 -0.023663 -0.088960
v -0.045010 -0.014625 -0.088960
v -0.047067 -0.004947 -0.088960
v -0.047067 0.004947 -0.088960
v -0.045010 0.014625 -0.088960
v -0.040986 0.023663 -0.088960
v -0.035170 0.031667 -0.088960
v -0.027818 0.038288 -0.088960
v -0.019249 0.043235 -0.088960
v -0.009840 0.046292 -0.088960
v 0.000000 0.050501 -0.096478
v 0.010500 0.049398 -0.096478
v 0.020541 0.046135 -0.096478
v 0.029684 0.040856 -0.096478
v 0.037530 0.033792 -0.096478
v 0.043735 0.025251 -0.096478
v 0.048030 0.015606 -0.096478
v 0.050225 0.005279 -0.096478
v 0.050225 -0.005279 -0.096478
v 0.048030 -0.015606 -0.096478
v 0.043735 -0.025251 -0.096478
v 0.037530 -0.033792 -0.096478
v 0.029684 -0.040856 -0.096478
v 0.020541 -0.046135 -0.096478
v 0.010500 -0.049398 -0.096478
v 0.000000 -0.050501 -0.096478
v -0.010500 -0.049398 -0.096478
v -0.020541 -0.046135 -0.096478
v -0.029684 -0.040856 -0.096478
v -0.037530 -0.033792 -0.096478
v -0.043735 -0.025251 -0.096478
v -0.048030 -0.015606 -0.096478
v -0.050225 -0.005279 -0.096478
v -0.050225 0.005279 -0.096478
v -0.048030 0.015606 -0.096478
v -0.043735 0.025251 -0.096478
v -0.037530 0.033792 -0.096478
v -0.029684 0.040856 -0.096478
v -0.020541 0.046135 -0.096478
v -0.010500 0.049398 -0.096478
v 0.000000 0.029422 -0.072664
v 0.006117 0.028779 -0.072664
v 0.011967 0.026878 -0.072664
v 0.017294 0.023803 -0.072664
v 0.021865 0.019687 -0.072664
v 0.025480 0.014711 -0.072664
v 0.027982 0.009092 -0.072664
v 0.029261 0.003075 -0.072664
v 0.029261 -0.003075 -0.072664
v 0.027982 -0.009092 -0.072664
v 0.025480 -0.014711 -0.072664
v 0.021865 -0.019687 -0.072664
v 0.017294 -0.023803 -0.072664
v 0.011967 -0.026878 -0.072664
v 0.006117 -0.028779 -0.072664
v 0.000000 -0.029422 -0.072664
v -0.006117 -0.028779 -0.072664
v -0.011967 -0.026878 -0.072664
v -0.017294 -0.023803 -0.072664
v -0.021865 -0.019687 -0.072664
v -0.025480 -0.014711 -0.072664
v -0.027982 -0.009092 -0.072664
v -0.029261 -0.003075 -0.072664
v -0.029261 0.003075 -0.072664
v -0.027982 0.009092 -0.072664
v -0.025480 0.014711 -0.072664
v -0.021865 0.019687 -0.072664
v -0.017294 0.023803 -0.072664
v -0.011967 0.026878 -0.072664
v -0.006117 0.028779 -0.072664
v 0.000000 0.026266 -0.070475
v 0.005461 0.025692 -0.070475
v 0.010683 0.023995 -0.070475
v 0.015439 0.021249 -0.070475
v 0.019519 0.017575 -0.070475
v 0.022747 0.013133 -0.070475
v 0.024980 0.008117 -0.070475
v 0.026122 0.002745 -0.070475
v 0.026122 -0.002746 -0.070475
v 0.024980 -0.008117 -0.070475
v 0.022747 -0.013133 -0.070475
v 0.019519 -0.017575 -0.070475
v 0.015439 -0.021249 -0.070475
v 0.010683 -0.023995 -0.070475
v 0.005461 -0.025692 -0.070475
v 0.000000 -0.026266 -0.070475
v -0.005461 -0.025692 -0.070475
v -0.010683 -0.023995 -0.070475
v -0.015439 -0.021249 -0.070475
v -0.019519 -0.017575 -0.070475
v -0.022747 -0.013133 -0.070475
v -0.024980 -0.008117 -0.070475
v -0.026122 -0.002745 -0.070475
v -0.026122 0.002746 -0.070475
v -0.024980 0.008117 -0.070475
v -0.022747 0.013133 -0.070475
v -0.019519 0.017575 -0.070475
v -0.015439 0.021249 -0.070475
v -0.010683 0.023995 -0.070475
v -0.005461 0.025692 -0.070475
v 0.000000 0.024165 -0.067286
v 0.005024 0.023637 -0.067286
v 0.009829 0.022076 -0.067286
v 0.014204 0.019550 -0.067286
v 0.017958 0.016170 -0.067286
v 0.020928 0.012083 -0.067286
v 0.022982 0.007467 -0.067286
v 0.024033 0.002526 -0.067286
v 0.024033 -0.002526 -0.067286
v 0.022982 -0.007467 -0.067286
v 0.020928 -0.012083 -0.067286
v 0.017958 -0.016170 -0.067286
v 0.014204 -0.019550 -0.067286
v 0.009829 -0.022076 -0.067286
v 0.005024 -0.023637 -0.067286
v 0.000000 -0.024165 -0.067286
v -0.005024 -0.023637 -0.067286
v -0.009829 -0.022076 -0.067286
v -0.014204 -0.019550 -0.067286
v -0.017958 -0.016170 -0.067286
v -0.020928 -0.012083 -0.067286
v -0.022982 -0.007467 -0.067286
v -0.024033 -0.002526 -0.067286
v -0.024033 0.002526 -0.067286
v -0.022982 0.007467 -0.067286
v -0.020928 0.012083 -0.067286
v -0.017958 0.016170 -0.067286
v -0.014204 0.019550 -0.067286
v -0.009829 0.022076 -0.067286
v -0.005024 0.023637 -0.067286
v 0.000000 0.023435 -0.063535
v 0.004872 0.022923 -0.063535
v 0.009532 0.021409 -0.063535
v 0.013775 0.018959 -0.063535
v 0.017416 0.015681 -0.063535
v 0.020295 0.011718 -0.063535
v 0.022288 0.007242 -0.063535
v 0.023307 0.002450 -0.063535
v 0.023307 -0.002450 -0.063535
v 0.022288 -0.007242 -0.063535
v 0.020295 -0.011718 -0.063535
v 0.017416 -0.015681 -0.063535
v 0.013775 -0.018959 -0.063535
v 0.009532 -0.021409 -0.063535
v 0.004872 -0.022923 -0.063535
v 0.000000 -0.023435 -0.063535
v -0.004872 -0.022923 -0.063535
v -0.009532 -0.021409 -0.063535
v -0.013775 -0.018959 -0.063535
v -0.017416 -0.015681 -0.063535
v -0.020295 -0.011718 -0.063535
v -0.022288 -0.007242 -0.063535
v -0.023307 -0.002450 -0.063535
v -0.023307 0.002450 -0.063535
v -0.022288 0.007242 -0.063535
v -0.020295 0.011718 -0.063535
v -0.017416 0.015681 -0.063535
v -0.013775 0.018959 -0.063535
v -0.009532 0.021409 -0.063535
v -0.004872 0.022923 -0.063535
v 0.000000 0.051664 -0.101499
v 0.010741 0.050535 -0.101499
v 0.021013 0.047197 -0.101499
v 0.030367 0.041797 -0.101499
v 0.038393 0.034570 -0.101499
v 0.044742 0.025832 -0.101499
v 0.049135 0.015965 -0.101499
v 0.051381 0.005400 -0.101499
v 0.051381 -0.005400 -0.101499
v 0.049135 -0.015965 -0.101499
v 0.044742 -0.025832 -0.101499
v 0.038393 -0.034570 -0.101499
v 0.030367 -0.041797 -0.101499
v 0.021013 -0.047197 -0.101499
v 0.010741 -0.050535 -0.101499
v 0.000000 -0.051664 -0.101499
v -0.010741 -0.050535 -0.101499
v -0.021013 -0.047197 -0.101499
v -0.030367 -0.041797 -0.101499
v -0.038394 -0.034570 -0.101499
v -0.044742 -0.025832 -0.101499
v -0.049135 -0.015965 -0.101499
v -0.051381 -0.005400 -0.101499
v -0.051381 0.005400 -0.101499
v -0.049135 0.015965 -0.101499
v -0.044742 0.025832 -0.101499
v -0.038394 0.034570 -0.101499
v -0.030367 0.041797 -0.101499
v -0.021013 0.047197 -0.101499
v -0.010741 0.050535 -0.101499
v 0.000000 0.052074 -0.104501
v 0.010827 0.050936 -0.104501
v 0.021180 0.047572 -0.104501
v 0.030608 0.042129 -0.104501
v 0.038698 0.034844 -0.104501
v 0.045097 0.026037 -0.104501
v 0.049525 0.016092 -0.104501
v 0.051789 0.005443 -0.104501
v 0.051789 -0.005443 -0.104501
v 0.049525 -0.016092 -0.104501
v 0.045097 -0.026037 -0.104501
v 0.038698 -0.034844 -0.104501
v 0.030608 -0.042129 -0.104501
v 0.021180 -0.047572 -0.104501
v 0.010827 -0.050936 -0.104501
v 0.000000 -0.052074 -0.104501
v -0.010827 -0.050936 -0.104501
v -0.021180 -0.047572 -0.104501
v -0.030608 -0.042129 -0.104501
v -0.038698 -0.034844 -0.104501
v -0.045097 -0.026037 -0.104501
v -0.049525 -0.016092 -0.104501
v -0.051789 -0.005443 -0.104501
v -0.051789 0.005443 -0.104501
v -0.049525 0.016092 -0.104501
v -0.045097 0.026037 -0.104501
v -0.038698 0.034844 -0.104501
v -0.030608 0.042129 -0.104501
v -0.021180 0.047572 -0.104501
v -0.010827 0.050936 -0.104501
v 0.000000 0.023435 -0.009000
v 0.004872 0.022923 -0.009000
v 0.009532 0.021409 -0.009000
v 0.013775 0.018959 -0.009000
v 0.017416 0.015681 -0.009000
v 0.020295 0.011718 -0.009000
v 0.022288 0.007242 -0.009000
v 0.023307 0.002450 -0.009000
v 0.023307 -0.002450 -0.009000
v 0.022288 -0.007242 -0.009000
v 0.020295 -0.011718 -0.009000
v 0.017416 -0.015681 -0.009000
v 0.013775 -0.018959 -0.009000
v 0.009532 -0.021409 -0.009000
v 0.004872 -0.022923 -0.009000
v 0.000000 -0.023435 -0.009000
v -0.004872 -0.022923 -0.009000
v -0.009532 -0.021409 -0.009000
v -0.013775 -0.018959 -0.009000
v -0.017416 -0.015681 -0.009000
v -0.020295 -0.011718 -0.009000
v -0.022288 -0.007242 -0.009000
v -0.023307 -0.002450 -0.009000
v -0.023307 0.002450 -0.009000
v -0.022288 0.007242 -0.009000
v -0.020295 0.011718 -0.009000
v -0.017416 0.015681 -0.009000
v -0.013775 0.018959 -0.009000
v -0.009532 0.021409 -0.009000
v -0.004872 0.022923 -0.009000
v 0.000000 0.035063 -0.009000
v 0.007290 0.034297 -0.009000
v 0.014261 0.032031 -0.009000
v 0.020609 0.028366 -0.009000
v 0.026057 0.023462 -0.009000
v 0.030365 0.017531 -0.009000
v 0.033347 0.010835 -0.009000
v 0.033347 -0.010835 -0.009000
v 0.030365 -0.017531 -0.009000
v 0.026057 -0.023462 -0.009000
v 0.007290 -0.034297 -0.009000
v 0.000000 -0.035063 -0.009000
v -0.007290 -0.034297 -0.009000
v -0.014261 -0.032031 -0.009000
v -0.020609 -0.028366 -0.009000
v -0.026057 -0.023462 -0.009000
v -0.030365 -0.017531 -0.009000
v -0.033347 -0.010835 -0.009000
v -0.034871 -0.003665 -0.009000
v -0.034871 0.003665 -0.009000
v -0.033347 0.010835 -0.009000
v -0.030365 0.017531 -0.009000
v -0.026057 0.023462 -0.009000
v -0.020609 0.028366 -0.009000
v -0.014261 0.032031 -0.009000
v -0.007290 0.034297 -0.009000
v 0.000000 0.035063 -0.000000
v 0.007290 0.034297 -0.000000
v 0.014261 0.032031 -0.000000
v 0.020609 0.028366 -0.000000
v 0.026057 0.023462 -0.000000
v 0.030365 0.017531 -0.000000
v 0.033347 0.010835 -0.000000
v 0.034871 0.003665 -0.000000
v 0.034871 -0.003665 0.000000
v 0.033347 -0.010835 0.000000
v 0.030365 -0.017531 0.000000
v 0.026057 -0.023462 0.000000
v 0.020609 -0.028366 0.000000
v 0.014261 -0.032031 0.000000
v 0.007290 -0.034297 0.000000
v 0.000000 -0.035063 0.000000
v -0.007290 -0.034297 0.000000
v -0.014261 -0.032031 0.000000
v -0.020609 -0.028366 0.000000
v -0.026057 -0.023462 0.000000
v -0.030365 -0.017531 0.000000
v -0.033347 -0.010835 0.000000
v -0.034871 -0.003665 0.000000
v -0.034871 0.003665 -0.000000
v -0.033347 0.010835 -0.000000
v -0.030365 0.017531 -0.000000
v -0.026057 0.023462 -0.000000
v -0.020609 0.028366 -0.000000
v -0.014261 0.032031 -0.000000
v -0.007290 0.034297 -0.000000
v 0.000000 0.020096 -0.000000
v 0.004178 0.019657 -0.000000
v 0.008174 0.018358 -0.000000
v 0.011812 0.016258 -0.000000
v 0.014934 0.013447 -0.000000
v 0.017403 0.010048 -0.000000
v 0.019112 0.006210 -0.000000
v 0.019986 0.002101 -0.000000
v 0.019986 -0.002101 0.000000
v 0.019112 -0.006210 0.000000
v 0.017403 -0.010048 0.000000
v 0.014934 -0.013447 0.000000
v 0.011812 -0.016258 0.000000
v 0.008174 -0.018358 0.000000
v 0.004178 -0.019657 0.000000
v 0.000000 -0.020096 0.000000
v -0.004178 -0.019657 0.000000
v -0.008174 -0.018358 0.000000
v -0.011812 -0.016258 0.000000
v -0.014934 -0.013447 0.000000
v -0.017403 -0.010048 0.000000
v -0.019112 -0.006210 0.000000
v -0.019986 -0.002101 0.000000
v -0.019986 0.002101 -0.000000
v -0.019112 0.006210 -0.000000
v -0.017403 0.010048 -0.000000
v -0.014934 0.013447 -0.000000
v -0.011812 0.016258 -0.000000
v -0.008174 0.018358 -0.000000
v -0.004178 0.019657 -0.000000
v 0.000000 0.020096 0.030001
v 0.004178 0.019657 0.030001
v 0.008174 0.018358 0.030001
v 0.011812 0.016258 0.030001
v 0.014934 0.013447 0.030001
v 0.017403 0.010048 0.030001
v 0.019112 0.006210 0.030001
v 0.019986 0.002101 0.030001
v 0.019986 -0.002101 0.030001
v 0.019112 -0.006210 0.030001
v 0.017403 -0.010048 0.030001
v 0.014934 -0.013447 0.030001
v 0.011812 -0.016258 0.030001
v 0.008174 -0.018358 0.030001
v 0.004178 -0.019657 0.030001
v 0.000000 -0.020096 0.030001
v -0.004178 -0.019657 0.030001
v -0.008174 -0.018358 0.030001
v -0.011812 -0.016258 0.030001
v -0.014934 -0.013447 0.030001
v -0.017403 -0.010048 0.030001
v -0.019112 -0.006210 0.030001
v -0.019986 -0.002101 0.030001
v -0.019986 0.002101 0.030001
v -0.019112 0.006210 0.030001
v -0.017403 0.010048 0.030001
v -0.014934 0.013447 0.030001
v -0.011812 0.016258 0.030001
v -0.008174 0.018358 0.030001
v -0.004178 0.019657 0.030001
v 0.000000 0.010054 0.045001
v 0.002090 0.009834 0.045001
v 0.004089 0.009184 0.045001
v 0.005909 0.008134 0.045001
v 0.007471 0.006727 0.045001
v 0.008707 0.005027 0.045001
v 0.009562 0.003107 0.045001
v 0.009999 0.001051 0.045001
v 0.009999 -0.001051 0.045001
v 0.009562 -0.003107 0.045001
v 0.008707 -0.005027 0.045001
v 0.007471 -0.006727 0.045001
v 0.005909 -0.008134 0.045001
v 0.004089 -0.009184 0.045001
v 0.002090 -0.009834 0.045001
v 0.000000 -0.010054 0.045001
v -0.002090 -0.009834 0.045001
v -0.004089 -0.009184 0.045001
v -0.005909 -0.008134 0.045001
v -0.007471 -0.006727 0.045001
v -0.008707 -0.005027 0.045001
v -0.009562 -0.003107 0.045001
v -0.009999 -0.001051 0.045001
v -0.009999 0.001051 0.045001
v -0.009562 0.003107 0.045001
v -0.008707 0.005027 0.045001
v -0.007471 0.006727 0.045001
v -0.005909 0.008134 0.045001
v -0.004089 0.009184 0.045001
v -0.002090 0.009834 0.045001
v -0.021180 0.056082 -0.104501
v -0.021180 0.056082 -0.114501
v 0.056082 -0.016092 -0.104501
v -0.021180 -0.056082 -0.114501
v 0.021180 -0.056082 -0.104501
v 0.021180 -0.056082 -0.114501
v 0.056082 0.016092 -0.104501
v 0.056082 -0.016092 -0.114501
v 0.056082 0.016092 -0.114501
v 0.021180 0.056082 -0.104501
v 0.021180 0.056082 -0.114501
v -0.021180 -0.056082 -0.104501
v -0.056082 -0.016092 -0.114501
v -0.056082 -0.016092 -0.104501
v -0.056082 0.016092 -0.104501
v -0.056082 0.016092 -0.114501
v 0.044730 0.045055 -0.114501
v 0.044730 0.045055 -0.104501
v 0.042197 0.045913 -0.114501
v 0.042197 0.045913 -0.104501
v 0.039800 0.044730 -0.114501
v 0.039800 0.044730 -0.104501
v -0.042427 0.045921 -0.114501
v -0.042427 0.045921 -0.104501
v -0.039957 0.044898 -0.114501
v -0.039957 0.044898 -0.104501
v -0.044898 0.044898 -0.114501
v -0.044898 0.044898 -0.104501
v -0.038934 0.042427 -0.114501
v -0.038934 0.042427 -0.104501
v -0.045921 0.042427 -0.114501
v -0.045921 0.042427 -0.104501
v 0.045913 0.042657 -0.114501
v 0.045913 0.042657 -0.104501
v 0.038941 0.042197 -0.114501
v 0.038941 0.042197 -0.104501
v -0.039957 0.039957 -0.114501
v -0.039957 0.039957 -0.104501
v -0.044898 0.039957 -0.114501
v -0.044898 0.039957 -0.104501
v 0.045055 0.040125 -0.114501
v 0.045055 0.040125 -0.104501
v 0.042657 0.038941 -0.114501
v 0.042657 0.038941 -0.104501
v 0.040125 0.039800 -0.114501
v 0.040125 0.039800 -0.104501
v -0.042427 0.038934 -0.114501
v -0.042427 0.038934 -0.104501
v 0.045907 -0.042737 -0.114501
v 0.045907 -0.042737 -0.104501
v 0.045107 -0.040186 -0.114501
v 0.045107 -0.040186 -0.104501
v 0.044669 -0.045107 -0.114501
v 0.044669 -0.045107 -0.104501
v 0.042117 -0.045907 -0.114501
v 0.042117 -0.045907 -0.104501
v 0.042737 -0.038948 -0.114501
v 0.042737 -0.038948 -0.104501
v 0.039748 -0.044669 -0.114501
v 0.039748 -0.044669 -0.104501
v 0.040186 -0.039748 -0.114501
v 0.040186 -0.039748 -0.104501
v 0.038948 -0.042117 -0.114501
v 0.038948 -0.042117 -0.104501
v -0.039957 -0.039957 -0.114501
v -0.039957 -0.039957 -0.104501
v -0.038934 -0.042427 -0.114501
v -0.038934 -0.042427 -0.104501
v -0.039957 -0.044898 -0.114501
v -0.039957 -0.044898 -0.104501
v -0.042427 -0.045921 -0.114501
v -0.042427 -0.045921 -0.104501
v -0.044898 -0.039957 -0.114501
v -0.044898 -0.039957 -0.104501
v -0.042427 -0.038934 -0.114501
v -0.042427 -0.038934 -0.104501
v -0.045921 -0.042427 -0.114501
v -0.045921 -0.042427 -0.104501
v -0.044898 -0.044898 -0.114501
v -0.044898 -0.044898 -0.104501
v 0.047156 -0.048071 -0.104501
v 0.047156 -0.048071 -0.114501
v -0.047712 -0.047492 -0.114501
v -0.047712 -0.047492 -0.104501
v -0.047750 0.047436 -0.104501
v -0.047750 0.047436 -0.114501
v 0.047752 0.047459 -0.104501
v 0.047752 0.047459 -0.114501
v 0.014304 0.032128 -0.075738
v 0.020671 0.028452 -0.075738
v 0.014304 -0.032128 -0.075738
v 0.020671 -0.028452 -0.075738
v 0.034976 -0.003676 -0.075738
v 0.034976 0.003676 -0.075738
v 0.000000 0.039741 -0.087918
v 0.008263 0.038873 -0.087918
v 0.016164 0.036306 -0.087918
v 0.023359 0.032151 -0.087918
v 0.029534 0.026592 -0.087918
v 0.034417 0.019871 -0.087918
v 0.037796 0.012281 -0.087918
v 0.039524 0.004154 -0.087918
v 0.039524 -0.004154 -0.087918
v 0.037796 -0.012281 -0.087918
v 0.034417 -0.019871 -0.087918
v 0.029534 -0.026592 -0.087918
v 0.023359 -0.032151 -0.087918
v 0.016164 -0.036306 -0.087918
v 0.008263 -0.038873 -0.087918
v 0.000000 -0.039741 -0.087918
v -0.008263 -0.038873 -0.087918
v -0.016164 -0.036306 -0.087918
v -0.023359 -0.032151 -0.087918
v -0.029534 -0.026592 -0.087918
v -0.034417 -0.019871 -0.087918
v -0.037796 -0.012281 -0.087918
v -0.039524 -0.004154 -0.087918
v -0.039524 0.004154 -0.087918
v -0.037796 0.012281 -0.087918
v -0.034417 0.019871 -0.087918
v -0.029534 0.026592 -0.087918
v -0.023359 0.032151 -0.087918
v -0.016164 0.036306 -0.087918
v -0.008263 0.038873 -0.087918
v 0.000000 0.043799 -0.093775
v 0.009106 0.042842 -0.093775
v 0.017815 0.040013 -0.093775
v 0.025745 0.035434 -0.093775
v 0.032549 0.029308 -0.093775
v 0.037931 0.021900 -0.093775
v 0.041656 0.013535 -0.093775
v 0.043560 0.004578 -0.093775
v 0.043560 -0.004578 -0.093775
v 0.041656 -0.013535 -0.093775
v 0.037931 -0.021900 -0.093775
v 0.032549 -0.029308 -0.093775
v 0.025745 -0.035434 -0.093775
v 0.017815 -0.040013 -0.093775
v 0.009106 -0.042842 -0.093775
v 0.000000 -0.043799 -0.093775
v -0.009106 -0.042842 -0.093775
v -0.017815 -0.040013 -0.093775
v -0.025745 -0.035434 -0.093775
v -0.032549 -0.029308 -0.093775
v -0.037931 -0.021900 -0.093775
v -0.041656 -0.013535 -0.093775
v -0.043560 -0.004578 -0.093775
v -0.043560 0.004578 -0.093775
v -0.041656 0.013535 -0.093775
v -0.037931 0.021900 -0.093775
v -0.032549 0.029308 -0.093775
v -0.025745 0.035435 -0.093775
v -0.017815 0.040013 -0.093775
v -0.009106 0.042842 -0.093775
v 0.000000 0.034377 -0.083201
v 0.007147 0.033626 -0.083201
v 0.013982 0.031405 -0.083201
v 0.020206 0.027811 -0.083201
v 0.025547 0.023003 -0.083201
v 0.029771 0.017188 -0.083201
v 0.032694 0.010623 -0.083201
v 0.034188 0.003593 -0.083201
v 0.034188 -0.003593 -0.083201
v 0.032694 -0.010623 -0.083201
v 0.029771 -0.017188 -0.083201
v 0.025547 -0.023003 -0.083201
v 0.020206 -0.027811 -0.083201
v 0.013982 -0.031405 -0.083201
v 0.007147 -0.033626 -0.083201
v 0.000000 -0.034377 -0.083201
v -0.007147 -0.033626 -0.083201
v -0.013982 -0.031405 -0.083201
v -0.020206 -0.027811 -0.083201
v -0.025547 -0.023003 -0.083201
v -0.029771 -0.017188 -0.083201
v -0.032694 -0.010623 -0.083201
v -0.034188 -0.003593 -0.083201
v -0.034188 0.003593 -0.083201
v -0.032694 0.010623 -0.083201
v -0.029771 0.017188 -0.083201
v -0.025547 0.023003 -0.083201
v -0.020206 0.027811 -0.083201
v -0.013982 0.031405 -0.083201
v -0.007147 0.033626 -0.083201
v 0.000000 0.028039 -0.079901
v 0.005830 0.027426 -0.079901
v 0.011404 0.025615 -0.079901
v 0.016481 0.022684 -0.079901
v 0.020837 0.018762 -0.079901
v 0.024282 0.014019 -0.079901
v 0.026667 0.008664 -0.079901
v 0.027885 0.002931 -0.079901
v 0.027885 -0.002931 -0.079901
v 0.026667 -0.008664 -0.079901
v 0.024282 -0.014019 -0.079901
v 0.020837 -0.018762 -0.079901
v 0.016481 -0.022684 -0.079901
v 0.011404 -0.025615 -0.079901
v 0.005830 -0.027426 -0.079901
v 0.000000 -0.028039 -0.079901
v -0.005830 -0.027426 -0.079901
v -0.011404 -0.025615 -0.079901
v -0.016481 -0.022684 -0.079901
v -0.020837 -0.018762 -0.079901
v -0.024282 -0.014019 -0.079901
v -0.026667 -0.008664 -0.079901
v -0.027885 -0.002931 -0.079901
v -0.027885 0.002931 -0.079901
v -0.026667 0.008665 -0.079901
v -0.024282 0.014019 -0.079901
v -0.020837 0.018762 -0.079901
v -0.016481 0.022684 -0.079901
v -0.011404 0.025615 -0.079901
v -0.005830 0.027426 -0.079901
v 0.000000 0.021074 -0.078209
v 0.004382 0.020613 -0.078209
v 0.008572 0.019252 -0.078209
v 0.012387 0.017049 -0.078209
v 0.015661 0.014101 -0.078209
v 0.018251 0.010537 -0.078209
v 0.020042 0.006512 -0.078209
v 0.020958 0.002203 -0.078209
v 0.020958 -0.002203 -0.078209
v 0.020042 -0.006512 -0.078209
v 0.018251 -0.010537 -0.078209
v 0.015661 -0.014101 -0.078209
v 0.012387 -0.017049 -0.078209
v 0.008572 -0.019252 -0.078209
v 0.004382 -0.020613 -0.078209
v 0.000000 -0.021074 -0.078209
v -0.004382 -0.020613 -0.078209
v -0.008572 -0.019252 -0.078209
v -0.012387 -0.017049 -0.078209
v -0.015661 -0.014101 -0.078209
v -0.018251 -0.010537 -0.078209
v -0.020042 -0.006512 -0.078209
v -0.020958 -0.002203 -0.078209
v -0.020958 0.002203 -0.078209
v -0.020042 0.006512 -0.078209
v -0.018251 0.010537 -0.078209
v -0.015661 0.014101 -0.078209
v -0.012387 0.017049 -0.078209
v -0.008572 0.019252 -0.078209
v -0.004382 0.020613 -0.078209
v 0.000000 0.010536 -0.078209
v 0.002191 0.010306 -0.078209
v 0.004286 0.009626 -0.078209
v 0.006193 0.008524 -0.078209
v 0.007830 0.007050 -0.078209
v 0.009125 0.005268 -0.078209
v 0.010021 0.003256 -0.078209
v 0.010479 0.001101 -0.078209
v 0.010479 -0.001101 -0.078209
v 0.010021 -0.003256 -0.078209
v 0.009125 -0.005268 -0.078209
v 0.007830 -0.007050 -0.078209
v 0.006193 -0.008524 -0.078209
v 0.004286 -0.009626 -0.078209
v 0.002191 -0.010306 -0.078209
v 0.000000 -0.010536 -0.078209
v -0.002191 -0.010306 -0.078209
v -0.004286 -0.009626 -0.078209
v -0.006193 -0.008524 -0.078209
v -0.007830 -0.007050 -0.078209
v -0.009125 -0.005268 -0.078209
v -0.010021 -0.003256 -0.078209
v -0.010479 -0.001101 -0.078209
v -0.010479 0.001101 -0.078209
v -0.010021 0.003256 -0.078209
v -0.009125 0.005268 -0.078209
v -0.007830 0.007050 -0.078209
v -0.006193 0.008524 -0.078209
v -0.004286 0.009626 -0.078209
v -0.002191 0.010306 -0.078209
v 0.000000 0.009080 -0.078592
v 0.001888 0.008882 -0.078592
v 0.003693 0.008295 -0.078592
v 0.005337 0.007346 -0.078592
v 0.006748 0.006076 -0.078592
v 0.007864 0.004540 -0.078592
v 0.008636 0.002806 -0.078592
v 0.009031 0.000949 -0.078592
v 0.009031 -0.000949 -0.078592
v 0.008636 -0.002806 -0.078592
v 0.007864 -0.004540 -0.078592
v 0.006748 -0.006076 -0.078592
v 0.005337 -0.007346 -0.078592
v 0.003693 -0.008295 -0.078592
v 0.001888 -0.008882 -0.078592
v 0.000000 -0.009080 -0.078592
v -0.001888 -0.008882 -0.078592
v -0.003693 -0.008295 -0.078592
v -0.005337 -0.007346 -0.078592
v -0.006748 -0.006076 -0.078592
v -0.007864 -0.004540 -0.078592
v -0.008636 -0.002806 -0.078592
v -0.009031 -0.000949 -0.078592
v -0.009031 0.000949 -0.078592
v -0.008636 0.002806 -0.078592
v -0.007864 0.004540 -0.078592
v -0.006748 0.006076 -0.078592
v -0.005337 0.007346 -0.078592
v -0.003693 0.008295 -0.078592
v -0.001888 0.008882 -0.078592
v 0.000000 0.007845 -0.079742
v 0.001631 0.007673 -0.079742
v 0.003191 0.007167 -0.079742
v 0.004611 0.006347 -0.079742
v 0.005830 0.005249 -0.079742
v 0.006794 0.003922 -0.079742
v 0.007461 0.002424 -0.079742
v 0.007802 0.000820 -0.079742
v 0.007802 -0.000820 -0.079742
v 0.007461 -0.002424 -0.079742
v 0.006794 -0.003922 -0.079742
v 0.005830 -0.005249 -0.079742
v 0.004611 -0.006347 -0.079742
v 0.003191 -0.007167 -0.079742
v 0.001631 -0.007673 -0.079742
v 0.000000 -0.007845 -0.079742
v -0.001631 -0.007673 -0.079742
v -0.003191 -0.007167 -0.079742
v -0.004611 -0.006347 -0.079742
v -0.005830 -0.005249 -0.079742
v -0.006794 -0.003922 -0.079742
v -0.007461 -0.002424 -0.079742
v -0.007802 -0.000820 -0.079742
v -0.007802 0.000820 -0.079742
v -0.007461 0.002424 -0.079742
v -0.006794 0.003922 -0.079742
v -0.005830 0.005249 -0.079742
v -0.004611 0.006347 -0.079742
v -0.003191 0.007167 -0.079742
v -0.001631 0.007674 -0.079742
v 0.000000 0.007533 -0.081209
v 0.001566 0.007369 -0.081209
v 0.003064 0.006882 -0.081209
v 0.004428 0.006095 -0.081209
v 0.005598 0.005041 -0.081209
v 0.006524 0.003767 -0.081209
v 0.007165 0.002328 -0.081209
v 0.007492 0.000787 -0.081209
v 0.007492 -0.000787 -0.081209
v 0.007165 -0.002328 -0.081209
v 0.006524 -0.003767 -0.081209
v 0.005598 -0.005041 -0.081209
v 0.004428 -0.006095 -0.081209
v 0.003064 -0.006882 -0.081209
v 0.001566 -0.007369 -0.081209
v 0.000000 -0.007533 -0.081209
v -0.001566 -0.007369 -0.081209
v -0.003064 -0.006882 -0.081209
v -0.004428 -0.006095 -0.081209
v -0.005598 -0.005041 -0.081209
v -0.006524 -0.003767 -0.081209
v -0.007165 -0.002328 -0.081209
v -0.007492 -0.000787 -0.081209
v -0.007492 0.000787 -0.081209
v -0.007165 0.002328 -0.081209
v -0.006524 0.003767 -0.081209
v -0.005598 0.005041 -0.081209
v -0.004428 0.006095 -0.081209
v -0.003064 0.006882 -0.081209
v -0.001566 0.007369 -0.081209
v 0.000000 0.004295 -0.081209
v 0.000893 0.004201 -0.081209
v 0.001747 0.003924 -0.081209
v 0.002524 0.003475 -0.081209
v 0.003192 0.002874 -0.081209
v 0.003719 0.002147 -0.081209
v 0.004085 0.001327 -0.081209
v 0.004271 0.000449 -0.081209
v 0.004271 -0.000449 -0.081209
v 0.004085 -0.001327 -0.081209
v 0.003719 -0.002147 -0.081209
v 0.003192 -0.002874 -0.081209
v 0.002524 -0.003475 -0.081209
v 0.001747 -0.003924 -0.081209
v 0.000893 -0.004201 -0.081209
v 0.000000 -0.004295 -0.081209
v -0.000893 -0.004201 -0.081209
v -0.001747 -0.003924 -0.081209
v -0.002524 -0.003475 -0.081209
v -0.003192 -0.002874 -0.081209
v -0.003719 -0.002147 -0.081209
v -0.004085 -0.001327 -0.081209
v -0.004271 -0.000449 -0.081209
v -0.004271 0.000449 -0.081209
v -0.004085 0.001327 -0.081209
v -0.003719 0.002147 -0.081209
v -0.003192 0.002874 -0.081209
v -0.002524 0.003475 -0.081209
v -0.001747 0.003924 -0.081209
v -0.000893 0.004201 -0.081209
v 0.000000 0.004374 -0.073000
v 0.000909 0.004279 -0.073000
v 0.001779 0.003996 -0.073000
v 0.002571 0.003539 -0.073000
v 0.003251 0.002927 -0.073000
v 0.003788 0.002187 -0.073000
v 0.004160 0.001352 -0.073000
v 0.004350 0.000457 -0.073000
v 0.004350 -0.000457 -0.073000
v 0.004160 -0.001352 -0.073000
v 0.003788 -0.002187 -0.073000
v 0.003251 -0.002927 -0.073000
v 0.002571 -0.003539 -0.073000
v 0.001779 -0.003996 -0.073000
v 0.000909 -0.004279 -0.073000
v 0.000000 -0.004374 -0.073000
v -0.000909 -0.004279 -0.073000
v -0.001779 -0.003996 -0.073000
v -0.002571 -0.003539 -0.073000
v -0.003251 -0.002927 -0.073000
v -0.003788 -0.002187 -0.073000
v -0.004160 -0.001352 -0.073000
v -0.004350 -0.000457 -0.073000
v -0.004350 0.000457 -0.073000
v -0.004160 0.001352 -0.073000
v -0.003788 0.002187 -0.073000
v -0.003251 0.002927 -0.073000
v -0.002571 0.003539 -0.073000
v -0.001779 0.003996 -0.073000
v -0.000909 0.004279 -0.073000
v 0.000000 0.046345 -0.100432
v 0.009636 0.045332 -0.100432
v 0.018850 0.042338 -0.100432
v 0.027241 0.037494 -0.100432
v 0.034441 0.031011 -0.100432
v 0.040136 0.023172 -0.100432
v 0.044077 0.014321 -0.100432
v 0.046091 0.004844 -0.100432
v 0.046091 -0.004844 -0.100432
v 0.044077 -0.014321 -0.100432
v 0.040136 -0.023172 -0.100432
v 0.034441 -0.031011 -0.100432
v 0.027241 -0.037494 -0.100432
v 0.018850 -0.042338 -0.100432
v 0.009636 -0.045332 -0.100432
v 0.000000 -0.046345 -0.100432
v -0.009636 -0.045332 -0.100432
v -0.018850 -0.042338 -0.100432
v -0.027241 -0.037494 -0.100432
v -0.034441 -0.031011 -0.100432
v -0.040136 -0.023172 -0.100432
v -0.044077 -0.014321 -0.100432
v -0.046091 -0.004844 -0.100432
v -0.046091 0.004844 -0.100432
v -0.044077 0.014321 -0.100432
v -0.040136 0.023172 -0.100432
v -0.034441 0.031011 -0.100432
v -0.027241 0.037494 -0.100432
v -0.018850 0.042338 -0.100432
v -0.009636 0.045332 -0.100432
v 0.000000 0.047194 -0.107501
v 0.009812 0.046163 -0.107501
v 0.019196 0.043114 -0.107501
v 0.027740 0.038181 -0.107501
v 0.035072 0.031579 -0.107501
v 0.040871 0.023597 -0.107501
v 0.044884 0.014584 -0.107501
v 0.046936 0.004933 -0.107501
v 0.046936 -0.004933 -0.107501
v 0.044884 -0.014584 -0.107501
v 0.040871 -0.023597 -0.107501
v 0.035072 -0.031579 -0.107501
v 0.027740 -0.038181 -0.107501
v 0.019196 -0.043114 -0.107501
v 0.009812 -0.046163 -0.107501
v 0.000000 -0.047194 -0.107501
v -0.009812 -0.046163 -0.107501
v -0.019196 -0.043114 -0.107501
v -0.027740 -0.038181 -0.107501
v -0.035072 -0.031579 -0.107501
v -0.040871 -0.023597 -0.107501
v -0.044884 -0.014584 -0.107501
v -0.046936 -0.004933 -0.107501
v -0.046936 0.004933 -0.107501
v -0.044884 0.014584 -0.107501
v -0.040871 0.023597 -0.107501
v -0.035072 0.031579 -0.107501
v -0.027740 0.038181 -0.107501
v -0.019196 0.043114 -0.107501
v -0.009812 0.046163 -0.107501
v 0.000000 0.047194 -0.111501
v 0.009812 0.046163 -0.111501
v 0.019196 0.043114 -0.111501
v 0.027740 0.038181 -0.111501
v 0.035072 0.031579 -0.111501
v 0.040871 0.023597 -0.111501
v 0.044884 0.014584 -0.111501
v 0.046936 0.004933 -0.111501
v 0.046936 -0.004933 -0.111501
v 0.044884 -0.014584 -0.111501
v 0.040871 -0.023597 -0.111501
v 0.035072 -0.031579 -0.111501
v 0.027740 -0.038181 -0.111501
v 0.019196 -0.043114 -0.111501
v 0.009812 -0.046163 -0.111501
v 0.000000 -0.047194 -0.111501
v -0.009812 -0.046163 -0.111501
v -0.019196 -0.043114 -0.111501
v -0.027740 -0.038181 -0.111501
v -0.035072 -0.031579 -0.111501
v -0.040871 -0.023597 -0.111501
v -0.044884 -0.014584 -0.111501
v -0.046936 -0.004933 -0.111501
v -0.046936 0.004933 -0.111501
v -0.044884 0.014584 -0.111501
v -0.040871 0.023597 -0.111501
v -0.035072 0.031579 -0.111501
v -0.027740 0.038181 -0.111501
v -0.019196 0.043114 -0.111501
v -0.009812 0.046163 -0.111501
v 0.000000 0.050276 -0.114501
v 0.010453 0.049177 -0.114501
v 0.020449 0.045929 -0.114501
v 0.029551 0.040674 -0.114501
v 0.037362 0.033641 -0.114501
v 0.043540 0.025138 -0.114501
v 0.047815 0.015536 -0.114501
v 0.050000 0.005255 -0.114501
v 0.050000 -0.005255 -0.114501
v 0.047815 -0.015536 -0.114501
v 0.043540 -0.025138 -0.114501
v 0.037362 -0.033641 -0.114501
v 0.029551 -0.040674 -0.114501
v 0.020449 -0.045929 -0.114501
v 0.010453 -0.049177 -0.114501
v 0.000000 -0.050276 -0.114501
v -0.010453 -0.049177 -0.114501
v -0.020449 -0.045929 -0.114501
v -0.029551 -0.040674 -0.114501
v -0.037362 -0.033641 -0.114501
v -0.043540 -0.025138 -0.114501
v -0.047815 -0.015536 -0.114501
v -0.050000 -0.005255 -0.114501
v -0.050000 0.005255 -0.114501
v -0.047815 0.015536 -0.114501
v -0.043540 0.025138 -0.114501
v -0.037362 0.033641 -0.114501
v -0.029551 0.040674 -0.114501
v -0.020449 0.045929 -0.114501
v -0.010453 0.049177 -0.114501
vn 0.9976 0.0696 0.0005
vn 0.7275 -0.2445 0.6411
vn 0.7275 0.2445 0.6411
vn 0.5591 -0.8291 0.0005
vn 0.1520 -0.7522 0.6411
vn 0.5755 -0.5078 0.6411
vn -0.4385 -0.8987 0.0006
vn -0.5756 -0.5078 0.6410
vn -0.1520 -0.7524 0.6410
vn -0.9976 -0.0696 0.0006
vn -0.7276 0.2446 0.6409
vn -0.7276 -0.2446 0.6409
vn -0.5591 0.8291 0.0006
vn -0.1520 0.7524 0.6410
vn -0.5756 0.5078 0.6410
vn 0.4385 0.8987 0.0005
vn 0.5754 0.5078 0.6411
vn 0.1520 0.7523 0.6411
vn 0.3827 -0.9239 -0.0000
vn -0.0000 -1.0000 -0.0000
vn 0.9234 0.3837 -0.0000
vn 1.0000 -0.0000 -0.0000
vn -0.0000 -0.0000 1.0000
vn 0.2567 0.5766 0.7757
vn 0.3710 0.5106 0.7757
vn -0.9239 -0.3827 -0.0000
vn -1.0000 -0.0000 -0.0000
vn -0.3838 0.9234 -0.0000
vn -0.0000 1.0000 -0.0000
vn -0.3826 -0.9239 -0.0000
vn -0.7070 -0.7072 -0.0000
vn -0.7088 0.7054 -0.0000
vn 0.7055 0.7087 -0.0000
vn 0.7071 -0.7071 -0.0000
vn -0.0000 -0.0000 -1.0000
vn 0.6277 -0.0660 0.7757
vn 0.6003 -0.1951 0.7756
vn -0.1312 -0.6174 0.7756
vn -0.2567 -0.5766 0.7757
vn -0.0000 -0.6312 0.7756
vn -0.0000 0.7482 0.6635
vn 0.1193 0.5609 0.8193
vn 0.1556 0.7318 0.6635
vn 0.3043 0.6834 0.6636
vn 0.4397 0.6052 0.6636
vn 0.4261 0.3837 0.8193
vn 0.5560 0.5006 0.6635
vn 0.4966 0.2867 0.8193
vn 0.6479 0.3741 0.6635
vn 0.5454 0.1771 0.8193
vn 0.7115 0.2312 0.6636
vn 0.7440 0.0782 0.6636
vn 0.7440 -0.0782 0.6636
vn 0.5453 -0.1771 0.8193
vn 0.7115 -0.2312 0.6635
vn 0.4966 -0.2867 0.8193
vn 0.6479 -0.3741 0.6635
vn 0.4261 -0.3838 0.8193
vn 0.5560 -0.5006 0.6635
vn 0.4397 -0.6052 0.6636
vn 0.3043 -0.6834 0.6636
vn 0.1192 -0.5608 0.8193
vn 0.1555 -0.7318 0.6635
vn -0.0000 -0.5734 0.8193
vn -0.0000 -0.7482 0.6635
vn -0.1192 -0.5608 0.8193
vn -0.1556 -0.7318 0.6635
vn -0.3043 -0.6835 0.6635
vn -0.4398 -0.6053 0.6635
vn -0.4261 -0.3837 0.8193
vn -0.5560 -0.5006 0.6635
vn -0.4966 -0.2867 0.8193
vn -0.6479 -0.3741 0.6635
vn -0.5453 -0.1772 0.8193
vn -0.7115 -0.2312 0.6635
vn -0.7441 -0.0782 0.6635
vn -0.7441 0.0782 0.6635
vn -0.5453 0.1772 0.8193
vn -0.7115 0.2312 0.6635
vn -0.4966 0.2867 0.8193
vn -0.6479 0.3741 0.6635
vn -0.4261 0.3836 0.8193
vn -0.5560 0.5006 0.6635
vn -0.4398 0.6053 0.6635
vn -0.3043 0.6835 0.6635
vn -0.1192 0.5608 0.8193
vn -0.1555 0.7318 0.6635
vn -0.0000 0.5734 0.8193
vn 0.7597 0.4386 0.4801
vn 0.6519 0.5869 0.4801
vn 0.1824 -0.8580 0.4802
vn 0.3568 -0.8014 0.4801
vn -0.8724 0.0917 0.4802
vn -0.8724 -0.0917 0.4802
vn 0.1824 0.8580 0.4801
vn -0.0000 0.8772 0.4801
vn 0.7597 -0.4386 0.4801
vn 0.8343 -0.2711 0.4801
vn -0.6519 -0.5869 0.4801
vn -0.5156 -0.7097 0.4801
vn -0.3568 0.8014 0.4801
vn -0.5156 0.7097 0.4801
vn -0.8343 0.2711 0.4801
vn 0.8343 0.2711 0.4802
vn -0.0000 -0.8772 0.4801
vn 0.6519 -0.5870 0.4801
vn -0.7597 -0.4386 0.4801
vn 0.3568 0.8014 0.4801
vn -0.1824 0.8580 0.4802
vn 0.8724 0.0917 0.4802
vn -0.1824 -0.8580 0.4801
vn -0.7597 0.4386 0.4801
vn 0.5156 0.7097 0.4801
vn 0.5156 -0.7097 0.4801
vn -0.8343 -0.2711 0.4802
vn -0.6519 0.5870 0.4801
vn 0.8724 -0.0917 0.4802
vn -0.3568 -0.8014 0.4801
vn -0.8243 -0.4759 0.3068
vn -0.7073 -0.6368 0.3068
vn 0.9466 0.0995 0.3068
vn 0.9052 0.2941 0.3067
vn -0.9052 -0.2941 0.3067
vn 0.9466 -0.0995 0.3068
vn -0.9466 -0.0995 0.3068
vn 0.9052 -0.2941 0.3068
vn -0.9466 0.0995 0.3068
vn 0.8243 -0.4759 0.3068
vn -0.9052 0.2941 0.3068
vn 0.7073 -0.6369 0.3068
vn -0.8243 0.4759 0.3068
vn 0.5594 -0.7700 0.3068
vn -0.7073 0.6369 0.3068
vn 0.3872 -0.8695 0.3067
vn -0.5594 0.7700 0.3068
vn 0.1979 -0.9310 0.3068
vn 0.1979 0.9310 0.3068
vn -0.0000 0.9518 0.3068
vn -0.3872 0.8695 0.3067
vn -0.0000 -0.9518 0.3068
vn 0.3871 0.8695 0.3068
vn -0.1979 0.9310 0.3068
vn -0.1979 -0.9310 0.3068
vn 0.5594 0.7700 0.3068
vn -0.3871 -0.8695 0.3068
vn 0.7073 0.6369 0.3068
vn -0.5594 -0.7700 0.3068
vn 0.8243 0.4759 0.3068
vn -0.0000 0.5189 0.8548
vn 0.1079 0.5075 0.8549
vn 0.4935 -0.1603 0.8548
vn 0.4494 -0.2594 0.8548
vn -0.7910 0.1255 0.5988
vn -0.3856 -0.3472 0.8549
vn 0.4494 0.2594 0.8548
vn 0.4935 0.1604 0.8548
vn 0.1079 -0.5075 0.8548
vn -0.0000 -0.5189 0.8548
vn -0.2868 0.7479 0.5987
vn -0.4935 0.1603 0.8548
vn -0.5042 0.6223 0.5988
vn 0.5042 0.6223 0.5988
vn -0.1079 0.5075 0.8548
vn 0.3856 -0.3472 0.8549
vn -0.4494 -0.2594 0.8548
vn 0.2867 0.7479 0.5987
vn -0.1079 -0.5075 0.8549
vn -0.4494 0.2594 0.8548
vn 0.7910 0.1254 0.5988
vn -0.4935 -0.1604 0.8548
vn 0.5042 -0.6223 0.5988
vn -0.3856 0.3472 0.8549
vn 0.7910 -0.1254 0.5988
vn 0.3856 0.3472 0.8549
vn -0.2868 -0.7479 0.5987
vn -0.7910 -0.1255 0.5988
vn 0.2868 -0.7479 0.5987
vn -0.5042 -0.6223 0.5988
vn 0.6745 0.2191 0.7050
vn 0.4353 0.7436 0.5076
vn -0.6142 -0.3547 0.7049
vn -0.6745 -0.2191 0.7050
vn -0.4353 -0.7436 0.5076
vn 0.4356 -0.7433 0.5077
vn 0.6745 -0.2192 0.7050
vn 0.6142 -0.3546 0.7050
vn -0.4356 0.7433 0.5077
vn -0.6745 0.2192 0.7050
vn 0.5271 -0.4746 0.7050
vn -0.6142 0.3546 0.7050
vn 0.8615 -0.0055 0.5077
vn -0.5271 0.4746 0.7050
vn -0.8615 0.0055 0.5077
vn -0.4260 -0.7488 0.5077
vn 0.1475 -0.6937 0.7050
vn -0.0000 0.7092 0.7050
vn 0.1475 0.6937 0.7050
vn -0.0000 -0.7092 0.7050
vn -0.4260 0.7488 0.5077
vn 0.4260 0.7488 0.5077
vn -0.1475 0.6937 0.7050
vn -0.1475 -0.6937 0.7050
vn 0.4260 -0.7488 0.5077
vn 0.8615 0.0049 0.5078
vn 0.5271 0.4746 0.7050
vn 0.6142 0.3547 0.7049
vn -0.8615 -0.0049 0.5078
vn -0.5271 -0.4746 0.7050
vn -0.3727 -0.8870 0.2726
vn 0.1921 -0.9038 0.3824
vn -0.0000 0.9240 0.3824
vn 0.1921 0.9038 0.3823
vn -0.0000 -0.9240 0.3824
vn -0.3727 0.8870 0.2726
vn 0.3727 0.8870 0.2726
vn -0.1921 0.9038 0.3824
vn -0.1921 -0.9038 0.3823
vn 0.3727 -0.8870 0.2726
vn 0.9545 0.1211 0.2726
vn 0.6867 0.6184 0.3823
vn 0.8002 0.4620 0.3824
vn -0.9545 -0.1211 0.2726
vn -0.6867 -0.6184 0.3823
vn 0.8788 0.2855 0.3823
vn -0.8002 -0.4620 0.3824
vn 0.5820 0.7661 0.2725
vn -0.8788 -0.2855 0.3823
vn -0.5820 -0.7661 0.2725
vn 0.5817 -0.7664 0.2725
vn 0.8788 -0.2855 0.3823
vn 0.8002 -0.4620 0.3823
vn -0.5817 0.7664 0.2725
vn -0.8788 0.2855 0.3823
vn 0.6867 -0.6183 0.3823
vn -0.8002 0.4620 0.3823
vn 0.9545 -0.1207 0.2725
vn -0.6867 0.6183 0.3823
vn -0.9545 0.1207 0.2725
vn -0.8620 -0.4976 0.0966
vn -0.9466 -0.3076 0.0965
vn -0.6082 -0.7910 0.0667
vn 0.6081 -0.7910 0.0667
vn 0.9466 -0.3076 0.0965
vn 0.8620 -0.4977 0.0966
vn -0.6082 0.7910 0.0667
vn -0.9466 0.3076 0.0965
vn 0.7397 -0.6660 0.0966
vn -0.8620 0.4977 0.0966
vn 0.9891 -0.1313 0.0667
vn -0.7397 0.6660 0.0966
vn -0.9891 0.1312 0.0667
vn -0.3810 -0.9222 0.0667
vn 0.2069 -0.9736 0.0966
vn -0.0000 0.9953 0.0966
vn 0.2069 0.9736 0.0966
vn -0.0000 -0.9953 0.0966
vn -0.3810 0.9222 0.0667
vn 0.3809 0.9222 0.0667
vn -0.2069 0.9736 0.0966
vn -0.2069 -0.9736 0.0966
vn 0.3810 -0.9222 0.0667
vn 0.9891 0.1313 0.0667
vn 0.7397 0.6660 0.0966
vn 0.8620 0.4976 0.0966
vn -0.9891 -0.1312 0.0667
vn -0.7397 -0.6660 0.0966
vn 0.9466 0.3076 0.0965
vn 0.6082 0.7910 0.0667
vn 0.5782 -0.7958 0.1801
vn 0.7310 -0.6582 0.1801
vn -0.7310 0.6582 0.1800
vn -0.8519 0.4918 0.1801
vn 0.4001 -0.8986 0.1801
vn -0.5781 0.7958 0.1802
vn 0.2045 -0.9622 0.1801
vn 0.2045 0.9622 0.1801
vn -0.0000 0.9836 0.1801
vn -0.4001 0.8986 0.1801
vn -0.0000 -0.9836 0.1801
vn 0.4001 0.8986 0.1801
vn -0.2045 0.9622 0.1801
vn -0.2045 -0.9622 0.1801
vn 0.5782 0.7958 0.1801
vn -0.4001 -0.8986 0.1801
vn 0.7310 0.6582 0.1800
vn -0.5782 -0.7958 0.1801
vn 0.8519 0.4918 0.1801
vn -0.7310 -0.6582 0.1800
vn 0.9355 0.3040 0.1801
vn -0.8519 -0.4918 0.1801
vn 0.9783 0.1028 0.1801
vn -0.9355 -0.3040 0.1801
vn 0.9783 -0.1028 0.1801
vn -0.9783 -0.1028 0.1801
vn 0.9355 -0.3040 0.1801
vn -0.9783 0.1028 0.1801
vn 0.8519 -0.4918 0.1801
vn -0.9355 0.3040 0.1801
vn 0.6277 0.0660 0.7757
vn 0.6003 0.1951 0.7756
vn -0.6003 -0.1951 0.7756
vn -0.5466 -0.3156 0.7756
vn -0.6277 -0.0660 0.7756
vn -0.6277 0.0660 0.7757
vn 0.5466 -0.3156 0.7756
vn -0.6003 0.1951 0.7756
vn 0.4691 -0.4224 0.7756
vn -0.5466 0.3156 0.7756
vn 0.3710 -0.5106 0.7757
vn -0.4692 0.4224 0.7755
vn 0.2567 -0.5766 0.7757
vn -0.3710 0.5106 0.7757
vn 0.1312 -0.6174 0.7756
vn 0.1312 0.6174 0.7756
vn -0.0000 0.6312 0.7756
vn -0.2567 0.5766 0.7757
vn -0.1312 0.6174 0.7756
vn 0.4691 0.4224 0.7756
vn -0.3710 -0.5106 0.7757
vn 0.5466 0.3156 0.7756
vn -0.4691 -0.4224 0.7755
vn -0.7431 0.6691 -0.0000
vn -0.9945 0.1046 -0.0000
vn -0.4067 -0.9135 -0.0000
vn 0.2079 -0.9782 -0.0000
vn 0.2079 0.9782 -0.0000
vn -0.4068 0.9135 -0.0000
vn 0.4067 0.9135 -0.0000
vn -0.2079 0.9782 -0.0000
vn -0.2079 -0.9782 -0.0000
vn 0.4068 -0.9135 -0.0000
vn 0.9945 0.1046 -0.0000
vn 0.7431 0.6691 -0.0000
vn 0.8660 0.5000 -0.0000
vn -0.9945 -0.1046 -0.0000
vn -0.7431 -0.6691 -0.0000
vn 0.9510 0.3091 -0.0000
vn -0.8660 -0.5000 -0.0000
vn 0.5878 0.8090 -0.0000
vn -0.9510 -0.3091 -0.0000
vn -0.5878 -0.8090 -0.0000
vn 0.5878 -0.8090 -0.0000
vn 0.9510 -0.3091 -0.0000
vn 0.8660 -0.5000 -0.0000
vn -0.5878 0.8090 -0.0000
vn -0.9510 0.3091 -0.0000
vn 0.7431 -0.6691 -0.0000
vn -0.8660 0.5000 -0.0000
vn 0.9945 -0.1046 -0.0000
vn 0.2080 0.9781 -0.0000
vn -0.4385 0.8987 0.0006
vn -0.5877 0.8091 -0.0000
vn 0.2080 -0.9781 -0.0000
vn 0.4068 0.9135 -0.0000
vn -0.2080 0.9781 -0.0000
vn -0.2080 -0.9781 -0.0000
vn 0.5591 0.8291 0.0005
vn 0.5877 0.8091 -0.0000
vn -0.4068 -0.9135 -0.0000
vn -0.5591 -0.8291 0.0006
vn -0.5877 -0.8091 -0.0000
vn 0.9945 0.1045 -0.0000
vn 0.9976 -0.0696 0.0005
vn 0.9945 -0.1045 -0.0000
vn -0.9945 -0.1045 -0.0000
vn -0.9976 0.0696 0.0006
vn -0.9945 0.1045 -0.0000
vn 0.5877 -0.8091 -0.0000
vn 0.4385 -0.8987 0.0005
vn 0.1993 -0.9374 0.2855
vn -0.0000 -0.9584 0.2855
vn 0.1993 0.9374 0.2855
vn 0.3898 0.8755 0.2855
vn -0.3898 0.8755 0.2855
vn -0.1993 0.9374 0.2855
vn -0.1993 -0.9374 0.2855
vn 0.5877 0.8090 -0.0000
vn 0.5633 0.7754 0.2855
vn -0.0000 0.9584 0.2855
vn -0.3898 -0.8755 0.2855
vn 0.7432 0.6691 -0.0000
vn 0.7123 0.6413 0.2855
vn -0.5877 -0.8090 -0.0000
vn -0.5633 -0.7754 0.2855
vn 0.8300 0.4792 0.2855
vn -0.7432 -0.6691 -0.0000
vn -0.7123 -0.6413 0.2855
vn 0.9115 0.2962 0.2855
vn -0.8300 -0.4792 0.2855
vn 0.9531 0.1002 0.2855
vn -0.9115 -0.2962 0.2855
vn 0.9531 -0.1002 0.2855
vn -0.9531 -0.1002 0.2855
vn 0.9115 -0.2962 0.2855
vn -0.9531 0.1002 0.2855
vn 0.8300 -0.4792 0.2855
vn -0.9115 0.2962 0.2855
vn 0.7432 -0.6691 -0.0000
vn 0.7122 -0.6413 0.2855
vn -0.8300 0.4792 0.2855
vn 0.5877 -0.8090 -0.0000
vn 0.5633 -0.7754 0.2855
vn -0.7432 0.6691 -0.0000
vn -0.7122 0.6413 0.2855
vn 0.3898 -0.8755 0.2855
vn -0.5877 0.8090 -0.0000
vn -0.5633 0.7754 0.2855
vn -0.4705 -0.1529 0.8690
vn -0.4920 -0.0517 0.8691
vn 0.4920 -0.0517 0.8690
vn 0.4705 -0.1529 0.8690
vn -0.4920 0.0517 0.8691
vn 0.4284 -0.2474 0.8690
vn -0.4705 0.1529 0.8690
vn 0.3676 -0.3310 0.8691
vn -0.4284 0.2474 0.8690
vn 0.2908 -0.4003 0.8690
vn -0.3676 0.3310 0.8691
vn 0.2012 -0.4519 0.8691
vn -0.2908 0.4003 0.8690
vn 0.1029 -0.4839 0.8691
vn -0.0000 0.4948 0.8690
vn 0.1029 0.4839 0.8691
vn -0.2012 0.4519 0.8691
vn -0.0000 -0.4947 0.8690
vn 0.2012 0.4519 0.8691
vn -0.1029 0.4839 0.8691
vn -0.1029 -0.4839 0.8691
vn 0.2908 0.4003 0.8690
vn -0.2012 -0.4519 0.8691
vn 0.3676 0.3310 0.8691
vn -0.2908 -0.4003 0.8690
vn 0.4284 0.2475 0.8690
vn -0.3681 -0.3310 0.8689
vn 0.4705 0.1529 0.8690
vn -0.4284 -0.2475 0.8690
vn 0.4920 0.0517 0.8691
vn -0.9243 0.3816 -0.0000
vn 0.3816 0.9243 -0.0000
vn 0.9239 -0.3827 -0.0000
vn -0.0001 -1.0000 -0.0000
vn 0.7671 0.6415 -0.0000
vn 0.0888 0.9961 -0.0000
vn -0.7071 -0.7071 -0.0000
vn -1.0000 -0.0001 -0.0000
vn -0.6416 0.7670 -0.0000
vn 0.6590 0.7521 -0.0000
vn -0.0657 0.9978 -0.0000
vn 1.0000 0.0001 -0.0000
vn 0.7071 0.7072 -0.0000
vn -0.0001 1.0000 -0.0000
vn -0.9961 0.0886 -0.0000
vn 1.0000 -0.0001 -0.0000
vn 0.7071 0.7071 -0.0000
vn -0.7670 -0.6417 -0.0000
vn -0.7670 -0.6416 -0.0000
vn -0.7071 0.7071 -0.0000
vn 0.7071 -0.7072 -0.0000
vn 0.7070 -0.7072 -0.0000
vn -1.0000 0.0001 -0.0000
vn -0.7072 0.7071 -0.0000
vn 0.0659 -0.9978 -0.0000
vn 0.7520 -0.6591 -0.0000
vn 0.9978 0.0659 -0.0000
vn -0.0886 -0.9961 -0.0000
vn 0.9961 -0.0888 -0.0000
vn 0.7671 0.6416 -0.0000
vn 0.6416 -0.7670 -0.0000
vn 0.6416 -0.7671 -0.0000
vn -0.7072 0.7070 -0.0000
vn -0.9978 -0.0657 -0.0000
vn -0.6590 -0.7521 -0.0000
vn -0.6591 -0.7521 -0.0000
vn -0.7072 -0.7070 -0.0000
vn 0.7070 0.7072 -0.0000
vn -0.7522 0.6590 -0.0000
vn -0.7072 -0.7071 -0.0000
vn -0.5575 -0.5020 -0.6612
vn -0.6585 -0.5929 -0.4634
vn -0.7674 -0.4431 -0.4634
vn -0.3052 0.6854 -0.6612
vn -0.3604 0.8095 -0.4634
vn -0.1842 0.8668 -0.4634
vn 0.7461 0.0784 -0.6612
vn 0.8813 0.0926 -0.4634
vn 0.8813 -0.0926 -0.4634
vn -0.0000 -0.7502 -0.6612
vn -0.0000 -0.8861 -0.4635
vn -0.1842 -0.8668 -0.4634
vn -0.7135 0.2318 -0.6612
vn -0.8427 0.2739 -0.4635
vn -0.7674 0.4431 -0.4634
vn 0.4410 0.6069 -0.6612
vn 0.5209 0.7169 -0.4635
vn 0.6585 0.5929 -0.4634
vn 0.4409 -0.6069 -0.6612
vn 0.5208 -0.7169 -0.4635
vn 0.3604 -0.8095 -0.4634
vn 0.7461 -0.0784 -0.6612
vn 0.8427 -0.2739 -0.4635
vn -0.6497 -0.3751 -0.6612
vn -0.8427 -0.2738 -0.4635
vn -0.1560 0.7339 -0.6612
vn -0.0000 0.8861 -0.4635
vn -0.6497 0.3751 -0.6612
vn -0.6585 0.5929 -0.4634
vn 0.5575 0.5020 -0.6612
vn 0.7674 0.4431 -0.4634
vn -0.1560 -0.7339 -0.6612
vn -0.3604 -0.8095 -0.4634
vn 0.3052 -0.6854 -0.6612
vn 0.1842 -0.8668 -0.4634
vn -0.7135 -0.2318 -0.6612
vn -0.8813 -0.0926 -0.4634
vn -0.0000 0.7502 -0.6612
vn 0.1842 0.8668 -0.4634
vn 0.7135 -0.2318 -0.6612
vn 0.7674 -0.4431 -0.4634
vn 0.1560 -0.7339 -0.6612
vn -0.3052 -0.6853 -0.6612
vn -0.5209 -0.7169 -0.4635
vn -0.5575 0.5020 -0.6612
vn -0.5208 0.7169 -0.4635
vn 0.6497 0.3751 -0.6612
vn 0.8427 0.2738 -0.4635
vn 0.6497 -0.3751 -0.6612
vn 0.6585 -0.5929 -0.4634
vn -0.7461 -0.0784 -0.6612
vn -0.8813 0.0926 -0.4634
vn 0.1560 0.7339 -0.6612
vn 0.3604 0.8095 -0.4634
vn -0.4410 0.6069 -0.6612
vn 0.7135 0.2318 -0.6612
vn -0.4410 -0.6069 -0.6612
vn -0.7461 0.0784 -0.6612
vn 0.3052 0.6853 -0.6612
vn 0.5575 -0.5020 -0.6612
vn 0.1186 0.5581 -0.8212
vn -0.0000 0.5706 -0.8212
vn -0.3354 -0.4616 -0.8212
vn -0.2321 -0.5212 -0.8212
vn -0.0000 -0.5706 -0.8212
vn 0.1186 -0.5581 -0.8212
vn 0.2321 0.5212 -0.8212
vn -0.4240 -0.3818 -0.8212
vn 0.3354 0.4616 -0.8212
vn -0.4941 -0.2853 -0.8213
vn 0.4240 0.3818 -0.8212
vn -0.5427 -0.1763 -0.8212
vn 0.4941 0.2853 -0.8213
vn -0.5674 -0.0596 -0.8213
vn 0.5427 0.1763 -0.8212
vn -0.5674 0.0596 -0.8213
vn 0.5674 0.0596 -0.8213
vn -0.5427 0.1763 -0.8212
vn 0.5674 -0.0596 -0.8213
vn -0.4941 0.2853 -0.8212
vn 0.5427 -0.1763 -0.8212
vn -0.4240 0.3818 -0.8212
vn 0.4941 -0.2853 -0.8212
vn -0.3354 0.4616 -0.8212
vn 0.4240 -0.3818 -0.8212
vn -0.2321 0.5212 -0.8212
vn 0.3354 -0.4616 -0.8212
vn -0.1186 0.5581 -0.8212
vn -0.1186 -0.5581 -0.8212
vn 0.2321 -0.5212 -0.8212
vn 0.3105 0.1793 -0.9335
vn 0.2664 0.2399 -0.9335
vn -0.3566 -0.0375 -0.9335
vn -0.3410 -0.1108 -0.9335
vn 0.3410 0.1108 -0.9335
vn -0.3566 0.0375 -0.9335
vn 0.3566 0.0375 -0.9335
vn -0.3410 0.1108 -0.9335
vn 0.3566 -0.0375 -0.9335
vn -0.3105 0.1792 -0.9335
vn 0.3410 -0.1108 -0.9335
vn -0.2664 0.2399 -0.9335
vn 0.3105 -0.1793 -0.9335
vn -0.2107 0.2901 -0.9335
vn 0.2664 -0.2399 -0.9335
vn -0.1458 0.3275 -0.9335
vn 0.2107 -0.2901 -0.9335
vn -0.0745 0.3507 -0.9335
vn -0.0745 -0.3507 -0.9335
vn -0.0000 -0.3585 -0.9335
vn 0.1458 -0.3275 -0.9335
vn -0.0000 0.3585 -0.9335
vn -0.1458 -0.3275 -0.9335
vn 0.0745 -0.3507 -0.9335
vn 0.0745 0.3507 -0.9335
vn -0.2107 -0.2901 -0.9335
vn 0.1458 0.3275 -0.9335
vn -0.2664 -0.2399 -0.9335
vn 0.2107 0.2901 -0.9335
vn -0.3105 -0.1793 -0.9335
vn 0.0745 -0.1025 -0.9919
vn 0.0941 -0.0848 -0.9919
vn -0.0263 0.1239 -0.9919
vn -0.0515 0.1157 -0.9919
vn -0.0263 -0.1239 -0.9919
vn -0.0000 -0.1267 -0.9919
vn 0.0515 -0.1157 -0.9919
vn -0.0000 0.1267 -0.9919
vn -0.0515 -0.1157 -0.9919
vn 0.0263 -0.1239 -0.9919
vn 0.0263 0.1239 -0.9919
vn -0.0745 -0.1025 -0.9919
vn 0.0515 0.1157 -0.9919
vn -0.0941 -0.0848 -0.9919
vn 0.0745 0.1025 -0.9919
vn -0.1097 -0.0633 -0.9919
vn 0.0941 0.0848 -0.9919
vn -0.1205 -0.0391 -0.9919
vn 0.1097 0.0633 -0.9919
vn -0.1260 -0.0132 -0.9919
vn 0.1205 0.0391 -0.9919
vn -0.1260 0.0132 -0.9919
vn 0.1260 0.0132 -0.9919
vn -0.1205 0.0391 -0.9919
vn 0.1260 -0.0132 -0.9919
vn -0.1097 0.0633 -0.9919
vn 0.1205 -0.0391 -0.9919
vn -0.0941 0.0848 -0.9919
vn 0.1097 -0.0633 -0.9919
vn -0.0745 0.1025 -0.9919
vn -0.1192 0.0125 -0.9928
vn -0.1192 -0.0125 -0.9928
vn 0.1038 -0.0599 -0.9928
vn 0.1140 -0.0370 -0.9928
vn -0.1140 0.0370 -0.9928
vn 0.0891 -0.0802 -0.9928
vn -0.1038 0.0599 -0.9928
vn 0.0705 -0.0969 -0.9928
vn -0.0891 0.0802 -0.9928
vn 0.0487 -0.1094 -0.9928
vn -0.0705 0.0969 -0.9928
vn 0.0249 -0.1172 -0.9928
vn 0.0249 0.1172 -0.9928
vn -0.0000 0.1198 -0.9928
vn -0.0487 0.1094 -0.9928
vn -0.0000 -0.1198 -0.9928
vn 0.0487 0.1094 -0.9928
vn -0.0249 0.1172 -0.9928
vn -0.0249 -0.1172 -0.9928
vn 0.0704 0.0969 -0.9928
vn -0.0487 -0.1094 -0.9928
vn 0.0891 0.0802 -0.9928
vn -0.0704 -0.0969 -0.9928
vn 0.1038 0.0599 -0.9928
vn -0.0891 -0.0802 -0.9928
vn 0.1139 0.0370 -0.9928
vn -0.1038 -0.0599 -0.9928
vn 0.1192 0.0125 -0.9928
vn -0.1139 -0.0370 -0.9928
vn 0.1192 -0.0125 -0.9928
vn 0.2761 0.3801 -0.8827
vn 0.1911 0.4292 -0.8828
vn -0.0000 0.4699 -0.8827
vn -0.0977 0.4596 -0.8828
vn -0.1911 -0.4292 -0.8828
vn -0.0977 -0.4594 -0.8828
vn 0.3491 0.3144 -0.8828
vn -0.2761 -0.3802 -0.8827
vn 0.4068 0.2349 -0.8828
vn -0.3491 -0.3144 -0.8828
vn 0.4467 0.1452 -0.8828
vn -0.4068 -0.2349 -0.8828
vn 0.4671 0.0491 -0.8828
vn -0.4467 -0.1452 -0.8828
vn 0.4671 -0.0491 -0.8828
vn -0.4671 -0.0491 -0.8828
vn 0.4467 -0.1452 -0.8828
vn -0.4671 0.0491 -0.8828
vn 0.4068 -0.2349 -0.8828
vn -0.4467 0.1452 -0.8828
vn 0.3491 -0.3143 -0.8828
vn -0.4068 0.2349 -0.8828
vn 0.2761 -0.3801 -0.8828
vn -0.3491 0.3143 -0.8828
vn 0.1911 -0.4292 -0.8828
vn -0.2761 0.3801 -0.8828
vn 0.0976 -0.4594 -0.8828
vn 0.0977 0.4594 -0.8828
vn -0.1911 0.4292 -0.8828
vn -0.0000 -0.4698 -0.8828
vn 0.7493 -0.4326 -0.5015
vn 0.8228 -0.2673 -0.5015
vn -0.8228 0.2673 -0.5015
vn -0.8603 0.0905 -0.5016
vn 0.6430 -0.5789 -0.5015
vn -0.7493 0.4326 -0.5015
vn 0.5086 -0.6999 -0.5014
vn -0.6430 0.5789 -0.5015
vn 0.3517 -0.7904 -0.5016
vn -0.5086 0.6999 -0.5014
vn 0.1798 -0.8463 -0.5014
vn 0.1798 0.8463 -0.5014
vn 0.0002 0.8651 -0.5016
vn -0.3519 0.7903 -0.5015
vn -0.0000 -0.8651 -0.5016
vn 0.3518 0.7904 -0.5015
vn -0.1798 0.8462 -0.5016
vn -0.1798 -0.8463 -0.5014
vn 0.5086 0.6999 -0.5015
vn -0.3518 -0.7904 -0.5015
vn 0.6430 0.5788 -0.5016
vn -0.5086 -0.6999 -0.5015
vn 0.7492 0.4326 -0.5015
vn -0.6430 -0.5788 -0.5016
vn 0.8228 0.2674 -0.5015
vn -0.7492 -0.4326 -0.5015
vn 0.8604 0.0904 -0.5016
vn -0.8228 -0.2674 -0.5015
vn 0.8603 -0.0905 -0.5016
vn -0.8604 -0.0904 -0.5016
vn -0.2658 -0.5968 -0.7571
vn -0.1357 -0.6394 -0.7568
vn 0.4856 0.4372 -0.7570
vn 0.3841 0.5287 -0.7569
vn -0.3841 -0.5287 -0.7569
vn 0.5659 0.3269 -0.7569
vn -0.4856 -0.4372 -0.7570
vn 0.6216 0.2020 -0.7569
vn -0.5659 -0.3269 -0.7569
vn 0.6498 0.0682 -0.7571
vn -0.6216 -0.2020 -0.7569
vn 0.6498 -0.0682 -0.7570
vn -0.6498 -0.0682 -0.7571
vn 0.6213 -0.2019 -0.7571
vn -0.6498 0.0682 -0.7570
vn 0.5659 -0.3268 -0.7569
vn -0.6213 0.2019 -0.7571
vn 0.4856 -0.4372 -0.7570
vn -0.5659 0.3268 -0.7569
vn 0.3842 -0.5287 -0.7569
vn -0.4856 0.4372 -0.7570
vn 0.2656 -0.5969 -0.7571
vn -0.3842 0.5287 -0.7569
vn 0.1359 -0.6393 -0.7568
vn 0.1357 0.6394 -0.7568
vn 0.0001 0.6533 -0.7571
vn -0.2657 0.5968 -0.7571
vn -0.0001 -0.6533 -0.7571
vn 0.2658 0.5968 -0.7571
vn -0.1358 0.6391 -0.7570
vn -0.7433 -0.6688 0.0097
vn -0.7432 -0.6690 0.0097
vn -0.5876 -0.8091 0.0097
vn 0.5877 0.8090 0.0096
vn 0.5876 0.8091 0.0097
vn 0.4068 0.9135 0.0096
vn -0.8660 -0.4999 0.0097
vn -0.8661 -0.4999 0.0097
vn 0.7433 0.6688 0.0097
vn 0.7432 0.6690 0.0097
vn -0.9510 -0.3091 0.0097
vn -0.9510 -0.3090 0.0097
vn 0.8660 0.4999 0.0097
vn 0.8661 0.4999 0.0097
vn -0.9945 -0.1042 0.0097
vn -0.9945 -0.1044 0.0097
vn 0.9510 0.3091 0.0097
vn 0.9510 0.3090 0.0097
vn -0.9945 0.1042 0.0097
vn -0.9945 0.1044 0.0097
vn 0.9945 0.1042 0.0097
vn 0.9945 0.1044 0.0097
vn -0.9510 0.3091 0.0097
vn -0.9510 0.3090 0.0097
vn 0.9945 -0.1042 0.0097
vn 0.9945 -0.1044 0.0097
vn -0.8660 0.4999 0.0097
vn -0.8661 0.4998 0.0097
vn 0.9510 -0.3091 0.0097
vn 0.9510 -0.3090 0.0097
vn -0.7433 0.6689 0.0097
vn -0.7432 0.6690 0.0097
vn 0.8660 -0.4999 0.0097
vn 0.8661 -0.4998 0.0097
vn -0.5878 0.8090 0.0097
vn -0.5878 0.8089 0.0097
vn 0.7433 -0.6689 0.0097
vn 0.7432 -0.6690 0.0097
vn -0.4066 0.9135 0.0096
vn -0.4067 0.9135 0.0096
vn 0.5878 -0.8090 0.0097
vn 0.5878 -0.8089 0.0097
vn -0.2082 0.9780 0.0099
vn -0.2081 0.9781 0.0098
vn -0.2077 -0.9781 0.0097
vn -0.0000 -1.0000 0.0097
vn 0.4066 -0.9135 0.0096
vn 0.4067 -0.9135 0.0096
vn -0.0000 1.0000 0.0097
vn -0.4067 -0.9135 0.0096
vn -0.4068 -0.9135 0.0096
vn 0.2082 -0.9780 0.0099
vn 0.2081 -0.9781 0.0098
vn 0.2077 0.9781 0.0097
vn -0.5877 -0.8090 0.0096
vn 0.4067 0.9135 0.0096
vn -0.2019 0.9500 -0.2382
vn -0.0000 0.9712 -0.2382
vn -0.2019 -0.9500 -0.2382
vn -0.3950 -0.8873 -0.2381
vn 0.3950 -0.8873 -0.2381
vn 0.2019 -0.9500 -0.2382
vn 0.2019 0.9500 -0.2382
vn -0.5709 -0.7857 -0.2381
vn -0.0000 -0.9712 -0.2382
vn 0.3950 0.8873 -0.2381
vn -0.7218 -0.6499 -0.2381
vn 0.5709 0.7857 -0.2382
vn -0.8411 -0.4856 -0.2381
vn 0.7218 0.6499 -0.2381
vn -0.9237 -0.3001 -0.2381
vn 0.8411 0.4856 -0.2381
vn -0.9659 -0.1015 -0.2382
vn 0.9237 0.3001 -0.2381
vn -0.9659 0.1015 -0.2381
vn 0.9659 0.1015 -0.2382
vn -0.9237 0.3001 -0.2381
vn 0.9659 -0.1015 -0.2381
vn -0.8411 0.4856 -0.2381
vn 0.9237 -0.3001 -0.2381
vn -0.7218 0.6499 -0.2381
vn 0.8411 -0.4856 -0.2381
vn -0.5709 0.7857 -0.2382
vn 0.7218 -0.6499 -0.2381
vn -0.3950 0.8873 -0.2382
vn 0.5709 -0.7857 -0.2381
vn 0.4060 0.9119 -0.0595
vn 0.5867 0.8076 -0.0595
vn -0.7418 -0.6679 -0.0595
vn -0.8645 -0.4991 -0.0595
vn 0.7418 0.6679 -0.0595
vn -0.9494 -0.3085 -0.0595
vn 0.8645 0.4991 -0.0595
vn -0.9928 -0.1044 -0.0595
vn 0.9494 0.3085 -0.0595
vn -0.9928 0.1044 -0.0595
vn 0.9928 0.1044 -0.0595
vn -0.9494 0.3085 -0.0595
vn 0.9928 -0.1044 -0.0595
vn -0.8645 0.4991 -0.0595
vn 0.9494 -0.3085 -0.0595
vn -0.7418 0.6679 -0.0595
vn 0.8645 -0.4991 -0.0595
vn -0.5868 0.8076 -0.0595
vn 0.7418 -0.6679 -0.0595
vn -0.4060 0.9119 -0.0595
vn 0.5868 -0.8076 -0.0595
vn -0.2075 0.9764 -0.0595
vn -0.0000 -0.9982 -0.0595
vn -0.2075 -0.9764 -0.0595
vn 0.4060 -0.9119 -0.0595
vn -0.0000 0.9982 -0.0595
vn -0.4060 -0.9119 -0.0595
vn 0.2075 -0.9764 -0.0595
vn 0.2075 0.9764 -0.0595
vn -0.5867 -0.8076 -0.0595
vn 0.8723 -0.2835 -0.3985
vn 0.7943 -0.4586 -0.3985
vn -0.6816 0.6137 -0.3985
vn -0.5391 0.7420 -0.3984
vn 0.6816 -0.6137 -0.3985
vn -0.3731 0.8379 -0.3984
vn 0.5391 -0.7420 -0.3984
vn -0.1907 0.8971 -0.3985
vn -0.0000 -0.9172 -0.3985
vn -0.1907 -0.8972 -0.3984
vn 0.3731 -0.8379 -0.3984
vn -0.0000 0.9172 -0.3985
vn -0.3731 -0.8379 -0.3984
vn 0.1907 -0.8971 -0.3985
vn 0.1907 0.8972 -0.3984
vn -0.5391 -0.7420 -0.3984
vn 0.3731 0.8379 -0.3984
vn -0.6816 -0.6137 -0.3985
vn 0.5391 0.7420 -0.3984
vn -0.7943 -0.4586 -0.3985
vn 0.6816 0.6137 -0.3985
vn -0.8723 -0.2834 -0.3985
vn 0.7943 0.4586 -0.3985
vn -0.9122 -0.0959 -0.3984
vn 0.8723 0.2834 -0.3985
vn -0.9122 0.0959 -0.3984
vn 0.9122 0.0959 -0.3984
vn -0.8723 0.2835 -0.3985
vn 0.9122 -0.0959 -0.3984
vn -0.7943 0.4586 -0.3985
vn -0.5184 -0.4668 -0.7165
vn -0.6041 -0.3488 -0.7166
vn 0.4100 0.5644 -0.7165
vn 0.5184 0.4668 -0.7165
vn -0.6634 -0.2155 -0.7165
vn 0.6041 0.3488 -0.7166
vn -0.6938 -0.0729 -0.7165
vn 0.6634 0.2155 -0.7165
vn -0.6938 0.0729 -0.7164
vn 0.6938 0.0729 -0.7165
vn -0.6634 0.2156 -0.7165
vn 0.6938 -0.0729 -0.7164
vn -0.6041 0.3488 -0.7166
vn 0.6634 -0.2156 -0.7165
vn -0.5184 0.4668 -0.7165
vn 0.6041 -0.3488 -0.7166
vn -0.4100 0.5644 -0.7165
vn 0.5184 -0.4668 -0.7165
vn -0.2837 0.6373 -0.7165
vn 0.4100 -0.5644 -0.7165
vn -0.1450 0.6823 -0.7165
vn -0.0000 -0.6975 -0.7166
vn -0.1450 -0.6823 -0.7165
vn 0.2837 -0.6373 -0.7165
vn -0.0000 0.6975 -0.7166
vn -0.2837 -0.6373 -0.7165
vn 0.1450 -0.6823 -0.7165
vn 0.1450 0.6823 -0.7165
vn -0.4100 -0.5644 -0.7165
vn 0.2837 0.6373 -0.7165
vn 0.8090 -0.5877 -0.0000
vn -0.9136 0.4067 -0.0000
vn 0.9136 0.4067 -0.0000
vn -0.8090 -0.5878 -0.0000
vn 0.1045 0.9945 -0.0000
vn 0.1045 -0.9945 -0.0000
vn -0.8090 0.5878 -0.0000
vn 0.9136 -0.4067 -0.0000
vn -0.9136 -0.4067 -0.0000
vn 0.8090 0.5877 -0.0000
vn -0.1045 -0.9945 -0.0000
vn -0.1045 0.9945 -0.0000
vt 0.728499 0.501635
vt 0.749590 0.692262
vt 0.728480 0.692262
vt 0.539060 0.500598
vt 0.556262 0.692226
vt 0.537174 0.691048
vt 0.639708 0.501752
vt 0.655497 0.691039
vt 0.638140 0.692226
vt 0.622635 0.028327
vt 0.643730 0.218973
vt 0.622613 0.218973
vt 0.565775 0.272248
vt 0.583060 0.463984
vt 0.563970 0.462891
vt 0.666423 0.273337
vt 0.682293 0.462872
vt 0.664936 0.463964
vt 0.853922 0.052858
vt 0.883467 0.103957
vt 0.854934 0.104253
vt 0.886866 0.049158
vt 0.916645 0.114871
vt 0.888091 0.115401
vt 0.322063 0.048794
vt 0.297626 0.100216
vt 0.281997 0.073145
vt 0.900203 0.522585
vt 0.929979 0.588179
vt 0.901425 0.588709
vt 0.867547 0.526137
vt 0.897046 0.577258
vt 0.868487 0.577536
vt 0.904352 0.473838
vt 0.930804 0.498002
vt 0.902251 0.498531
vt 0.896105 0.525859
vt 0.869628 0.499439
vt 0.898187 0.499161
vt 0.915419 0.048628
vt 0.888905 0.025320
vt 0.917459 0.024790
vt 0.882454 0.052562
vt 0.856008 0.027998
vt 0.884541 0.027702
vt 0.322063 0.370696
vt 0.292910 0.424379
vt 0.277820 0.398243
vt 0.888657 0.145971
vt 0.917789 0.176694
vt 0.889235 0.177224
vt 0.176661 0.000000
vt 0.145402 0.012329
vt 0.145402 0.000000
vt 0.176661 0.322063
vt 0.145942 0.339527
vt 0.145402 0.322063
vt 0.902568 0.650532
vt 0.931687 0.680573
vt 0.903133 0.681102
vt 0.116422 0.345801
vt 0.114827 0.322063
vt 0.918355 0.207264
vt 0.889801 0.207794
vt 0.901990 0.619279
vt 0.931122 0.650002
vt 0.114827 0.018828
vt 0.114827 0.000000
vt 0.000000 0.483095
vt 0.019828 0.513108
vt 0.000000 0.514182
vt 0.869597 0.638136
vt 0.898723 0.668835
vt 0.870164 0.669113
vt 0.000000 0.161032
vt 0.014777 0.192119
vt 0.000000 0.192119
vt 0.856128 0.164849
vt 0.885271 0.195527
vt 0.856738 0.195823
vt 0.000000 0.452007
vt 0.016673 0.483095
vt 0.024437 0.221847
vt 0.000000 0.221847
vt 0.885854 0.225148
vt 0.857322 0.225445
vt 0.869030 0.607159
vt 0.898156 0.637858
vt 0.899265 0.698457
vt 0.870706 0.698736
vt 0.855518 0.133874
vt 0.884661 0.164553
vt 0.000000 0.129944
vt 0.011510 0.161032
vt 0.029153 0.541811
vt 0.000000 0.543911
vt 0.550060 0.183815
vt 0.540003 0.153757
vt 0.560480 0.160411
vt 0.544362 0.133098
vt 0.565807 0.135352
vt 0.544362 0.111988
vt 0.565807 0.109734
vt 0.540003 0.091329
vt 0.560480 0.084675
vt 0.531414 0.072037
vt 0.550060 0.061272
vt 0.519001 0.054953
vt 0.535002 0.040546
vt 0.503290 0.040848
vt 0.515964 0.023404
vt 0.485007 0.030293
vt 0.493778 0.010594
vt 0.464936 0.023739
vt 0.469413 0.002678
vt 0.443935 0.021531
vt 0.443935 0.000000
vt 0.422933 0.023739
vt 0.418457 0.002678
vt 0.402863 0.030293
vt 0.394092 0.010594
vt 0.384580 0.040849
vt 0.371906 0.023404
vt 0.368869 0.054953
vt 0.352868 0.040546
vt 0.356456 0.072037
vt 0.337809 0.061272
vt 0.347867 0.091329
vt 0.327389 0.084675
vt 0.343477 0.111985
vt 0.322063 0.109734
vt 0.343477 0.133102
vt 0.322063 0.135352
vt 0.347867 0.153757
vt 0.327389 0.160411
vt 0.356456 0.173049
vt 0.337809 0.183815
vt 0.368869 0.190133
vt 0.352868 0.204541
vt 0.384562 0.204263
vt 0.371906 0.221683
vt 0.402850 0.214822
vt 0.394092 0.234492
vt 0.422933 0.221348
vt 0.418457 0.242408
vt 0.443935 0.223555
vt 0.443935 0.245086
vt 0.464936 0.221348
vt 0.469413 0.242408
vt 0.485020 0.214822
vt 0.493778 0.234492
vt 0.503308 0.204263
vt 0.515964 0.221683
vt 0.519001 0.190133
vt 0.535002 0.204541
vt 0.531414 0.173049
vt 0.302835 0.662187
vt 0.281027 0.676224
vt 0.282758 0.653251
vt 0.785202 0.403925
vt 0.806582 0.380863
vt 0.805598 0.408510
vt 0.230235 0.731356
vt 0.209811 0.758362
vt 0.209811 0.729954
vt 0.787698 0.108356
vt 0.807820 0.079513
vt 0.808128 0.107427
vt 0.300193 0.782036
vt 0.281027 0.812113
vt 0.279829 0.786154
vt 0.783768 0.283524
vt 0.801879 0.255519
vt 0.804008 0.274996
vt 0.785275 0.182056
vt 0.806911 0.163472
vt 0.805441 0.189154
vt 0.230235 0.756974
vt 0.210423 0.786154
vt 0.301273 0.682903
vt 0.279829 0.702169
vt 0.786089 0.378993
vt 0.806914 0.352463
vt 0.301273 0.805446
vt 0.282758 0.835107
vt 0.233429 0.662187
vt 0.211621 0.676224
vt 0.213352 0.653251
vt 0.787420 0.083183
vt 0.806911 0.053304
vt 0.786601 0.158897
vt 0.807820 0.135827
vt 0.300193 0.706300
vt 0.279217 0.729954
vt 0.786389 0.353382
vt 0.806582 0.324550
vt 0.230787 0.782036
vt 0.211621 0.812113
vt 0.787420 0.133967
vt 0.786601 0.059549
vt 0.805441 0.029948
vt 0.781848 0.447470
vt 0.804008 0.434196
vt 0.801879 0.456798
vt 0.231868 0.682903
vt 0.210423 0.702169
vt 0.231868 0.805446
vt 0.213352 0.835107
vt 0.299641 0.731356
vt 0.279217 0.758362
vt 0.786089 0.328211
vt 0.805598 0.298346
vt 0.783768 0.427088
vt 0.230787 0.706300
vt 0.785275 0.038486
vt 0.803473 0.010463
vt 0.299641 0.756974
vt 0.785202 0.304581
vt 0.783500 0.202432
vt 0.803473 0.211749
vt 0.189332 0.671662
vt 0.191179 0.647148
vt 0.256806 0.728996
vt 0.257459 0.699348
vt 0.188053 0.699348
vt 0.256806 0.759311
vt 0.187400 0.728996
vt 0.257459 0.788967
vt 0.187400 0.759311
vt 0.258737 0.816668
vt 0.188053 0.788967
vt 0.260585 0.841204
vt 0.189332 0.816669
vt 0.826285 0.439130
vt 0.824014 0.463248
vt 0.191179 0.841205
vt 0.827983 0.411721
vt 0.827676 0.194075
vt 0.825576 0.218186
vt 0.829032 0.382219
vt 0.830215 0.077078
vt 0.830543 0.106865
vt 0.829245 0.166670
vt 0.829386 0.351913
vt 0.829245 0.049111
vt 0.830215 0.137170
vt 0.829032 0.322128
vt 0.827676 0.024187
vt 0.827983 0.294166
vt 0.825576 0.003395
vt 0.826285 0.269249
vt 0.258737 0.671662
vt 0.260585 0.647148
vt 0.824014 0.248465
vt 0.517097 0.164783
vt 0.524281 0.148649
vt 0.461499 0.039909
vt 0.443935 0.038063
vt 0.359917 0.131374
vt 0.363589 0.148649
vt 0.517097 0.080303
vt 0.506716 0.066015
vt 0.381154 0.066015
vt 0.370773 0.080303
vt 0.409574 0.199720
vt 0.426370 0.205178
vt 0.527953 0.131374
vt 0.493591 0.190889
vt 0.506716 0.179072
vt 0.426370 0.039909
vt 0.370773 0.164783
vt 0.493591 0.054197
vt 0.363589 0.096437
vt 0.443935 0.207024
vt 0.409574 0.045366
vt 0.381154 0.179072
vt 0.359917 0.113713
vt 0.461499 0.205178
vt 0.527953 0.113713
vt 0.524281 0.096437
vt 0.394279 0.190889
vt 0.478296 0.199720
vt 0.478296 0.045366
vt 0.394279 0.054197
vt 0.499981 0.072079
vt 0.488264 0.061529
vt 0.378622 0.160252
vt 0.387889 0.173007
vt 0.399606 0.183557
vt 0.474610 0.053646
vt 0.459615 0.048774
vt 0.443935 0.047126
vt 0.413260 0.191440
vt 0.428255 0.196313
vt 0.428255 0.048774
vt 0.443935 0.197961
vt 0.413260 0.053646
vt 0.459615 0.196313
vt 0.474610 0.191440
vt 0.399606 0.061529
vt 0.387889 0.072079
vt 0.509248 0.160252
vt 0.515661 0.145848
vt 0.378622 0.084834
vt 0.518939 0.130426
vt 0.488264 0.183557
vt 0.499981 0.173007
vt 0.372209 0.099238
vt 0.368931 0.114660
vt 0.518939 0.114660
vt 0.515661 0.099238
vt 0.509248 0.084834
vt 0.368931 0.130426
vt 0.372209 0.145848
vt 0.821748 0.827104
vt 0.808481 0.816842
vt 0.822598 0.817344
vt 0.853001 0.650150
vt 0.837093 0.640589
vt 0.851347 0.640432
vt 0.837510 0.827289
vt 0.837099 0.817514
vt 0.867546 0.649646
vt 0.864729 0.639968
vt 0.821747 0.650150
vt 0.808476 0.639968
vt 0.822592 0.640432
vt 0.853001 0.827104
vt 0.851351 0.817344
vt 0.837509 0.650320
vt 0.867544 0.826558
vt 0.864731 0.816842
vt 0.318225 0.997189
vt 0.303802 0.988259
vt 0.313776 0.987534
vt 0.880320 0.926817
vt 0.871287 0.916558
vt 0.883039 0.917080
vt 0.998774 0.176082
vt 0.984354 0.167219
vt 0.994325 0.166405
vt 0.894733 0.927038
vt 0.896300 0.917283
vt 0.865556 0.466336
vt 0.856524 0.456077
vt 0.868275 0.456599
vt 0.910156 0.926903
vt 0.910489 0.917159
vt 0.879969 0.466557
vt 0.881536 0.456802
vt 0.895392 0.466422
vt 0.895726 0.456678
vt 0.764644 0.869323
vt 0.748890 0.859443
vt 0.763083 0.859568
vt 0.779065 0.869104
vt 0.776351 0.859367
vt 0.615288 0.869287
vt 0.599534 0.859406
vt 0.613728 0.859532
vt 0.791849 0.868538
vt 0.788114 0.858846
vt 0.629709 0.869068
vt 0.626996 0.859330
vt 0.987441 0.926804
vt 0.978685 0.916422
vt 0.990261 0.917035
vt 0.642494 0.868501
vt 0.638758 0.858809
vt 0.315409 0.820987
vt 0.306663 0.810713
vt 0.318232 0.811254
vt 0.868987 0.445671
vt 0.881847 0.445868
vt 0.895608 0.445747
vt 0.749009 0.848512
vt 0.762774 0.848634
vt 0.775641 0.848438
vt 0.599654 0.848476
vt 0.613418 0.848598
vt 0.787048 0.847933
vt 0.626285 0.848402
vt 0.979776 0.905507
vt 0.991002 0.906103
vt 0.637692 0.847897
vt 0.307756 0.799802
vt 0.318975 0.800326
vt 0.809273 0.805924
vt 0.822963 0.806411
vt 0.837014 0.629658
vt 0.850836 0.629506
vt 0.837027 0.806576
vt 0.863814 0.629056
vt 0.809261 0.629056
vt 0.822950 0.629506
vt 0.850848 0.806411
vt 0.863824 0.805924
vt 0.302835 0.977338
vt 0.312507 0.976636
vt 0.872355 0.905645
vt 0.883751 0.906151
vt 0.983386 0.156295
vt 0.993055 0.155506
vt 0.896611 0.906349
vt 0.857591 0.445164
vt 0.910372 0.906228
vt 0.840912 0.440996
vt 0.838589 0.465670
vt 0.176584 0.843437
vt 0.174694 0.818336
vt 0.842649 0.412957
vt 0.842293 0.195931
vt 0.840145 0.220598
vt 0.843722 0.382775
vt 0.844890 0.076242
vt 0.845226 0.106714
vt 0.843898 0.167896
vt 0.844085 0.351772
vt 0.843898 0.047632
vt 0.844890 0.137718
vt 0.843722 0.321302
vt 0.842293 0.022134
vt 0.842649 0.292696
vt 0.840145 0.000864
vt 0.840912 0.267206
vt 0.244100 0.669993
vt 0.245990 0.644914
vt 0.838589 0.245944
vt 0.242792 0.698316
vt 0.174694 0.669993
vt 0.176584 0.644914
vt 0.242124 0.728647
vt 0.173387 0.698316
vt 0.242124 0.759659
vt 0.172718 0.728647
vt 0.242792 0.789997
vt 0.172718 0.759659
vt 0.244100 0.818336
vt 0.173387 0.789997
vt 0.245990 0.843437
vt 0.233429 0.728523
vt 0.234103 0.697952
vt 0.164697 0.697952
vt 0.166015 0.669403
vt 0.233429 0.759782
vt 0.164023 0.728523
vt 0.234103 0.790361
vt 0.164023 0.759782
vt 0.235421 0.818925
vt 0.164697 0.790361
vt 0.237326 0.844225
vt 0.166015 0.818925
vt 0.849585 0.441688
vt 0.847243 0.466557
vt 0.167920 0.844225
vt 0.851335 0.413425
vt 0.850966 0.196617
vt 0.848800 0.221479
vt 0.852417 0.383005
vt 0.853583 0.075977
vt 0.853922 0.106691
vt 0.852583 0.168359
vt 0.852783 0.351755
vt 0.852583 0.047139
vt 0.853583 0.137941
vt 0.852417 0.321043
vt 0.850966 0.021439
vt 0.851335 0.292210
vt 0.848800 -0.000000
vt 0.849585 0.266517
vt 0.235421 0.669403
vt 0.237326 0.644126
vt 0.847243 0.245086
vt 0.167920 0.644126
vt 0.302835 0.644126
vt 0.314054 0.644650
vt 0.810723 0.650320
vt 0.824414 0.650807
vt 0.838347 0.473911
vt 0.852170 0.473758
vt 0.838477 0.650972
vt 0.865148 0.473308
vt 0.810595 0.473308
vt 0.824284 0.473758
vt 0.852299 0.650807
vt 0.865275 0.650320
vt 0.308553 0.821690
vt 0.318225 0.820988
vt 0.867546 0.749974
vt 0.878943 0.750481
vt 0.989105 0.000789
vt 0.998774 0.000000
vt 0.891803 0.750678
vt 0.852783 0.289493
vt 0.864179 0.290000
vt 0.905564 0.750557
vt 0.877039 0.290197
vt 0.890800 0.290076
vt 0.753811 0.692841
vt 0.767575 0.692963
vt 0.780442 0.692767
vt 0.604455 0.692805
vt 0.618220 0.692927
vt 0.791849 0.692262
vt 0.631087 0.692731
vt 0.974860 0.749974
vt 0.986086 0.750570
vt 0.642494 0.692226
vt 0.326410 0.862476
vt 0.361268 0.848485
vt 0.359068 0.869417
vt 0.322063 0.875855
vt 0.352564 0.889434
vt 0.557172 0.879408
vt 0.531019 0.906367
vt 0.524515 0.886350
vt 0.555702 0.865418
vt 0.522315 0.865418
vt 0.365615 0.834495
vt 0.391768 0.807536
vt 0.398272 0.827553
vt 0.557172 0.851427
vt 0.524515 0.844486
vt 0.367085 0.848485
vt 0.400472 0.848485
vt 0.561519 0.838048
vt 0.531019 0.824469
vt 0.365615 0.862476
vt 0.398272 0.869417
vt 0.361268 0.875855
vt 0.391768 0.889434
vt 0.676017 0.851463
vt 0.702171 0.824505
vt 0.708675 0.844522
vt 0.074062 0.852434
vt 0.039205 0.866424
vt 0.041405 0.845492
vt 0.677488 0.865454
vt 0.710875 0.865454
vt 0.078409 0.839055
vt 0.047909 0.825475
vt 0.074062 0.880414
vt 0.047909 0.907373
vt 0.041405 0.887356
vt 0.676018 0.879444
vt 0.708675 0.886386
vt 0.072592 0.866424
vt 0.671670 0.892823
vt 0.702171 0.906403
vt 0.034857 0.880414
vt 0.008704 0.907373
vt 0.002200 0.887356
vt 0.033387 0.866424
vt -0.000000 0.866424
vt 0.326410 0.834495
vt 0.352564 0.807536
vt 0.359068 0.827553
vt 0.034857 0.852434
vt 0.002200 0.845492
vt 0.327881 0.848485
vt 0.039205 0.839055
vt 0.008704 0.825475
vt 0.647006 0.274010
vt 0.626545 0.248535
vt 0.647226 0.248307
vt 0.584802 0.273337
vt 0.565995 0.246544
vt 0.585022 0.247634
vt 0.599615 0.502736
vt 0.578807 0.476815
vt 0.599848 0.477056
vt 0.666643 0.247634
vt 0.605284 0.274010
vt 0.605504 0.248307
vt 0.620294 0.502485
vt 0.620527 0.476805
vt 0.683727 0.272248
vt 0.683947 0.246544
vt 0.626325 0.274238
vt 0.639941 0.476072
vt 0.698163 0.270790
vt 0.698383 0.245086
vt 0.657008 0.500569
vt 0.657241 0.474889
vt 0.688692 0.500294
vt 0.671670 0.473308
vt 0.688690 0.474591
vt 0.671437 0.498988
vt 0.707914 0.501182
vt 0.707913 0.475479
vt 0.582828 0.026986
vt 0.565807 0.000000
vt 0.582827 0.001283
vt 0.728497 0.475932
vt 0.602051 0.027873
vt 0.602049 0.002170
vt 0.749546 0.501635
vt 0.749545 0.475932
vt 0.622634 0.002624
vt 0.770136 0.501182
vt 0.770135 0.475479
vt 0.643683 0.028327
vt 0.643681 0.002624
vt 0.789369 0.500294
vt 0.789368 0.474591
vt 0.664273 0.027873
vt 0.664271 0.002170
vt 0.806404 0.499012
vt 0.806403 0.473308
vt 0.683506 0.026986
vt 0.683504 0.001283
vt 0.522548 0.473345
vt 0.539293 0.474918
vt 0.700541 0.025703
vt 0.700539 0.000000
vt 0.558090 0.501772
vt 0.558324 0.476092
vt 0.549255 0.245086
vt 0.578574 0.502495
vt 0.522315 0.584509
vt 0.477066 0.591816
vt 0.479574 0.580017
vt 0.326439 0.542875
vt 0.372218 0.545135
vt 0.367311 0.556155
vt 0.522315 0.563462
vt 0.479574 0.567954
vt 0.322063 0.563462
vt 0.364803 0.567954
vt 0.517939 0.542875
vt 0.477066 0.556155
vt 0.322063 0.584509
vt 0.364803 0.580017
vt 0.509378 0.523647
vt 0.472160 0.545135
vt 0.326439 0.605097
vt 0.367311 0.591816
vt 0.497007 0.506619
vt 0.465069 0.535376
vt 0.335000 0.624324
vt 0.372218 0.602836
vt 0.481365 0.492536
vt 0.456105 0.527304
vt 0.347371 0.641352
vt 0.379308 0.612595
vt 0.463138 0.482012
vt 0.445658 0.521273
vt 0.422189 0.674663
vt 0.410192 0.630426
vt 0.422189 0.631687
vt 0.363012 0.655435
vt 0.388273 0.620667
vt 0.443121 0.475508
vt 0.434186 0.517545
vt 0.443121 0.672463
vt 0.434186 0.630426
vt 0.381240 0.665959
vt 0.398719 0.626699
vt 0.422189 0.473308
vt 0.422189 0.516284
vt 0.463138 0.665959
vt 0.445658 0.626699
vt 0.401257 0.672463
vt 0.401257 0.475508
vt 0.410192 0.517545
vt 0.481365 0.655435
vt 0.456105 0.620667
vt 0.381240 0.482012
vt 0.398720 0.521273
vt 0.497007 0.641352
vt 0.465069 0.612595
vt 0.363012 0.492536
vt 0.388273 0.527304
vt 0.509378 0.624324
vt 0.472160 0.602836
vt 0.347371 0.506619
vt 0.379308 0.535376
vt 0.517939 0.605097
vt 0.335000 0.523647
vt 0.366384 0.807536
vt 0.354324 0.721904
vt 0.366384 0.721933
vt 0.474816 0.806602
vt 0.463691 0.721401
vt 0.474816 0.720920
vt 0.439779 0.807288
vt 0.428038 0.721321
vt 0.439779 0.721606
vt 0.378234 0.807284
vt 0.378234 0.721681
vt 0.484728 0.805893
vt 0.484728 0.720211
vt 0.451839 0.807315
vt 0.451839 0.721633
vt 0.389357 0.806763
vt 0.389357 0.721160
vt 0.492994 0.804986
vt 0.492994 0.719305
vt 0.399265 0.805995
vt 0.399265 0.720392
vt 0.681425 0.823734
vt 0.671670 0.737321
vt 0.681425 0.738057
vt 0.407527 0.805015
vt 0.407527 0.719411
vt 0.692442 0.824243
vt 0.692442 0.738566
vt 0.532069 0.823698
vt 0.522315 0.737285
vt 0.532069 0.738020
vt 0.704240 0.824504
vt 0.704240 0.738827
vt 0.543086 0.824207
vt 0.543086 0.738530
vt 0.716303 0.824505
vt 0.716303 0.738828
vt 0.554884 0.824468
vt 0.554884 0.738791
vt 0.728104 0.824245
vt 0.728104 0.738568
vt 0.566947 0.824469
vt 0.566947 0.738791
vt 0.739127 0.823738
vt 0.739127 0.738060
vt 0.578748 0.824209
vt 0.578748 0.738532
vt 0.748890 0.823003
vt 0.748890 0.737326
vt 0.589771 0.823701
vt 0.589771 0.738024
vt 0.331668 0.806626
vt 0.322063 0.720208
vt 0.331668 0.721022
vt 0.599534 0.822967
vt 0.599534 0.737290
vt 0.342581 0.807199
vt 0.342581 0.721596
vt 0.417128 0.806472
vt 0.407527 0.720036
vt 0.417128 0.720790
vt 0.354324 0.807507
vt 0.463691 0.807083
vt 0.428038 0.807003
vt 0.552014 0.692849
vt 0.557916 0.692979
vt 0.713307 0.693016
vt 0.719210 0.692886
vt 0.563951 0.692979
vt 0.724725 0.692632
vt 0.569855 0.692850
vt 0.729610 0.692264
vt 0.575369 0.692596
vt 0.341811 0.675061
vt 0.346616 0.675469
vt 0.580254 0.692228
vt 0.352075 0.675756
vt 0.427285 0.675029
vt 0.432089 0.675406
vt 0.357950 0.675910
vt 0.449455 0.675828
vt 0.455384 0.675712
vt 0.437547 0.675672
vt 0.363984 0.675924
vt 0.460949 0.675471
vt 0.443421 0.675814
vt 0.369912 0.675798
vt 0.465908 0.675116
vt 0.375477 0.675538
vt 0.470044 0.674663
vt 0.380434 0.675154
vt 0.690978 0.692262
vt 0.695858 0.692630
vt 0.384567 0.674663
vt 0.701369 0.692885
vt 0.541622 0.692226
vt 0.546502 0.692594
vt 0.707272 0.693015
vt 0.484885 0.816867
vt 0.492141 0.839200
vt 0.480400 0.859537
vt 0.060982 0.049915
vt 0.040098 0.049200
vt 0.046903 0.045644
vt 0.044243 0.567946
vt 0.000000 0.595492
vt 0.086271 0.031542
vt 0.048634 0.000000
vt 0.040098 0.594926
vt 0.032773 0.597223
vt 0.275310 0.598307
vt 0.277820 0.567946
vt 0.282194 0.594908
vt 0.207236 0.644126
vt 0.233211 0.608113
vt 0.273490 0.644126
vt 0.207236 0.000000
vt 0.235792 0.031542
vt 0.207236 0.018828
vt 0.207236 0.322063
vt 0.176121 0.339527
vt 0.932906 0.746520
vt 0.904352 0.747050
vt 0.322063 0.273430
vt 0.297626 0.221848
vt 0.322063 0.221848
vt 0.930544 0.618749
vt 0.000000 0.370769
vt 0.029153 0.424379
vt 0.000000 0.422279
vt 0.145402 0.309734
vt 0.019828 0.453081
vt 0.048692 0.322063
vt 0.114827 0.303235
vt 0.886866 0.276471
vt 0.858333 0.276768
vt 0.884050 0.133578
vt 0.048634 0.644126
vt 0.116422 0.620388
vt 0.114827 0.644126
vt 0.000000 0.100216
vt 0.014777 0.129944
vt 0.322063 0.452007
vt 0.302236 0.453081
vt 0.897589 0.606881
vt 0.307286 0.192119
vt 0.322063 0.192119
vt 0.322063 0.129944
vt 0.307286 0.129944
vt 0.000000 0.048634
vt 0.024437 0.100216
vt 0.145942 0.626662
vt 0.176661 0.644126
vt 0.145402 0.644126
vt 0.176661 0.309734
vt 0.900203 0.749696
vt 0.871644 0.749974
vt 0.302235 0.513108
vt 0.322063 0.483095
vt 0.322063 0.514182
vt 0.322063 0.543911
vt 0.261081 0.049915
vt 0.282194 0.049218
vt 0.322063 0.161032
vt 0.176121 0.626662
vt 0.322063 0.595332
vt 0.292910 0.541811
vt 0.310553 0.161032
vt 0.305390 0.483095
vt 0.176661 0.012329
vt 0.917211 0.145441
vt 0.919579 0.273446
vt 0.891026 0.273976
vt 0.040066 0.248918
vt 0.000000 0.273357
vt 0.046301 0.368365
vt 0.044243 0.398243
vt 0.039208 0.371303
vt 0.039208 0.272824
vt 0.032115 0.275762
vt 0.088852 0.358076
vt 0.235792 0.290521
vt 0.273195 0.322063
vt 0.233211 0.358076
vt 0.205641 0.345801
vt 0.261081 0.272148
vt 0.282855 0.272824
vt 0.275762 0.275762
vt 0.257626 0.375815
vt 0.282855 0.371303
vt 0.126361 0.854009
vt 0.133673 0.825736
vt 0.133673 0.854270
vt 0.848642 0.856272
vt 0.855129 0.827288
vt 0.855129 0.855849
vt 0.731439 0.853432
vt 0.738263 0.824505
vt 0.738263 0.853039
vt 0.798944 0.749685
vt 0.806035 0.721431
vt 0.806035 0.749990
vt 0.862620 0.827462
vt 0.862620 0.856022
vt 0.743565 0.229698
vt 0.750607 0.200823
vt 0.750607 0.229383
vt 0.060982 0.272148
vt 0.791849 0.778853
vt 0.798944 0.749990
vt 0.798944 0.778548
vt 0.149886 0.854398
vt 0.156711 0.825475
vt 0.156711 0.854035
vt 0.820535 0.856215
vt 0.827342 0.827288
vt 0.827342 0.855847
vt 0.798944 0.807412
vt 0.806036 0.779159
vt 0.806036 0.807717
vt 0.834666 0.827527
vt 0.834666 0.856086
vt 0.164023 0.825716
vt 0.164023 0.854277
vt 0.745576 0.824766
vt 0.745576 0.853300
vt 0.040066 0.073145
vt 0.032773 0.046903
vt 0.791849 0.721125
vt 0.798944 0.692262
vt 0.798944 0.720821
vt 0.791849 0.749989
vt 0.798944 0.721126
vt 0.764790 0.229357
vt 0.771933 0.201136
vt 0.771933 0.229671
vt 0.289948 0.354179
vt 0.297236 0.345988
vt 0.039208 0.351240
vt 0.024665 0.346097
vt 0.799122 0.836276
vt 0.806004 0.808070
vt 0.806004 0.836629
vt 0.834666 0.856281
vt 0.841151 0.827289
vt 0.841151 0.855823
vt 0.282855 0.292886
vt 0.297236 0.298138
vt 0.813211 0.855847
vt 0.820535 0.827527
vt 0.820535 0.856086
vt 0.848643 0.827476
vt 0.848643 0.856010
vt 0.142574 0.854035
vt 0.149886 0.825716
vt 0.149886 0.854277
vt 0.589356 0.853027
vt 0.596238 0.824821
vt 0.596238 0.853380
vt 0.283515 0.614927
vt 0.297301 0.620207
vt 0.119537 0.854402
vt 0.126361 0.825475
vt 0.806036 0.750295
vt 0.806036 0.778853
vt 0.757749 0.201113
vt 0.757749 0.229674
vt 0.791849 0.807716
vt 0.798944 0.778853
vt 0.064437 0.590374
vt 0.806404 0.856216
vt 0.813211 0.827289
vt 0.135748 0.854398
vt 0.142574 0.825475
vt 0.806036 0.692567
vt 0.806036 0.721126
vt 0.582083 0.853282
vt 0.589356 0.824469
vt 0.791849 0.836531
vt 0.799122 0.807717
vt 0.757749 0.229698
vt 0.764790 0.200823
vt 0.289465 0.046753
vt 0.292864 0.039869
vt 0.049200 0.038318
vt 0.045644 0.031514
vt 0.088852 0.608113
vt 0.046903 0.598482
vt 0.045644 0.612612
vt 0.049200 0.605808
vt 0.292886 0.282855
vt 0.031514 0.611353
vt 0.038318 0.614909
vt 0.029217 0.040098
vt 0.038318 0.029217
vt 0.023002 0.025632
vt 0.024665 0.298030
vt 0.029177 0.282855
vt 0.032115 0.289948
vt 0.289948 0.368365
vt 0.858333 0.000296
vt 0.886866 -0.000000
vt 0.029217 0.604028
vt 0.928757 0.522055
vt 0.032115 0.368365
vt 0.039208 0.292886
vt 0.029177 0.361272
vt 0.086271 0.290521
vt 0.046301 0.275762
vt 0.049239 0.361272
vt 0.046301 0.289948
vt 0.049239 0.282855
vt 0.046301 0.354178
vt 0.275310 0.045819
vt 0.871644 0.473587
vt 0.900203 0.473308
vt 0.289948 0.275762
vt 0.282855 0.351241
vt 0.297301 0.023919
vt 0.283515 0.029199
vt 0.273490 0.000000
vt 0.891026 0.000530
vt 0.919579 0.000000
vt 0.289465 0.597373
vt 0.272845 0.605578
vt 0.276244 0.031664
vt 0.272845 0.038548
vt 0.276244 0.612462
vt 0.292864 0.604257
vt 0.290399 0.032598
vt 0.281997 0.248918
vt 0.292886 0.361272
vt 0.275762 0.289948
vt 0.275762 0.354179
vt 0.272824 0.282855
vt 0.272824 0.361272
vt 0.275762 0.368365
vt 0.663162 0.868294
vt 0.655836 0.875106
vt 0.669714 0.847970
vt 0.960047 0.176596
vt 0.954548 0.167734
vt 0.952648 0.157107
vt 0.967469 0.926569
vt 0.959201 0.932450
vt 0.974860 0.907080
vt 0.970210 0.649379
vt 0.965347 0.639897
vt 0.963667 0.629053
vt 0.944698 0.175745
vt 0.935805 0.182185
vt 0.952648 0.155753
vt 0.903816 0.451418
vt 0.897802 0.442293
vt 0.895726 0.431581
vt 0.513686 0.850732
vt 0.506360 0.857545
vt 0.520235 0.830408
vt 0.940302 0.649900
vt 0.934804 0.641038
vt 0.932906 0.630410
vt 0.985744 0.452569
vt 0.977476 0.458449
vt 0.993138 0.433081
vt 0.414073 0.983385
vt 0.409208 0.973903
vt 0.407527 0.963060
vt 0.954466 0.451566
vt 0.945572 0.458014
vt 0.962418 0.431581
vt 0.918583 0.925580
vt 0.912568 0.916449
vt 0.910489 0.905727
vt 0.164023 0.658451
vt 0.146398 0.650650
vt 0.144795 0.671911
vt 0.701507 0.390063
vt 0.719411 0.394067
vt 0.720321 0.368480
vt 0.079038 0.722861
vt 0.061108 0.721637
vt 0.061108 0.747928
vt 0.704449 0.097966
vt 0.722383 0.097155
vt 0.722099 0.071321
vt 0.161563 0.770054
vt 0.143687 0.773649
vt 0.144795 0.797674
vt 0.700171 0.277946
vt 0.717939 0.270502
vt 0.715969 0.252476
vt 0.702193 0.166594
vt 0.719897 0.172792
vt 0.721258 0.149024
vt 0.079038 0.746716
vt 0.061675 0.773649
vt 0.162569 0.677742
vt 0.143687 0.695923
vt 0.702332 0.366846
vt 0.720629 0.342196
vt 0.162569 0.791853
vt 0.146398 0.818954
vt 0.082012 0.658451
vt 0.064386 0.650650
vt 0.062784 0.671911
vt 0.704191 0.074525
vt 0.721258 0.047066
vt 0.703428 0.145029
vt 0.722099 0.123439
vt 0.161563 0.699530
vt 0.143120 0.721637
vt 0.702611 0.342998
vt 0.720321 0.316364
vt 0.079552 0.770054
vt 0.062784 0.797674
vt 0.704191 0.121814
vt 0.703428 0.052517
vt 0.719897 0.025450
vt 0.698383 0.430611
vt 0.715969 0.438756
vt 0.717939 0.417838
vt 0.080558 0.677742
vt 0.061675 0.695923
vt 0.080558 0.791853
vt 0.064386 0.818954
vt 0.161049 0.722861
vt 0.143120 0.747928
vt 0.702332 0.319559
vt 0.719411 0.292112
vt 0.700171 0.411632
vt 0.079552 0.699529
vt 0.702193 0.032904
vt 0.718076 0.007417
vt 0.161049 0.746717
vt 0.701507 0.297554
vt 0.700541 0.185569
vt 0.718076 0.193704
vt 0.322063 0.347269
vt 0.337382 0.348880
vt 0.341673 0.328695
vt 0.544075 0.323935
vt 0.529425 0.328695
vt 0.533716 0.348880
vt 0.544075 0.394460
vt 0.529425 0.389700
vt 0.521032 0.408551
vt 0.322063 0.371125
vt 0.337382 0.369515
vt 0.534372 0.302142
vt 0.521032 0.309844
vt 0.327023 0.394460
vt 0.341673 0.389700
vt 0.520350 0.282842
vt 0.508903 0.293149
vt 0.336726 0.416253
vt 0.350066 0.408551
vt 0.502622 0.266880
vt 0.493568 0.279341
vt 0.350748 0.435553
vt 0.362195 0.425246
vt 0.481962 0.254952
vt 0.475697 0.269024
vt 0.368476 0.451515
vt 0.377530 0.439053
vt 0.459274 0.247580
vt 0.456071 0.262647
vt 0.389136 0.463443
vt 0.395401 0.449371
vt 0.435549 0.245086
vt 0.435549 0.260490
vt 0.411824 0.470815
vt 0.415027 0.455748
vt 0.411824 0.247580
vt 0.415027 0.262647
vt 0.435549 0.473308
vt 0.435549 0.457905
vt 0.389136 0.254952
vt 0.395401 0.269024
vt 0.459274 0.470815
vt 0.456071 0.455748
vt 0.368476 0.266880
vt 0.377530 0.279341
vt 0.481962 0.463443
vt 0.475697 0.449371
vt 0.350748 0.282842
vt 0.362195 0.293149
vt 0.502622 0.451515
vt 0.493568 0.439053
vt 0.336726 0.302142
vt 0.350066 0.309844
vt 0.549035 0.371125
vt 0.533716 0.369515
vt 0.520350 0.435553
vt 0.508903 0.425246
vt 0.327023 0.323935
vt 0.549035 0.347270
vt 0.534372 0.416253
vt 0.375719 0.413069
vt 0.365826 0.399452
vt 0.468295 0.285648
vt 0.482871 0.294064
vt 0.388227 0.424331
vt 0.452288 0.280447
vt 0.402803 0.432746
vt 0.435549 0.278688
vt 0.418810 0.437947
vt 0.418810 0.280447
vt 0.435549 0.439707
vt 0.402803 0.285648
vt 0.452288 0.437947
vt 0.388227 0.294064
vt 0.468295 0.432746
vt 0.375719 0.305326
vt 0.482871 0.424331
vt 0.365826 0.318943
vt 0.515617 0.367613
vt 0.512118 0.384076
vt 0.495379 0.413069
vt 0.358980 0.334319
vt 0.515617 0.350782
vt 0.505272 0.399452
vt 0.355481 0.350782
vt 0.512118 0.334319
vt 0.355481 0.367613
vt 0.505272 0.318943
vt 0.358980 0.384076
vt 0.495379 0.305326
vt 0.471116 0.408151
vt 0.460161 0.414476
vt 0.383145 0.328942
vt 0.390581 0.318708
vt 0.495728 0.365522
vt 0.493098 0.377896
vt 0.480517 0.399687
vt 0.378000 0.340499
vt 0.495728 0.352872
vt 0.487953 0.389453
vt 0.375370 0.352872
vt 0.493098 0.340499
vt 0.375370 0.365522
vt 0.487953 0.328942
vt 0.378000 0.377896
vt 0.480517 0.318708
vt 0.383145 0.389453
vt 0.471116 0.310243
vt 0.390581 0.399687
vt 0.460161 0.303918
vt 0.399982 0.408151
vt 0.448130 0.300009
vt 0.410937 0.414476
vt 0.435549 0.298687
vt 0.422968 0.418385
vt 0.422968 0.300009
vt 0.435549 0.419708
vt 0.410937 0.303918
vt 0.448130 0.418385
vt 0.399982 0.310243
vt 0.429259 0.388790
vt 0.423244 0.386836
vt 0.429259 0.329605
vt 0.435549 0.328943
vt 0.435549 0.389451
vt 0.423244 0.331559
vt 0.441839 0.388790
vt 0.417766 0.334721
vt 0.447854 0.386836
vt 0.413066 0.338954
vt 0.453332 0.383673
vt 0.409348 0.344070
vt 0.465637 0.362360
vt 0.464322 0.368546
vt 0.458032 0.379441
vt 0.406776 0.349848
vt 0.465637 0.356035
vt 0.461750 0.374324
vt 0.405461 0.356035
vt 0.464322 0.349848
vt 0.405461 0.362360
vt 0.461750 0.344070
vt 0.406776 0.368546
vt 0.458032 0.338954
vt 0.409348 0.374324
vt 0.453332 0.334721
vt 0.413066 0.379441
vt 0.447854 0.331559
vt 0.417766 0.383673
vt 0.441839 0.329605
vt 0.460346 0.351140
vt 0.461479 0.356472
vt 0.460346 0.367254
vt 0.458129 0.372234
vt 0.409619 0.361923
vt 0.409619 0.356472
vt 0.458129 0.346161
vt 0.410752 0.367254
vt 0.454925 0.341751
vt 0.412969 0.372234
vt 0.450874 0.338104
vt 0.416173 0.376644
vt 0.446154 0.335378
vt 0.420224 0.380291
vt 0.440970 0.333694
vt 0.424944 0.383016
vt 0.435549 0.333124
vt 0.430128 0.384701
vt 0.430128 0.333694
vt 0.435549 0.385271
vt 0.424944 0.335378
vt 0.440970 0.384701
vt 0.420224 0.338104
vt 0.446154 0.383016
vt 0.416173 0.341751
vt 0.450874 0.380291
vt 0.412969 0.346161
vt 0.461479 0.361923
vt 0.454925 0.376644
vt 0.410752 0.351140
vt 0.430866 0.337164
vt 0.435549 0.336672
vt 0.180896 0.851245
vt 0.177263 0.852340
vt 0.177364 0.856947
vt 0.426387 0.338619
vt 0.440232 0.381231
vt 0.435549 0.381723
vt 0.422309 0.340974
vt 0.444711 0.379775
vt 0.418809 0.344125
vt 0.448789 0.377421
vt 0.791908 0.848735
vt 0.795551 0.849214
vt 0.795702 0.844631
vt 0.771997 0.223734
vt 0.775666 0.222744
vt 0.775610 0.218117
vt 0.452289 0.374270
vt 0.791849 0.854184
vt 0.795500 0.853922
vt 0.457951 0.356843
vt 0.457951 0.361552
vt 0.771997 0.212929
vt 0.775666 0.213410
vt 0.775828 0.208827
vt 0.791908 0.859540
vt 0.795551 0.858549
vt 0.456972 0.352237
vt 0.771933 0.218378
vt 0.413147 0.361552
vt 0.413147 0.356843
vt 0.455057 0.347935
vt 0.414126 0.366158
vt 0.452289 0.344125
vt 0.416041 0.370460
vt 0.448789 0.340974
vt 0.418809 0.374270
vt 0.172518 0.862029
vt 0.168869 0.861656
vt 0.168768 0.866261
vt 0.422309 0.377421
vt 0.172518 0.856578
vt 0.168869 0.856947
vt 0.181014 0.862029
vt 0.177364 0.861656
vt 0.177263 0.866261
vt 0.172401 0.851245
vt 0.168768 0.852340
vt 0.181014 0.856578
vt 0.795702 0.862893
vt 0.799976 0.862499
vt 0.799832 0.858328
vt 0.776445 0.234187
vt 0.780698 0.233514
vt 0.780359 0.230414
vt 0.795945 0.866765
vt 0.800210 0.866217
vt 0.168569 0.870562
vt 0.164299 0.870115
vt 0.164023 0.873771
vt 0.796272 0.869995
vt 0.800524 0.869319
vt 0.164489 0.865985
vt 0.177064 0.870562
vt 0.172794 0.870114
vt 0.172518 0.873771
vt 0.164587 0.861562
vt 0.172985 0.865984
vt 0.164587 0.857040
vt 0.173082 0.861562
vt 0.164489 0.852616
vt 0.173082 0.857040
vt 0.168569 0.848037
vt 0.164299 0.848484
vt 0.172985 0.852616
vt 0.168282 0.844225
vt 0.164023 0.844824
vt 0.177064 0.848037
vt 0.172794 0.848484
vt 0.795945 0.840374
vt 0.800210 0.840875
vt 0.800524 0.837279
vt 0.176777 0.844225
vt 0.172518 0.844824
vt 0.799976 0.844963
vt 0.776092 0.204569
vt 0.780360 0.205073
vt 0.780698 0.201475
vt 0.799832 0.849364
vt 0.779950 0.222526
vt 0.779897 0.218083
vt 0.780106 0.209161
vt 0.799783 0.853884
vt 0.775828 0.227088
vt 0.780106 0.226697
vt 0.779950 0.213562
vt 0.776092 0.230959
vt 0.722053 0.244084
vt 0.722053 0.234785
vt 0.719489 0.234515
vt 0.713255 0.202693
vt 0.717037 0.211187
vt 0.719489 0.210391
vt 0.726550 0.243611
vt 0.724617 0.234515
vt 0.709339 0.204954
vt 0.714804 0.212476
vt 0.730851 0.242214
vt 0.727069 0.233719
vt 0.705978 0.207979
vt 0.712889 0.214201
vt 0.734767 0.239953
vt 0.729301 0.232430
vt 0.703320 0.211638
vt 0.711373 0.216287
vt 0.743565 0.224714
vt 0.734317 0.223742
vt 0.733781 0.226264
vt 0.738128 0.236927
vt 0.731217 0.230705
vt 0.701481 0.215769
vt 0.710325 0.218642
vt 0.743565 0.220192
vt 0.734317 0.221164
vt 0.740786 0.233268
vt 0.732733 0.228619
vt 0.700541 0.220192
vt 0.709789 0.221164
vt 0.742625 0.215769
vt 0.733781 0.218642
vt 0.742625 0.229137
vt 0.700541 0.224714
vt 0.709789 0.223742
vt 0.740786 0.211638
vt 0.732733 0.216287
vt 0.701481 0.229137
vt 0.710325 0.226264
vt 0.738128 0.207979
vt 0.731217 0.214201
vt 0.703320 0.233268
vt 0.711373 0.228619
vt 0.734767 0.204954
vt 0.729301 0.212476
vt 0.705978 0.236927
vt 0.712889 0.230705
vt 0.730851 0.202693
vt 0.727069 0.211187
vt 0.709339 0.239953
vt 0.714804 0.232430
vt 0.726550 0.201295
vt 0.724617 0.210391
vt 0.713255 0.242214
vt 0.717037 0.233719
vt 0.722053 0.200822
vt 0.722053 0.210121
vt 0.717556 0.243611
vt 0.717556 0.201295
vt 0.602677 0.242401
vt 0.603016 0.218973
vt 0.601215 0.219159
vt 0.582306 0.242576
vt 0.582611 0.219175
vt 0.580453 0.219328
vt 0.622064 0.242555
vt 0.621948 0.219133
vt 0.619825 0.218973
vt 0.584073 0.242378
vt 0.584411 0.218973
vt 0.624418 0.242664
vt 0.624346 0.219244
vt 0.605255 0.242555
vt 0.605139 0.219133
vt 0.626940 0.242720
vt 0.626914 0.219301
vt 0.607610 0.242664
vt 0.607537 0.219244
vt 0.629518 0.242720
vt 0.629540 0.219301
vt 0.610131 0.242720
vt 0.610105 0.219301
vt 0.632040 0.242664
vt 0.632109 0.219244
vt 0.612709 0.242720
vt 0.612731 0.219301
vt 0.634396 0.242555
vt 0.634508 0.219133
vt 0.615231 0.242664
vt 0.615300 0.219244
vt 0.636482 0.242398
vt 0.636634 0.218973
vt 0.617587 0.242555
vt 0.617699 0.219133
vt 0.567858 0.242614
vt 0.567896 0.219214
vt 0.565807 0.219023
vt 0.619673 0.242398
vt 0.570190 0.242753
vt 0.570271 0.219355
vt 0.586462 0.242610
vt 0.586500 0.219186
vt 0.584411 0.219008
vt 0.572699 0.242835
vt 0.572827 0.219439
vt 0.596412 0.242807
vt 0.596634 0.219387
vt 0.594054 0.219421
vt 0.588793 0.242739
vt 0.588874 0.219318
vt 0.575276 0.242858
vt 0.575452 0.219462
vt 0.598790 0.242720
vt 0.599056 0.219299
vt 0.591301 0.242817
vt 0.591429 0.219397
vt 0.577809 0.242822
vt 0.578031 0.219425
vt 0.600910 0.242583
vt 0.593879 0.242840
vt 0.580187 0.242726
vt 0.740116 0.369583
vt 0.740442 0.341772
vt 0.741851 0.069385
vt 0.740961 0.043720
vt 0.740961 0.151603
vt 0.741851 0.124532
vt 0.740116 0.314439
vt 0.739521 0.020847
vt 0.742152 0.096720
vt 0.739153 0.288778
vt 0.737594 0.001767
vt 0.737596 0.265911
vt 0.126823 0.645758
vt 0.125127 0.668254
vt 0.735511 0.246838
vt 0.123954 0.693661
vt 0.044811 0.645757
vt 0.043116 0.668254
vt 0.123355 0.720870
vt 0.041943 0.693661
vt 0.123355 0.748689
vt 0.041343 0.720869
vt 0.123954 0.775904
vt 0.041343 0.748689
vt 0.125127 0.801326
vt 0.041943 0.775904
vt 0.126823 0.823842
vt 0.043116 0.801326
vt 0.735511 0.443944
vt 0.737596 0.421811
vt 0.044811 0.823842
vt 0.739153 0.396657
vt 0.737594 0.198879
vt 0.739521 0.176752
vt 0.759573 0.287794
vt 0.757986 0.264509
vt 0.106447 0.644126
vt 0.104720 0.667035
vt 0.755864 0.245086
vt 0.103526 0.692908
vt 0.024435 0.644126
vt 0.022709 0.667035
vt 0.102915 0.720614
vt 0.021514 0.692908
vt 0.102915 0.748944
vt 0.020904 0.720614
vt 0.103526 0.776658
vt 0.020904 0.748944
vt 0.104720 0.802545
vt 0.021514 0.776658
vt 0.106447 0.825474
vt 0.022709 0.802545
vt 0.755864 0.445804
vt 0.757986 0.423265
vt 0.024435 0.825474
vt 0.759573 0.397651
vt 0.757951 0.200725
vt 0.759914 0.178192
vt 0.760553 0.370081
vt 0.762593 0.096694
vt 0.762286 0.068857
vt 0.761380 0.152582
vt 0.760885 0.341760
vt 0.761380 0.042722
vt 0.762286 0.125014
vt 0.760553 0.313925
vt 0.759914 0.019430
vt 0.757951 0.000000
vt 0.010091 0.776658
vt 0.011285 0.802546
vt 0.767277 0.445910
vt 0.769400 0.423371
vt 0.013012 0.825475
vt 0.770986 0.397757
vt 0.769375 0.200823
vt 0.771338 0.178290
vt 0.771966 0.370187
vt 0.774017 0.096791
vt 0.773710 0.068955
vt 0.772804 0.152680
vt 0.772298 0.341866
vt 0.772804 0.042820
vt 0.773710 0.125112
vt 0.771966 0.314032
vt 0.771338 0.019528
vt 0.770986 0.287901
vt 0.769375 0.000098
vt 0.769400 0.264615
vt 0.095023 0.644127
vt 0.093297 0.667036
vt 0.767277 0.245193
vt 0.092102 0.692909
vt 0.013012 0.644127
vt 0.011285 0.667035
vt 0.091491 0.720615
vt 0.010091 0.692909
vt 0.091491 0.748945
vt 0.009480 0.720615
vt 0.092102 0.776658
vt 0.009480 0.748945
vt 0.093297 0.802546
vt 0.095023 0.825475
vt 0.573235 0.883184
vt 0.582083 0.883184
vt 0.578928 0.853171
vt 0.090219 0.856017
vt 0.081564 0.854177
vt 0.078409 0.884191
vt 0.570273 0.855010
vt 0.569603 0.824469
vt 0.087257 0.884191
vt 0.081564 0.914205
vt 0.082662 0.690170
vt 0.082012 0.719685
vt 0.090219 0.912365
vt 0.090890 0.942907
vt 0.082012 0.749865
vt 0.000651 0.690170
vt 0.000000 0.719685
vt 0.082662 0.779388
vt -0.000000 0.749865
vt 0.098973 0.939308
vt 0.107056 0.942907
vt 0.116382 0.914205
vt 0.000651 0.779388
vt 0.107727 0.912365
vt 0.119537 0.884191
vt 0.731439 0.828104
vt 0.723355 0.824505
vt 0.714030 0.853207
vt 0.110688 0.884191
vt 0.116382 0.854177
vt 0.722685 0.855047
vt 0.710875 0.883221
vt 0.107727 0.856017
vt 0.107056 0.825475
vt 0.719723 0.883221
vt 0.714030 0.913235
vt 0.780451 0.400759
vt 0.781495 0.371389
vt 0.783500 0.096141
vt 0.783174 0.066487
vt 0.722685 0.911395
vt 0.723355 0.941937
vt 0.781848 0.341218
vt 0.782208 0.038645
vt 0.782208 0.155679
vt 0.783174 0.126311
vt 0.781495 0.311567
vt 0.561519 0.938301
vt 0.569603 0.941900
vt 0.578928 0.913198
vt 0.780451 0.283730
vt 0.570273 0.911359
vt 0.098973 0.829074
vt 0.090890 0.825475
vt 0.322063 0.100216
vt 0.932906 0.473308
vt 0.322063 0.422279
vt 0.781848 0.265960
vt 0.302835 0.826181
vt 0.233429 0.826181
vt 0.783500 0.020915
vt 0.806404 0.826558
vt 0.806404 0.649646
vt 0.307385 0.997976
vt 0.867546 0.926250
vt 0.987937 0.176966
vt 0.852783 0.465769
vt 0.749216 0.869187
vt 0.599861 0.869150
vt 0.974860 0.926137
vt 0.302835 0.820400
vt 0.561519 0.892787
vt 0.361268 0.821116
vt 0.671670 0.838085
vt 0.078409 0.893793
vt 0.039205 0.893793
vt 0.322063 0.821116
vt 0.671672 0.499012
vt 0.565808 0.025703
vt 0.522315 0.499025
vt 0.549035 0.270790
vt 0.671670 0.822998
vt 0.522315 0.822962
vt 0.322063 0.805811
vt 0.407527 0.805718
vt 0.469434 0.864419
vt 0.463432 0.865050
vt 0.457430 0.864419
vt 0.451690 0.862554
vt 0.446464 0.859537
vt 0.441979 0.855499
vt 0.434723 0.839200
vt 0.438432 0.850616
vt 0.435977 0.845103
vt 0.434723 0.833165
vt 0.435977 0.827262
vt 0.438432 0.821749
vt 0.441979 0.816866
vt 0.446464 0.812828
vt 0.451690 0.809811
vt 0.457430 0.807946
vt 0.463432 0.807315
vt 0.469434 0.807946
vt 0.475173 0.809811
vt 0.480400 0.812828
vt 0.488432 0.821749
vt 0.490886 0.827262
vt 0.492141 0.833165
vt 0.490886 0.845103
vt 0.488432 0.850616
vt 0.484885 0.855499
vt 0.475173 0.862554
vt 0.257626 0.590374
vt 0.205641 0.620388
vt 0.207236 0.303235
vt 0.064437 0.375815
vt 0.848642 0.827712
vt 0.731439 0.824897
vt 0.743565 0.201138
vt 0.791849 0.750294
vt 0.149886 0.825837
vt 0.820535 0.827657
vt 0.791849 0.692566
vt 0.791849 0.721430
vt 0.032115 0.354178
vt 0.834666 0.827747
vt 0.289948 0.289948
vt 0.290399 0.611528
vt 0.119537 0.825868
vt 0.791849 0.779158
vt 0.806404 0.827657
vt 0.135748 0.825837
vt 0.582083 0.824724
vt 0.791849 0.807972
vt 0.757749 0.201164
vt 0.023002 0.618495
vt 0.031514 0.032773
vt 0.642494 0.884907
vt 0.642494 0.694293
vt 0.669514 0.692226
vt 0.668032 0.858813
vt 0.952874 0.001362
vt 0.983385 -0.000000
vt 0.983385 0.190583
vt 0.968320 0.182476
vt 0.944116 0.940572
vt 0.944116 0.749974
vt 0.974610 0.751335
vt 0.972962 0.917708
vt 0.963888 0.473308
vt 0.990884 0.475383
vt 0.990884 0.666016
vt 0.977530 0.656192
vt 0.919579 0.191327
vt 0.919579 0.000699
vt 0.952380 -0.000000
vt 0.950608 0.166511
vt 0.895999 0.275970
vt 0.929378 0.276109
vt 0.929378 0.466557
vt 0.912866 0.457700
vt 0.492994 0.867366
vt 0.492994 0.676734
vt 0.520014 0.674663
vt 0.518554 0.841251
vt 0.933156 0.474665
vt 0.963667 0.473308
vt 0.963667 0.663906
vt 0.948574 0.655782
vt 0.962418 0.466553
vt 0.962418 0.275970
vt 0.992912 0.277336
vt 0.991240 0.443708
vt 0.407727 0.807315
vt 0.434723 0.809386
vt 0.434723 1.000000
vt 0.421393 0.990197
vt 0.929378 0.467156
vt 0.929378 0.276718
vt 0.962175 0.275970
vt 0.960376 0.442332
vt 0.910737 0.749974
vt 0.944116 0.750103
vt 0.944116 0.940709
vt 0.927634 0.931866
vt 0.698383 0.261591
vt 0.164023 0.811162
vt 0.082012 0.811162
vt 0.700541 0.016542
vt 0.792083 0.843431
vt 0.772185 0.207625
vt 0.172401 0.867360
vt 0.180896 0.867359
vt 0.168282 0.874370
vt 0.176777 0.874370
vt 0.796272 0.836629
vt 0.776445 0.200823
vt 0.619979 0.242398
vt 0.603170 0.242398
vt 0.565807 0.242427
vt 0.584411 0.242435
vt 0.561519 0.828067
vt 0.731439 0.938338
s 1
usemtl Plastic.001
f 1/1/1 603/2/2 604/3/3
f 3/4/4 601/5/5 602/6/6
f 378/7/7 71/8/8 69/9/9
f 383/10/10 81/11/11 79/12/12
f 388/13/13 91/14/14 89/15/15
f 367/16/16 600/17/17 599/18/18
f 14/19/19 515/20/20 516/21/20
f 18/22/21 517/23/22 519/24/22
f 20/25/23 307/26/24 308/27/25
f 6/28/26 524/29/27 523/30/27
f 10/31/28 511/32/29 512/33/29
f 5/34/30 594/35/31 593/36/31
f 11/37/28 596/38/32 595/39/32
f 19/40/21 598/41/33 597/42/33
f 15/43/19 592/44/34 591/45/34
f 10/46/35 1053/47/35 1052/48/35
f 24/49/22 26/50/22 28/51/22
f 22/52/23 313/53/36 26/54/23
f 23/55/35 1047/56/35 25/57/35
f 23/58/27 525/59/27 526/60/27
f 25/57/35 1046/61/35 523/62/35
f 28/51/22 513/63/22 518/64/22
f 25/65/27 21/66/27 23/58/27
f 26/54/23 314/67/37 513/68/23
f 32/69/35 1039/70/35 40/71/35
f 30/72/29 38/73/29 37/74/29
f 31/75/23 321/76/38 34/77/23
f 32/78/20 34/79/20 35/80/20
f 35/81/35 1040/82/35 32/69/35
f 34/77/23 322/83/39 522/84/23
f 35/80/20 522/85/20 514/86/20
f 36/87/29 29/88/29 30/72/29
f 37/74/29 520/89/29 521/90/29
f 40/91/20 31/92/20 32/78/20
f 39/93/23 320/94/40 31/75/23
f 40/71/35 1038/95/35 516/96/35
f 42/97/41 43/98/42 44/99/43
f 44/99/43 599/100/18 45/101/44
f 45/101/44 600/102/17 46/103/45
f 46/103/45 47/104/46 48/105/47
f 48/105/47 49/106/48 50/107/49
f 50/107/49 51/108/50 52/109/51
f 52/109/51 604/110/3 53/111/52
f 53/111/52 603/112/2 54/113/53
f 54/113/53 55/114/54 56/115/55
f 56/115/55 57/116/56 58/117/57
f 58/117/57 59/118/58 60/119/59
f 60/119/59 602/120/6 61/121/60
f 61/121/60 601/122/5 62/123/61
f 62/123/61 63/124/62 64/125/63
f 64/125/63 65/126/64 66/127/65
f 66/127/65 67/128/66 68/129/67
f 68/129/67 69/130/9 70/131/68
f 70/131/68 71/132/8 72/133/69
f 72/133/69 73/134/70 74/135/71
f 74/135/71 75/136/72 76/137/73
f 76/137/73 77/138/74 78/139/75
f 78/139/75 79/140/12 80/141/76
f 80/141/76 81/142/11 82/143/77
f 82/143/77 83/144/78 84/145/79
f 84/145/79 85/146/80 86/147/81
f 86/147/81 87/148/82 88/149/83
f 88/149/83 89/150/15 90/151/84
f 90/151/84 91/152/14 92/153/85
f 92/153/85 93/154/86 94/155/87
f 94/155/87 41/156/88 42/97/41
f 48/157/47 100/158/89 99/159/90
f 62/160/61 109/161/91 108/162/92
f 80/163/76 118/164/93 117/165/94
f 42/166/41 96/167/95 95/168/96
f 56/169/55 105/170/97 104/171/98
f 72/172/69 114/173/99 113/174/100
f 90/175/84 123/176/101 122/177/102
f 82/178/77 119/179/103 118/164/93
f 50/180/49 101/181/104 100/158/89
f 64/182/63 110/183/105 109/161/91
f 58/184/57 106/185/106 105/170/97
f 74/186/71 115/187/107 114/188/99
f 44/189/43 97/190/108 96/167/95
f 92/191/85 124/192/109 123/176/101
f 52/193/51 102/194/110 101/181/104
f 66/195/65 111/196/111 110/183/105
f 84/197/79 120/198/112 119/179/103
f 94/199/87 95/168/96 124/192/109
f 45/200/44 98/201/113 97/190/108
f 60/202/59 107/203/114 106/204/106
f 76/205/73 116/206/115 115/187/107
f 86/207/81 121/208/116 120/198/112
f 53/209/52 103/210/117 102/194/110
f 68/211/67 112/212/118 111/196/111
f 61/213/60 108/162/92 107/203/114
f 78/214/75 117/165/94 116/206/115
f 46/215/45 99/216/90 98/201/113
f 54/217/53 104/171/98 103/210/117
f 70/218/68 113/174/100 112/212/118
f 88/219/83 122/177/102 121/220/116
f 114/188/99 145/221/119 144/222/120
f 101/181/104 132/223/121 131/224/122
f 115/187/107 146/225/123 145/221/119
f 102/194/110 133/226/124 132/223/121
f 116/206/115 147/227/125 146/225/123
f 103/210/117 134/228/126 133/226/124
f 117/165/94 148/229/127 147/227/125
f 104/171/98 135/230/128 134/228/126
f 118/164/93 149/231/129 148/229/127
f 105/170/97 136/232/130 135/230/128
f 119/179/103 150/233/131 149/231/129
f 106/204/106 137/234/132 136/235/130
f 120/198/112 151/236/133 150/233/131
f 107/203/114 138/237/134 137/234/132
f 121/220/116 152/238/135 151/239/133
f 108/162/92 139/240/136 138/237/134
f 95/168/96 126/241/137 125/242/138
f 122/177/102 153/243/139 152/238/135
f 109/161/91 140/244/140 139/240/136
f 96/167/95 127/245/141 126/241/137
f 123/176/101 154/246/142 153/243/139
f 110/183/105 141/247/143 140/244/140
f 97/190/108 128/248/144 127/245/141
f 124/192/109 125/242/138 154/246/142
f 111/196/111 142/249/145 141/247/143
f 98/201/113 129/250/146 128/248/144
f 112/212/118 143/251/147 142/249/145
f 99/159/90 130/252/148 129/253/146
f 113/174/100 144/254/120 143/251/147
f 100/158/89 131/224/122 130/252/148
f 43/98/42 155/255/149 156/256/150
f 57/116/56 164/257/151 165/258/152
f 73/134/70 173/259/153 174/260/154
f 51/108/50 160/261/155 161/262/156
f 65/126/64 169/263/157 170/264/158
f 83/144/78 178/265/159 179/266/160
f 599/100/18 156/256/150 157/267/161
f 93/154/86 183/268/162 184/269/163
f 59/118/58 165/258/152 166/270/164
f 75/136/72 174/260/154 175/271/165
f 604/110/3 161/262/156 162/272/166
f 67/128/66 170/264/158 171/273/167
f 85/146/80 179/266/160 180/274/168
f 41/156/88 184/269/163 155/255/149
f 602/120/6 166/270/164 167/275/169
f 77/138/74 175/271/165 176/276/170
f 69/130/9 171/273/167 172/277/171
f 87/148/82 180/274/168 181/278/172
f 47/104/46 158/279/173 159/280/174
f 79/140/12 176/276/170 177/281/175
f 89/150/15 181/278/172 182/282/176
f 55/114/54 163/283/177 164/257/151
f 49/106/48 159/280/174 160/261/155
f 63/124/62 168/284/178 169/263/157
f 162/272/166 191/285/179 192/286/180
f 176/276/170 205/287/181 206/288/182
f 177/281/175 206/288/182 207/289/183
f 164/257/151 193/290/184 194/291/185
f 165/258/152 194/291/185 195/292/186
f 179/266/160 208/293/187 209/294/188
f 166/270/164 195/292/186 196/295/189
f 180/274/168 209/294/188 210/296/190
f 167/275/169 196/295/189 197/297/191
f 181/278/172 210/296/190 211/298/192
f 182/282/176 211/298/192 212/299/193
f 169/263/157 198/300/194 199/301/195
f 156/256/150 185/302/196 186/303/197
f 170/264/158 199/301/195 200/304/198
f 157/267/161 186/303/197 187/305/199
f 184/269/163 213/306/200 214/307/201
f 171/273/167 200/304/198 201/308/202
f 155/255/149 214/307/201 185/302/196
f 172/277/171 201/308/202 202/309/203
f 159/280/174 188/310/204 189/311/205
f 160/261/155 189/311/205 190/312/206
f 174/260/154 203/313/207 204/314/208
f 161/262/156 190/312/206 191/285/179
f 175/271/165 204/314/208 205/287/181
f 199/315/195 228/316/209 229/317/210
f 186/318/197 215/319/211 216/320/212
f 200/321/198 229/317/210 230/322/213
f 187/323/199 216/320/212 217/324/214
f 214/325/201 243/326/215 244/327/216
f 201/328/202 230/322/213 231/329/217
f 185/330/196 244/327/216 215/319/211
f 202/331/203 231/329/217 232/332/218
f 189/333/205 218/334/219 219/335/220
f 190/336/206 219/337/220 220/338/221
f 204/339/208 233/340/222 234/341/223
f 191/342/179 220/338/221 221/343/224
f 205/344/181 234/345/223 235/346/225
f 192/347/180 221/343/224 222/348/226
f 206/349/182 235/346/225 236/350/227
f 207/351/183 236/350/227 237/352/228
f 194/353/185 223/354/229 224/355/230
f 195/356/186 224/355/230 225/357/231
f 209/358/188 238/359/232 239/360/233
f 196/361/189 225/357/231 226/362/234
f 210/363/190 239/360/233 240/364/235
f 197/365/191 226/366/234 227/367/236
f 211/368/192 240/364/235 241/369/237
f 212/370/193 241/371/237 242/372/238
f 236/350/227 265/373/239 266/374/240
f 237/352/228 266/374/240 267/375/241
f 224/355/230 253/376/242 254/377/243
f 225/357/231 254/377/243 255/378/244
f 239/360/233 268/379/245 269/380/246
f 226/362/234 255/378/244 256/381/247
f 240/364/235 269/380/246 270/382/248
f 227/367/236 256/383/247 257/384/249
f 241/369/237 270/382/248 271/385/250
f 242/372/238 271/386/250 272/387/251
f 229/317/210 258/388/252 259/389/253
f 216/320/212 245/390/254 246/391/255
f 230/322/213 259/389/253 260/392/256
f 217/324/214 246/391/255 247/393/257
f 244/327/216 273/394/258 274/395/259
f 231/329/217 260/392/256 261/396/260
f 215/319/211 274/395/259 245/390/254
f 232/332/218 261/396/260 262/397/261
f 219/335/220 248/398/262 249/399/263
f 220/338/221 249/400/263 250/401/264
f 234/341/223 263/402/265 264/403/266
f 221/343/224 250/401/264 251/404/267
f 235/346/225 264/405/266 265/373/239
f 222/348/226 251/404/267 252/406/268
f 136/235/130 287/407/269 286/408/270
f 150/233/131 301/409/271 300/410/272
f 137/234/132 288/411/273 287/407/269
f 151/239/133 302/412/274 301/413/271
f 138/237/134 289/414/275 288/411/273
f 125/242/138 276/415/276 275/416/277
f 152/238/135 303/417/278 302/412/274
f 139/240/136 290/418/279 289/414/275
f 126/241/137 277/419/280 276/415/276
f 153/243/139 304/420/281 303/417/278
f 140/244/140 291/421/282 290/418/279
f 127/245/141 278/422/283 277/419/280
f 154/246/142 275/416/277 304/420/281
f 141/247/143 292/423/284 291/421/282
f 128/248/144 279/424/285 278/422/283
f 142/249/145 293/425/286 292/423/284
f 129/253/146 280/426/287 279/427/285
f 143/251/147 294/428/288 293/425/286
f 130/252/148 281/429/289 280/426/287
f 144/222/120 295/430/290 294/431/288
f 131/224/122 282/432/291 281/429/289
f 145/221/119 296/433/292 295/430/290
f 132/223/121 283/434/293 282/432/291
f 146/225/123 297/435/294 296/433/292
f 133/226/124 284/436/295 283/434/293
f 147/227/125 298/437/296 297/435/294
f 134/228/126 285/438/297 284/436/295
f 148/229/127 299/439/298 298/437/296
f 135/230/128 286/440/270 285/438/297
f 149/231/129 300/410/272 299/439/298
f 281/429/289 312/441/299 311/442/300
f 295/430/290 326/443/301 325/444/302
f 282/432/291 313/445/36 312/441/299
f 296/433/292 327/446/303 326/443/301
f 283/434/293 314/447/37 313/445/36
f 297/435/294 328/448/304 327/446/303
f 284/436/295 315/449/305 314/447/37
f 298/437/296 329/450/306 328/448/304
f 285/438/297 316/451/307 315/449/305
f 299/439/298 330/452/308 329/450/306
f 286/408/270 317/453/309 316/454/307
f 300/410/272 331/455/310 330/452/308
f 287/407/269 318/456/311 317/453/309
f 301/413/271 332/457/312 331/458/310
f 288/411/273 319/459/313 318/456/311
f 275/416/277 306/460/314 305/461/315
f 302/412/274 333/462/316 332/457/312
f 289/414/275 320/463/40 319/459/313
f 276/415/276 307/464/24 306/460/314
f 303/417/278 334/465/317 333/462/316
f 290/418/279 321/466/38 320/463/40
f 277/419/280 308/467/25 307/464/24
f 304/420/281 305/461/315 334/465/317
f 291/421/282 322/468/39 321/466/38
f 278/422/283 309/469/318 308/467/25
f 292/423/284 323/470/319 322/468/39
f 279/427/285 310/471/320 309/472/318
f 293/425/286 324/473/321 323/470/319
f 280/426/287 311/442/300 310/471/320
f 294/431/288 325/444/302 324/474/321
f 272/387/251 361/475/322 362/476/323
f 259/389/253 348/477/324 349/478/325
f 246/391/255 335/479/29 336/480/326
f 260/392/256 349/478/325 350/481/20
f 247/393/257 336/480/326 337/482/327
f 274/395/259 363/483/328 364/484/329
f 261/396/260 350/481/20 351/485/330
f 245/390/254 364/484/329 335/479/29
f 262/397/261 351/485/330 352/486/331
f 249/399/263 338/487/332 339/488/333
f 250/401/264 339/489/333 340/490/334
f 264/403/266 353/491/335 354/492/336
f 251/404/267 340/490/334 341/493/337
f 265/373/239 354/494/336 355/495/338
f 252/406/268 341/493/337 342/496/339
f 266/374/240 355/495/338 356/497/340
f 267/375/241 356/497/340 357/498/341
f 254/377/243 343/499/342 344/500/343
f 255/378/244 344/500/343 345/501/344
f 269/380/246 358/502/345 359/503/346
f 256/381/247 345/501/344 346/504/347
f 270/382/248 359/503/346 360/505/348
f 257/384/249 346/506/347 347/507/349
f 271/385/250 360/505/348 361/508/322
f 356/509/35 381/510/35 382/511/35
f 357/512/35 382/511/35 383/513/35
f 344/514/35 2/515/35 372/516/35
f 345/517/35 372/516/35 373/518/35
f 359/519/35 384/520/35 385/521/35
f 346/522/35 373/518/35 374/523/35
f 360/524/35 385/521/35 386/525/35
f 347/526/35 374/523/35 3/527/35
f 361/528/35 386/525/35 387/529/35
f 362/530/35 387/529/35 388/531/35
f 349/532/35 4/533/35 375/534/35
f 336/535/35 365/536/35 366/537/35
f 350/538/35 375/534/35 376/539/35
f 337/540/35 366/537/35 367/541/35
f 364/542/35 389/543/35 390/544/35
f 351/545/35 376/539/35 377/546/35
f 335/547/35 390/544/35 365/536/35
f 352/548/35 377/546/35 378/549/35
f 339/550/35 368/551/35 369/552/35
f 340/553/35 369/552/35 370/554/35
f 354/555/35 379/556/35 380/557/35
f 341/558/35 370/554/35 371/559/35
f 355/560/35 380/557/35 381/510/35
f 342/561/35 371/559/35 1/562/35
f 366/563/350 391/564/29 392/565/350
f 389/566/351 418/567/352 419/568/327
f 376/569/20 405/570/353 406/571/20
f 367/16/16 392/565/350 393/572/354
f 390/573/355 419/568/327 420/574/355
f 377/575/356 406/571/20 407/576/356
f 368/577/357 393/572/354 394/578/358
f 365/579/29 420/574/355 391/564/29
f 378/7/7 407/576/356 408/580/359
f 369/581/333 394/578/358 395/582/333
f 379/583/360 408/580/359 409/584/361
f 370/585/334 395/586/333 396/587/334
f 380/588/336 409/584/361 410/586/336
f 371/589/337 396/587/334 397/590/337
f 381/591/338 410/592/336 411/593/338
f 1/1/1 397/590/337 398/594/362
f 382/595/340 411/593/338 412/596/340
f 2/597/363 398/594/362 399/598/364
f 383/10/10 412/596/340 413/599/365
f 372/600/343 399/598/364 400/601/343
f 384/602/366 413/599/365 414/603/367
f 373/604/344 400/601/343 401/605/344
f 385/606/346 414/603/367 415/607/346
f 374/608/347 401/605/344 402/609/347
f 386/610/348 415/607/346 416/611/348
f 3/4/4 402/612/347 403/613/368
f 387/614/322 416/611/348 417/615/322
f 4/616/369 403/613/368 404/617/331
f 388/13/13 417/618/322 418/567/352
f 375/619/353 404/617/331 405/570/353
f 399/620/23 428/621/23 429/622/23
f 413/623/23 442/624/23 443/625/23
f 400/626/23 429/622/23 430/627/23
f 414/628/23 443/625/23 444/629/23
f 401/630/23 430/627/23 431/631/23
f 415/632/23 444/629/23 445/633/23
f 402/634/23 431/631/23 432/635/23
f 416/636/23 445/633/23 446/637/23
f 403/638/23 432/635/23 433/639/23
f 417/640/23 446/637/23 447/641/23
f 404/642/23 433/639/23 434/643/23
f 418/644/23 447/641/23 448/645/23
f 405/646/23 434/643/23 435/647/23
f 392/648/23 421/649/23 422/650/23
f 419/651/23 448/645/23 449/652/23
f 406/653/23 435/647/23 436/654/23
f 393/655/23 422/650/23 423/656/23
f 420/657/23 449/652/23 450/658/23
f 407/659/23 436/654/23 437/660/23
f 394/661/23 423/656/23 424/662/23
f 391/663/23 450/658/23 421/649/23
f 408/664/23 437/660/23 438/665/23
f 395/666/23 424/662/23 425/667/23
f 409/668/23 438/665/23 439/669/23
f 396/670/23 425/667/23 426/671/23
f 410/672/23 439/669/23 440/673/23
f 397/674/23 426/671/23 427/675/23
f 411/676/23 440/673/23 441/677/23
f 398/678/23 427/675/23 428/621/23
f 412/679/23 441/677/23 442/624/23
f 436/680/20 465/681/370 466/682/371
f 423/683/354 452/684/372 453/685/373
f 450/686/355 479/687/374 480/688/375
f 437/689/356 466/682/371 467/690/376
f 424/691/377 453/685/373 454/692/378
f 421/693/29 480/688/375 451/694/379
f 438/695/359 467/690/376 468/696/380
f 425/697/381 454/692/378 455/698/382
f 439/699/383 468/696/380 469/700/384
f 426/701/334 455/702/382 456/703/385
f 440/704/386 469/700/384 470/705/387
f 427/706/337 456/703/385 457/707/388
f 441/708/338 470/709/387 471/710/389
f 428/711/332 457/707/388 458/712/390
f 442/713/340 471/710/389 472/714/391
f 429/715/349 458/712/390 459/716/392
f 443/717/335 472/714/391 473/718/393
f 430/719/343 459/716/392 460/720/394
f 444/721/323 473/718/393 474/722/395
f 431/723/344 460/720/394 461/724/396
f 445/725/346 474/722/395 475/726/397
f 432/727/398 461/724/396 462/728/399
f 446/729/348 475/726/397 476/730/400
f 433/731/401 462/732/399 463/733/402
f 447/734/403 476/730/400 477/735/404
f 434/736/331 463/733/402 464/737/405
f 448/738/406 477/739/404 478/740/407
f 435/741/353 464/737/405 465/681/370
f 422/742/350 451/694/379 452/684/372
f 449/743/327 478/740/407 479/687/374
f 473/718/393 502/744/408 503/745/409
f 460/720/394 489/746/410 490/747/411
f 474/722/395 503/745/409 504/748/412
f 461/724/396 490/747/411 491/749/413
f 475/726/397 504/748/412 505/750/414
f 462/728/399 491/749/413 492/751/415
f 476/730/400 505/750/414 506/752/416
f 463/733/402 492/753/415 493/754/417
f 477/735/404 506/752/416 507/755/418
f 464/737/405 493/754/417 494/756/419
f 478/740/407 507/757/418 508/758/420
f 465/681/370 494/756/419 495/759/421
f 452/684/372 481/760/422 482/761/423
f 479/687/374 508/758/420 509/762/424
f 466/682/371 495/759/421 496/763/425
f 453/685/373 482/761/423 483/764/426
f 480/688/375 509/762/424 510/765/427
f 467/690/376 496/763/425 497/766/428
f 454/692/378 483/764/426 484/767/429
f 451/694/379 510/765/427 481/760/422
f 468/696/380 497/766/428 498/768/430
f 455/698/382 484/767/429 485/769/431
f 469/700/384 498/768/430 499/770/432
f 456/703/385 485/771/431 486/772/433
f 470/705/387 499/770/432 500/773/434
f 457/707/388 486/772/433 487/774/435
f 471/710/389 500/775/434 501/776/436
f 458/712/390 487/774/435 488/777/437
f 472/714/391 501/776/436 502/744/408
f 459/716/392 488/777/437 489/746/410
f 493/778/417 489/779/410 485/780/431
f 316/781/307 574/782/23 572/783/23
f 516/96/35 1037/784/35 14/785/35
f 513/68/23 315/786/305 16/787/23
f 1037/784/35 573/788/35 569/789/35
f 555/790/35 1028/791/35 545/792/35
f 519/793/35 1030/794/35 18/795/35
f 517/796/23 310/797/320 311/798/300
f 526/799/35 1048/800/35 23/55/35
f 526/60/27 12/801/438 9/802/438
f 11/803/23 333/804/316 511/805/23
f 523/30/27 27/806/27 25/65/27
f 5/807/35 1042/808/35 514/809/35
f 524/62/23 327/810/303 27/57/23
f 514/809/35 1041/811/35 35/81/35
f 7/812/23 326/813/301 524/62/23
f 514/86/20 8/814/30 5/815/30
f 516/21/20 39/816/20 40/91/20
f 13/817/35 1034/818/35 518/819/35
f 515/820/23 319/821/313 39/93/23
f 1053/47/35 36/822/35 1054/823/35
f 512/33/29 33/824/29 36/87/29
f 511/805/23 334/825/317 33/826/23
f 307/26/24 38/827/23 306/828/314
f 15/829/23 318/830/311 515/820/23
f 1033/831/35 24/832/35 28/833/35
f 328/834/304 525/799/23 21/55/23
f 521/90/29 20/835/439 17/836/439
f 1026/837/35 30/838/35 37/839/35
f 521/840/35 1026/837/35 37/839/35
f 309/841/318 546/842/23 308/27/25
f 334/825/317 29/843/23 33/826/23
f 1032/844/35 519/793/35 24/832/35
f 17/845/35 1027/846/35 521/840/35
f 305/847/315 38/827/23 29/843/23
f 327/810/303 21/55/23 27/57/23
f 1025/848/35 36/822/35 30/838/35
f 517/796/23 312/849/299 22/52/23
f 519/24/22 22/850/22 24/49/22
f 518/819/35 1033/831/35 28/833/35
f 518/64/22 16/851/440 13/852/440
f 522/84/23 323/853/319 8/854/23
f 575/855/35 1043/856/35 577/857/35
f 323/853/319 578/858/23 580/859/23
f 523/62/35 1045/860/35 6/812/35
f 525/799/23 330/861/308 12/862/23
f 526/799/35 1050/863/35 1049/864/35
f 331/865/310 540/866/23 548/867/23
f 1051/868/35 539/869/35 1052/48/35
f 533/870/441 538/871/34 537/872/34
f 569/873/442 566/874/443 565/875/443
f 575/876/444 586/877/441 585/878/441
f 577/879/445 576/880/444 575/881/444
f 565/875/443 564/882/446 563/883/446
f 555/884/447 554/885/448 553/886/448
f 324/887/321 578/858/23 323/853/319
f 537/888/34 542/889/449 541/890/449
f 549/891/450 558/892/451 557/893/451
f 563/894/446 560/895/452 559/896/452
f 587/897/453 590/898/454 589/899/454
f 559/896/452 562/900/455 561/901/456
f 557/893/451 548/902/457 547/903/457
f 585/878/441 584/904/458 583/905/459
f 317/906/309 570/907/23 574/782/23
f 547/908/457 540/909/460 539/910/460
f 579/911/461 578/912/445 577/879/445
f 529/913/462 532/914/463 531/915/463
f 10/46/35 537/916/35 596/917/35
f 587/918/35 593/919/35 6/812/35
f 545/920/464 556/921/447 555/922/447
f 561/923/456 568/924/465 567/925/465
f 542/926/23 595/927/23 12/862/23
f 573/928/466 570/929/467 569/930/442
f 567/925/465 572/931/468 571/932/469
f 581/933/451 580/934/470 579/935/461
f 543/936/471 528/937/472 527/938/473
f 543/939/35 598/940/35 18/795/35
f 535/941/474 534/942/441 533/870/441
f 541/890/449 550/943/475 549/944/450
f 553/886/448 552/945/476 551/946/476
f 583/947/459 588/948/453 587/897/453
f 1036/949/35 573/788/35 1037/784/35
f 571/950/469 574/951/466 573/928/466
f 589/952/454 582/953/451 581/933/451
f 539/910/460 536/954/477 535/955/474
f 551/956/476 544/957/471 543/936/471
f 531/958/463 546/959/464 545/920/464
f 527/960/473 530/961/462 529/913/462
f 20/25/23 532/962/23 530/963/23
f 315/786/305 568/964/23 562/965/23
f 315/786/305 572/783/23 568/964/23
f 1035/966/35 571/967/35 1036/949/35
f 1035/966/35 561/968/35 567/969/35
f 595/927/23 534/970/23 11/803/23
f 13/817/35 563/971/35 559/972/35
f 15/829/23 566/973/23 570/907/23
f 14/785/35 1037/784/35 569/789/35
f 16/787/23 315/786/305 562/965/23
f 13/817/35 559/972/35 561/968/35
f 560/974/23 16/787/23 562/965/23
f 1035/966/35 13/817/35 561/968/35
f 560/974/23 591/975/23 16/787/23
f 594/976/23 582/977/23 590/978/23
f 1052/48/35 539/869/35 535/979/35
f 591/45/34 13/980/440 16/981/440
f 563/971/35 14/785/35 565/982/35
f 593/36/31 7/983/26 6/28/26
f 579/984/35 577/857/35 1043/856/35
f 594/976/23 588/985/23 7/812/23
f 593/919/35 581/986/35 5/807/35
f 8/854/23 323/853/319 580/859/23
f 582/977/23 8/854/23 580/859/23
f 325/987/302 576/988/23 324/887/321
f 1045/860/35 575/855/35 585/989/35
f 325/987/302 584/990/23 586/991/23
f 1045/860/35 585/989/35 583/992/35
f 7/812/23 588/985/23 584/990/23
f 6/812/35 1045/860/35 583/992/35
f 325/987/302 7/812/23 584/990/23
f 587/918/35 6/812/35 583/992/35
f 317/906/309 15/829/23 570/907/23
f 565/982/35 14/785/35 569/789/35
f 310/797/320 556/993/23 309/841/318
f 595/39/32 9/994/438 12/995/438
f 11/803/23 534/970/23 536/996/23
f 596/917/35 541/997/35 9/862/35
f 597/998/23 544/999/23 19/1000/23
f 597/42/33 17/1001/439 20/1002/439
f 1028/791/35 531/1003/35 545/792/35
f 1030/794/35 555/790/35 553/1004/35
f 310/797/320 552/1005/23 554/1006/23
f 1030/794/35 553/1004/35 551/1007/35
f 308/27/25 546/842/23 532/962/23
f 20/25/23 308/27/25 532/962/23
f 17/845/35 531/1003/35 1028/791/35
f 17/845/35 529/1008/35 531/1003/35
f 19/1000/23 544/999/23 552/1005/23
f 310/797/320 19/1000/23 552/1005/23
f 543/939/35 18/795/35 551/1007/35
f 18/795/35 1030/794/35 551/1007/35
f 597/998/23 530/963/23 528/1009/23
f 598/940/35 529/1008/35 17/845/35
f 591/975/23 566/973/23 15/829/23
f 332/1010/312 11/803/23 536/996/23
f 540/866/23 332/1010/312 536/996/23
f 10/46/35 1052/48/35 535/979/35
f 533/1011/35 10/46/35 535/979/35
f 12/862/23 330/861/308 550/1012/23
f 542/926/23 12/862/23 550/1012/23
f 9/862/35 541/997/35 549/1013/35
f 1050/863/35 9/862/35 549/1013/35
f 550/1012/23 330/861/308 558/1014/23
f 330/861/308 548/867/23 558/1014/23
f 1050/863/35 549/1013/35 557/1015/35
f 1051/868/35 557/1015/35 547/1016/35
f 188/1017/204 158/1018/173 248/1019/262
f 187/1020/199 217/1021/214 247/1022/257
f 213/1023/200 183/1024/162 273/1025/258
f 212/1026/193 242/1027/238 272/1028/251
f 208/1029/187 178/1030/159 268/1031/245
f 207/1032/183 237/1033/228 267/1034/241
f 203/1035/207 173/1036/153 263/1037/265
f 202/1038/203 232/1039/218 262/1040/261
f 198/1041/194 168/1042/178 258/1043/252
f 197/1044/191 227/1045/236 257/1046/249
f 193/1047/184 163/1048/177 253/1049/242
f 192/1050/180 222/1051/226 252/1052/268
f 609/1053/478 639/1054/479 640/1055/480
f 618/1056/481 648/1057/482 649/1058/483
f 627/1059/484 657/1060/485 658/1061/486
f 605/1062/487 635/1063/488 636/1064/489
f 614/1065/490 644/1066/491 645/1067/492
f 623/1068/493 653/1069/494 654/1070/495
f 632/1071/496 662/1072/497 663/1073/498
f 628/1074/499 658/1061/486 659/1075/500
f 610/1076/501 640/1055/480 641/1077/502
f 619/1078/503 649/1058/483 650/1079/504
f 615/1080/505 645/1067/492 646/1081/506
f 624/1082/507 654/1083/495 655/1084/508
f 606/1085/509 636/1064/489 637/1086/510
f 633/1087/511 663/1073/498 664/1088/512
f 611/1089/513 641/1077/502 642/1090/514
f 620/1091/515 650/1079/504 651/1092/516
f 629/1093/517 659/1075/500 660/1094/518
f 634/1095/519 664/1088/512 635/1063/488
f 607/1096/520 637/1086/510 638/1097/521
f 616/1098/522 646/1099/506 647/1100/523
f 625/1101/524 655/1084/508 656/1102/525
f 630/1103/526 660/1094/518 661/1104/527
f 612/1105/528 642/1090/514 643/1106/529
f 621/1107/530 651/1092/516 652/1108/531
f 617/1109/532 647/1100/523 648/1057/482
f 626/1110/533 656/1102/525 657/1060/485
f 608/1111/534 638/1097/521 639/1112/479
f 613/1113/535 643/1106/529 644/1066/491
f 622/1114/536 652/1108/531 653/1069/494
f 631/1115/537 661/1116/527 662/1072/497
f 621/1117/530 681/1118/538 680/1119/539
f 608/1120/534 668/1121/540 667/1122/541
f 605/1123/487 665/1124/542 694/1125/543
f 622/1126/536 682/1127/544 681/1118/538
f 609/1128/478 669/1129/545 668/1121/540
f 623/1130/493 683/1131/546 682/1127/544
f 610/1132/501 670/1133/547 669/1129/545
f 624/1134/507 684/1135/548 683/1131/546
f 611/1136/513 671/1137/549 670/1133/547
f 625/1138/524 685/1139/550 684/1135/548
f 612/1140/528 672/1141/551 671/1137/549
f 626/1142/533 686/1143/552 685/1139/550
f 613/1144/535 673/1145/553 672/1141/551
f 627/1146/484 687/1147/554 686/1143/552
f 614/1148/490 674/1149/555 673/1145/553
f 628/1150/499 688/1151/556 687/1147/554
f 615/1152/505 675/1153/557 674/1149/555
f 629/1154/517 689/1155/558 688/1151/556
f 616/1156/522 676/1157/559 675/1153/557
f 630/1158/526 690/1159/560 689/1155/558
f 617/1160/532 677/1161/561 676/1157/559
f 631/1162/537 691/1163/562 690/1159/560
f 618/1164/481 678/1165/563 677/1161/561
f 632/1166/496 692/1167/564 691/1163/562
f 619/1168/503 679/1169/565 678/1165/563
f 606/1170/509 666/1171/566 665/1124/542
f 633/1172/511 693/1173/567 692/1167/564
f 620/1174/515 680/1119/539 679/1169/565
f 607/1175/520 667/1122/541 666/1171/566
f 634/1176/519 694/1125/543 693/1173/567
f 685/1139/550 715/1177/568 714/1178/569
f 672/1141/551 702/1179/570 701/1180/571
f 686/1143/552 716/1181/572 715/1177/568
f 673/1145/553 703/1182/573 702/1179/570
f 687/1147/554 717/1183/574 716/1181/572
f 674/1149/555 704/1184/575 703/1182/573
f 688/1151/556 718/1185/576 717/1183/574
f 675/1153/557 705/1186/577 704/1184/575
f 689/1155/558 719/1187/578 718/1185/576
f 676/1157/559 706/1188/579 705/1186/577
f 690/1159/560 720/1189/580 719/1187/578
f 677/1161/561 707/1190/581 706/1188/579
f 691/1163/562 721/1191/582 720/1189/580
f 678/1165/563 708/1192/583 707/1190/581
f 692/1167/564 722/1193/584 721/1191/582
f 679/1169/565 709/1194/585 708/1192/583
f 666/1171/566 696/1195/586 695/1196/587
f 693/1173/567 723/1197/588 722/1193/584
f 680/1119/539 710/1198/589 709/1194/585
f 667/1122/541 697/1199/590 696/1195/586
f 694/1125/543 724/1200/591 723/1197/588
f 681/1118/538 711/1201/592 710/1198/589
f 668/1121/540 698/1202/593 697/1199/590
f 665/1124/542 695/1196/587 724/1200/591
f 682/1127/544 712/1203/594 711/1201/592
f 669/1129/545 699/1204/595 698/1202/593
f 683/1131/546 713/1205/596 712/1203/594
f 670/1133/547 700/1206/597 699/1204/595
f 684/1135/548 714/1178/569 713/1205/596
f 671/1137/549 701/1180/571 700/1206/597
f 722/1193/584 752/1207/598 751/1208/599
f 709/1194/585 739/1209/600 738/1210/601
f 696/1195/586 726/1211/602 725/1212/603
f 723/1197/588 753/1213/604 752/1207/598
f 710/1198/589 740/1214/605 739/1209/600
f 697/1199/590 727/1215/606 726/1211/602
f 724/1200/591 754/1216/607 753/1213/604
f 711/1201/592 741/1217/608 740/1214/605
f 698/1202/593 728/1218/609 727/1215/606
f 695/1196/587 725/1212/603 754/1216/607
f 712/1203/594 742/1219/610 741/1217/608
f 699/1204/595 729/1220/611 728/1218/609
f 713/1205/596 743/1221/612 742/1219/610
f 700/1206/597 730/1222/613 729/1220/611
f 714/1178/569 744/1223/614 743/1221/612
f 701/1180/571 731/1224/615 730/1222/613
f 715/1177/568 745/1225/616 744/1223/614
f 702/1179/570 732/1226/617 731/1224/615
f 716/1181/572 746/1227/618 745/1225/616
f 703/1182/573 733/1228/619 732/1226/617
f 717/1183/574 747/1229/620 746/1227/618
f 704/1184/575 734/1230/621 733/1228/619
f 718/1185/576 748/1231/622 747/1229/620
f 705/1186/577 735/1232/623 734/1230/621
f 719/1187/578 749/1233/624 748/1231/622
f 706/1188/579 736/1234/625 735/1232/623
f 720/1189/580 750/1235/626 749/1233/624
f 707/1190/581 737/1236/627 736/1234/625
f 721/1191/582 751/1208/599 750/1235/626
f 708/1192/583 738/1210/601 737/1236/627
f 748/1231/622 778/1237/628 777/1238/629
f 735/1232/623 765/1239/630 764/1240/631
f 749/1233/624 779/1241/632 778/1237/628
f 736/1234/625 766/1242/633 765/1239/630
f 750/1235/626 780/1243/634 779/1241/632
f 737/1236/627 767/1244/635 766/1242/633
f 751/1208/599 781/1245/636 780/1243/634
f 738/1210/601 768/1246/637 767/1244/635
f 752/1207/598 782/1247/638 781/1245/636
f 739/1209/600 769/1248/639 768/1246/637
f 726/1211/602 756/1249/640 755/1250/641
f 753/1213/604 783/1251/642 782/1247/638
f 740/1214/605 770/1252/643 769/1248/639
f 727/1215/606 757/1253/644 756/1249/640
f 754/1216/607 784/1254/645 783/1251/642
f 741/1217/608 771/1255/646 770/1252/643
f 728/1218/609 758/1256/647 757/1253/644
f 725/1212/603 755/1250/641 784/1254/645
f 742/1219/610 772/1257/648 771/1255/646
f 729/1220/611 759/1258/649 758/1256/647
f 743/1221/612 773/1259/650 772/1257/648
f 730/1222/613 760/1260/651 759/1258/649
f 744/1223/614 774/1261/652 773/1259/650
f 731/1224/615 761/1262/653 760/1260/651
f 745/1225/616 775/1263/654 774/1261/652
f 732/1226/617 762/1264/655 761/1262/653
f 746/1227/618 776/1265/656 775/1263/654
f 733/1228/619 763/1266/657 762/1264/655
f 747/1229/620 777/1238/629 776/1265/656
f 734/1230/621 764/1240/631 763/1266/657
f 758/1256/647 788/1267/658 787/1268/659
f 755/1250/641 785/1269/660 814/1270/661
f 772/1257/648 802/1271/662 801/1272/663
f 759/1258/649 789/1273/664 788/1267/658
f 773/1259/650 803/1274/665 802/1271/662
f 760/1260/651 790/1275/666 789/1273/664
f 774/1261/652 804/1276/667 803/1274/665
f 761/1262/653 791/1277/668 790/1275/666
f 775/1263/654 805/1278/669 804/1276/667
f 762/1264/655 792/1279/670 791/1277/668
f 776/1265/656 806/1280/671 805/1278/669
f 763/1266/657 793/1281/672 792/1279/670
f 777/1238/629 807/1282/673 806/1280/671
f 764/1240/631 794/1283/674 793/1281/672
f 778/1237/628 808/1284/675 807/1282/673
f 765/1239/630 795/1285/676 794/1283/674
f 779/1241/632 809/1286/677 808/1284/675
f 766/1242/633 796/1287/678 795/1285/676
f 780/1243/634 810/1288/679 809/1286/677
f 767/1244/635 797/1289/680 796/1287/678
f 781/1245/636 811/1290/681 810/1288/679
f 768/1246/637 798/1291/682 797/1289/680
f 782/1247/638 812/1292/683 811/1290/681
f 769/1248/639 799/1293/684 798/1291/682
f 756/1249/640 786/1294/685 785/1269/660
f 783/1251/642 813/1295/686 812/1292/683
f 770/1252/643 800/1296/687 799/1293/684
f 757/1253/644 787/1268/659 786/1294/685
f 784/1254/645 814/1270/661 813/1295/686
f 771/1255/646 801/1272/663 800/1296/687
f 795/1285/676 825/1297/688 824/1298/689
f 809/1299/677 839/1300/690 838/1301/691
f 796/1287/678 826/1302/692 825/1297/688
f 810/1288/679 840/1303/693 839/1304/690
f 797/1289/680 827/1305/694 826/1302/692
f 811/1290/681 841/1306/695 840/1303/693
f 798/1291/682 828/1307/696 827/1305/694
f 812/1292/683 842/1308/697 841/1306/695
f 799/1309/684 829/1310/698 828/1311/696
f 786/1312/685 816/1313/699 815/1314/700
f 813/1295/686 843/1315/701 842/1308/697
f 800/1316/687 830/1317/702 829/1310/698
f 787/1268/659 817/1318/703 816/1319/699
f 814/1320/661 844/1321/704 843/1322/701
f 801/1323/663 831/1324/705 830/1317/702
f 788/1267/658 818/1325/706 817/1318/703
f 785/1326/660 815/1314/700 844/1321/704
f 802/1271/662 832/1327/707 831/1328/705
f 789/1273/664 819/1329/708 818/1325/706
f 803/1274/665 833/1330/709 832/1327/707
f 790/1275/666 820/1331/710 819/1329/708
f 804/1276/667 834/1332/711 833/1330/709
f 791/1277/668 821/1333/712 820/1331/710
f 805/1278/669 835/1334/713 834/1332/711
f 792/1335/670 822/1336/714 821/1337/712
f 806/1280/671 836/1338/715 835/1334/713
f 793/1339/672 823/1340/716 822/1336/714
f 807/1341/673 837/1342/717 836/1343/715
f 794/1344/674 824/1345/689 823/1340/716
f 808/1346/675 838/1301/691 837/1342/717
f 832/1347/707 862/1348/718 861/1349/719
f 819/1350/708 849/1351/720 848/1352/721
f 833/1353/709 863/1354/722 862/1348/718
f 820/1355/710 850/1356/723 849/1357/720
f 834/1358/711 864/1359/724 863/1354/722
f 821/1337/712 851/1360/725 850/1356/723
f 835/1361/713 865/1362/726 864/1363/724
f 822/1336/714 852/1364/727 851/1360/725
f 836/1343/715 866/1365/728 865/1362/726
f 823/1340/716 853/1366/729 852/1364/727
f 837/1342/717 867/1367/730 866/1365/728
f 824/1345/689 854/1368/731 853/1366/729
f 838/1301/691 868/1369/732 867/1367/730
f 825/1370/688 855/1371/733 854/1368/731
f 839/1300/690 869/1372/734 868/1369/732
f 826/1373/692 856/1374/735 855/1371/733
f 840/1375/693 870/1376/736 869/1372/734
f 827/1377/694 857/1378/737 856/1379/735
f 841/1380/695 871/1381/738 870/1376/736
f 828/1311/696 858/1382/739 857/1378/737
f 842/1383/697 872/1384/740 871/1385/738
f 829/1310/698 859/1386/741 858/1382/739
f 816/1313/699 846/1387/742 845/1388/743
f 843/1322/701 873/1389/744 872/1384/740
f 830/1317/702 860/1390/745 859/1386/741
f 817/1391/703 847/1392/746 846/1387/742
f 844/1321/704 874/1393/747 873/1389/744
f 831/1324/705 861/1349/719 860/1390/745
f 818/1394/706 848/1352/721 847/1392/746
f 815/1314/700 845/1388/743 874/1393/747
f 869/1395/734 899/1396/35 898/1397/35
f 856/1398/735 886/1399/35 885/1400/35
f 870/1401/736 900/1402/35 899/1396/35
f 857/1403/737 887/1404/35 886/1399/35
f 871/1405/738 901/1406/35 900/1402/35
f 858/1407/739 888/1408/35 887/1404/35
f 872/1409/740 902/1410/35 901/1406/35
f 859/1411/741 889/1412/35 888/1408/35
f 846/1413/742 876/1414/35 875/1415/35
f 873/1416/744 903/1417/35 902/1410/35
f 860/1418/745 890/1419/35 889/1412/35
f 847/1420/746 877/1421/35 876/1414/35
f 874/1422/747 904/1423/35 903/1417/35
f 861/1424/719 891/1425/35 890/1419/35
f 848/1426/721 878/1427/35 877/1421/35
f 845/1428/743 875/1415/35 904/1423/35
f 862/1429/718 892/1430/35 891/1425/35
f 849/1431/720 879/1432/35 878/1427/35
f 863/1433/722 893/1434/35 892/1430/35
f 850/1435/723 880/1436/35 879/1432/35
f 864/1437/724 894/1438/35 893/1434/35
f 851/1439/725 881/1440/35 880/1436/35
f 865/1441/726 895/1442/35 894/1438/35
f 852/1443/727 882/1444/35 881/1440/35
f 866/1445/728 896/1446/35 895/1442/35
f 853/1447/729 883/1448/35 882/1444/35
f 867/1449/730 897/1450/35 896/1446/35
f 854/1451/731 884/1452/35 883/1448/35
f 868/1453/732 898/1397/35 897/1450/35
f 855/1454/733 885/1400/35 884/1452/35
f 879/1455/748 909/1456/749 908/1457/750
f 893/1458/751 923/1459/752 922/1460/753
f 880/1461/754 910/1462/755 909/1463/749
f 894/1464/756 924/1465/757 923/1459/752
f 881/1466/758 911/1467/759 910/1462/755
f 895/1468/760 925/1469/761 924/1456/757
f 882/1470/762 912/1471/763 911/1467/759
f 896/1472/764 926/1473/765 925/1469/761
f 883/1474/766 913/1475/767 912/1471/763
f 897/1476/768 927/1477/769 926/1473/765
f 884/1478/770 914/1479/771 913/1475/767
f 898/1480/772 928/1481/773 927/1477/769
f 885/1482/774 915/1483/775 914/1479/771
f 899/1484/776 929/1485/777 928/1481/773
f 886/1486/778 916/1487/779 915/1483/775
f 900/1488/780 930/1489/781 929/1485/777
f 887/1490/782 917/1491/783 916/1492/779
f 901/1493/784 931/1463/785 930/1489/781
f 888/1494/786 918/1495/787 917/1491/783
f 902/1496/788 932/1497/789 931/1498/785
f 889/1499/790 919/1500/791 918/1495/787
f 876/1501/792 906/1502/792 905/1503/793
f 903/1504/794 933/1505/795 932/1497/789
f 890/1506/796 920/1507/796 919/1500/791
f 877/1508/797 907/1509/798 906/1502/792
f 904/1510/799 934/1511/800 933/1505/795
f 891/1512/801 921/1513/801 920/1507/796
f 878/1514/802 908/1457/750 907/1509/798
f 875/1515/793 905/1503/793 934/1511/800
f 892/1516/803 922/1460/753 921/1513/801
f 649/1058/483 949/1517/804 950/1518/805
f 636/1064/489 936/1519/806 937/1520/807
f 663/1073/498 963/1521/808 964/1522/809
f 650/1079/504 950/1518/805 951/1523/810
f 637/1086/510 937/1520/807 938/1524/811
f 664/1088/512 964/1522/809 935/1525/812
f 651/1092/516 951/1523/810 952/1526/813
f 638/1097/521 938/1524/811 939/1527/814
f 652/1108/531 952/1526/813 953/1528/815
f 639/1054/479 939/1529/814 940/1530/816
f 653/1069/494 953/1528/815 954/1531/817
f 640/1055/480 940/1530/816 941/1532/818
f 654/1083/495 954/1533/817 955/1534/819
f 641/1077/502 941/1532/818 942/1535/820
f 655/1084/508 955/1534/819 956/1536/821
f 642/1090/514 942/1535/820 943/1537/822
f 656/1102/525 956/1536/821 957/1538/823
f 643/1106/529 943/1537/822 944/1539/824
f 657/1060/485 957/1538/823 958/1540/825
f 644/1066/491 944/1539/824 945/1541/826
f 658/1061/486 958/1540/825 959/1542/827
f 645/1067/492 945/1541/826 946/1543/828
f 659/1075/500 959/1542/827 960/1544/829
f 646/1099/506 946/1545/828 947/1546/830
f 660/1094/518 960/1544/829 961/1547/831
f 647/1100/523 947/1546/830 948/1548/832
f 661/1116/527 961/1549/831 962/1550/833
f 648/1057/482 948/1548/832 949/1517/804
f 635/1063/488 935/1525/812 936/1519/806
f 662/1072/497 962/1550/833 963/1521/808
f 952/1526/813 982/1551/834 983/1552/835
f 939/1529/814 969/1553/836 970/1554/837
f 953/1528/815 983/1552/835 984/1555/838
f 940/1530/816 970/1554/837 971/1556/839
f 954/1533/817 984/1557/838 985/1558/840
f 941/1532/818 971/1556/839 972/1559/841
f 955/1534/819 985/1558/840 986/1560/842
f 942/1535/820 972/1559/841 973/1561/843
f 956/1536/821 986/1560/842 987/1562/844
f 943/1537/822 973/1561/843 974/1563/845
f 957/1538/823 987/1562/844 988/1564/846
f 944/1539/824 974/1563/845 975/1565/847
f 958/1540/825 988/1564/846 989/1566/848
f 945/1541/826 975/1565/847 976/1567/849
f 959/1542/827 989/1566/848 990/1568/850
f 946/1545/828 976/1569/849 977/1570/851
f 960/1544/829 990/1568/850 991/1571/852
f 947/1546/830 977/1570/851 978/1572/853
f 961/1549/831 991/1573/852 992/1574/854
f 948/1548/832 978/1572/853 979/1575/855
f 935/1525/812 965/1576/856 966/1577/857
f 962/1550/833 992/1574/854 993/1578/858
f 949/1517/804 979/1575/855 980/1579/859
f 936/1519/806 966/1577/857 967/1580/860
f 963/1521/808 993/1578/858 994/1581/861
f 950/1518/805 980/1579/859 981/1582/862
f 937/1520/807 967/1580/860 968/1583/863
f 964/1522/809 994/1581/861 965/1576/856
f 951/1523/810 981/1582/862 982/1551/834
f 938/1524/811 968/1583/863 969/1584/836
f 989/1566/848 1019/1585/864 1020/1586/865
f 976/1569/849 1006/1587/866 1007/1588/867
f 990/1568/850 1020/1586/865 1021/1589/868
f 977/1570/851 1007/1588/867 1008/1590/869
f 991/1573/852 1021/1591/868 1022/1592/870
f 978/1572/853 1008/1590/869 1009/1593/871
f 965/1576/856 995/1594/872 996/1595/873
f 992/1574/854 1022/1592/870 1023/1596/874
f 979/1575/855 1009/1593/871 1010/1597/875
f 966/1577/857 996/1595/873 997/1598/876
f 993/1578/858 1023/1596/874 1024/1599/877
f 980/1579/859 1010/1597/875 1011/1600/878
f 967/1580/860 997/1598/876 998/1601/879
f 994/1581/861 1024/1599/877 995/1594/872
f 981/1582/862 1011/1600/878 1012/1602/880
f 968/1583/863 998/1601/879 999/1603/881
f 982/1551/834 1012/1602/880 1013/1604/882
f 969/1553/836 999/1605/881 1000/1606/883
f 983/1552/835 1013/1604/882 1014/1607/884
f 970/1554/837 1000/1606/883 1001/1608/885
f 984/1557/838 1014/1609/884 1015/1610/886
f 971/1556/839 1001/1608/885 1002/1611/887
f 985/1558/840 1015/1610/886 1016/1612/888
f 972/1559/841 1002/1611/887 1003/1613/889
f 986/1560/842 1016/1612/888 1017/1614/890
f 973/1561/843 1003/1613/889 1004/1615/891
f 987/1562/844 1017/1614/890 1018/1616/892
f 974/1563/845 1004/1615/891 1005/1617/893
f 988/1564/846 1018/1616/892 1019/1585/864
f 975/1565/847 1005/1617/893 1006/1618/866
f 999/1619/881 1029/1620/894 1030/1621/895
f 1013/1622/882 1043/1623/896 1044/1624/897
f 1000/1625/883 1030/1621/895 1031/1626/898
f 1014/1627/884 1044/1624/897 1045/1628/899
f 1001/1608/885 1031/1629/898 1032/1630/900
f 1015/1631/886 1045/1628/899 1046/1632/901
f 1002/1611/887 1032/1630/900 1033/1633/902
f 1016/1612/888 1046/1634/901 1047/1635/903
f 1003/1613/889 1033/1633/902 1034/1636/904
f 1017/1614/890 1047/1635/903 1048/1637/905
f 1004/1638/891 1034/1639/904 1035/1640/906
f 1018/1616/892 1048/1637/905 1049/1641/907
f 1005/1642/893 1035/1640/906 1036/1643/908
f 1019/1644/864 1049/1645/907 1050/1646/909
f 1006/1647/866 1036/1643/908 1037/1648/910
f 1020/1649/865 1050/1646/909 1051/1650/911
f 1007/1651/867 1037/1648/910 1038/1652/912
f 1021/1653/868 1051/1650/911 1052/1654/913
f 1008/1590/869 1038/1655/912 1039/1656/914
f 995/1594/872 1025/1657/915 1026/1658/916
f 1022/1659/870 1052/1654/913 1053/1660/917
f 1009/1593/871 1039/1656/914 1040/1661/918
f 996/1595/873 1026/1658/916 1027/1662/919
f 1023/1596/874 1053/1663/917 1054/1664/920
f 1010/1597/875 1040/1661/918 1041/1665/921
f 997/1666/876 1027/1667/919 1028/1668/922
f 1024/1599/877 1054/1664/920 1025/1657/915
f 1011/1600/878 1041/1665/921 1042/1669/923
f 998/1670/879 1028/1668/922 1029/1620/894
f 1012/1671/880 1042/1672/923 1043/1623/896
f 1/1/1 2/597/363 603/2/2
f 3/4/4 4/616/369 601/5/5
f 378/7/7 379/583/360 71/8/8
f 383/10/10 384/602/366 81/11/11
f 388/13/13 389/566/351 91/14/14
f 367/16/16 368/577/357 600/17/17
f 14/19/19 15/43/19 515/20/20
f 18/22/21 19/40/21 517/23/22
f 20/25/23 520/1673/23 307/26/24
f 6/28/26 7/983/26 524/29/27
f 10/31/28 11/37/28 511/32/29
f 5/34/30 8/1674/30 594/35/31
f 11/37/28 10/31/28 596/38/32
f 19/40/21 18/22/21 598/41/33
f 15/43/19 14/19/19 592/44/34
f 10/46/35 512/1675/35 1053/47/35
f 24/49/22 22/850/22 26/50/22
f 22/52/23 312/849/299 313/53/36
f 23/55/35 1048/800/35 1047/56/35
f 23/58/27 21/66/27 525/59/27
f 25/57/35 1047/56/35 1046/61/35
f 28/51/22 26/50/22 513/63/22
f 25/65/27 27/806/27 21/66/27
f 26/54/23 313/53/36 314/67/37
f 32/69/35 1040/82/35 1039/70/35
f 30/72/29 29/88/29 38/73/29
f 31/75/23 320/94/40 321/76/38
f 32/78/20 31/92/20 34/79/20
f 35/81/35 1041/811/35 1040/82/35
f 34/77/23 321/76/38 322/83/39
f 35/80/20 34/79/20 522/85/20
f 36/87/29 33/824/29 29/88/29
f 37/74/29 38/73/29 520/89/29
f 40/91/20 39/816/20 31/92/20
f 39/93/23 319/821/313 320/94/40
f 40/71/35 1039/70/35 1038/95/35
f 42/97/41 41/156/88 43/98/42
f 44/99/43 43/98/42 599/100/18
f 45/101/44 599/100/18 600/102/17
f 46/103/45 600/102/17 47/104/46
f 48/105/47 47/104/46 49/106/48
f 50/107/49 49/106/48 51/108/50
f 52/109/51 51/108/50 604/110/3
f 53/111/52 604/110/3 603/112/2
f 54/113/53 603/112/2 55/114/54
f 56/115/55 55/114/54 57/116/56
f 58/117/57 57/116/56 59/118/58
f 60/119/59 59/118/58 602/120/6
f 61/121/60 602/120/6 601/122/5
f 62/123/61 601/122/5 63/124/62
f 64/125/63 63/124/62 65/126/64
f 66/127/65 65/126/64 67/128/66
f 68/129/67 67/128/66 69/130/9
f 70/131/68 69/130/9 71/132/8
f 72/133/69 71/132/8 73/134/70
f 74/135/71 73/134/70 75/136/72
f 76/137/73 75/136/72 77/138/74
f 78/139/75 77/138/74 79/140/12
f 80/141/76 79/140/12 81/142/11
f 82/143/77 81/142/11 83/144/78
f 84/145/79 83/144/78 85/146/80
f 86/147/81 85/146/80 87/148/82
f 88/149/83 87/148/82 89/150/15
f 90/151/84 89/150/15 91/152/14
f 92/153/85 91/152/14 93/154/86
f 94/155/87 93/154/86 41/156/88
f 48/157/47 50/180/49 100/158/89
f 62/160/61 64/182/63 109/161/91
f 80/163/76 82/178/77 118/164/93
f 42/166/41 44/189/43 96/167/95
f 56/169/55 58/184/57 105/170/97
f 72/172/69 74/1676/71 114/173/99
f 90/175/84 92/191/85 123/176/101
f 82/178/77 84/197/79 119/179/103
f 50/180/49 52/193/51 101/181/104
f 64/182/63 66/195/65 110/183/105
f 58/184/57 60/1677/59 106/185/106
f 74/186/71 76/205/73 115/187/107
f 44/189/43 45/200/44 97/190/108
f 92/191/85 94/199/87 124/192/109
f 52/193/51 53/209/52 102/194/110
f 66/195/65 68/211/67 111/196/111
f 84/197/79 86/207/81 120/198/112
f 94/199/87 42/166/41 95/168/96
f 45/200/44 46/215/45 98/201/113
f 60/202/59 61/213/60 107/203/114
f 76/205/73 78/214/75 116/206/115
f 86/207/81 88/1678/83 121/208/116
f 53/209/52 54/217/53 103/210/117
f 68/211/67 70/218/68 112/212/118
f 61/213/60 62/160/61 108/162/92
f 78/214/75 80/163/76 117/165/94
f 46/215/45 48/1679/47 99/216/90
f 54/217/53 56/169/55 104/171/98
f 70/218/68 72/172/69 113/174/100
f 88/219/83 90/175/84 122/177/102
f 114/188/99 115/187/107 145/221/119
f 101/181/104 102/194/110 132/223/121
f 115/187/107 116/206/115 146/225/123
f 102/194/110 103/210/117 133/226/124
f 116/206/115 117/165/94 147/227/125
f 103/210/117 104/171/98 134/228/126
f 117/165/94 118/164/93 148/229/127
f 104/171/98 105/170/97 135/230/128
f 118/164/93 119/179/103 149/231/129
f 105/170/97 106/185/106 136/232/130
f 119/179/103 120/198/112 150/233/131
f 106/204/106 107/203/114 137/234/132
f 120/198/112 121/208/116 151/236/133
f 107/203/114 108/162/92 138/237/134
f 121/220/116 122/177/102 152/238/135
f 108/162/92 109/161/91 139/240/136
f 95/168/96 96/167/95 126/241/137
f 122/177/102 123/176/101 153/243/139
f 109/161/91 110/183/105 140/244/140
f 96/167/95 97/190/108 127/245/141
f 123/176/101 124/192/109 154/246/142
f 110/183/105 111/196/111 141/247/143
f 97/190/108 98/201/113 128/248/144
f 124/192/109 95/168/96 125/242/138
f 111/196/111 112/212/118 142/249/145
f 98/201/113 99/216/90 129/250/146
f 112/212/118 113/174/100 143/251/147
f 99/159/90 100/158/89 130/252/148
f 113/174/100 114/173/99 144/254/120
f 100/158/89 101/181/104 131/224/122
f 43/98/42 41/156/88 155/255/149
f 57/116/56 55/114/54 164/257/151
f 73/134/70 71/132/8 173/259/153
f 51/108/50 49/106/48 160/261/155
f 65/126/64 63/124/62 169/263/157
f 83/144/78 81/142/11 178/265/159
f 599/100/18 43/98/42 156/256/150
f 93/154/86 91/152/14 183/268/162
f 59/118/58 57/116/56 165/258/152
f 75/136/72 73/134/70 174/260/154
f 604/110/3 51/108/50 161/262/156
f 67/128/66 65/126/64 170/264/158
f 85/146/80 83/144/78 179/266/160
f 41/156/88 93/154/86 184/269/163
f 602/120/6 59/118/58 166/270/164
f 77/138/74 75/136/72 175/271/165
f 69/130/9 67/128/66 171/273/167
f 87/148/82 85/146/80 180/274/168
f 47/104/46 600/102/17 158/279/173
f 79/140/12 77/138/74 176/276/170
f 89/150/15 87/148/82 181/278/172
f 55/114/54 603/112/2 163/283/177
f 49/106/48 47/104/46 159/280/174
f 63/124/62 601/122/5 168/284/178
f 162/272/166 161/262/156 191/285/179
f 176/276/170 175/271/165 205/287/181
f 177/281/175 176/276/170 206/288/182
f 164/257/151 163/283/177 193/290/184
f 165/258/152 164/257/151 194/291/185
f 179/266/160 178/265/159 208/293/187
f 166/270/164 165/258/152 195/292/186
f 180/274/168 179/266/160 209/294/188
f 167/275/169 166/270/164 196/295/189
f 181/278/172 180/274/168 210/296/190
f 182/282/176 181/278/172 211/298/192
f 169/263/157 168/284/178 198/300/194
f 156/256/150 155/255/149 185/302/196
f 170/264/158 169/263/157 199/301/195
f 157/267/161 156/256/150 186/303/197
f 184/269/163 183/268/162 213/306/200
f 171/273/167 170/264/158 200/304/198
f 155/255/149 184/269/163 214/307/201
f 172/277/171 171/273/167 201/308/202
f 159/280/174 158/279/173 188/310/204
f 160/261/155 159/280/174 189/311/205
f 174/260/154 173/259/153 203/313/207
f 161/262/156 160/261/155 190/312/206
f 175/271/165 174/260/154 204/314/208
f 199/315/195 198/1680/194 228/316/209
f 186/318/197 185/330/196 215/319/211
f 200/321/198 199/315/195 229/317/210
f 187/323/199 186/318/197 216/320/212
f 214/325/201 213/1681/200 243/326/215
f 201/328/202 200/321/198 230/322/213
f 185/330/196 214/325/201 244/327/216
f 202/331/203 201/328/202 231/329/217
f 189/333/205 188/1682/204 218/334/219
f 190/336/206 189/1683/205 219/337/220
f 204/339/208 203/1684/207 233/340/222
f 191/342/179 190/336/206 220/338/221
f 205/344/181 204/1685/208 234/345/223
f 192/347/180 191/342/179 221/343/224
f 206/349/182 205/344/181 235/346/225
f 207/351/183 206/349/182 236/350/227
f 194/353/185 193/1686/184 223/354/229
f 195/356/186 194/353/185 224/355/230
f 209/358/188 208/1687/187 238/359/232
f 196/361/189 195/356/186 225/357/231
f 210/363/190 209/358/188 239/360/233
f 197/365/191 196/1688/189 226/366/234
f 211/368/192 210/363/190 240/364/235
f 212/370/193 211/1689/192 241/371/237
f 236/350/227 235/346/225 265/373/239
f 237/352/228 236/350/227 266/374/240
f 224/355/230 223/354/229 253/376/242
f 225/357/231 224/355/230 254/377/243
f 239/360/233 238/359/232 268/379/245
f 226/362/234 225/357/231 255/378/244
f 240/364/235 239/360/233 269/380/246
f 227/367/236 226/366/234 256/383/247
f 241/369/237 240/364/235 270/382/248
f 242/372/238 241/371/237 271/386/250
f 229/317/210 228/316/209 258/388/252
f 216/320/212 215/319/211 245/390/254
f 230/322/213 229/317/210 259/389/253
f 217/324/214 216/320/212 246/391/255
f 244/327/216 243/326/215 273/394/258
f 231/329/217 230/322/213 260/392/256
f 215/319/211 244/327/216 274/395/259
f 232/332/218 231/329/217 261/396/260
f 219/335/220 218/334/219 248/398/262
f 220/338/221 219/337/220 249/400/263
f 234/341/223 233/340/222 263/402/265
f 221/343/224 220/338/221 250/401/264
f 235/346/225 234/345/223 264/405/266
f 222/348/226 221/343/224 251/404/267
f 136/235/130 137/234/132 287/407/269
f 150/233/131 151/236/133 301/409/271
f 137/234/132 138/237/134 288/411/273
f 151/239/133 152/238/135 302/412/274
f 138/237/134 139/240/136 289/414/275
f 125/242/138 126/241/137 276/415/276
f 152/238/135 153/243/139 303/417/278
f 139/240/136 140/244/140 290/418/279
f 126/241/137 127/245/141 277/419/280
f 153/243/139 154/246/142 304/420/281
f 140/244/140 141/247/143 291/421/282
f 127/245/141 128/248/144 278/422/283
f 154/246/142 125/242/138 275/416/277
f 141/247/143 142/249/145 292/423/284
f 128/248/144 129/250/146 279/424/285
f 142/249/145 143/251/147 293/425/286
f 129/253/146 130/252/148 280/426/287
f 143/251/147 144/254/120 294/428/288
f 130/252/148 131/224/122 281/429/289
f 144/222/120 145/221/119 295/430/290
f 131/224/122 132/223/121 282/432/291
f 145/221/119 146/225/123 296/433/292
f 132/223/121 133/226/124 283/434/293
f 146/225/123 147/227/125 297/435/294
f 133/226/124 134/228/126 284/436/295
f 147/227/125 148/229/127 298/437/296
f 134/228/126 135/230/128 285/438/297
f 148/229/127 149/231/129 299/439/298
f 135/230/128 136/232/130 286/440/270
f 149/231/129 150/233/131 300/410/272
f 281/429/289 282/432/291 312/441/299
f 295/430/290 296/433/292 326/443/301
f 282/432/291 283/434/293 313/445/36
f 296/433/292 297/435/294 327/446/303
f 283/434/293 284/436/295 314/447/37
f 297/435/294 298/437/296 328/448/304
f 284/436/295 285/438/297 315/449/305
f 298/437/296 299/439/298 329/450/306
f 285/438/297 286/440/270 316/451/307
f 299/439/298 300/410/272 330/452/308
f 286/408/270 287/407/269 317/453/309
f 300/410/272 301/409/271 331/455/310
f 287/407/269 288/411/273 318/456/311
f 301/413/271 302/412/274 332/457/312
f 288/411/273 289/414/275 319/459/313
f 275/416/277 276/415/276 306/460/314
f 302/412/274 303/417/278 333/462/316
f 289/414/275 290/418/279 320/463/40
f 276/415/276 277/419/280 307/464/24
f 303/417/278 304/420/281 334/465/317
f 290/418/279 291/421/282 321/466/38
f 277/419/280 278/422/283 308/467/25
f 304/420/281 275/416/277 305/461/315
f 291/421/282 292/423/284 322/468/39
f 278/422/283 279/424/285 309/469/318
f 292/423/284 293/425/286 323/470/319
f 279/427/285 280/426/287 310/471/320
f 293/425/286 294/428/288 324/473/321
f 280/426/287 281/429/289 311/442/300
f 294/431/288 295/430/290 325/444/302
f 272/387/251 271/386/250 361/475/322
f 259/389/253 258/388/252 348/477/324
f 246/391/255 245/390/254 335/479/29
f 260/392/256 259/389/253 349/478/325
f 247/393/257 246/391/255 336/480/326
f 274/395/259 273/394/258 363/483/328
f 261/396/260 260/392/256 350/481/20
f 245/390/254 274/395/259 364/484/329
f 262/397/261 261/396/260 351/485/330
f 249/399/263 248/398/262 338/487/332
f 250/401/264 249/400/263 339/489/333
f 264/403/266 263/402/265 353/491/335
f 251/404/267 250/401/264 340/490/334
f 265/373/239 264/405/266 354/494/336
f 252/406/268 251/404/267 341/493/337
f 266/374/240 265/373/239 355/495/338
f 267/375/241 266/374/240 356/497/340
f 254/377/243 253/376/242 343/499/342
f 255/378/244 254/377/243 344/500/343
f 269/380/246 268/379/245 358/502/345
f 256/381/247 255/378/244 345/501/344
f 270/382/248 269/380/246 359/503/346
f 257/384/249 256/383/247 346/506/347
f 271/385/250 270/382/248 360/505/348
f 356/509/35 355/560/35 381/510/35
f 357/512/35 356/509/35 382/511/35
f 344/514/35 343/1690/35 2/515/35
f 345/517/35 344/514/35 372/516/35
f 359/519/35 358/1691/35 384/520/35
f 346/522/35 345/517/35 373/518/35
f 360/524/35 359/519/35 385/521/35
f 347/526/35 346/522/35 374/523/35
f 361/528/35 360/524/35 386/525/35
f 362/530/35 361/528/35 387/529/35
f 349/532/35 348/1692/35 4/533/35
f 336/535/35 335/547/35 365/536/35
f 350/538/35 349/532/35 375/534/35
f 337/540/35 336/535/35 366/537/35
f 364/542/35 363/1693/35 389/543/35
f 351/545/35 350/538/35 376/539/35
f 335/547/35 364/542/35 390/544/35
f 352/548/35 351/545/35 377/546/35
f 339/550/35 338/1694/35 368/551/35
f 340/553/35 339/550/35 369/552/35
f 354/555/35 353/1695/35 379/556/35
f 341/558/35 340/553/35 370/554/35
f 355/560/35 354/555/35 380/557/35
f 342/561/35 341/558/35 371/559/35
f 366/563/350 365/579/29 391/564/29
f 389/566/351 388/13/13 418/567/352
f 376/569/20 375/619/353 405/570/353
f 367/16/16 366/563/350 392/565/350
f 390/573/355 389/566/351 419/568/327
f 377/575/356 376/569/20 406/571/20
f 368/577/357 367/16/16 393/572/354
f 365/579/29 390/573/355 420/574/355
f 378/7/7 377/575/356 407/576/356
f 369/581/333 368/577/357 394/578/358
f 379/583/360 378/7/7 408/580/359
f 370/585/334 369/1696/333 395/586/333
f 380/588/336 379/583/360 409/584/361
f 371/589/337 370/585/334 396/587/334
f 381/591/338 380/1697/336 410/592/336
f 1/1/1 371/589/337 397/590/337
f 382/595/340 381/591/338 411/593/338
f 2/597/363 1/1/1 398/594/362
f 383/10/10 382/595/340 412/596/340
f 372/600/343 2/597/363 399/598/364
f 384/602/366 383/10/10 413/599/365
f 373/604/344 372/600/343 400/601/343
f 385/606/346 384/602/366 414/603/367
f 374/608/347 373/604/344 401/605/344
f 386/610/348 385/606/346 415/607/346
f 3/4/4 374/1698/347 402/612/347
f 387/614/322 386/610/348 416/611/348
f 4/616/369 3/4/4 403/613/368
f 388/13/13 387/1699/322 417/618/322
f 375/619/353 4/616/369 404/617/331
f 399/620/23 398/678/23 428/621/23
f 413/623/23 412/679/23 442/624/23
f 400/626/23 399/620/23 429/622/23
f 414/628/23 413/623/23 443/625/23
f 401/630/23 400/626/23 430/627/23
f 415/632/23 414/628/23 444/629/23
f 402/634/23 401/630/23 431/631/23
f 416/636/23 415/632/23 445/633/23
f 403/638/23 402/634/23 432/635/23
f 417/640/23 416/636/23 446/637/23
f 404/642/23 403/638/23 433/639/23
f 418/644/23 417/640/23 447/641/23
f 405/646/23 404/642/23 434/643/23
f 392/648/23 391/663/23 421/649/23
f 419/651/23 418/644/23 448/645/23
f 406/653/23 405/646/23 435/647/23
f 393/655/23 392/648/23 422/650/23
f 420/657/23 419/651/23 449/652/23
f 407/659/23 406/653/23 436/654/23
f 394/661/23 393/655/23 423/656/23
f 391/663/23 420/657/23 450/658/23
f 408/664/23 407/659/23 437/660/23
f 395/666/23 394/661/23 424/662/23
f 409/668/23 408/664/23 438/665/23
f 396/670/23 395/666/23 425/667/23
f 410/672/23 409/668/23 439/669/23
f 397/674/23 396/670/23 426/671/23
f 411/676/23 410/672/23 440/673/23
f 398/678/23 397/674/23 427/675/23
f 412/679/23 411/676/23 441/677/23
f 436/680/20 435/741/353 465/681/370
f 423/683/354 422/742/350 452/684/372
f 450/686/355 449/743/327 479/687/374
f 437/689/356 436/680/20 466/682/371
f 424/691/377 423/683/354 453/685/373
f 421/693/29 450/686/355 480/688/375
f 438/695/359 437/689/356 467/690/376
f 425/697/381 424/691/377 454/692/378
f 439/699/383 438/695/359 468/696/380
f 426/701/334 425/1700/381 455/702/382
f 440/704/386 439/699/383 469/700/384
f 427/706/337 426/701/334 456/703/385
f 441/708/338 440/1701/386 470/709/387
f 428/711/332 427/706/337 457/707/388
f 442/713/340 441/708/338 471/710/389
f 429/715/349 428/711/332 458/712/390
f 443/717/335 442/713/340 472/714/391
f 430/719/343 429/715/349 459/716/392
f 444/721/323 443/717/335 473/718/393
f 431/723/344 430/719/343 460/720/394
f 445/725/346 444/721/323 474/722/395
f 432/727/398 431/723/344 461/724/396
f 446/729/348 445/725/346 475/726/397
f 433/731/401 432/1702/398 462/732/399
f 447/734/403 446/729/348 476/730/400
f 434/736/331 433/731/401 463/733/402
f 448/738/406 447/1703/403 477/739/404
f 435/741/353 434/736/331 464/737/405
f 422/742/350 421/693/29 451/694/379
f 449/743/327 448/738/406 478/740/407
f 473/718/393 472/714/391 502/744/408
f 460/720/394 459/716/392 489/746/410
f 474/722/395 473/718/393 503/745/409
f 461/724/396 460/720/394 490/747/411
f 475/726/397 474/722/395 504/748/412
f 462/728/399 461/724/396 491/749/413
f 476/730/400 475/726/397 505/750/414
f 463/733/402 462/732/399 492/753/415
f 477/735/404 476/730/400 506/752/416
f 464/737/405 463/733/402 493/754/417
f 478/740/407 477/739/404 507/757/418
f 465/681/370 464/737/405 494/756/419
f 452/684/372 451/694/379 481/760/422
f 479/687/374 478/740/407 508/758/420
f 466/682/371 465/681/370 495/759/421
f 453/685/373 452/684/372 482/761/423
f 480/688/375 479/687/374 509/762/424
f 467/690/376 466/682/371 496/763/425
f 454/692/378 453/685/373 483/764/426
f 451/694/379 480/688/375 510/765/427
f 468/696/380 467/690/376 497/766/428
f 455/698/382 454/692/378 484/767/429
f 469/700/384 468/696/380 498/768/430
f 456/703/385 455/702/382 485/771/431
f 470/705/387 469/700/384 499/770/432
f 457/707/388 456/703/385 486/772/433
f 471/710/389 470/709/387 500/775/434
f 458/712/390 457/707/388 487/774/435
f 472/714/391 471/710/389 501/776/436
f 459/716/392 458/712/390 488/777/437
f 483/1704/426 482/1705/423 481/1706/422
f 481/1706/422 510/1707/427 509/1708/424
f 509/1708/424 508/1709/420 505/1710/414
f 508/1709/420 507/1711/418 505/1710/414
f 507/1711/418 506/1712/416 505/1710/414
f 505/1710/414 504/1713/412 503/1714/409
f 503/1714/409 502/1715/408 505/1710/414
f 502/1715/408 501/1716/436 505/1710/414
f 501/1716/436 500/1717/434 499/1718/432
f 499/1718/432 498/1719/430 497/1720/428
f 497/1720/428 496/1721/425 495/1722/421
f 495/1722/421 494/1723/419 493/778/417
f 493/778/417 492/1724/415 491/1725/413
f 491/1725/413 490/1726/411 493/778/417
f 490/1726/411 489/779/410 493/778/417
f 489/779/410 488/1727/437 487/1728/435
f 487/1728/435 486/1729/433 485/780/431
f 485/780/431 484/1730/429 483/1704/426
f 483/1704/426 481/1706/422 485/780/431
f 481/1706/422 509/1708/424 485/780/431
f 501/1716/436 499/1718/432 497/1720/428
f 497/1720/428 495/1722/421 493/778/417
f 489/779/410 487/1728/435 485/780/431
f 509/1708/424 505/1710/414 485/780/431
f 505/1710/414 501/1716/436 485/780/431
f 501/1716/436 497/1720/428 485/780/431
f 497/1720/428 493/778/417 485/780/431
f 316/781/307 317/906/309 574/782/23
f 516/96/35 1038/95/35 1037/784/35
f 513/68/23 314/67/37 315/786/305
f 555/790/35 1029/1731/35 1028/791/35
f 519/793/35 1031/1732/35 1030/794/35
f 517/796/23 19/1000/23 310/797/320
f 526/799/35 1049/864/35 1048/800/35
f 526/60/27 525/59/27 12/801/438
f 11/803/23 332/1010/312 333/804/316
f 523/30/27 524/29/27 27/806/27
f 5/807/35 1043/856/35 1042/808/35
f 524/62/23 326/813/301 327/810/303
f 514/809/35 1042/808/35 1041/811/35
f 7/812/23 325/987/302 326/813/301
f 514/86/20 522/85/20 8/814/30
f 516/21/20 515/20/20 39/816/20
f 13/817/35 1035/966/35 1034/818/35
f 515/820/23 318/830/311 319/821/313
f 1053/47/35 512/1675/35 36/822/35
f 512/33/29 511/32/29 33/824/29
f 511/805/23 333/804/316 334/825/317
f 307/26/24 520/1673/23 38/827/23
f 15/829/23 317/906/309 318/830/311
f 1033/831/35 1032/844/35 24/832/35
f 328/834/304 329/1733/306 525/799/23
f 521/90/29 520/89/29 20/835/439
f 1026/837/35 1025/848/35 30/838/35
f 521/840/35 1027/846/35 1026/837/35
f 309/841/318 556/993/23 546/842/23
f 334/825/317 305/847/315 29/843/23
f 1032/844/35 1031/1732/35 519/793/35
f 17/845/35 1028/791/35 1027/846/35
f 305/847/315 306/828/314 38/827/23
f 327/810/303 328/834/304 21/55/23
f 1025/848/35 1054/823/35 36/822/35
f 517/796/23 311/798/300 312/849/299
f 519/24/22 517/23/22 22/850/22
f 518/819/35 1034/818/35 1033/831/35
f 518/64/22 513/63/22 16/851/440
f 522/84/23 322/83/39 323/853/319
f 575/855/35 1044/1734/35 1043/856/35
f 523/62/35 1046/61/35 1045/860/35
f 525/799/23 329/1733/306 330/861/308
f 526/799/35 9/862/35 1050/863/35
f 331/865/310 332/1010/312 540/866/23
f 1051/868/35 547/1016/35 539/869/35
f 533/870/441 534/942/441 538/871/34
f 569/873/442 570/1735/467 566/874/443
f 575/876/444 576/1736/444 586/877/441
f 577/879/445 578/912/445 576/880/444
f 565/875/443 566/874/443 564/882/446
f 555/884/447 556/1737/447 554/885/448
f 324/887/321 576/988/23 578/858/23
f 537/888/34 538/1738/34 542/889/449
f 549/891/450 550/1739/475 558/892/451
f 563/894/446 564/1740/446 560/895/452
f 587/897/453 588/948/453 590/898/454
f 559/896/452 560/895/452 562/900/455
f 557/893/451 558/892/451 548/902/457
f 585/878/441 586/877/441 584/904/458
f 547/908/457 548/1741/457 540/909/460
f 579/911/461 580/1742/470 578/912/445
f 529/913/462 530/961/462 532/914/463
f 10/46/35 533/1011/35 537/916/35
f 587/918/35 589/1743/35 593/919/35
f 545/920/464 546/959/464 556/921/447
f 561/923/456 562/1744/455 568/924/465
f 542/926/23 538/1745/23 595/927/23
f 573/928/466 574/951/466 570/929/467
f 567/925/465 568/924/465 572/931/468
f 581/933/451 582/953/451 580/934/470
f 543/936/471 544/957/471 528/937/472
f 543/939/35 527/1746/35 598/940/35
f 535/941/474 536/1747/477 534/942/441
f 541/890/449 542/889/449 550/943/475
f 553/886/448 554/885/448 552/945/476
f 583/947/459 584/1748/458 588/948/453
f 1036/949/35 571/967/35 573/788/35
f 571/950/469 572/1749/468 574/951/466
f 589/952/454 590/1750/454 582/953/451
f 539/910/460 540/909/460 536/954/477
f 551/956/476 552/1751/476 544/957/471
f 531/958/463 532/1752/463 546/959/464
f 527/960/473 528/1753/472 530/961/462
f 315/786/305 316/781/307 572/783/23
f 1035/966/35 567/969/35 571/967/35
f 595/927/23 538/1745/23 534/970/23
f 13/817/35 592/1754/35 563/971/35
f 560/974/23 564/1755/23 591/975/23
f 594/976/23 8/854/23 582/977/23
f 591/45/34 592/44/34 13/980/440
f 563/971/35 592/1754/35 14/785/35
f 593/36/31 594/35/31 7/983/26
f 1043/856/35 5/807/35 579/984/35
f 5/807/35 581/986/35 579/984/35
f 594/976/23 590/978/23 588/985/23
f 593/919/35 589/1743/35 581/986/35
f 325/987/302 586/991/23 576/988/23
f 1045/860/35 1044/1734/35 575/855/35
f 310/797/320 554/1006/23 556/993/23
f 595/39/32 596/38/32 9/994/438
f 596/917/35 537/916/35 541/997/35
f 597/998/23 528/1009/23 544/999/23
f 597/42/33 598/41/33 17/1001/439
f 1030/794/35 1029/1731/35 555/790/35
f 597/998/23 20/25/23 530/963/23
f 598/940/35 527/1746/35 529/1008/35
f 591/975/23 564/1755/23 566/973/23
f 330/861/308 331/865/310 548/867/23
f 1051/868/35 1050/863/35 557/1015/35
f 158/1018/173 600/1756/17 248/1019/262
f 600/1756/17 368/1757/924 248/1019/262
f 368/1757/924 338/1758/332 248/1019/262
f 248/1019/262 218/1759/219 188/1017/204
f 337/1760/327 367/1761/925 247/1022/257
f 367/1761/925 599/1762/18 247/1022/257
f 599/1762/18 157/1763/161 247/1022/257
f 157/1763/161 187/1020/199 247/1022/257
f 183/1024/162 91/1764/14 273/1025/258
f 91/1764/14 389/1765/926 273/1025/258
f 389/1765/926 363/1766/328 273/1025/258
f 273/1025/258 243/1767/215 213/1023/200
f 362/1768/323 388/1769/927 272/1028/251
f 388/1769/927 89/1770/15 272/1028/251
f 89/1770/15 182/1771/176 272/1028/251
f 182/1771/176 212/1026/193 272/1028/251
f 178/1030/159 81/1772/11 268/1031/245
f 81/1772/11 384/1773/928 268/1031/245
f 384/1773/928 358/1774/345 268/1031/245
f 268/1031/245 238/1775/232 208/1029/187
f 357/1776/341 383/1777/929 267/1034/241
f 383/1777/929 79/1778/12 267/1034/241
f 79/1778/12 177/1779/175 267/1034/241
f 177/1779/175 207/1032/183 267/1034/241
f 173/1036/153 71/1780/8 263/1037/265
f 71/1780/8 379/1781/930 263/1037/265
f 379/1781/930 353/1782/335 263/1037/265
f 263/1037/265 233/1783/222 203/1035/207
f 352/1784/331 378/1785/931 262/1040/261
f 378/1785/931 69/1786/9 262/1040/261
f 69/1786/9 172/1787/171 262/1040/261
f 172/1787/171 202/1038/203 262/1040/261
f 168/1042/178 601/1788/5 258/1043/252
f 601/1788/5 4/1789/932 258/1043/252
f 4/1789/932 348/1790/324 258/1043/252
f 258/1043/252 228/1791/209 198/1041/194
f 347/1792/349 3/1793/933 257/1046/249
f 3/1793/933 602/1794/6 257/1046/249
f 602/1794/6 167/1795/169 257/1046/249
f 167/1795/169 197/1044/191 257/1046/249
f 163/1048/177 603/1796/2 253/1049/242
f 603/1796/2 2/1797/934 253/1049/242
f 2/1797/934 343/1798/342 253/1049/242
f 253/1049/242 223/1799/229 193/1047/184
f 342/1800/339 1/1801/935 252/1052/268
f 1/1801/935 604/1802/3 252/1052/268
f 604/1802/3 162/1803/166 252/1052/268
f 162/1803/166 192/1050/180 252/1052/268
f 609/1053/478 640/1055/480 610/1076/501
f 618/1056/481 649/1058/483 619/1078/503
f 627/1059/484 658/1061/486 628/1074/499
f 605/1062/487 636/1064/489 606/1085/509
f 614/1065/490 645/1067/492 615/1080/505
f 623/1068/493 654/1070/495 624/1804/507
f 632/1071/496 663/1073/498 633/1087/511
f 628/1074/499 659/1075/500 629/1093/517
f 610/1076/501 641/1077/502 611/1089/513
f 619/1078/503 650/1079/504 620/1091/515
f 615/1080/505 646/1081/506 616/1805/522
f 624/1082/507 655/1084/508 625/1101/524
f 606/1085/509 637/1086/510 607/1096/520
f 633/1087/511 664/1088/512 634/1095/519
f 611/1089/513 642/1090/514 612/1105/528
f 620/1091/515 651/1092/516 621/1107/530
f 629/1093/517 660/1094/518 630/1103/526
f 634/1095/519 635/1063/488 605/1062/487
f 607/1096/520 638/1097/521 608/1111/534
f 616/1098/522 647/1100/523 617/1109/532
f 625/1101/524 656/1102/525 626/1110/533
f 630/1103/526 661/1104/527 631/1806/537
f 612/1105/528 643/1106/529 613/1113/535
f 621/1107/530 652/1108/531 622/1114/536
f 617/1109/532 648/1057/482 618/1056/481
f 626/1110/533 657/1060/485 627/1059/484
f 608/1111/534 639/1112/479 609/1807/478
f 613/1113/535 644/1066/491 614/1065/490
f 622/1114/536 653/1069/494 623/1068/493
f 631/1115/537 662/1072/497 632/1071/496
f 621/1117/530 680/1119/539 620/1174/515
f 608/1120/534 667/1122/541 607/1175/520
f 605/1123/487 694/1125/543 634/1176/519
f 622/1126/536 681/1118/538 621/1117/530
f 609/1128/478 668/1121/540 608/1120/534
f 623/1130/493 682/1127/544 622/1126/536
f 610/1132/501 669/1129/545 609/1128/478
f 624/1134/507 683/1131/546 623/1130/493
f 611/1136/513 670/1133/547 610/1132/501
f 625/1138/524 684/1135/548 624/1134/507
f 612/1140/528 671/1137/549 611/1136/513
f 626/1142/533 685/1139/550 625/1138/524
f 613/1144/535 672/1141/551 612/1140/528
f 627/1146/484 686/1143/552 626/1142/533
f 614/1148/490 673/1145/553 613/1144/535
f 628/1150/499 687/1147/554 627/1146/484
f 615/1152/505 674/1149/555 614/1148/490
f 629/1154/517 688/1151/556 628/1150/499
f 616/1156/522 675/1153/557 615/1152/505
f 630/1158/526 689/1155/558 629/1154/517
f 617/1160/532 676/1157/559 616/1156/522
f 631/1162/537 690/1159/560 630/1158/526
f 618/1164/481 677/1161/561 617/1160/532
f 632/1166/496 691/1163/562 631/1162/537
f 619/1168/503 678/1165/563 618/1164/481
f 606/1170/509 665/1124/542 605/1123/487
f 633/1172/511 692/1167/564 632/1166/496
f 620/1174/515 679/1169/565 619/1168/503
f 607/1175/520 666/1171/566 606/1170/509
f 634/1176/519 693/1173/567 633/1172/511
f 685/1139/550 714/1178/569 684/1135/548
f 672/1141/551 701/1180/571 671/1137/549
f 686/1143/552 715/1177/568 685/1139/550
f 673/1145/553 702/1179/570 672/1141/551
f 687/1147/554 716/1181/572 686/1143/552
f 674/1149/555 703/1182/573 673/1145/553
f 688/1151/556 717/1183/574 687/1147/554
f 675/1153/557 704/1184/575 674/1149/555
f 689/1155/558 718/1185/576 688/1151/556
f 676/1157/559 705/1186/577 675/1153/557
f 690/1159/560 719/1187/578 689/1155/558
f 677/1161/561 706/1188/579 676/1157/559
f 691/1163/562 720/1189/580 690/1159/560
f 678/1165/563 707/1190/581 677/1161/561
f 692/1167/564 721/1191/582 691/1163/562
f 679/1169/565 708/1192/583 678/1165/563
f 666/1171/566 695/1196/587 665/1124/542
f 693/1173/567 722/1193/584 692/1167/564
f 680/1119/539 709/1194/585 679/1169/565
f 667/1122/541 696/1195/586 666/1171/566
f 694/1125/543 723/1197/588 693/1173/567
f 681/1118/538 710/1198/589 680/1119/539
f 668/1121/540 697/1199/590 667/1122/541
f 665/1124/542 724/1200/591 694/1125/543
f 682/1127/544 711/1201/592 681/1118/538
f 669/1129/545 698/1202/593 668/1121/540
f 683/1131/546 712/1203/594 682/1127/544
f 670/1133/547 699/1204/595 669/1129/545
f 684/1135/548 713/1205/596 683/1131/546
f 671/1137/549 700/1206/597 670/1133/547
f 722/1193/584 751/1208/599 721/1191/582
f 709/1194/585 738/1210/601 708/1192/583
f 696/1195/586 725/1212/603 695/1196/587
f 723/1197/588 752/1207/598 722/1193/584
f 710/1198/589 739/1209/600 709/1194/585
f 697/1199/590 726/1211/602 696/1195/586
f 724/1200/591 753/1213/604 723/1197/588
f 711/1201/592 740/1214/605 710/1198/589
f 698/1202/593 727/1215/606 697/1199/590
f 695/1196/587 754/1216/607 724/1200/591
f 712/1203/594 741/1217/608 711/1201/592
f 699/1204/595 728/1218/609 698/1202/593
f 713/1205/596 742/1219/610 712/1203/594
f 700/1206/597 729/1220/611 699/1204/595
f 714/1178/569 743/1221/612 713/1205/596
f 701/1180/571 730/1222/613 700/1206/597
f 715/1177/568 744/1223/614 714/1178/569
f 702/1179/570 731/1224/615 701/1180/571
f 716/1181/572 745/1225/616 715/1177/568
f 703/1182/573 732/1226/617 702/1179/570
f 717/1183/574 746/1227/618 716/1181/572
f 704/1184/575 733/1228/619 703/1182/573
f 718/1185/576 747/1229/620 717/1183/574
f 705/1186/577 734/1230/621 704/1184/575
f 719/1187/578 748/1231/622 718/1185/576
f 706/1188/579 735/1232/623 705/1186/577
f 720/1189/580 749/1233/624 719/1187/578
f 707/1190/581 736/1234/625 706/1188/579
f 721/1191/582 750/1235/626 720/1189/580
f 708/1192/583 737/1236/627 707/1190/581
f 748/1231/622 777/1238/629 747/1229/620
f 735/1232/623 764/1240/631 734/1230/621
f 749/1233/624 778/1237/628 748/1231/622
f 736/1234/625 765/1239/630 735/1232/623
f 750/1235/626 779/1241/632 749/1233/624
f 737/1236/627 766/1242/633 736/1234/625
f 751/1208/599 780/1243/634 750/1235/626
f 738/1210/601 767/1244/635 737/1236/627
f 752/1207/598 781/1245/636 751/1208/599
f 739/1209/600 768/1246/637 738/1210/601
f 726/1211/602 755/1250/641 725/1212/603
f 753/1213/604 782/1247/638 752/1207/598
f 740/1214/605 769/1248/639 739/1209/600
f 727/1215/606 756/1249/640 726/1211/602
f 754/1216/607 783/1251/642 753/1213/604
f 741/1217/608 770/1252/643 740/1214/605
f 728/1218/609 757/1253/644 727/1215/606
f 725/1212/603 784/1254/645 754/1216/607
f 742/1219/610 771/1255/646 741/1217/608
f 729/1220/611 758/1256/647 728/1218/609
f 743/1221/612 772/1257/648 742/1219/610
f 730/1222/613 759/1258/649 729/1220/611
f 744/1223/614 773/1259/650 743/1221/612
f 731/1224/615 760/1260/651 730/1222/613
f 745/1225/616 774/1261/652 744/1223/614
f 732/1226/617 761/1262/653 731/1224/615
f 746/1227/618 775/1263/654 745/1225/616
f 733/1228/619 762/1264/655 732/1226/617
f 747/1229/620 776/1265/656 746/1227/618
f 734/1230/621 763/1266/657 733/1228/619
f 758/1256/647 787/1268/659 757/1253/644
f 755/1250/641 814/1270/661 784/1254/645
f 772/1257/648 801/1272/663 771/1255/646
f 759/1258/649 788/1267/658 758/1256/647
f 773/1259/650 802/1271/662 772/1257/648
f 760/1260/651 789/1273/664 759/1258/649
f 774/1261/652 803/1274/665 773/1259/650
f 761/1262/653 790/1275/666 760/1260/651
f 775/1263/654 804/1276/667 774/1261/652
f 762/1264/655 791/1277/668 761/1262/653
f 776/1265/656 805/1278/669 775/1263/654
f 763/1266/657 792/1279/670 762/1264/655
f 777/1238/629 806/1280/671 776/1265/656
f 764/1240/631 793/1281/672 763/1266/657
f 778/1237/628 807/1282/673 777/1238/629
f 765/1239/630 794/1283/674 764/1240/631
f 779/1241/632 808/1284/675 778/1237/628
f 766/1242/633 795/1285/676 765/1239/630
f 780/1243/634 809/1286/677 779/1241/632
f 767/1244/635 796/1287/678 766/1242/633
f 781/1245/636 810/1288/679 780/1243/634
f 768/1246/637 797/1289/680 767/1244/635
f 782/1247/638 811/1290/681 781/1245/636
f 769/1248/639 798/1291/682 768/1246/637
f 756/1249/640 785/1269/660 755/1250/641
f 783/1251/642 812/1292/683 782/1247/638
f 770/1252/643 799/1293/684 769/1248/639
f 757/1253/644 786/1294/685 756/1249/640
f 784/1254/645 813/1295/686 783/1251/642
f 771/1255/646 800/1296/687 770/1252/643
f 795/1285/676 824/1298/689 794/1283/674
f 809/1299/677 838/1301/691 808/1346/675
f 796/1287/678 825/1297/688 795/1285/676
f 810/1288/679 839/1304/690 809/1286/677
f 797/1289/680 826/1302/692 796/1287/678
f 811/1290/681 840/1303/693 810/1288/679
f 798/1291/682 827/1305/694 797/1289/680
f 812/1292/683 841/1306/695 811/1290/681
f 799/1309/684 828/1311/696 798/1808/682
f 786/1312/685 815/1314/700 785/1326/660
f 813/1295/686 842/1308/697 812/1292/683
f 800/1316/687 829/1310/698 799/1309/684
f 787/1268/659 816/1319/699 786/1294/685
f 814/1320/661 843/1322/701 813/1809/686
f 801/1323/663 830/1317/702 800/1316/687
f 788/1267/658 817/1318/703 787/1268/659
f 785/1326/660 844/1321/704 814/1320/661
f 802/1271/662 831/1328/705 801/1272/663
f 789/1273/664 818/1325/706 788/1267/658
f 803/1274/665 832/1327/707 802/1271/662
f 790/1275/666 819/1329/708 789/1273/664
f 804/1276/667 833/1330/709 803/1274/665
f 791/1277/668 820/1331/710 790/1275/666
f 805/1278/669 834/1332/711 804/1276/667
f 792/1335/670 821/1337/712 791/1810/668
f 806/1280/671 835/1334/713 805/1278/669
f 793/1339/672 822/1336/714 792/1335/670
f 807/1341/673 836/1343/715 806/1811/671
f 794/1344/674 823/1340/716 793/1339/672
f 808/1346/675 837/1342/717 807/1341/673
f 832/1347/707 861/1349/719 831/1324/705
f 819/1350/708 848/1352/721 818/1394/706
f 833/1353/709 862/1348/718 832/1347/707
f 820/1355/710 849/1357/720 819/1812/708
f 834/1358/711 863/1354/722 833/1353/709
f 821/1337/712 850/1356/723 820/1355/710
f 835/1361/713 864/1363/724 834/1813/711
f 822/1336/714 851/1360/725 821/1337/712
f 836/1343/715 865/1362/726 835/1361/713
f 823/1340/716 852/1364/727 822/1336/714
f 837/1342/717 866/1365/728 836/1343/715
f 824/1345/689 853/1366/729 823/1340/716
f 838/1301/691 867/1367/730 837/1342/717
f 825/1370/688 854/1368/731 824/1345/689
f 839/1300/690 868/1369/732 838/1301/691
f 826/1373/692 855/1371/733 825/1370/688
f 840/1375/693 869/1372/734 839/1300/690
f 827/1377/694 856/1379/735 826/1814/692
f 841/1380/695 870/1376/736 840/1375/693
f 828/1311/696 857/1378/737 827/1377/694
f 842/1383/697 871/1385/738 841/1815/695
f 829/1310/698 858/1382/739 828/1311/696
f 816/1313/699 845/1388/743 815/1314/700
f 843/1322/701 872/1384/740 842/1383/697
f 830/1317/702 859/1386/741 829/1310/698
f 817/1391/703 846/1387/742 816/1313/699
f 844/1321/704 873/1389/744 843/1322/701
f 831/1324/705 860/1390/745 830/1317/702
f 818/1394/706 847/1392/746 817/1391/703
f 815/1314/700 874/1393/747 844/1321/704
f 869/1395/734 898/1397/35 868/1453/732
f 856/1398/735 885/1400/35 855/1454/733
f 870/1401/736 899/1396/35 869/1395/734
f 857/1403/737 886/1399/35 856/1398/735
f 871/1405/738 900/1402/35 870/1401/736
f 858/1407/739 887/1404/35 857/1403/737
f 872/1409/740 901/1406/35 871/1405/738
f 859/1411/741 888/1408/35 858/1407/739
f 846/1413/742 875/1415/35 845/1428/743
f 873/1416/744 902/1410/35 872/1409/740
f 860/1418/745 889/1412/35 859/1411/741
f 847/1420/746 876/1414/35 846/1413/742
f 874/1422/747 903/1417/35 873/1416/744
f 861/1424/719 890/1419/35 860/1418/745
f 848/1426/721 877/1421/35 847/1420/746
f 845/1428/743 904/1423/35 874/1422/747
f 862/1429/718 891/1425/35 861/1424/719
f 849/1431/720 878/1427/35 848/1426/721
f 863/1433/722 892/1430/35 862/1429/718
f 850/1435/723 879/1432/35 849/1431/720
f 864/1437/724 893/1434/35 863/1433/722
f 851/1439/725 880/1436/35 850/1435/723
f 865/1441/726 894/1438/35 864/1437/724
f 852/1443/727 881/1440/35 851/1439/725
f 866/1445/728 895/1442/35 865/1441/726
f 853/1447/729 882/1444/35 852/1443/727
f 867/1449/730 896/1446/35 866/1445/728
f 854/1451/731 883/1448/35 853/1447/729
f 868/1453/732 897/1450/35 867/1449/730
f 855/1454/733 884/1452/35 854/1451/731
f 879/1455/748 908/1457/750 878/1514/802
f 893/1458/751 922/1460/753 892/1516/803
f 880/1461/754 909/1463/749 879/1816/748
f 894/1464/756 923/1459/752 893/1458/751
f 881/1466/758 910/1462/755 880/1461/754
f 895/1468/760 924/1456/757 894/1817/756
f 882/1470/762 911/1467/759 881/1466/758
f 896/1472/764 925/1469/761 895/1468/760
f 883/1474/766 912/1471/763 882/1470/762
f 897/1476/768 926/1473/765 896/1472/764
f 884/1478/770 913/1475/767 883/1474/766
f 898/1480/772 927/1477/769 897/1476/768
f 885/1482/774 914/1479/771 884/1478/770
f 899/1484/776 928/1481/773 898/1480/772
f 886/1486/778 915/1483/775 885/1482/774
f 900/1488/780 929/1485/777 899/1484/776
f 887/1490/782 916/1492/779 886/1818/778
f 901/1493/784 930/1489/781 900/1488/780
f 888/1494/786 917/1491/783 887/1490/782
f 902/1496/788 931/1498/785 901/1819/784
f 889/1499/790 918/1495/787 888/1494/786
f 876/1501/792 905/1503/793 875/1515/793
f 903/1504/794 932/1497/789 902/1496/788
f 890/1506/796 919/1500/791 889/1499/790
f 877/1508/797 906/1502/792 876/1501/792
f 904/1510/799 933/1505/795 903/1504/794
f 891/1512/801 920/1507/796 890/1506/796
f 878/1514/802 907/1509/798 877/1508/797
f 875/1515/793 934/1511/800 904/1510/799
f 892/1516/803 921/1513/801 891/1512/801
f 649/1058/483 950/1518/805 650/1079/504
f 636/1064/489 937/1520/807 637/1086/510
f 663/1073/498 964/1522/809 664/1088/512
f 650/1079/504 951/1523/810 651/1092/516
f 637/1086/510 938/1524/811 638/1097/521
f 664/1088/512 935/1525/812 635/1063/488
f 651/1092/516 952/1526/813 652/1108/531
f 638/1097/521 939/1527/814 639/1112/479
f 652/1108/531 953/1528/815 653/1069/494
f 639/1054/479 940/1530/816 640/1055/480
f 653/1069/494 954/1531/817 654/1070/495
f 640/1055/480 941/1532/818 641/1077/502
f 654/1083/495 955/1534/819 655/1084/508
f 641/1077/502 942/1535/820 642/1090/514
f 655/1084/508 956/1536/821 656/1102/525
f 642/1090/514 943/1537/822 643/1106/529
f 656/1102/525 957/1538/823 657/1060/485
f 643/1106/529 944/1539/824 644/1066/491
f 657/1060/485 958/1540/825 658/1061/486
f 644/1066/491 945/1541/826 645/1067/492
f 658/1061/486 959/1542/827 659/1075/500
f 645/1067/492 946/1543/828 646/1081/506
f 659/1075/500 960/1544/829 660/1094/518
f 646/1099/506 947/1546/830 647/1100/523
f 660/1094/518 961/1547/831 661/1104/527
f 647/1100/523 948/1548/832 648/1057/482
f 661/1116/527 962/1550/833 662/1072/497
f 648/1057/482 949/1517/804 649/1058/483
f 635/1063/488 936/1519/806 636/1064/489
f 662/1072/497 963/1521/808 663/1073/498
f 952/1526/813 983/1552/835 953/1528/815
f 939/1529/814 970/1554/837 940/1530/816
f 953/1528/815 984/1555/838 954/1531/817
f 940/1530/816 971/1556/839 941/1532/818
f 954/1533/817 985/1558/840 955/1534/819
f 941/1532/818 972/1559/841 942/1535/820
f 955/1534/819 986/1560/842 956/1536/821
f 942/1535/820 973/1561/843 943/1537/822
f 956/1536/821 987/1562/844 957/1538/823
f 943/1537/822 974/1563/845 944/1539/824
f 957/1538/823 988/1564/846 958/1540/825
f 944/1539/824 975/1565/847 945/1541/826
f 958/1540/825 989/1566/848 959/1542/827
f 945/1541/826 976/1567/849 946/1543/828
f 959/1542/827 990/1568/850 960/1544/829
f 946/1545/828 977/1570/851 947/1546/830
f 960/1544/829 991/1571/852 961/1547/831
f 947/1546/830 978/1572/853 948/1548/832
f 961/1549/831 992/1574/854 962/1550/833
f 948/1548/832 979/1575/855 949/1517/804
f 935/1525/812 966/1577/857 936/1519/806
f 962/1550/833 993/1578/858 963/1521/808
f 949/1517/804 980/1579/859 950/1518/805
f 936/1519/806 967/1580/860 937/1520/807
f 963/1521/808 994/1581/861 964/1522/809
f 950/1518/805 981/1582/862 951/1523/810
f 937/1520/807 968/1583/863 938/1524/811
f 964/1522/809 965/1576/856 935/1525/812
f 951/1523/810 982/1551/834 952/1526/813
f 938/1524/811 969/1584/836 939/1527/814
f 989/1566/848 1020/1586/865 990/1568/850
f 976/1569/849 1007/1588/867 977/1570/851
f 990/1568/850 1021/1589/868 991/1571/852
f 977/1570/851 1008/1590/869 978/1572/853
f 991/1573/852 1022/1592/870 992/1574/854
f 978/1572/853 1009/1593/871 979/1575/855
f 965/1576/856 996/1595/873 966/1577/857
f 992/1574/854 1023/1596/874 993/1578/858
f 979/1575/855 1010/1597/875 980/1579/859
f 966/1577/857 997/1598/876 967/1580/860
f 993/1578/858 1024/1599/877 994/1581/861
f 980/1579/859 1011/1600/878 981/1582/862
f 967/1580/860 998/1601/879 968/1583/863
f 994/1581/861 995/1594/872 965/1576/856
f 981/1582/862 1012/1602/880 982/1551/834
f 968/1583/863 999/1603/881 969/1584/836
f 982/1551/834 1013/1604/882 983/1552/835
f 969/1553/836 1000/1606/883 970/1554/837
f 983/1552/835 1014/1607/884 984/1555/838
f 970/1554/837 1001/1608/885 971/1556/839
f 984/1557/838 1015/1610/886 985/1558/840
f 971/1556/839 1002/1611/887 972/1559/841
f 985/1558/840 1016/1612/888 986/1560/842
f 972/1559/841 1003/1613/889 973/1561/843
f 986/1560/842 1017/1614/890 987/1562/844
f 973/1561/843 1004/1615/891 974/1563/845
f 987/1562/844 1018/1616/892 988/1564/846
f 974/1563/845 1005/1617/893 975/1565/847
f 988/1564/846 1019/1585/864 989/1566/848
f 975/1565/847 1006/1618/866 976/1567/849
f 999/1619/881 1030/1621/895 1000/1625/883
f 1013/1622/882 1044/1624/897 1014/1627/884
f 1000/1625/883 1031/1626/898 1001/1820/885
f 1014/1627/884 1045/1628/899 1015/1631/886
f 1001/1608/885 1032/1630/900 1002/1611/887
f 1015/1631/886 1046/1632/901 1016/1638/888
f 1002/1611/887 1033/1633/902 1003/1613/889
f 1016/1612/888 1047/1635/903 1017/1614/890
f 1003/1613/889 1034/1636/904 1004/1615/891
f 1017/1614/890 1048/1637/905 1018/1616/892
f 1004/1638/891 1035/1640/906 1005/1642/893
f 1018/1616/892 1049/1641/907 1019/1585/864
f 1005/1642/893 1036/1643/908 1006/1647/866
f 1019/1644/864 1050/1646/909 1020/1649/865
f 1006/1647/866 1037/1648/910 1007/1651/867
f 1020/1649/865 1051/1650/911 1021/1653/868
f 1007/1651/867 1038/1652/912 1008/1671/869
f 1021/1653/868 1052/1654/913 1022/1659/870
f 1008/1590/869 1039/1656/914 1009/1593/871
f 995/1594/872 1026/1658/916 996/1595/873
f 1022/1659/870 1053/1660/917 1023/1821/874
f 1009/1593/871 1040/1661/918 1010/1597/875
f 996/1595/873 1027/1662/919 997/1598/876
f 1023/1596/874 1054/1664/920 1024/1599/877
f 1010/1597/875 1041/1665/921 1011/1600/878
f 997/1666/876 1028/1668/922 998/1670/879
f 1024/1599/877 1025/1657/915 995/1594/872
f 1011/1600/878 1042/1669/923 1012/1602/880
f 998/1670/879 1029/1620/894 999/1619/881
f 1012/1671/880 1043/1623/896 1013/1622/882
