# Blender 4.2.16 LTS
# www.blender.org
o tmp_export_Cylinder.005
v -0.000000 0.046769 0.015000
v 0.009124 0.045870 0.015000
v 0.017898 0.043209 0.015000
v 0.025983 0.038887 0.015000
v 0.033070 0.033070 0.015000
v 0.038887 0.025983 0.015000
v 0.043209 0.017898 0.015000
v 0.045870 0.009124 0.015000
v 0.046769 -0.000000 0.015000
v 0.045870 -0.009124 0.015000
v 0.043209 -0.017898 0.015000
v 0.038887 -0.025983 0.015000
v 0.033070 -0.033070 0.015000
v 0.025983 -0.038887 0.015000
v 0.017898 -0.043209 0.015000
v 0.009124 -0.045870 0.015000
v -0.000000 -0.046769 0.015000
v -0.009124 -0.045870 0.015000
v -0.017898 -0.043209 0.015000
v -0.025983 -0.038887 0.015000
v -0.033070 -0.033070 0.015000
v -0.038887 -0.025983 0.015000
v -0.043209 -0.017898 0.015000
v -0.045870 -0.009124 0.015000
v -0.046769 0.000000 0.015000
v -0.045870 0.009124 0.015000
v -0.043209 0.017898 0.015000
v -0.038887 0.025983 0.015000
v -0.033070 0.033070 0.015000
v -0.025983 0.038887 0.015000
v -0.017898 0.043209 0.015000
v -0.009124 0.045870 0.015000
v 0.010450 0.052536 0.015000
v 0.000000 0.053565 0.015000
v 0.020498 0.049488 0.015000
v 0.029759 0.044538 0.015000
v 0.037876 0.037876 0.015000
v 0.044538 0.029759 0.015000
v 0.049488 0.020498 0.015000
v 0.052536 0.010450 0.015000
v 0.053565 -0.000000 0.015000
v 0.052536 -0.010450 0.015000
v 0.049488 -0.020498 0.015000
v 0.044538 -0.029759 0.015000
v 0.037876 -0.037876 0.015000
v 0.029759 -0.044538 0.015000
v 0.020498 -0.049488 0.015000
v 0.010450 -0.052536 0.015000
v -0.000000 -0.053565 0.015000
v -0.010450 -0.052536 0.015000
v -0.020498 -0.049488 0.015000
v -0.029759 -0.044538 0.015000
v -0.037876 -0.037876 0.015000
v -0.044538 -0.029759 0.015000
v -0.049488 -0.020498 0.015000
v -0.052536 -0.010450 0.015000
v -0.053565 0.000000 0.015000
v -0.052536 0.010450 0.015000
v -0.049488 0.020498 0.015000
v -0.044538 0.029759 0.015000
v -0.037876 0.037876 0.015000
v -0.029759 0.044538 0.015000
v -0.020498 0.049488 0.015000
v -0.010450 0.052536 0.015000
v 0.003707 0.018636 0.003000
v -0.000000 0.019001 0.003000
v 0.007271 0.017555 0.003000
v 0.010556 0.015799 0.003000
v 0.013436 0.013436 0.003000
v 0.015799 0.010556 0.003000
v 0.017555 0.007271 0.003000
v 0.018636 0.003707 0.003000
v 0.019001 -0.000000 0.003000
v 0.018636 -0.003707 0.003000
v 0.017555 -0.007271 0.003000
v 0.015799 -0.010556 0.003000
v 0.013436 -0.013436 0.003000
v 0.010556 -0.015799 0.003000
v 0.007271 -0.017555 0.003000
v 0.003707 -0.018636 0.003000
v -0.000000 -0.019001 0.003000
v -0.003707 -0.018636 0.003000
v -0.007271 -0.017555 0.003000
v -0.010556 -0.015799 0.003000
v -0.013436 -0.013436 0.003000
v -0.015799 -0.010556 0.003000
v -0.017555 -0.007271 0.003000
v -0.018636 -0.003707 0.003000
v -0.019001 -0.000000 0.003000
v -0.018636 0.003707 0.003000
v -0.017555 0.007271 0.003000
v -0.015799 0.010556 0.003000
v -0.013436 0.013436 0.003000
v -0.010556 0.015799 0.003000
v -0.007271 0.017555 0.003000
v -0.003707 0.018636 0.003000
v 0.009124 0.045870 0.003000
v -0.000000 0.046769 0.003000
v 0.017898 0.043209 0.003000
v 0.025983 0.038887 0.003000
v 0.033070 0.033070 0.003000
v 0.038887 0.025983 0.003000
v 0.043209 0.017898 0.003000
v 0.045870 0.009124 0.003000
v 0.046769 -0.000000 0.003000
v 0.045870 -0.009124 0.003000
v 0.043209 -0.017898 0.003000
v 0.038887 -0.025983 0.003000
v 0.033070 -0.033070 0.003000
v 0.025983 -0.038887 0.003000
v 0.017898 -0.043209 0.003000
v 0.009124 -0.045870 0.003000
v -0.000000 -0.046769 0.003000
v -0.009124 -0.045870 0.003000
v -0.017898 -0.043209 0.003000
v -0.025983 -0.038887 0.003000
v -0.033070 -0.033070 0.003000
v -0.038887 -0.025983 0.003000
v -0.043209 -0.017898 0.003000
v -0.045870 -0.009124 0.003000
v -0.046769 0.000000 0.003000
v -0.045870 0.009124 0.003000
v -0.043209 0.017898 0.003000
v -0.038887 0.025983 0.003000
v -0.033070 0.033070 0.003000
v -0.025983 0.038887 0.003000
v -0.017898 0.043209 0.003000
v -0.009124 0.045870 0.003000
v 0.003707 0.018636 0.010000
v -0.000000 0.019001 0.010000
v 0.007271 0.017555 0.010000
v 0.010556 0.015799 0.010000
v 0.013436 0.013436 0.010000
v 0.015799 0.010556 0.010000
v 0.017555 0.007271 0.010000
v 0.018636 0.003707 0.010000
v 0.019001 -0.000000 0.010000
v 0.018636 -0.003707 0.010000
v 0.017555 -0.007271 0.010000
v 0.015799 -0.010556 0.010000
v 0.013436 -0.013436 0.010000
v 0.010556 -0.015799 0.010000
v 0.007271 -0.017555 0.010000
v 0.003707 -0.018636 0.010000
v -0.000000 -0.019001 0.010000
v -0.003707 -0.018636 0.010000
v -0.007271 -0.017555 0.010000
v -0.010556 -0.015799 0.010000
v -0.013436 -0.013436 0.010000
v -0.015799 -0.010556 0.010000
v -0.017555 -0.007271 0.010000
v -0.018636 -0.003707 0.010000
v -0.019001 -0.000000 0.010000
v -0.018636 0.003707 0.010000
v -0.017555 0.007271 0.010000
v -0.015799 0.010556 0.010000
v -0.013436 0.013436 0.010000
v -0.010556 0.015799 0.010000
v -0.007271 0.017555 0.010000
v -0.003707 0.018636 0.010000
v 0.011766 0.059154 0.014563
v 0.012078 0.060721 0.012940
v 0.011981 0.060234 0.014047
v 0.000000 0.061911 0.012940
v 0.000000 0.060313 0.014563
v 0.000000 0.061414 0.014047
v 0.023081 0.055721 0.014563
v 0.023692 0.057198 0.012940
v 0.023502 0.056739 0.014047
v 0.033508 0.050148 0.014563
v 0.034396 0.051477 0.012940
v 0.034120 0.051064 0.014047
v 0.042647 0.042647 0.014563
v 0.043778 0.043778 0.012940
v 0.043426 0.043426 0.014047
v 0.050148 0.033508 0.014563
v 0.051477 0.034396 0.012940
v 0.051064 0.034120 0.014047
v 0.055721 0.023081 0.014563
v 0.057198 0.023692 0.012940
v 0.056739 0.023502 0.014047
v 0.059154 0.011766 0.014563
v 0.060721 0.012078 0.012940
v 0.060234 0.011981 0.014047
v 0.060313 -0.000000 0.014563
v 0.061911 -0.000000 0.012940
v 0.061414 -0.000000 0.014047
v 0.059154 -0.011766 0.014563
v 0.060721 -0.012078 0.012940
v 0.060234 -0.011981 0.014047
v 0.055721 -0.023081 0.014563
v 0.057198 -0.023692 0.012940
v 0.056739 -0.023502 0.014047
v 0.050148 -0.033508 0.014563
v 0.051477 -0.034396 0.012940
v 0.051064 -0.034120 0.014047
v 0.042647 -0.042647 0.014563
v 0.043778 -0.043778 0.012940
v 0.043426 -0.043426 0.014047
v 0.033508 -0.050148 0.014563
v 0.034396 -0.051477 0.012940
v 0.034120 -0.051064 0.014047
v 0.023081 -0.055721 0.014563
v 0.023692 -0.057198 0.012940
v 0.023502 -0.056739 0.014047
v 0.011766 -0.059154 0.014563
v 0.012078 -0.060721 0.012940
v 0.011981 -0.060234 0.014047
v -0.000000 -0.060313 0.014563
v -0.000000 -0.061911 0.012940
v -0.000000 -0.061414 0.014047
v -0.011766 -0.059154 0.014563
v -0.012078 -0.060721 0.012940
v -0.011981 -0.060234 0.014047
v -0.023081 -0.055721 0.014563
v -0.023692 -0.057198 0.012940
v -0.023502 -0.056739 0.014047
v -0.033508 -0.050148 0.014563
v -0.034396 -0.051477 0.012940
v -0.034120 -0.051064 0.014047
v -0.042647 -0.042647 0.014563
v -0.043778 -0.043778 0.012940
v -0.043426 -0.043426 0.014047
v -0.050148 -0.033508 0.014563
v -0.051477 -0.034396 0.012940
v -0.051064 -0.034120 0.014047
v -0.055721 -0.023081 0.014563
v -0.057198 -0.023692 0.012940
v -0.056739 -0.023502 0.014047
v -0.059154 -0.011766 0.014563
v -0.060721 -0.012078 0.012940
v -0.060234 -0.011981 0.014047
v -0.060313 0.000000 0.014563
v -0.061911 0.000000 0.012940
v -0.061414 0.000000 0.014047
v -0.059154 0.011766 0.014563
v -0.060721 0.012078 0.012940
v -0.060234 0.011981 0.014047
v -0.055721 0.023081 0.014563
v -0.057198 0.023692 0.012940
v -0.056739 0.023502 0.014047
v -0.050148 0.033508 0.014563
v -0.051477 0.034396 0.012940
v -0.051064 0.034120 0.014047
v -0.042647 0.042647 0.014563
v -0.043778 0.043778 0.012940
v -0.043426 0.043426 0.014047
v -0.033508 0.050148 0.014563
v -0.034396 0.051477 0.012940
v -0.034120 0.051064 0.014047
v -0.023081 0.055721 0.014563
v -0.023692 0.057198 0.012940
v -0.023502 0.056739 0.014047
v -0.011766 0.059154 0.014563
v -0.012078 0.060721 0.012940
v -0.011981 0.060234 0.014047
v -0.002679 -0.006467 0.010000
v -0.004950 -0.004950 0.010000
v 0.002679 -0.006467 0.010000
v -0.000000 -0.007000 0.010000
v 0.007000 -0.000000 0.010000
v 0.006467 -0.002679 0.010000
v 0.004950 -0.004950 0.010000
v 0.006467 0.002679 0.010000
v -0.007000 0.000000 0.010000
v -0.006467 -0.002679 0.010000
v -0.006467 0.002679 0.010000
v 0.002679 0.006467 0.010000
v 0.004950 0.004950 0.010000
v 0.000000 0.007000 0.010000
v -0.013095 0.005235 0.010000
v -0.014032 0.006445 0.010000
v -0.013839 0.007964 0.010000
v -0.011577 0.005042 0.010000
v -0.012629 0.008901 0.010000
v -0.010366 0.005980 0.010000
v -0.010173 0.007498 0.010000
v -0.011111 0.008708 0.010000
v -0.001422 0.012547 0.010000
v -0.002014 0.013958 0.010000
v -0.001434 0.015375 0.010000
v -0.000005 0.011967 0.010000
v -0.000023 0.015967 0.010000
v 0.001986 0.013976 0.010000
v 0.001394 0.015388 0.010000
v 0.001407 0.012559 0.010000
v 0.013097 0.005268 0.010000
v 0.011580 0.005061 0.010000
v 0.014023 0.006487 0.010000
v 0.013817 0.008003 0.010000
v 0.010155 0.007504 0.010000
v 0.010362 0.005988 0.010000
v 0.011081 0.008723 0.010000
v 0.012598 0.008930 0.010000
v 0.011111 -0.008708 0.010000
v 0.010173 -0.007498 0.010000
v 0.010366 -0.005980 0.010000
v 0.012629 -0.008901 0.010000
v 0.011577 -0.005042 0.010000
v 0.014032 -0.006445 0.010000
v 0.013839 -0.007964 0.010000
v 0.013095 -0.005235 0.010000
v 0.000023 -0.015967 0.010000
v 0.000005 -0.011967 0.010000
v 0.002014 -0.013958 0.010000
v 0.001434 -0.015375 0.010000
v 0.001422 -0.012547 0.010000
v -0.001986 -0.013976 0.010000
v -0.001394 -0.015388 0.010000
v -0.001407 -0.012559 0.010000
v -0.012598 -0.008930 0.010000
v -0.011081 -0.008723 0.010000
v -0.010155 -0.007504 0.010000
v -0.010362 -0.005988 0.010000
v -0.013817 -0.008003 0.010000
v -0.014023 -0.006487 0.010000
v -0.011580 -0.005061 0.010000
v -0.013097 -0.005268 0.010000
v -0.001497 0.006702 0.010000
v -0.005635 0.003924 0.010000
v -0.007263 0.006349 0.010000
v -0.003125 0.009127 0.010000
v -0.000000 0.046769 -0.015000
v 0.009124 0.045870 -0.015000
v 0.017898 0.043209 -0.015000
v 0.025983 0.038887 -0.015000
v 0.033070 0.033070 -0.015000
v 0.038887 0.025983 -0.015000
v 0.043209 0.017898 -0.015000
v 0.045870 0.009124 -0.015000
v 0.046769 -0.000000 -0.015000
v 0.045870 -0.009124 -0.015000
v 0.043209 -0.017898 -0.015000
v 0.038887 -0.025983 -0.015000
v 0.033070 -0.033070 -0.015000
v 0.025983 -0.038887 -0.015000
v 0.017898 -0.043209 -0.015000
v 0.009124 -0.045870 -0.015000
v -0.000000 -0.046769 -0.015000
v -0.009124 -0.045870 -0.015000
v -0.017898 -0.043209 -0.015000
v -0.025983 -0.038887 -0.015000
v -0.033070 -0.033070 -0.015000
v -0.038887 -0.025983 -0.015000
v -0.043209 -0.017898 -0.015000
v -0.045870 -0.009124 -0.015000
v -0.046769 0.000000 -0.015000
v -0.045870 0.009124 -0.015000
v -0.043209 0.017898 -0.015000
v -0.038887 0.025983 -0.015000
v -0.033070 0.033070 -0.015000
v -0.025983 0.038887 -0.015000
v -0.017898 0.043209 -0.015000
v -0.009124 0.045870 -0.015000
v 0.010450 0.052536 -0.015000
v 0.000000 0.053565 -0.015000
v 0.020498 0.049488 -0.015000
v 0.029759 0.044538 -0.015000
v 0.037876 0.037876 -0.015000
v 0.044538 0.029759 -0.015000
v 0.049488 0.020498 -0.015000
v 0.052536 0.010450 -0.015000
v 0.053565 -0.000000 -0.015000
v 0.052536 -0.010450 -0.015000
v 0.049488 -0.020498 -0.015000
v 0.044538 -0.029759 -0.015000
v 0.037876 -0.037876 -0.015000
v 0.029759 -0.044538 -0.015000
v 0.020498 -0.049488 -0.015000
v 0.010450 -0.052536 -0.015000
v -0.000000 -0.053565 -0.015000
v -0.010450 -0.052536 -0.015000
v -0.020498 -0.049488 -0.015000
v -0.029759 -0.044538 -0.015000
v -0.037876 -0.037876 -0.015000
v -0.044538 -0.029759 -0.015000
v -0.049488 -0.020498 -0.015000
v -0.052536 -0.010450 -0.015000
v -0.053565 0.000000 -0.015000
v -0.052536 0.010450 -0.015000
v -0.049488 0.020498 -0.015000
v -0.044538 0.029759 -0.015000
v -0.037876 0.037876 -0.015000
v -0.029759 0.044538 -0.015000
v -0.020498 0.049488 -0.015000
v -0.010450 0.052536 -0.015000
v 0.003707 0.018636 -0.003000
v -0.000000 0.019001 -0.003000
v 0.007271 0.017555 -0.003000
v 0.010556 0.015799 -0.003000
v 0.013436 0.013436 -0.003000
v 0.015799 0.010556 -0.003000
v 0.017555 0.007271 -0.003000
v 0.018636 0.003707 -0.003000
v 0.019001 -0.000000 -0.003000
v 0.018636 -0.003707 -0.003000
v 0.017555 -0.007271 -0.003000
v 0.015799 -0.010556 -0.003000
v 0.013436 -0.013436 -0.003000
v 0.010556 -0.015799 -0.003000
v 0.007271 -0.017555 -0.003000
v 0.003707 -0.018636 -0.003000
v -0.000000 -0.019001 -0.003000
v -0.003707 -0.018636 -0.003000
v -0.007271 -0.017555 -0.003000
v -0.010556 -0.015799 -0.003000
v -0.013436 -0.013436 -0.003000
v -0.015799 -0.010556 -0.003000
v -0.017555 -0.007271 -0.003000
v -0.018636 -0.003707 -0.003000
v -0.019001 -0.000000 -0.003000
v -0.018636 0.003707 -0.003000
v -0.017555 0.007271 -0.003000
v -0.015799 0.010556 -0.003000
v -0.013436 0.013436 -0.003000
v -0.010556 0.015799 -0.003000
v -0.007271 0.017555 -0.003000
v -0.003707 0.018636 -0.003000
v 0.009124 0.045870 -0.003000
v -0.000000 0.046769 -0.003000
v 0.017898 0.043209 -0.003000
v 0.025983 0.038887 -0.003000
v 0.033070 0.033070 -0.003000
v 0.038887 0.025983 -0.003000
v 0.043209 0.017898 -0.003000
v 0.045870 0.009124 -0.003000
v 0.046769 -0.000000 -0.003000
v 0.045870 -0.009124 -0.003000
v 0.043209 -0.017898 -0.003000
v 0.038887 -0.025983 -0.003000
v 0.033070 -0.033070 -0.003000
v 0.025983 -0.038887 -0.003000
v 0.017898 -0.043209 -0.003000
v 0.009124 -0.045870 -0.003000
v -0.000000 -0.046769 -0.003000
v -0.009124 -0.045870 -0.003000
v -0.017898 -0.043209 -0.003000
v -0.025983 -0.038887 -0.003000
v -0.033070 -0.033070 -0.003000
v -0.038887 -0.025983 -0.003000
v -0.043209 -0.017898 -0.003000
v -0.045870 -0.009124 -0.003000
v -0.046769 0.000000 -0.003000
v -0.045870 0.009124 -0.003000
v -0.043209 0.017898 -0.003000
v -0.038887 0.025983 -0.003000
v -0.033070 0.033070 -0.003000
v -0.025983 0.038887 -0.003000
v -0.017898 0.043209 -0.003000
v -0.009124 0.045870 -0.003000
v 0.003707 0.018636 -0.010000
v -0.000000 0.019001 -0.010000
v 0.007271 0.017555 -0.010000
v 0.010556 0.015799 -0.010000
v 0.013436 0.013436 -0.010000
v 0.015799 0.010556 -0.010000
v 0.017555 0.007271 -0.010000
v 0.018636 0.003707 -0.010000
v 0.019001 -0.000000 -0.010000
v 0.018636 -0.003707 -0.010000
v 0.017555 -0.007271 -0.010000
v 0.015799 -0.010556 -0.010000
v 0.013436 -0.013436 -0.010000
v 0.010556 -0.015799 -0.010000
v 0.007271 -0.017555 -0.010000
v 0.003707 -0.018636 -0.010000
v -0.000000 -0.019001 -0.010000
v -0.003707 -0.018636 -0.010000
v -0.007271 -0.017555 -0.010000
v -0.010556 -0.015799 -0.010000
v -0.013436 -0.013436 -0.010000
v -0.015799 -0.010556 -0.010000
v -0.017555 -0.007271 -0.010000
v -0.018636 -0.003707 -0.010000
v -0.019001 -0.000000 -0.010000
v -0.018636 0.003707 -0.010000
v -0.017555 0.007271 -0.010000
v -0.015799 0.010556 -0.010000
v -0.013436 0.013436 -0.010000
v -0.010556 0.015799 -0.010000
v -0.007271 0.017555 -0.010000
v -0.003707 0.018636 -0.010000
v 0.011766 0.059154 -0.014563
v 0.012078 0.060721 -0.012940
v 0.011981 0.060234 -0.014047
v 0.000000 0.061911 -0.012940
v 0.000000 0.060313 -0.014563
v 0.000000 0.061414 -0.014047
v 0.023081 0.055721 -0.014563
v 0.023692 0.057198 -0.012940
v 0.023502 0.056739 -0.014047
v 0.033508 0.050148 -0.014563
v 0.034396 0.051477 -0.012940
v 0.034120 0.051064 -0.014047
v 0.042647 0.042647 -0.014563
v 0.043778 0.043778 -0.012940
v 0.043426 0.043426 -0.014047
v 0.050148 0.033508 -0.014563
v 0.051477 0.034396 -0.012940
v 0.051064 0.034120 -0.014047
v 0.055721 0.023081 -0.014563
v 0.057198 0.023692 -0.012940
v 0.056739 0.023502 -0.014047
v 0.059154 0.011766 -0.014563
v 0.060721 0.012078 -0.012940
v 0.060234 0.011981 -0.014047
v 0.060313 -0.000000 -0.014563
v 0.061911 -0.000000 -0.012940
v 0.061414 -0.000000 -0.014047
v 0.059154 -0.011766 -0.014563
v 0.060721 -0.012078 -0.012940
v 0.060234 -0.011981 -0.014047
v 0.055721 -0.023081 -0.014563
v 0.057198 -0.023692 -0.012940
v 0.056739 -0.023502 -0.014047
v 0.050148 -0.033508 -0.014563
v 0.051477 -0.034396 -0.012940
v 0.051064 -0.034120 -0.014047
v 0.042647 -0.042647 -0.014563
v 0.043778 -0.043778 -0.012940
v 0.043426 -0.043426 -0.014047
v 0.033508 -0.050148 -0.014563
v 0.034396 -0.051477 -0.012940
v 0.034120 -0.051064 -0.014047
v 0.023081 -0.055721 -0.014563
v 0.023692 -0.057198 -0.012940
v 0.023502 -0.056739 -0.014047
v 0.011766 -0.059154 -0.014563
v 0.012078 -0.060721 -0.012940
v 0.011981 -0.060234 -0.014047
v -0.000000 -0.060313 -0.014563
v -0.000000 -0.061911 -0.012940
v -0.000000 -0.061414 -0.014047
v -0.011766 -0.059154 -0.014563
v -0.012078 -0.060721 -0.012940
v -0.011981 -0.060234 -0.014047
v -0.023081 -0.055721 -0.014563
v -0.023692 -0.057198 -0.012940
v -0.023502 -0.056739 -0.014047
v -0.033508 -0.050148 -0.014563
v -0.034396 -0.051477 -0.012940
v -0.034120 -0.051064 -0.014047
v -0.042647 -0.042647 -0.014563
v -0.043778 -0.043778 -0.012940
v -0.043426 -0.043426 -0.014047
v -0.050148 -0.033508 -0.014563
v -0.051477 -0.034396 -0.012940
v -0.051064 -0.034120 -0.014047
v -0.055721 -0.023081 -0.014563
v -0.057198 -0.023692 -0.012940
v -0.056739 -0.023502 -0.014047
v -0.059154 -0.011766 -0.014563
v -0.060721 -0.012078 -0.012940
v -0.060234 -0.011981 -0.014047
v -0.060313 0.000000 -0.014563
v -0.061911 0.000000 -0.012940
v -0.061414 0.000000 -0.014047
v -0.059154 0.011766 -0.014563
v -0.060721 0.012078 -0.012940
v -0.060234 0.011981 -0.014047
v -0.055721 0.023081 -0.014563
v -0.057198 0.023692 -0.012940
v -0.056739 0.023502 -0.014047
v -0.050148 0.033508 -0.014563
v -0.051477 0.034396 -0.012940
v -0.051064 0.034120 -0.014047
v -0.042647 0.042647 -0.014563
v -0.043778 0.043778 -0.012940
v -0.043426 0.043426 -0.014047
v -0.033508 0.050148 -0.014563
v -0.034396 0.051477 -0.012940
v -0.034120 0.051064 -0.014047
v -0.023081 0.055721 -0.014563
v -0.023692 0.057198 -0.012940
v -0.023502 0.056739 -0.014047
v -0.011766 0.059154 -0.014563
v -0.012078 0.060721 -0.012940
v -0.011981 0.060234 -0.014047
v 0.000000 0.062500 0.000000
v 0.012193 0.061299 0.000000
v 0.023918 0.057742 0.000000
v 0.034723 0.051967 0.000000
v 0.044194 0.044194 0.000000
v 0.051967 0.034723 0.000000
v 0.057742 0.023918 0.000000
v 0.061299 0.012193 0.000000
v 0.062500 -0.000000 0.000000
v 0.061299 -0.012193 0.000000
v 0.057742 -0.023918 0.000000
v 0.051967 -0.034723 0.000000
v 0.044194 -0.044194 0.000000
v 0.034723 -0.051967 0.000000
v 0.023918 -0.057742 0.000000
v 0.012193 -0.061299 0.000000
v -0.000000 -0.062500 0.000000
v -0.012193 -0.061299 0.000000
v -0.023918 -0.057742 0.000000
v -0.034723 -0.051967 0.000000
v -0.044194 -0.044194 0.000000
v -0.051967 -0.034723 0.000000
v -0.057742 -0.023918 0.000000
v -0.061299 -0.012193 0.000000
v -0.062500 0.000000 0.000000
v -0.061299 0.012193 0.000000
v -0.057742 0.023918 0.000000
v -0.051967 0.034723 0.000000
v -0.044194 0.044194 0.000000
v -0.034723 0.051967 0.000000
v -0.023918 0.057742 0.000000
v -0.012193 0.061299 0.000000
v -0.002679 -0.006467 -0.010000
v -0.004950 -0.004950 -0.010000
v 0.002679 -0.006467 -0.010000
v -0.000000 -0.007000 -0.010000
v 0.007000 -0.000000 -0.010000
v 0.006467 -0.002679 -0.010000
v 0.004950 -0.004950 -0.010000
v 0.006467 0.002679 -0.010000
v -0.007000 0.000000 -0.010000
v -0.006467 -0.002679 -0.010000
v -0.006467 0.002679 -0.010000
v 0.002679 0.006467 -0.010000
v 0.004950 0.004950 -0.010000
v 0.000000 0.007000 -0.010000
v -0.013095 0.005235 -0.010000
v -0.014032 0.006445 -0.010000
v -0.013839 0.007964 -0.010000
v -0.011577 0.005042 -0.010000
v -0.012629 0.008901 -0.010000
v -0.010366 0.005980 -0.010000
v -0.010173 0.007498 -0.010000
v -0.011111 0.008708 -0.010000
v -0.001422 0.012547 -0.010000
v -0.002014 0.013958 -0.010000
v -0.001434 0.015375 -0.010000
v -0.000005 0.011967 -0.010000
v -0.000023 0.015967 -0.010000
v 0.001986 0.013976 -0.010000
v 0.001394 0.015388 -0.010000
v 0.001407 0.012559 -0.010000
v 0.013097 0.005268 -0.010000
v 0.011580 0.005061 -0.010000
v 0.014023 0.006487 -0.010000
v 0.013817 0.008003 -0.010000
v 0.010155 0.007504 -0.010000
v 0.010362 0.005988 -0.010000
v 0.011081 0.008723 -0.010000
v 0.012598 0.008930 -0.010000
v 0.011111 -0.008708 -0.010000
v 0.010173 -0.007498 -0.010000
v 0.010366 -0.005980 -0.010000
v 0.012629 -0.008901 -0.010000
v 0.011577 -0.005042 -0.010000
v 0.014032 -0.006445 -0.010000
v 0.013839 -0.007964 -0.010000
v 0.013095 -0.005235 -0.010000
v 0.000023 -0.015967 -0.010000
v 0.000005 -0.011967 -0.010000
v 0.002014 -0.013958 -0.010000
v 0.001434 -0.015375 -0.010000
v 0.001422 -0.012547 -0.010000
v -0.001986 -0.013976 -0.010000
v -0.001394 -0.015388 -0.010000
v -0.001407 -0.012559 -0.010000
v -0.012598 -0.008930 -0.010000
v -0.011081 -0.008723 -0.010000
v -0.010155 -0.007504 -0.010000
v -0.010362 -0.005988 -0.010000
v -0.013817 -0.008003 -0.010000
v -0.014023 -0.006487 -0.010000
v -0.011580 -0.005061 -0.010000
v -0.013097 -0.005268 -0.010000
v -0.001497 0.006702 -0.010000
v -0.005635 0.003924 -0.010000
v -0.007263 0.006349 -0.010000
v -0.003125 0.009127 -0.010000
v 0.012598 0.008930 0.000000
v -0.012598 -0.008930 0.000000
v -0.014032 0.006445 0.000000
v 0.007000 -0.000000 0.000000
v -0.007263 0.006349 0.000000
v -0.001986 -0.013976 0.000000
v 0.006467 -0.002679 0.000000
v -0.010155 -0.007504 0.000000
v 0.000000 0.007000 0.000000
v -0.003125 0.009127 0.000000
v 0.004950 -0.004950 0.000000
v 0.001407 0.012559 0.000000
v -0.004950 -0.004950 0.000000
v -0.011111 0.008708 0.000000
v 0.014023 0.006487 0.000000
v 0.002679 -0.006467 0.000000
v 0.013817 0.008003 0.000000
v 0.011580 0.005061 0.000000
v 0.010173 -0.007498 0.000000
v 0.010155 0.007504 0.000000
v 0.010362 0.005988 0.000000
v -0.010173 0.007498 0.000000
v 0.011081 0.008723 0.000000
v 0.001434 -0.015375 0.000000
v -0.000023 0.015967 0.000000
v 0.013839 -0.007964 0.000000
v -0.013095 0.005235 0.000000
v 0.013095 -0.005235 0.000000
v -0.011081 -0.008723 0.000000
v -0.006467 -0.002679 0.000000
v 0.001394 0.015388 0.000000
v -0.001394 -0.015388 0.000000
v 0.004950 0.004950 0.000000
v 0.010366 -0.005980 0.000000
v 0.011577 -0.005042 0.000000
v -0.007000 0.000000 0.000000
v -0.011580 -0.005061 0.000000
v -0.002679 -0.006467 0.000000
v -0.001407 -0.012559 0.000000
v -0.001497 0.006702 0.000000
v -0.000005 0.011967 0.000000
v -0.001434 0.015375 0.000000
v -0.013097 -0.005268 0.000000
v 0.006467 0.002679 0.000000
v -0.002014 0.013958 0.000000
v 0.001986 0.013976 0.000000
v -0.013839 0.007964 0.000000
v 0.002679 0.006467 0.000000
v -0.011577 0.005042 0.000000
v 0.012629 -0.008901 0.000000
v -0.001422 0.012547 0.000000
v 0.014032 -0.006445 0.000000
v -0.006467 0.002679 0.000000
v 0.000005 -0.011967 0.000000
v -0.005635 0.003924 0.000000
v 0.001422 -0.012547 0.000000
v -0.014023 -0.006487 0.000000
v -0.010362 -0.005988 0.000000
v 0.011111 -0.008708 0.000000
v -0.000000 -0.007000 0.000000
v -0.013817 -0.008003 0.000000
v -0.012629 0.008901 0.000000
v -0.010366 0.005980 0.000000
v 0.000023 -0.015967 0.000000
v 0.002014 -0.013958 0.000000
v 0.013097 0.005268 0.000000
vn 0.0189 0.0622 0.9979
vn 0.0979 0.9942 0.0452
vn 0.0412 0.0502 0.9979
vn 0.0502 0.0412 0.9979
vn 0.0573 0.0306 0.9979
vn 0.0622 0.0189 0.9979
vn 0.0646 0.0064 0.9979
vn 0.0646 -0.0064 0.9979
vn 0.0622 -0.0189 0.9979
vn 0.0573 -0.0306 0.9979
vn 0.0502 -0.0412 0.9979
vn 0.0412 -0.0502 0.9979
vn 0.0306 -0.0573 0.9979
vn 0.0189 -0.0622 0.9979
vn 0.0064 -0.0646 0.9979
vn -0.0064 -0.0646 0.9979
vn -0.0189 -0.0622 0.9979
vn -0.0306 -0.0573 0.9979
vn -0.0412 -0.0502 0.9979
vn -0.0502 -0.0412 0.9979
vn -0.0573 -0.0306 0.9979
vn -0.0622 -0.0189 0.9979
vn -0.0646 -0.0064 0.9979
vn -0.0646 0.0064 0.9979
vn -0.0622 0.0189 0.9979
vn -0.0573 0.0306 0.9979
vn -0.0502 0.0412 0.9979
vn -0.0412 0.0502 0.9979
vn -0.0306 0.0573 0.9979
vn -0.0189 0.0622 0.9979
vn 0.9952 0.0980 -0.0000
vn -0.0064 0.0646 0.9979
vn 0.2900 0.9560 0.0453
vn -0.0979 0.9942 0.0453
vn 0.4709 0.8810 0.0452
vn 0.6337 0.7722 0.0453
vn 0.7722 0.6337 0.0452
vn 0.8810 0.4709 0.0452
vn 0.9560 0.2900 0.0452
vn 0.9942 0.0979 0.0452
vn 0.9942 -0.0979 0.0452
vn 0.9560 -0.2900 0.0452
vn 0.8810 -0.4709 0.0452
vn 0.7722 -0.6337 0.0452
vn 0.6337 -0.7722 0.0453
vn 0.4709 -0.8810 0.0452
vn 0.2900 -0.9560 0.0452
vn 0.0979 -0.9942 0.0453
vn -0.0979 -0.9942 0.0453
vn -0.2900 -0.9560 0.0452
vn -0.4709 -0.8810 0.0452
vn -0.6337 -0.7722 0.0453
vn -0.7722 -0.6337 0.0452
vn -0.8810 -0.4709 0.0452
vn -0.9560 -0.2900 0.0452
vn -0.9942 -0.0979 0.0452
vn -0.9942 0.0979 0.0452
vn -0.9560 0.2900 0.0452
vn -0.8810 0.4709 0.0452
vn -0.7722 0.6337 0.0452
vn -0.6337 0.7722 0.0452
vn -0.4709 0.8810 0.0453
vn -0.2900 0.9560 0.0453
vn 0.0306 0.0573 0.9979
vn -0.0000 -0.0000 1.0000
vn -0.8819 0.4714 -0.0000
vn 0.9952 -0.0980 -0.0000
vn -0.7730 0.6344 -0.0000
vn 0.9569 -0.2903 -0.0000
vn -0.6344 0.7730 -0.0000
vn 0.8819 -0.4714 -0.0000
vn -0.4714 0.8819 -0.0000
vn -0.0980 -0.9952 -0.0000
vn 0.7730 -0.6344 -0.0000
vn -0.2903 0.9569 -0.0000
vn -0.2903 -0.9569 -0.0000
vn 0.6344 -0.7730 -0.0000
vn -0.0980 0.9952 -0.0000
vn -0.4714 -0.8819 -0.0000
vn 0.4714 -0.8819 -0.0000
vn 0.0980 0.9952 -0.0000
vn -0.6344 -0.7730 -0.0000
vn 0.2903 -0.9569 -0.0000
vn 0.2903 0.9569 -0.0000
vn -0.7730 -0.6344 -0.0000
vn 0.0980 -0.9952 -0.0000
vn 0.4714 0.8819 -0.0000
vn -0.8819 -0.4714 -0.0000
vn 0.6344 0.7730 -0.0000
vn -0.9569 -0.2903 -0.0000
vn 0.7730 0.6344 -0.0000
vn -0.9952 -0.0980 -0.0000
vn 0.8819 0.4714 -0.0000
vn -0.9952 0.0980 -0.0000
vn 0.9569 0.2903 -0.0000
vn -0.9569 0.2903 -0.0000
vn 0.0895 0.9085 0.4081
vn 0.0418 0.4240 0.9047
vn 0.2650 0.8736 0.4081
vn 0.1237 0.4077 0.9047
vn 0.4304 0.8051 0.4081
vn 0.2008 0.3757 0.9047
vn 0.5792 0.7057 0.4081
vn 0.2703 0.3293 0.9047
vn 0.7057 0.5792 0.4081
vn 0.3293 0.2703 0.9047
vn 0.8051 0.4304 0.4081
vn 0.3757 0.2008 0.9047
vn 0.8736 0.2650 0.4081
vn 0.4077 0.1237 0.9047
vn 0.9085 0.0895 0.4081
vn 0.4240 0.0418 0.9047
vn 0.9085 -0.0895 0.4081
vn 0.4240 -0.0418 0.9047
vn 0.8736 -0.2650 0.4081
vn 0.4077 -0.1237 0.9047
vn 0.8051 -0.4304 0.4081
vn 0.3757 -0.2008 0.9047
vn 0.7057 -0.5792 0.4081
vn 0.3293 -0.2703 0.9047
vn 0.5792 -0.7057 0.4081
vn 0.2703 -0.3293 0.9047
vn 0.4304 -0.8051 0.4081
vn 0.2008 -0.3757 0.9047
vn 0.2650 -0.8736 0.4081
vn 0.1237 -0.4077 0.9047
vn 0.0895 -0.9085 0.4081
vn 0.0418 -0.4240 0.9047
vn -0.0895 -0.9085 0.4081
vn -0.0418 -0.4240 0.9047
vn -0.2650 -0.8736 0.4081
vn -0.1237 -0.4077 0.9047
vn -0.4304 -0.8051 0.4081
vn -0.2008 -0.3757 0.9047
vn -0.5792 -0.7057 0.4081
vn -0.2703 -0.3293 0.9047
vn -0.7057 -0.5792 0.4081
vn -0.3293 -0.2703 0.9047
vn -0.8051 -0.4304 0.4081
vn -0.3757 -0.2008 0.9047
vn -0.8736 -0.2650 0.4081
vn -0.4077 -0.1237 0.9047
vn -0.9085 -0.0895 0.4081
vn -0.4240 -0.0418 0.9047
vn -0.9085 0.0895 0.4081
vn -0.4240 0.0418 0.9047
vn -0.8736 0.2650 0.4081
vn -0.4077 0.1237 0.9047
vn -0.8051 0.4304 0.4081
vn -0.3757 0.2008 0.9047
vn -0.7057 0.5792 0.4081
vn -0.3293 0.2703 0.9047
vn -0.5792 0.7057 0.4081
vn -0.2703 0.3293 0.9047
vn -0.4304 0.8051 0.4081
vn -0.2008 0.3757 0.9047
vn -0.2650 0.8736 0.4081
vn -0.1237 0.4077 0.9047
vn -0.0895 0.9085 0.4081
vn -0.0418 0.4240 0.9047
vn 0.0064 0.0646 0.9979
vn -0.8315 -0.5556 -0.0000
vn -0.9808 -0.1951 -0.0000
vn -0.9808 0.1951 -0.0000
vn -0.8315 0.5556 -0.0000
vn -0.5556 0.8315 -0.0000
vn -0.1951 0.9808 -0.0000
vn 0.1951 0.9808 -0.0000
vn 0.5556 0.8315 -0.0000
vn 0.8315 -0.5556 -0.0000
vn -0.7906 -0.6123 -0.0000
vn -0.9920 0.1261 -0.0000
vn -0.6123 0.7906 -0.0000
vn 0.1261 0.9920 -0.0000
vn 0.7906 0.6123 -0.0000
vn -0.9221 -0.3868 -0.0000
vn -0.9256 0.3785 -0.0000
vn -0.3868 0.9221 -0.0000
vn 0.3785 0.9256 -0.0000
vn -0.9908 -0.1350 -0.0000
vn -0.7961 0.6052 -0.0000
vn -0.1350 0.9908 -0.0000
vn 0.6052 0.7961 -0.0000
vn -0.8303 -0.5573 -0.0000
vn 0.5573 -0.8303 -0.0000
vn -0.3785 -0.9256 -0.0000
vn -0.1261 -0.9920 -0.0000
vn 0.1350 -0.9908 -0.0000
vn 0.3868 -0.9221 -0.0000
vn 0.7961 -0.6052 -0.0000
vn 0.9256 -0.3785 -0.0000
vn 0.9920 -0.1261 -0.0000
vn 0.9908 0.1350 -0.0000
vn 0.9221 0.3868 -0.0000
vn 0.1951 -0.9808 -0.0000
vn -0.1951 -0.9808 -0.0000
vn 0.9808 -0.1951 -0.0000
vn -0.6052 -0.7961 -0.0000
vn 0.8315 0.5556 -0.0000
vn 0.8303 0.5573 -0.0000
vn 0.6123 -0.7906 -0.0000
vn -0.5556 -0.8315 -0.0000
vn 0.9808 0.1951 -0.0000
vn 0.0189 0.0622 -0.9979
vn 0.0979 0.9942 -0.0453
vn 0.0412 0.0502 -0.9979
vn 0.0502 0.0412 -0.9979
vn 0.0573 0.0306 -0.9979
vn 0.0622 0.0189 -0.9979
vn 0.0646 0.0064 -0.9979
vn 0.0646 -0.0064 -0.9979
vn 0.0622 -0.0189 -0.9979
vn 0.0573 -0.0306 -0.9979
vn 0.0502 -0.0412 -0.9979
vn 0.0412 -0.0502 -0.9979
vn 0.0306 -0.0573 -0.9979
vn 0.0189 -0.0622 -0.9979
vn 0.0064 -0.0646 -0.9979
vn -0.0064 -0.0646 -0.9979
vn -0.0189 -0.0622 -0.9979
vn -0.0306 -0.0573 -0.9979
vn -0.0412 -0.0502 -0.9979
vn -0.0502 -0.0412 -0.9979
vn -0.0573 -0.0306 -0.9979
vn -0.0622 -0.0189 -0.9979
vn -0.0646 -0.0064 -0.9979
vn -0.0646 0.0064 -0.9979
vn -0.0622 0.0189 -0.9979
vn -0.0573 0.0306 -0.9979
vn -0.0502 0.0412 -0.9979
vn -0.0412 0.0502 -0.9979
vn -0.0306 0.0573 -0.9979
vn -0.0189 0.0622 -0.9979
vn -0.0064 0.0646 -0.9979
vn 0.2900 0.9560 -0.0452
vn -0.0979 0.9942 -0.0452
vn 0.4709 0.8810 -0.0452
vn 0.6337 0.7722 -0.0452
vn 0.7722 0.6337 -0.0452
vn 0.8810 0.4709 -0.0452
vn 0.9560 0.2900 -0.0452
vn 0.9942 0.0979 -0.0452
vn 0.9942 -0.0979 -0.0452
vn 0.9560 -0.2900 -0.0452
vn 0.8810 -0.4709 -0.0452
vn 0.7722 -0.6337 -0.0452
vn 0.6337 -0.7722 -0.0452
vn 0.4709 -0.8810 -0.0452
vn 0.2900 -0.9560 -0.0452
vn 0.0979 -0.9942 -0.0452
vn -0.0979 -0.9942 -0.0452
vn -0.2900 -0.9560 -0.0452
vn -0.4709 -0.8810 -0.0453
vn -0.6337 -0.7722 -0.0452
vn -0.7722 -0.6337 -0.0452
vn -0.8810 -0.4709 -0.0452
vn -0.9560 -0.2900 -0.0452
vn -0.9942 -0.0979 -0.0452
vn -0.9942 0.0979 -0.0452
vn -0.9560 0.2900 -0.0452
vn -0.8810 0.4709 -0.0452
vn -0.7722 0.6337 -0.0452
vn -0.6337 0.7722 -0.0453
vn -0.4709 0.8810 -0.0452
vn -0.2900 0.9560 -0.0452
vn 0.0306 0.0573 -0.9979
vn -0.0000 -0.0000 -1.0000
vn 0.0895 0.9085 -0.4081
vn 0.0418 0.4240 -0.9047
vn 0.2650 0.8736 -0.4081
vn 0.1237 0.4077 -0.9047
vn 0.4304 0.8051 -0.4081
vn 0.2008 0.3757 -0.9047
vn 0.5792 0.7057 -0.4081
vn 0.2703 0.3293 -0.9047
vn 0.7057 0.5792 -0.4081
vn 0.3293 0.2703 -0.9047
vn 0.8051 0.4304 -0.4081
vn 0.3757 0.2008 -0.9047
vn 0.8736 0.2650 -0.4081
vn 0.4077 0.1237 -0.9047
vn 0.9085 0.0895 -0.4081
vn 0.4240 0.0418 -0.9047
vn 0.9085 -0.0895 -0.4081
vn 0.4240 -0.0418 -0.9047
vn 0.8736 -0.2650 -0.4081
vn 0.4077 -0.1237 -0.9047
vn 0.8051 -0.4304 -0.4081
vn 0.3757 -0.2008 -0.9047
vn 0.7057 -0.5792 -0.4081
vn 0.3293 -0.2703 -0.9047
vn 0.5792 -0.7057 -0.4081
vn 0.2703 -0.3293 -0.9047
vn 0.4304 -0.8051 -0.4081
vn 0.2008 -0.3757 -0.9047
vn 0.2650 -0.8736 -0.4081
vn 0.1237 -0.4077 -0.9047
vn 0.0895 -0.9085 -0.4081
vn 0.0418 -0.4240 -0.9047
vn -0.0895 -0.9085 -0.4081
vn -0.0418 -0.4240 -0.9047
vn -0.2650 -0.8736 -0.4081
vn -0.1237 -0.4077 -0.9047
vn -0.4304 -0.8051 -0.4081
vn -0.2008 -0.3757 -0.9047
vn -0.5792 -0.7057 -0.4081
vn -0.2703 -0.3293 -0.9047
vn -0.7057 -0.5792 -0.4081
vn -0.3293 -0.2703 -0.9047
vn -0.8051 -0.4304 -0.4081
vn -0.3757 -0.2008 -0.9047
vn -0.8736 -0.2650 -0.4081
vn -0.4077 -0.1237 -0.9047
vn -0.9085 -0.0895 -0.4081
vn -0.4240 -0.0418 -0.9047
vn -0.9085 0.0895 -0.4081
vn -0.4240 0.0418 -0.9047
vn -0.8736 0.2650 -0.4081
vn -0.4077 0.1237 -0.9047
vn -0.8051 0.4304 -0.4081
vn -0.3757 0.2008 -0.9047
vn -0.7057 0.5792 -0.4081
vn -0.3293 0.2703 -0.9047
vn -0.5792 0.7057 -0.4081
vn -0.2703 0.3293 -0.9047
vn -0.4304 0.8051 -0.4081
vn -0.2008 0.3757 -0.9047
vn -0.2650 0.8736 -0.4081
vn -0.1237 0.4077 -0.9047
vn -0.0895 0.9085 -0.4081
vn -0.0418 0.4240 -0.9047
vn 0.0064 0.0646 -0.9979
vn 0.0979 0.9942 0.0453
vn 0.2900 0.9560 0.0452
vn -0.0979 0.9942 0.0452
vn 0.6337 0.7722 0.0452
vn 0.6337 -0.7722 0.0452
vn 0.0979 -0.9942 0.0452
vn -0.0979 -0.9942 0.0452
vn -0.4709 -0.8810 0.0453
vn -0.6337 -0.7722 0.0452
vn -0.6337 0.7722 0.0453
vn -0.4709 0.8810 0.0452
vn -0.2900 0.9560 0.0452
vn 0.0979 0.9942 -0.0452
vn 0.2900 0.9560 -0.0453
vn -0.0979 0.9942 -0.0453
vn 0.6337 0.7722 -0.0453
vn 0.7722 -0.6337 -0.0453
vn 0.6337 -0.7722 -0.0453
vn 0.0979 -0.9942 -0.0453
vn -0.0979 -0.9942 -0.0453
vn -0.4709 -0.8810 -0.0452
vn -0.6337 -0.7722 -0.0453
vn -0.6337 0.7722 -0.0452
vn -0.4709 0.8810 -0.0453
vn -0.2900 0.9560 -0.0453
vt 0.034777 0.270422
vt 0.027962 0.315860
vt 0.012003 0.277331
vt 0.809037 0.657275
vt 0.763394 0.624907
vt 0.809037 0.623461
vt 0.069528 0.335436
vt 0.080620 0.380023
vt 0.051131 0.350535
vt 0.095718 0.361626
vt 0.115295 0.403192
vt 0.126514 0.382203
vt 0.153824 0.419152
vt 0.160732 0.396377
vt 0.194726 0.427288
vt 0.197058 0.403603
vt 0.236429 0.427288
vt 0.234096 0.403603
vt 0.277331 0.419152
vt 0.270422 0.396377
vt 0.315860 0.403193
vt 0.304641 0.382203
vt 0.350535 0.380023
vt 0.335436 0.361626
vt 0.380023 0.350535
vt 0.361626 0.335437
vt 0.403192 0.315860
vt 0.382203 0.304641
vt 0.419152 0.277331
vt 0.396377 0.270422
vt 0.427288 0.236429
vt 0.403603 0.234096
vt 0.427288 0.194726
vt 0.403603 0.197058
vt 0.419152 0.153824
vt 0.396377 0.160732
vt 0.403193 0.115295
vt 0.382203 0.126514
vt 0.380023 0.080620
vt 0.361626 0.095718
vt 0.350535 0.051131
vt 0.335437 0.069528
vt 0.315860 0.027962
vt 0.304641 0.048951
vt 0.277331 0.012003
vt 0.270422 0.034777
vt 0.236429 0.003867
vt 0.234096 0.027552
vt 0.194726 0.003867
vt 0.197058 0.027552
vt 0.153824 0.012003
vt 0.160732 0.034777
vt 0.115295 0.027962
vt 0.126514 0.048951
vt 0.080620 0.051131
vt 0.095718 0.069528
vt 0.051131 0.080620
vt 0.069528 0.095718
vt 0.027962 0.115295
vt 0.048951 0.126514
vt 0.012003 0.153824
vt 0.034777 0.160732
vt 0.003867 0.194726
vt 0.957674 0.206127
vt 1.000000 0.176529
vt 1.000000 0.206127
vt 0.027552 0.197058
vt 0.003867 0.236429
vt 0.908128 0.310858
vt 0.862485 0.278355
vt 0.908128 0.279637
vt 0.809037 0.695690
vt 0.763394 0.658403
vt 0.862485 0.242248
vt 0.908128 0.243187
vt 0.862485 0.202348
vt 0.908128 0.202908
vt 0.862485 0.160189
vt 0.908128 0.160348
vt 0.862485 0.117391
vt 0.908128 0.117142
vt 0.862485 0.075598
vt 0.908128 0.074952
vt 0.862485 0.036417
vt 0.908128 0.035398
vt 0.862485 0.001353
vt 0.908128 0.000000
vt 0.809037 0.623461
vt 0.763394 0.589288
vt 0.809037 0.590468
vt 0.763394 0.551840
vt 0.809037 0.552664
vt 0.763394 0.511066
vt 0.809037 0.511501
vt 0.763394 0.468531
vt 0.809037 0.468562
vt 0.763394 0.425870
vt 0.809037 0.425495
vt 0.763394 0.384724
vt 0.809037 0.383957
vt 0.763394 0.346672
vt 0.809037 0.345544
vt 0.763394 0.313178
vt 0.809037 0.311731
vt 0.809037 0.311731
vt 0.763394 0.277547
vt 0.809037 0.278726
vt 0.763394 0.240089
vt 0.809037 0.240912
vt 0.763394 0.199308
vt 0.809037 0.199743
vt 0.763394 0.156771
vt 0.809037 0.156801
vt 0.763394 0.114112
vt 0.809037 0.113737
vt 0.763394 0.072971
vt 0.809037 0.072204
vt 0.763394 0.034929
vt 0.809037 0.033800
vt 0.763394 0.001448
vt 0.809037 -0.000000
vt 0.809037 0.935189
vt 0.763394 0.901019
vt 0.809037 0.902199
vt 0.763394 0.863572
vt 0.809037 0.864396
vt 0.763394 0.822798
vt 0.809037 0.823234
vt 0.763394 0.780264
vt 0.809037 0.780295
vt 0.763394 0.737603
vt 0.809037 0.737228
vt 0.763394 0.696456
vt 0.048951 0.304641
vt 0.051409 0.231746
vt 0.027552 0.234096
vt 0.057717 0.263463
vt 0.070093 0.293340
vt 0.088059 0.320229
vt 0.110926 0.343095
vt 0.137814 0.361062
vt 0.167691 0.373437
vt 0.199408 0.379746
vt 0.231746 0.379746
vt 0.263463 0.373437
vt 0.293340 0.361062
vt 0.320229 0.343095
vt 0.343095 0.320229
vt 0.361062 0.293340
vt 0.373437 0.263463
vt 0.379746 0.231746
vt 0.379746 0.199408
vt 0.373437 0.167691
vt 0.361062 0.137814
vt 0.343095 0.110926
vt 0.320229 0.088059
vt 0.293340 0.070093
vt 0.263463 0.057718
vt 0.231746 0.051409
vt 0.199408 0.051409
vt 0.167691 0.057718
vt 0.137814 0.070093
vt 0.110926 0.088059
vt 0.088059 0.110926
vt 0.070093 0.137814
vt 0.057718 0.167691
vt 0.051409 0.199408
vt 0.925600 0.789028
vt 0.900909 0.801053
vt 0.900909 0.789028
vt 0.900909 0.597974
vt 0.943236 0.569687
vt 0.943236 0.597974
vt 0.957674 0.232615
vt 1.000000 0.232615
vt 0.900909 0.628776
vt 0.943236 0.628776
vt 0.858583 0.648149
vt 0.900909 0.623461
vt 0.900909 0.648149
vt 0.900909 0.660907
vt 0.943236 0.660907
vt 0.858583 0.676438
vt 0.900909 0.676438
vt 0.900909 0.693134
vt 0.943236 0.693134
vt 0.858583 0.856727
vt 0.900909 0.831425
vt 0.900909 0.856727
vt 0.858583 0.707240
vt 0.900909 0.707240
vt 0.900909 0.724217
vt 0.943236 0.724217
vt 0.697944 0.681373
vt 0.740271 0.656675
vt 0.740271 0.681373
vt 0.858583 0.739371
vt 0.900909 0.739371
vt 0.900909 0.752963
vt 0.943236 0.752963
vt 0.697944 0.709669
vt 0.740271 0.709669
vt 0.858583 0.771598
vt 0.900909 0.771598
vt 0.900909 0.778266
vt 0.943236 0.778266
vt 0.697944 0.740475
vt 0.740271 0.740475
vt 0.858583 0.802681
vt 0.900909 0.802681
vt 0.957674 0.023363
vt 1.000000 -0.000000
vt 1.000000 0.023363
vt 0.697944 0.772609
vt 0.740271 0.772609
vt 0.858583 0.831425
vt 0.957674 0.050638
vt 1.000000 0.050638
vt 0.697944 0.804834
vt 0.740271 0.804834
vt 0.957674 0.080779
vt 1.000000 0.080779
vt 0.697944 0.835913
vt 0.740271 0.835913
vt 0.957674 0.112627
vt 1.000000 0.112627
vt 0.697944 0.864650
vt 0.740271 0.864650
vt 0.957674 0.144958
vt 1.000000 0.144958
vt 0.697944 0.889943
vt 0.740271 0.889943
vt 0.957674 0.176529
vt 0.900909 0.569687
vt 0.943236 0.545000
vt 0.637840 0.215976
vt 0.722841 0.268820
vt 0.699974 0.291687
vt 0.647130 0.206686
vt 0.740807 0.241932
vt 0.654430 0.195762
vt 0.753183 0.212055
vt 0.659457 0.183624
vt 0.759492 0.180338
vt 0.662021 0.170738
vt 0.759492 0.147999
vt 0.662021 0.157599
vt 0.753183 0.116282
vt 0.659457 0.144714
vt 0.740807 0.086406
vt 0.654430 0.132576
vt 0.722841 0.059517
vt 0.647130 0.121651
vt 0.699974 0.036651
vt 0.637840 0.112361
vt 0.673086 0.018684
vt 0.626916 0.105062
vt 0.643209 0.006309
vt 0.614778 0.100034
vt 0.611492 -0.000000
vt 0.601892 0.097471
vt 0.579154 -0.000000
vt 0.588754 0.097471
vt 0.547437 0.006309
vt 0.575868 0.100034
vt 0.517560 0.018684
vt 0.563730 0.105062
vt 0.490672 0.036651
vt 0.552806 0.112361
vt 0.467805 0.059517
vt 0.543516 0.121651
vt 0.449839 0.086406
vt 0.536217 0.132576
vt 0.437463 0.116282
vt 0.531189 0.144714
vt 0.431154 0.147999
vt 0.528626 0.157599
vt 0.431154 0.180338
vt 0.528626 0.170738
vt 0.437463 0.212055
vt 0.531189 0.183624
vt 0.449839 0.241932
vt 0.536217 0.195762
vt 0.467805 0.268820
vt 0.543516 0.206686
vt 0.490672 0.291687
vt 0.552806 0.215976
vt 0.517560 0.309653
vt 0.563730 0.223275
vt 0.547437 0.322028
vt 0.575868 0.228303
vt 0.579154 0.328337
vt 0.588754 0.230866
vt 0.611492 0.328337
vt 0.601892 0.230866
vt 0.643209 0.322028
vt 0.614778 0.228303
vt 0.673086 0.309653
vt 0.626916 0.223275
vt 0.559198 0.824647
vt 0.534507 0.837739
vt 0.534507 0.824647
vt 0.925600 0.778266
vt 0.900909 0.778266
vt 0.559198 0.812020
vt 0.534507 0.812020
vt 0.608579 0.874809
vt 0.583888 0.884839
vt 0.583888 0.874809
vt 0.559198 0.800345
vt 0.534507 0.800345
vt 0.608579 0.863316
vt 0.583888 0.863316
vt 0.559198 0.790069
vt 0.534507 0.790069
vt 0.608579 0.850802
vt 0.583888 0.850802
vt 0.697944 0.874810
vt 0.673254 0.884839
vt 0.673254 0.874810
vt 0.608579 0.837748
vt 0.583888 0.837748
vt 0.697944 0.863317
vt 0.673254 0.863317
vt 0.608579 0.824655
vt 0.583888 0.824655
vt 0.697944 0.790069
vt 0.673254 0.800349
vt 0.673254 0.790069
vt 0.697944 0.850803
vt 0.673254 0.850803
vt 0.608579 0.812027
vt 0.583888 0.812027
vt 0.925600 0.863280
vt 0.900909 0.872772
vt 0.900909 0.863280
vt 0.697944 0.837749
vt 0.673254 0.837749
vt 0.608579 0.800349
vt 0.583888 0.800349
vt 0.925600 0.852199
vt 0.900909 0.852199
vt 0.697944 0.824656
vt 0.673254 0.824656
vt 0.608579 0.790069
vt 0.583888 0.790069
vt 0.925600 0.839953
vt 0.900909 0.839953
vt 0.697944 0.812028
vt 0.673254 0.812028
vt 0.559198 0.874806
vt 0.534507 0.884840
vt 0.534507 0.874806
vt 0.925600 0.827014
vt 0.900909 0.827014
vt 0.697944 0.800349
vt 0.559198 0.863310
vt 0.534507 0.863310
vt 0.925600 0.813879
vt 0.900909 0.813879
vt 0.559198 0.850794
vt 0.534507 0.850794
vt 0.925600 0.801053
vt 0.559198 0.837739
vt 0.492411 0.667315
vt 0.504421 0.656675
vt 0.497571 0.668906
vt 0.438745 0.754965
vt 0.453695 0.746276
vt 0.450823 0.750848
vt 0.446384 0.705451
vt 0.438745 0.691779
vt 0.446585 0.700055
vt 0.549319 0.741293
vt 0.556958 0.754965
vt 0.549118 0.746689
vt 0.508065 0.776905
vt 0.504421 0.790069
vt 0.503292 0.779428
vt 0.549659 0.680855
vt 0.544880 0.695896
vt 0.543678 0.690632
vt 0.491283 0.790069
vt 0.498133 0.777838
vt 0.759492 0.659355
vt 0.759492 0.626128
vt 0.008285 0.278459
vt 0.858583 0.307951
vt 0.858583 0.277273
vt 0.024535 0.317691
vt 0.858583 0.241456
vt 0.048127 0.353000
vt 0.858583 0.201877
vt 0.078155 0.383027
vt 0.858583 0.160056
vt 0.113463 0.406619
vt 0.858583 0.117601
vt 0.152696 0.422870
vt 0.858583 0.076144
vt 0.194345 0.431154
vt 0.858583 0.037277
vt 0.236810 0.431154
vt 0.858583 0.002494
vt 0.278459 0.422870
vt 0.759492 0.620712
vt 0.759492 0.588293
vt 0.317691 0.406619
vt 0.759492 0.551145
vt 0.353000 0.383027
vt 0.759492 0.510698
vt 0.383027 0.353000
vt 0.759492 0.468504
vt 0.406619 0.317691
vt 0.759492 0.426186
vt 0.422870 0.278459
vt 0.759492 0.385370
vt 0.431154 0.236810
vt 0.759492 0.347624
vt 0.431154 0.194345
vt 0.759492 0.314399
vt 0.422870 0.152696
vt 0.759492 0.308984
vt 0.759492 0.276552
vt 0.406619 0.113463
vt 0.759492 0.239395
vt 0.383027 0.078155
vt 0.759492 0.198941
vt 0.353000 0.048128
vt 0.759492 0.156746
vt 0.317691 0.024535
vt 0.759492 0.114429
vt 0.278459 0.008285
vt 0.759492 0.073618
vt 0.236810 0.000000
vt 0.759492 0.035882
vt 0.194345 0.000000
vt 0.759492 0.002669
vt 0.152696 0.008285
vt 0.759492 0.932441
vt 0.759492 0.900023
vt 0.113463 0.024535
vt 0.759492 0.862877
vt 0.078155 0.048127
vt 0.759492 0.822431
vt 0.048128 0.078155
vt 0.759492 0.780237
vt 0.024535 0.113463
vt 0.759492 0.737919
vt 0.008285 0.152696
vt 0.759492 0.697102
vt 0.000000 0.194345
vt 0.000000 0.236810
vt 0.516029 0.790069
vt 0.525661 0.825341
vt 0.516029 0.825341
vt 0.507076 0.790069
vt 0.507076 0.825341
vt 0.500166 0.790069
vt 0.500166 0.825341
vt 0.491322 0.790069
vt 0.491322 0.825341
vt 0.481689 0.790069
vt 0.481689 0.825341
vt 0.472734 0.790069
vt 0.472734 0.825341
vt 0.465820 0.790069
vt 0.465820 0.825341
vt 0.457227 0.790069
vt 0.465820 0.825341
vt 0.457227 0.825341
vt 0.745118 0.727219
vt 0.740271 0.762491
vt 0.740271 0.727219
vt 0.051663 0.862309
vt 0.057043 0.897581
vt 0.051663 0.897581
vt 0.047537 0.862309
vt 0.047537 0.897581
vt 0.013636 0.862309
vt 0.019016 0.897581
vt 0.013636 0.897581
vt 0.009508 0.862309
vt 0.009508 0.897581
vt 0.490421 0.860614
vt 0.485079 0.895886
vt 0.485079 0.860614
vt 0.465820 0.860614
vt 0.471135 0.895886
vt 0.465820 0.895886
vt 0.530077 0.860614
vt 0.534507 0.895886
vt 0.530077 0.895886
vt 0.524762 0.860614
vt 0.524762 0.895886
vt 0.436518 0.860614
vt 0.440750 0.895886
vt 0.436518 0.895886
vt 0.868549 0.856727
vt 0.873435 0.891999
vt 0.868549 0.891999
vt 0.883421 0.552916
vt 0.888499 0.588189
vt 0.883421 0.588189
vt 0.878533 0.552916
vt 0.878533 0.588189
vt 0.863602 0.552916
vt 0.868558 0.588189
vt 0.863602 0.588189
vt 0.004128 0.862309
vt 0.004128 0.897581
vt -0.000000 0.862309
vt -0.000000 0.897581
vt 0.042157 0.862309
vt 0.047537 0.897581
vt 0.042157 0.897581
vt 0.038031 0.862309
vt 0.038031 0.897581
vt 0.451913 0.860614
vt 0.456146 0.895886
vt 0.451913 0.895886
vt 0.500166 0.860614
vt 0.505480 0.895886
vt 0.500166 0.895886
vt 0.515227 0.860614
vt 0.519656 0.895886
vt 0.515227 0.895886
vt 0.509912 0.860614
vt 0.509912 0.895886
vt 0.878514 0.856727
vt 0.883401 0.891999
vt 0.878514 0.891999
vt 0.893387 0.552916
vt 0.898465 0.588189
vt 0.893387 0.588189
vt 0.888499 0.552916
vt 0.873577 0.552916
vt 0.878533 0.588189
vt 0.873577 0.588189
vt 0.633269 0.790069
vt 0.643569 0.825341
vt 0.633269 0.825341
vt 0.757850 0.691947
vt 0.740271 0.656675
vt 0.757850 0.656675
vt 0.505480 0.860614
vt 0.023144 0.897581
vt 0.019016 0.862309
vt 0.023144 0.862309
vt 0.863471 0.891999
vt 0.858583 0.856727
vt 0.863471 0.856727
vt 0.495736 0.895886
vt 0.490421 0.860614
vt 0.495736 0.860614
vt 0.475566 0.895886
vt 0.471135 0.860614
vt 0.475566 0.860614
vt 0.032651 0.897581
vt 0.028523 0.862309
vt 0.032651 0.862309
vt 0.900909 0.891999
vt 0.895831 0.856727
vt 0.643569 0.895886
vt 0.639139 0.860614
vt 0.643569 0.860614
vt 0.460479 0.895886
vt 0.456146 0.860614
vt 0.460479 0.860614
vt 0.858583 0.552916
vt 0.431154 0.860614
vt 0.757850 0.762491
vt 0.752846 0.727219
vt 0.757850 0.727219
vt 0.752846 0.762491
vt 0.745933 0.727219
vt 0.438466 0.825341
vt 0.431154 0.790069
vt 0.438466 0.790069
vt 0.888480 0.891999
vt 0.883401 0.856727
vt 0.888480 0.856727
vt 0.873435 0.856727
vt 0.447621 0.790069
vt 0.757850 0.833035
vt 0.747578 0.797763
vt 0.757850 0.797763
vt 0.895831 0.891999
vt 0.890943 0.856727
vt 0.639139 0.895886
vt 0.633824 0.860614
vt 0.028523 0.897581
vt 0.868549 0.891999
vt 0.868549 0.856727
vt 0.500166 0.895886
vt 0.500166 0.860614
vt 0.480746 0.860614
vt 0.038031 0.897581
vt 0.038031 0.862309
vt 0.534507 0.825341
vt 0.525661 0.790069
vt 0.534507 0.790069
vt 0.868558 0.552916
vt 0.446550 0.860614
vt 0.465821 0.895886
vt 0.465821 0.860614
vt 0.447621 0.825341
vt 0.509656 0.771745
vt 0.517307 0.787506
vt 0.478397 0.787506
vt 0.549659 0.765889
vt 0.545646 0.737336
vt 0.561986 0.742827
vt 0.540369 0.775179
vt 0.545161 0.750362
vt 0.529445 0.782478
vt 0.561986 0.703917
vt 0.556958 0.691779
vt 0.539106 0.687760
vt 0.500095 0.673679
vt 0.529445 0.664265
vt 0.533842 0.688963
vt 0.536745 0.701670
vt 0.519627 0.711733
vt 0.532173 0.698799
vt 0.513515 0.704286
vt 0.530970 0.693535
vt 0.542008 0.700468
vt 0.564549 0.716803
vt 0.540251 0.737135
vt 0.507132 0.766972
vt 0.539766 0.750161
vt 0.479427 0.739093
vt 0.458959 0.745074
vt 0.476077 0.735011
vt 0.522423 0.720952
vt 0.455453 0.709609
vt 0.450057 0.709408
vt 0.474550 0.748169
vt 0.463531 0.747945
vt 0.490039 0.756490
vt 0.501973 0.765381
vt 0.497199 0.767905
vt 0.494914 0.747416
vt 0.452026 0.756112
vt 0.456598 0.758983
vt 0.446045 0.765889
vt 0.461861 0.757781
vt 0.455335 0.775179
vt 0.495609 0.773065
vt 0.466259 0.782478
vt 0.464733 0.753209
vt 0.433718 0.742827
vt 0.431154 0.729941
vt 0.431154 0.716803
vt 0.433718 0.703917
vt 0.446045 0.680855
vt 0.450543 0.696382
vt 0.455335 0.671565
vt 0.455938 0.696583
vt 0.459611 0.700540
vt 0.474225 0.716205
vt 0.459410 0.705936
vt 0.473280 0.725792
vt 0.517307 0.659238
vt 0.486213 0.701597
vt 0.493731 0.681363
vt 0.495432 0.698800
vt 0.478766 0.707708
vt 0.498504 0.678839
vt 0.505019 0.699745
vt 0.487638 0.669839
vt 0.491283 0.656675
vt 0.486048 0.674999
vt 0.488571 0.679772
vt 0.478397 0.659238
vt 0.466259 0.664265
vt 0.540369 0.671565
vt 0.536293 0.740808
vt 0.521479 0.730539
vt 0.509491 0.745147
vt 0.536092 0.746203
vt 0.500272 0.747943
vt 0.160732 0.827531
vt 0.115295 0.834347
vt 0.126514 0.813358
vt 0.854681 0.624907
vt 0.854681 0.658403
vt 0.095718 0.792781
vt 0.051131 0.781689
vt 0.069528 0.766591
vt 0.027962 0.747014
vt 0.048951 0.735795
vt 0.012003 0.708485
vt 0.034777 0.701577
vt 0.003867 0.667583
vt 0.027552 0.665251
vt 0.003867 0.625880
vt 0.027552 0.628213
vt 0.012003 0.584978
vt 0.034777 0.591887
vt 0.027962 0.546449
vt 0.048951 0.557668
vt 0.051131 0.511774
vt 0.069528 0.526872
vt 0.080620 0.482285
vt 0.095718 0.500683
vt 0.115295 0.459116
vt 0.126514 0.480106
vt 0.153824 0.443157
vt 0.160732 0.465932
vt 0.194726 0.435021
vt 0.197058 0.458706
vt 0.236429 0.435021
vt 0.234096 0.458706
vt 0.277331 0.443157
vt 0.270422 0.465932
vt 0.315860 0.459116
vt 0.304641 0.480106
vt 0.350535 0.482285
vt 0.335437 0.500683
vt 0.380023 0.511774
vt 0.361626 0.526872
vt 0.403192 0.546449
vt 0.382203 0.557668
vt 0.419152 0.584978
vt 0.396377 0.591887
vt 0.427288 0.625880
vt 0.403603 0.628213
vt 0.427288 0.667583
vt 0.403603 0.665251
vt 0.419152 0.708485
vt 0.396377 0.701577
vt 0.403192 0.747014
vt 0.382203 0.735795
vt 0.380023 0.781689
vt 0.361626 0.766591
vt 0.350535 0.811178
vt 0.335436 0.792781
vt 0.315860 0.834347
vt 0.304641 0.813358
vt 0.277331 0.850306
vt 0.270422 0.827531
vt 0.236429 0.858442
vt 0.234096 0.834757
vt 0.985562 0.518512
vt 0.943236 0.488913
vt 0.985562 0.488913
vt 0.194726 0.858442
vt 0.197058 0.834757
vt 0.953771 0.278355
vt 0.953771 0.309282
vt 0.854681 0.696456
vt 0.953771 0.242248
vt 0.953771 0.202348
vt 0.953771 0.160189
vt 0.953771 0.117391
vt 0.953771 0.075598
vt 0.953771 0.036417
vt 0.953771 0.001353
vt 0.854681 0.589288
vt 0.854681 0.621970
vt 0.854681 0.551840
vt 0.854681 0.511066
vt 0.854681 0.468531
vt 0.854681 0.425870
vt 0.854681 0.384724
vt 0.854681 0.346672
vt 0.854681 0.313178
vt 0.854681 0.277547
vt 0.854681 0.310241
vt 0.854681 0.240089
vt 0.854681 0.199308
vt 0.854681 0.156771
vt 0.854681 0.114112
vt 0.854681 0.072971
vt 0.854681 0.034929
vt 0.854681 0.001448
vt 0.854681 0.901019
vt 0.854681 0.933699
vt 0.854681 0.863572
vt 0.854681 0.822798
vt 0.854681 0.780264
vt 0.854681 0.737603
vt 0.080620 0.811178
vt 0.199408 0.810900
vt 0.167691 0.804591
vt 0.137814 0.792216
vt 0.110926 0.774250
vt 0.088059 0.751383
vt 0.070093 0.724495
vt 0.057717 0.694618
vt 0.051409 0.662901
vt 0.051409 0.630562
vt 0.057717 0.598845
vt 0.070093 0.568969
vt 0.088059 0.542080
vt 0.110926 0.519214
vt 0.137814 0.501247
vt 0.167691 0.488872
vt 0.199408 0.482563
vt 0.231746 0.482563
vt 0.263463 0.488872
vt 0.293340 0.501247
vt 0.320229 0.519214
vt 0.343095 0.542080
vt 0.361062 0.568969
vt 0.373437 0.598845
vt 0.379746 0.630562
vt 0.379746 0.662901
vt 0.373437 0.694618
vt 0.361062 0.724495
vt 0.343095 0.751383
vt 0.320229 0.774250
vt 0.293340 0.792216
vt 0.263463 0.804591
vt 0.231746 0.810900
vt 0.925600 0.789028
vt 0.950290 0.801053
vt 0.925600 0.801053
vt 0.985562 0.597974
vt 0.943236 0.569687
vt 0.985562 0.569687
vt 0.985562 0.545000
vt 0.943236 0.518512
vt 0.985562 0.628776
vt 0.943236 0.597974
vt 0.943236 0.336420
vt 0.900909 0.311731
vt 0.943236 0.311731
vt 0.985562 0.660907
vt 0.943236 0.628776
vt 0.943236 0.364708
vt 0.900909 0.336420
vt 0.985562 0.693134
vt 0.943236 0.544998
vt 0.900909 0.519696
vt 0.943236 0.519696
vt 0.943236 0.395510
vt 0.900909 0.364708
vt 0.985562 0.724217
vt 0.900909 0.336429
vt 0.858583 0.311731
vt 0.943236 0.427642
vt 0.900909 0.395510
vt 0.985562 0.752963
vt 0.900909 0.364726
vt 0.858583 0.336429
vt 0.943236 0.459869
vt 0.900909 0.427642
vt 0.985562 0.778266
vt 0.900909 0.395532
vt 0.858583 0.364726
vt 0.943236 0.490952
vt 0.900909 0.459869
vt 0.985562 0.335747
vt 0.943236 0.312385
vt 0.985562 0.312385
vt 0.900909 0.427666
vt 0.858583 0.395532
vt 0.900909 0.490952
vt 0.985562 0.363023
vt 0.943236 0.335747
vt 0.900909 0.459891
vt 0.858583 0.427666
vt 0.985562 0.393164
vt 0.943236 0.363023
vt 0.900909 0.490969
vt 0.858583 0.459891
vt 0.985562 0.425012
vt 0.943236 0.393164
vt 0.900909 0.519707
vt 0.858583 0.490969
vt 0.985562 0.457342
vt 0.943236 0.425012
vt 0.900909 0.545000
vt 0.858583 0.519707
vt 0.943236 0.457342
vt 0.943236 0.545000
vt 0.552806 0.544313
vt 0.467805 0.597157
vt 0.543516 0.535023
vt 0.449839 0.570269
vt 0.536217 0.524099
vt 0.437463 0.540392
vt 0.531189 0.511961
vt 0.431154 0.508675
vt 0.528626 0.499075
vt 0.431154 0.476337
vt 0.528626 0.485937
vt 0.437463 0.444620
vt 0.531189 0.473051
vt 0.449839 0.414743
vt 0.536217 0.460913
vt 0.467805 0.387855
vt 0.543516 0.449989
vt 0.490672 0.364988
vt 0.552806 0.440699
vt 0.517560 0.347022
vt 0.563730 0.433399
vt 0.547437 0.334646
vt 0.575868 0.428372
vt 0.579154 0.328337
vt 0.588754 0.425809
vt 0.611492 0.328337
vt 0.601892 0.425809
vt 0.643209 0.334646
vt 0.614778 0.428372
vt 0.673086 0.347022
vt 0.626916 0.433399
vt 0.699974 0.364988
vt 0.637840 0.440699
vt 0.722841 0.387855
vt 0.647130 0.449989
vt 0.740807 0.414743
vt 0.654430 0.460913
vt 0.753183 0.444620
vt 0.659457 0.473051
vt 0.759492 0.476337
vt 0.662021 0.485937
vt 0.759492 0.508675
vt 0.662021 0.499075
vt 0.753183 0.540392
vt 0.659457 0.511961
vt 0.740807 0.570269
vt 0.654430 0.524099
vt 0.722841 0.597157
vt 0.647130 0.535023
vt 0.699974 0.620024
vt 0.637840 0.544313
vt 0.673086 0.637990
vt 0.626916 0.551612
vt 0.643209 0.650366
vt 0.614778 0.556640
vt 0.611492 0.656675
vt 0.601892 0.559203
vt 0.579154 0.656675
vt 0.588754 0.559203
vt 0.547437 0.650366
vt 0.575868 0.556640
vt 0.517560 0.637990
vt 0.563730 0.551612
vt 0.490672 0.620024
vt 0.559198 0.824647
vt 0.583888 0.837739
vt 0.559198 0.837739
vt 0.925600 0.778266
vt 0.950290 0.789028
vt 0.559198 0.812020
vt 0.583888 0.824647
vt 0.608579 0.874809
vt 0.633269 0.884839
vt 0.608579 0.884839
vt 0.559198 0.800345
vt 0.583888 0.812020
vt 0.608579 0.863316
vt 0.633269 0.874809
vt 0.559198 0.790069
vt 0.583888 0.800345
vt 0.608579 0.850802
vt 0.633269 0.863316
vt 0.648563 0.874810
vt 0.673254 0.884839
vt 0.648563 0.884839
vt 0.608579 0.837748
vt 0.633269 0.850802
vt 0.648563 0.863317
vt 0.673254 0.874810
vt 0.608579 0.824655
vt 0.633269 0.837748
vt 0.648563 0.790069
vt 0.673254 0.800349
vt 0.648563 0.800349
vt 0.648563 0.850803
vt 0.673254 0.863317
vt 0.608579 0.812027
vt 0.633269 0.824655
vt 0.925600 0.863280
vt 0.950290 0.872772
vt 0.925600 0.872772
vt 0.648563 0.837749
vt 0.673254 0.850803
vt 0.608579 0.800349
vt 0.633269 0.812027
vt 0.925600 0.852199
vt 0.950290 0.863280
vt 0.648563 0.824656
vt 0.673254 0.837749
vt 0.608579 0.790069
vt 0.633269 0.800349
vt 0.925600 0.839953
vt 0.950290 0.852199
vt 0.648563 0.812028
vt 0.673254 0.824656
vt 0.559198 0.874806
vt 0.583888 0.884840
vt 0.559198 0.884840
vt 0.925600 0.827014
vt 0.950290 0.839953
vt 0.673254 0.812028
vt 0.559198 0.863310
vt 0.583888 0.874806
vt 0.925600 0.813879
vt 0.950290 0.827014
vt 0.559198 0.850794
vt 0.583888 0.863310
vt 0.950290 0.813879
vt 0.583888 0.850794
vt 0.666913 0.679785
vt 0.662840 0.664265
vt 0.673764 0.671565
vt 0.662840 0.782478
vt 0.655237 0.766948
vt 0.673764 0.775179
vt 0.683997 0.737065
vt 0.697944 0.729941
vt 0.695381 0.742827
vt 0.578497 0.709679
vt 0.564549 0.716803
vt 0.567112 0.703917
vt 0.593013 0.762209
vt 0.588730 0.775179
vt 0.579439 0.765889
vt 0.611792 0.659238
vt 0.607409 0.674399
vt 0.599654 0.664266
vt 0.595580 0.766959
vt 0.599654 0.782479
vt 0.858583 0.659355
vt 0.152696 0.854024
vt 0.194345 0.862309
vt 0.957673 0.307951
vt 0.113463 0.837774
vt 0.153824 0.850306
vt 0.957673 0.277273
vt 0.078155 0.814181
vt 0.957673 0.241456
vt 0.048127 0.784154
vt 0.957673 0.201877
vt 0.024535 0.748846
vt 0.957673 0.160056
vt 0.008285 0.709613
vt 0.957673 0.117601
vt 0.000000 0.667964
vt 0.957673 0.076144
vt 0.000000 0.625499
vt 0.957673 0.037277
vt 0.008285 0.583850
vt 0.858583 0.620712
vt 0.024535 0.544618
vt 0.858583 0.588293
vt 0.048127 0.509309
vt 0.858583 0.551146
vt 0.078155 0.479282
vt 0.858583 0.510698
vt 0.113463 0.455690
vt 0.858583 0.468504
vt 0.152696 0.439439
vt 0.858583 0.426186
vt 0.194345 0.431154
vt 0.858583 0.385370
vt 0.236810 0.431154
vt 0.858583 0.347624
vt 0.278459 0.439439
vt 0.858583 0.308984
vt 0.317691 0.455690
vt 0.858583 0.276552
vt 0.353000 0.479282
vt 0.858583 0.239395
vt 0.383027 0.509309
vt 0.858583 0.198941
vt 0.406619 0.544618
vt 0.858583 0.156746
vt 0.422870 0.583850
vt 0.858583 0.114429
vt 0.431154 0.625499
vt 0.858583 0.073618
vt 0.431154 0.667964
vt 0.858583 0.035882
vt 0.422870 0.709613
vt 0.858583 0.932441
vt 0.406619 0.748846
vt 0.858583 0.900023
vt 0.383027 0.784154
vt 0.858583 0.862877
vt 0.353000 0.814181
vt 0.858583 0.822431
vt 0.317691 0.837774
vt 0.858583 0.780237
vt 0.278459 0.854024
vt 0.858583 0.737919
vt 0.236810 0.862309
vt 0.858583 0.697102
vt 0.516029 0.860614
vt 0.525661 0.860614
vt 0.507076 0.860614
vt 0.500166 0.860614
vt 0.491322 0.860614
vt 0.481689 0.860614
vt 0.472734 0.860614
vt 0.457227 0.860614
vt 0.465820 0.860614
vt 0.745118 0.797763
vt 0.745118 0.762491
vt 0.051663 0.932853
vt 0.057043 0.932853
vt 0.047537 0.932853
vt 0.013636 0.932853
vt 0.019016 0.932853
vt 0.009508 0.932853
vt 0.490421 0.931158
vt 0.490421 0.895886
vt 0.465820 0.931158
vt 0.471135 0.931158
vt 0.530077 0.931158
vt 0.534507 0.931158
vt 0.524762 0.931158
vt 0.436518 0.931158
vt 0.440750 0.931158
vt 0.868549 0.927271
vt 0.873435 0.927271
vt 0.883421 0.623461
vt 0.888499 0.623461
vt 0.878533 0.623461
vt 0.863602 0.623461
vt 0.868558 0.623461
vt 0.004128 0.932853
vt -0.000000 0.932853
vt 0.042157 0.932853
vt 0.047537 0.932853
vt 0.038031 0.932853
vt 0.451913 0.931158
vt 0.456146 0.931158
vt 0.500166 0.931158
vt 0.505480 0.931158
vt 0.515227 0.931158
vt 0.519656 0.931158
vt 0.509912 0.931158
vt 0.878514 0.927271
vt 0.883401 0.927271
vt 0.893387 0.623461
vt 0.898465 0.623461
vt 0.873577 0.623461
vt 0.878533 0.623461
vt 0.633269 0.860614
vt 0.740271 0.727219
vt 0.740271 0.691947
vt 0.858583 0.927271
vt 0.858583 0.891999
vt 0.490421 0.931158
vt 0.490421 0.895886
vt 0.028523 0.932853
vt 0.895831 0.927271
vt 0.639139 0.931158
vt 0.456146 0.931158
vt 0.456146 0.895886
vt 0.858583 0.623461
vt 0.858583 0.588189
vt 0.431154 0.931158
vt 0.431154 0.895886
vt 0.752846 0.797763
vt 0.745933 0.797763
vt 0.745933 0.762491
vt 0.431154 0.825341
vt 0.447621 0.860614
vt 0.747578 0.868307
vt 0.747578 0.833035
vt 0.890943 0.927271
vt 0.890943 0.891999
vt 0.633824 0.931158
vt 0.633824 0.895886
vt 0.023144 0.932853
vt 0.863471 0.927271
vt 0.495736 0.931158
vt 0.480746 0.931158
vt 0.480746 0.895886
vt 0.032651 0.932853
vt 0.868558 0.623461
vt 0.868558 0.588189
vt 0.446550 0.931158
vt 0.446550 0.895886
vt 0.460479 0.931158
vt 0.438466 0.860614
vt 0.594557 0.757035
vt 0.572140 0.754965
vt 0.611792 0.787506
vt 0.600754 0.768503
vt 0.605504 0.765936
vt 0.564549 0.729941
vt 0.575666 0.714277
vt 0.576916 0.719530
vt 0.583749 0.708430
vt 0.572140 0.691779
vt 0.567112 0.742827
vt 0.581514 0.722360
vt 0.588730 0.671565
vt 0.607256 0.679796
vt 0.616730 0.670843
vt 0.624677 0.656675
vt 0.656990 0.680808
vt 0.637816 0.656675
vt 0.650702 0.659238
vt 0.610965 0.683720
vt 0.619608 0.701597
vt 0.612161 0.707709
vt 0.616362 0.683872
vt 0.628827 0.698800
vt 0.579439 0.680855
vt 0.588347 0.711260
vt 0.599308 0.754468
vt 0.586766 0.721110
vt 0.637833 0.746680
vt 0.651528 0.763024
vt 0.646131 0.762872
vt 0.607619 0.716205
vt 0.674146 0.735484
vt 0.636844 0.756936
vt 0.642207 0.766580
vt 0.619343 0.755250
vt 0.604481 0.756012
vt 0.620331 0.744996
vt 0.615583 0.742458
vt 0.651161 0.776054
vt 0.650702 0.787506
vt 0.645763 0.775901
vt 0.637816 0.790069
vt 0.642055 0.771977
vt 0.624678 0.790069
vt 0.607048 0.760762
vt 0.683054 0.765889
vt 0.642886 0.745147
vt 0.650333 0.739035
vt 0.690353 0.754965
vt 0.678744 0.738314
vt 0.686827 0.732467
vt 0.697944 0.716803
vt 0.685578 0.727214
vt 0.695381 0.703917
vt 0.675727 0.725634
vt 0.654874 0.730539
vt 0.655818 0.720952
vt 0.672897 0.730231
vt 0.661740 0.678241
vt 0.653022 0.711733
vt 0.658012 0.690732
vt 0.663186 0.692276
vt 0.646910 0.704286
vt 0.655446 0.685982
vt 0.669480 0.684535
vt 0.683054 0.680855
vt 0.667936 0.689709
vt 0.680980 0.724384
vt 0.690353 0.691779
vt 0.638414 0.699745
vt 0.620286 0.680164
vt 0.620438 0.674767
vt 0.589597 0.716513
vt 0.606675 0.725792
vt 0.609472 0.735011
vt 0.862485 0.309282
vt 0.763394 0.621970
vt 0.763394 0.310241
vt 0.763394 0.933699
vt 0.858583 0.623461
vt 0.697944 0.656675
vt 0.957674 -0.000000
vt 0.608579 0.884839
vt 0.697944 0.884839
vt 0.925600 0.872772
vt 0.559198 0.884840
vt 0.465820 0.790069
vt 0.057043 0.862309
vt 0.534507 0.860614
vt 0.440750 0.860614
vt 0.868558 0.552916
vt 0.047537 0.862309
vt 0.456146 0.860614
vt 0.519656 0.860614
vt 0.898465 0.552916
vt 0.878533 0.552916
vt 0.643569 0.790069
vt 0.564549 0.729941
vt 0.516938 0.739035
vt 0.900909 0.544998
vt 0.858583 0.545000
vt 0.950290 0.778266
vt 0.583888 0.790069
vt 0.673254 0.790069
vt 0.633269 0.790069
vt 0.655085 0.772345
vt 0.611333 0.670690
vt 0.858583 0.626128
vt 0.957673 0.002494
vt 0.858583 0.314399
vt 0.858583 0.002669
vt 0.740271 0.797763
vt 0.485079 0.931158
vt 0.475566 0.931158
vt 0.900909 0.927271
vt 0.643569 0.931158
vt 0.757850 0.797763
vt 0.888480 0.927271
vt 0.757850 0.868307
vt 0.868549 0.927271
vt 0.500166 0.931158
vt 0.038031 0.932853
vt 0.534507 0.860614
vt 0.465821 0.931158
s 0
f 33/1/1 167/2/1 161/3/1
f 579/4/2 162/5/2 580/6/2
f 36/7/3 173/8/3 170/9/3
f 37/10/4 176/11/4 173/8/4
f 38/12/5 179/13/5 176/11/5
f 39/14/6 182/15/6 179/13/6
f 40/16/7 185/17/7 182/15/7
f 41/18/8 188/19/8 185/17/8
f 42/20/9 191/21/9 188/19/9
f 43/22/10 194/23/10 191/21/10
f 44/24/11 197/25/11 194/23/11
f 45/26/12 200/27/12 197/25/12
f 46/28/13 203/29/13 200/27/13
f 47/30/14 206/31/14 203/29/14
f 48/32/15 209/33/15 206/31/15
f 49/34/16 212/35/16 209/33/16
f 50/36/17 215/37/17 212/35/17
f 51/38/18 218/39/18 215/37/18
f 52/40/19 221/41/19 218/39/19
f 53/42/20 224/43/20 221/41/20
f 54/44/21 227/45/21 224/43/21
f 55/46/22 230/47/22 227/45/22
f 56/48/23 233/49/23 230/47/23
f 57/50/24 236/51/24 233/49/24
f 58/52/25 239/53/25 236/51/25
f 59/54/26 242/55/26 239/53/26
f 60/56/27 245/57/27 242/55/27
f 61/58/28 248/59/28 245/57/28
f 62/60/29 251/61/29 248/59/29
f 63/62/30 254/63/30 251/61/30
f 25/64/31 120/65/31 121/66/31
f 64/67/32 165/68/32 254/63/32
f 580/69/33 168/70/33 581/71/33
f 610/72/34 164/73/34 579/4/34
f 581/71/35 171/74/35 582/75/35
f 582/75/36 174/76/36 583/77/36
f 583/77/37 177/78/37 584/79/37
f 584/79/38 180/80/38 585/81/38
f 585/81/39 183/82/39 586/83/39
f 586/83/40 186/84/40 587/85/40
f 587/85/41 189/86/41 588/87/41
f 588/88/42 192/89/42 589/90/42
f 589/90/43 195/91/43 590/92/43
f 590/92/44 198/93/44 591/94/44
f 591/94/45 201/95/45 592/96/45
f 592/96/46 204/97/46 593/98/46
f 593/98/47 207/99/47 594/100/47
f 594/100/48 210/101/48 595/102/48
f 595/102/49 213/103/49 596/104/49
f 596/105/50 216/106/50 597/107/50
f 597/107/51 219/108/51 598/109/51
f 598/109/52 222/110/52 599/111/52
f 599/111/53 225/112/53 600/113/53
f 600/113/54 228/114/54 601/115/54
f 601/115/55 231/116/55 602/117/55
f 602/117/56 234/118/56 603/119/56
f 603/119/57 237/120/57 604/121/57
f 604/122/58 240/123/58 605/124/58
f 605/124/59 243/125/59 606/126/59
f 606/126/60 246/127/60 607/128/60
f 607/128/61 249/129/61 608/130/61
f 608/130/62 252/131/62 609/132/62
f 609/132/63 255/133/63 610/72/63
f 35/134/64 170/9/64 167/2/64
f 1/135/65 33/1/65 34/136/65
f 2/137/65 35/134/65 33/1/65
f 3/138/65 36/7/65 35/134/65
f 4/139/65 37/10/65 36/7/65
f 5/140/65 38/12/65 37/10/65
f 6/141/65 39/14/65 38/12/65
f 7/142/65 40/16/65 39/14/65
f 8/143/65 41/18/65 40/16/65
f 9/144/65 42/20/65 41/18/65
f 10/145/65 43/22/65 42/20/65
f 11/146/65 44/24/65 43/22/65
f 12/147/65 45/26/65 44/24/65
f 13/148/65 46/28/65 45/26/65
f 14/149/65 47/30/65 46/28/65
f 15/150/65 48/32/65 47/30/65
f 16/151/65 49/34/65 48/32/65
f 17/152/65 50/36/65 49/34/65
f 18/153/65 51/38/65 50/36/65
f 19/154/65 52/40/65 51/38/65
f 20/155/65 53/42/65 52/40/65
f 21/156/65 54/44/65 53/42/65
f 22/157/65 55/46/65 54/44/65
f 23/158/65 56/48/65 55/46/65
f 24/159/65 57/50/65 56/48/65
f 25/160/65 58/52/65 57/50/65
f 26/161/65 59/54/65 58/52/65
f 27/162/65 60/56/65 59/54/65
f 28/163/65 61/58/65 60/56/65
f 29/164/65 62/60/65 61/58/65
f 30/165/65 63/62/65 62/60/65
f 31/166/65 64/67/65 63/62/65
f 32/167/65 34/136/65 64/67/65
f 73/168/31 136/169/31 137/170/31
f 12/171/66 107/172/66 108/173/66
f 26/174/67 121/66/67 122/175/67
f 13/176/68 108/173/68 109/177/68
f 27/178/69 122/179/69 123/180/69
f 14/181/70 109/177/70 110/182/70
f 28/183/71 123/180/71 124/184/71
f 15/185/72 110/182/72 111/186/72
f 2/187/73 98/188/73 97/189/73
f 29/190/74 124/184/74 125/191/74
f 16/192/75 111/186/75 112/193/75
f 3/194/76 97/195/76 99/196/76
f 30/197/77 125/191/77 126/198/77
f 17/199/78 112/193/78 113/200/78
f 4/201/79 99/196/79 100/202/79
f 31/203/80 126/198/80 127/204/80
f 18/205/81 113/200/81 114/206/81
f 5/207/82 100/202/82 101/208/82
f 32/209/83 127/204/83 128/210/83
f 19/211/84 114/212/84 115/213/84
f 6/214/85 101/208/85 102/215/85
f 1/216/86 128/210/86 98/188/86
f 20/217/87 115/213/87 116/218/87
f 7/219/88 102/215/88 103/220/88
f 21/221/89 116/218/89 117/222/89
f 8/223/90 103/220/90 104/224/90
f 22/225/91 117/222/91 118/226/91
f 9/227/92 104/224/92 105/228/92
f 23/229/93 118/226/93 119/230/93
f 10/231/94 105/228/94 106/232/94
f 24/233/95 119/230/95 120/65/95
f 11/234/96 106/235/96 107/172/96
f 66/236/65 97/237/65 98/238/65
f 65/239/65 99/240/65 97/237/65
f 67/241/65 100/242/65 99/240/65
f 68/243/65 101/244/65 100/242/65
f 69/245/65 102/246/65 101/244/65
f 70/247/65 103/248/65 102/246/65
f 71/249/65 104/250/65 103/248/65
f 72/251/65 105/252/65 104/250/65
f 73/253/65 106/254/65 105/252/65
f 74/255/65 107/256/65 106/254/65
f 75/257/65 108/258/65 107/256/65
f 76/259/65 109/260/65 108/258/65
f 77/261/65 110/262/65 109/260/65
f 78/263/65 111/264/65 110/262/65
f 79/265/65 112/266/65 111/264/65
f 80/267/65 113/268/65 112/266/65
f 81/269/65 114/270/65 113/268/65
f 82/271/65 115/272/65 114/270/65
f 83/273/65 116/274/65 115/272/65
f 84/275/65 117/276/65 116/274/65
f 85/277/65 118/278/65 117/276/65
f 86/279/65 119/280/65 118/278/65
f 87/281/65 120/282/65 119/280/65
f 88/283/65 121/284/65 120/282/65
f 89/285/65 122/286/65 121/284/65
f 90/287/65 123/288/65 122/286/65
f 91/289/65 124/290/65 123/288/65
f 92/291/65 125/292/65 124/290/65
f 93/293/65 126/294/65 125/292/65
f 94/295/65 127/296/65 126/294/65
f 95/297/65 128/298/65 127/296/65
f 96/299/65 98/238/65 128/298/65
f 87/300/88 150/301/88 151/302/88
f 74/303/67 137/170/67 138/304/67
f 88/305/90 151/302/90 152/306/90
f 75/307/69 138/308/69 139/309/69
f 89/310/92 152/306/92 153/311/92
f 76/312/71 139/309/71 140/313/71
f 90/314/94 153/311/94 154/315/94
f 77/316/74 140/313/74 141/317/74
f 91/318/96 154/319/96 155/320/96
f 78/321/77 141/317/77 142/322/77
f 92/323/66 155/320/66 156/324/66
f 79/325/80 142/322/80 143/326/80
f 65/327/81 130/328/81 129/329/81
f 93/330/68 156/324/68 157/331/68
f 80/332/83 143/326/83 144/333/83
f 67/334/84 129/335/84 131/336/84
f 94/337/70 157/331/70 158/338/70
f 81/339/86 144/333/86 145/340/86
f 68/341/87 131/336/87 132/342/87
f 95/343/72 158/338/72 159/344/72
f 82/345/73 145/340/73 146/346/73
f 69/347/89 132/342/89 133/348/89
f 96/349/75 159/344/75 160/350/75
f 83/351/76 146/352/76 147/353/76
f 70/354/91 133/348/91 134/355/91
f 66/356/78 160/350/78 130/328/78
f 84/357/79 147/353/79 148/358/79
f 71/359/93 134/355/93 135/360/93
f 85/361/82 148/358/82 149/362/82
f 72/363/95 135/360/95 136/169/95
f 86/364/85 149/362/85 150/301/85
f 303/365/65 144/366/65 306/367/65
f 155/368/65 271/369/65 272/370/65
f 316/371/65 150/372/65 315/373/65
f 289/374/65 134/375/65 290/376/65
f 285/377/65 130/378/65 283/379/65
f 140/380/65 300/381/65 301/382/65
f 283/379/65 160/383/65 281/384/65
f 162/5/97 166/385/97 163/386/97
f 163/387/98 165/68/98 161/3/98
f 168/70/99 163/388/99 169/389/99
f 169/390/100 161/3/100 167/2/100
f 171/74/101 169/389/101 172/391/101
f 172/392/102 167/2/102 170/9/102
f 174/76/103 172/391/103 175/393/103
f 175/394/104 170/9/104 173/8/104
f 177/78/105 175/393/105 178/395/105
f 178/396/106 173/8/106 176/11/106
f 180/80/107 178/395/107 181/397/107
f 181/398/108 176/11/108 179/13/108
f 183/82/109 181/397/109 184/399/109
f 184/400/110 179/13/110 182/15/110
f 186/84/111 184/399/111 187/401/111
f 187/402/112 182/15/112 185/17/112
f 189/86/113 187/401/113 190/403/113
f 190/404/114 185/17/114 188/19/114
f 192/89/115 190/405/115 193/406/115
f 193/407/116 188/19/116 191/21/116
f 195/91/117 193/406/117 196/408/117
f 196/409/118 191/21/118 194/23/118
f 198/93/119 196/408/119 199/410/119
f 199/411/120 194/23/120 197/25/120
f 201/95/121 199/410/121 202/412/121
f 202/413/122 197/25/122 200/27/122
f 204/97/123 202/412/123 205/414/123
f 205/415/124 200/27/124 203/29/124
f 207/99/125 205/414/125 208/416/125
f 208/417/126 203/29/126 206/31/126
f 210/101/127 208/416/127 211/418/127
f 211/419/128 206/31/128 209/33/128
f 213/103/129 211/418/129 214/420/129
f 214/421/130 209/33/130 212/35/130
f 216/106/131 214/422/131 217/423/131
f 217/424/132 212/35/132 215/37/132
f 219/108/133 217/423/133 220/425/133
f 220/426/134 215/37/134 218/39/134
f 222/110/135 220/425/135 223/427/135
f 223/428/136 218/39/136 221/41/136
f 225/112/137 223/427/137 226/429/137
f 226/430/138 221/41/138 224/43/138
f 228/114/139 226/429/139 229/431/139
f 229/432/140 224/43/140 227/45/140
f 231/116/141 229/431/141 232/433/141
f 232/434/142 227/45/142 230/47/142
f 234/118/143 232/433/143 235/435/143
f 235/436/144 230/47/144 233/49/144
f 237/120/145 235/435/145 238/437/145
f 238/438/146 233/49/146 236/51/146
f 240/123/147 238/439/147 241/440/147
f 241/441/148 236/51/148 239/53/148
f 243/125/149 241/440/149 244/442/149
f 244/443/150 239/53/150 242/55/150
f 246/127/151 244/442/151 247/444/151
f 247/445/152 242/55/152 245/57/152
f 249/129/153 247/444/153 250/446/153
f 250/447/154 245/57/154 248/59/154
f 252/131/155 250/446/155 253/448/155
f 253/449/156 248/59/156 251/61/156
f 255/133/157 253/448/157 256/450/157
f 256/451/158 251/61/158 254/63/158
f 164/73/159 256/450/159 166/385/159
f 166/452/160 254/63/160 165/68/160
f 34/136/161 161/3/161 165/68/161
f 264/453/162 709/454/162 720/455/162
f 261/456/163 720/455/163 680/457/163
f 262/458/164 680/457/164 683/459/164
f 263/460/165 683/459/165 687/461/165
f 259/462/166 687/461/166 692/463/166
f 260/464/167 692/463/167 736/465/167
f 257/466/168 736/465/168 714/467/168
f 258/468/169 714/469/169 689/470/169
f 267/471/170 731/472/170 320/473/170
f 277/474/171 690/475/171 698/476/171
f 276/477/172 698/476/172 739/478/172
f 274/479/173 739/480/173 725/481/173
f 271/482/174 725/481/174 703/483/174
f 271/484/175 679/485/175 272/486/175
f 284/487/176 707/488/176 722/489/176
f 286/490/177 722/491/177 688/492/177
f 282/493/178 688/492/178 717/494/178
f 279/495/179 717/496/179 727/497/179
f 289/498/180 693/499/180 691/500/180
f 287/501/181 691/502/181 742/503/181
f 288/504/182 742/503/182 694/505/182
f 292/506/183 694/507/183 697/508/183
f 298/509/173 702/483/173 726/510/173
f 295/511/174 726/510/174 735/512/174
f 300/513/171 704/514/171 728/515/171
f 301/516/172 728/515/172 702/517/172
f 309/518/179 740/519/179 708/520/179
f 305/521/176 732/522/176 741/523/176
f 306/524/177 741/525/177 700/526/177
f 303/527/178 700/526/178 740/528/178
f 313/529/180 734/530/180 684/531/180
f 312/532/181 684/533/181 705/534/181
f 311/535/182 705/534/182 678/502/182
f 315/536/183 678/537/183 737/538/183
f 319/539/184 686/540/184 716/541/184
f 681/542/185 322/543/185 321/544/185
f 730/528/186 307/545/186 304/527/186
f 711/546/187 302/547/187 299/548/187
f 699/549/188 294/550/188 293/551/188
f 718/552/189 283/553/189 281/554/189
f 701/555/186 285/556/186 283/557/186
f 738/558/187 278/559/187 275/560/187
f 733/561/190 318/562/190 316/189/190
f 682/563/191 310/564/191 308/565/191
f 695/566/192 297/567/192 296/568/192
f 697/508/193 291/569/193 292/506/193
f 727/497/194 280/570/194 279/495/194
f 716/571/195 270/572/195 319/573/195
f 685/574/196 268/575/196 270/572/196
f 712/576/197 267/577/197 265/578/197
f 713/579/198 314/580/198 317/581/198
f 677/531/198 290/582/198 294/529/198
f 689/470/199 266/583/199 258/468/199
f 731/584/200 321/585/200 320/586/200
f 719/587/188 317/588/188 318/562/188
f 715/589/189 304/590/189 310/564/189
f 710/591/201 299/548/201 297/559/201
f 696/592/190 293/551/190 291/593/190
f 721/594/191 281/554/191 280/595/191
f 679/485/192 273/596/192 272/486/192
f 723/597/201 275/560/201 273/598/201
f 724/599/202 269/600/202 268/601/202
f 737/538/193 316/602/193 315/536/193
f 708/520/194 308/603/194 309/518/194
f 735/604/175 296/568/175 295/605/175
f 706/606/203 265/578/203 266/583/203
f 284/607/65 129/608/65 285/377/65
f 159/609/65 281/384/65 160/383/65
f 133/610/65 290/376/65 134/375/65
f 287/611/65 135/612/65 289/374/65
f 132/613/65 294/614/65 133/610/65
f 284/607/65 132/613/65 131/615/65
f 138/616/65 300/381/65 139/617/65
f 298/618/65 140/380/65 301/382/65
f 305/619/65 142/620/65 295/621/65
f 299/622/65 262/623/65 297/624/65
f 297/624/65 263/625/65 296/626/65
f 302/627/65 138/616/65 137/628/65
f 288/629/65 302/627/65 287/611/65
f 286/630/65 293/631/65 284/607/65
f 320/632/65 274/633/65 267/634/65
f 288/629/65 261/635/65 299/622/65
f 317/636/65 271/369/65 318/637/65
f 321/638/65 276/639/65 320/632/65
f 322/640/65 282/641/65 279/642/65
f 319/643/65 286/630/65 282/641/65
f 273/644/65 155/368/65 272/370/65
f 275/645/65 156/646/65 273/644/65
f 278/647/65 157/648/65 275/645/65
f 280/649/65 158/650/65 278/647/65
f 322/640/65 277/651/65 321/638/65
f 279/642/65 278/647/65 277/651/65
f 271/369/65 154/652/65 153/653/65
f 317/636/65 267/634/65 274/633/65
f 316/371/65 152/654/65 151/655/65
f 318/637/65 153/653/65 152/654/65
f 315/373/65 149/656/65 311/657/65
f 311/657/65 148/658/65 312/659/65
f 313/660/65 266/661/65 314/662/65
f 314/662/65 265/663/65 317/636/65
f 143/664/65 306/367/65 144/366/65
f 257/665/65 304/666/65 260/667/65
f 313/660/65 257/665/65 258/668/65
f 260/667/65 307/669/65 259/670/65
f 309/671/65 145/672/65 303/365/65
f 313/660/65 308/673/65 310/674/65
f 308/673/65 146/675/65 309/671/65
f 259/670/65 296/626/65 263/625/65
f 312/659/65 147/676/65 308/673/65
f 295/621/65 141/677/65 298/618/65
f 307/669/65 295/621/65 296/626/65
f 292/678/65 264/679/65 288/629/65
f 268/680/65 292/678/65 291/681/65
f 270/682/65 291/681/65 286/630/65
f 355/683/204 489/684/204 357/685/204
f 579/4/205 484/686/205 486/687/205
f 358/688/206 495/689/206 359/690/206
f 359/690/207 498/691/207 360/692/207
f 360/692/208 501/693/208 361/694/208
f 361/694/209 504/695/209 362/696/209
f 362/696/210 507/697/210 363/698/210
f 363/698/211 510/699/211 364/700/211
f 364/700/212 513/701/212 365/702/212
f 365/702/213 516/703/213 366/704/213
f 366/704/214 519/705/214 367/706/214
f 367/706/215 522/707/215 368/708/215
f 368/708/216 525/709/216 369/710/216
f 369/710/217 528/711/217 370/712/217
f 370/712/218 531/713/218 371/714/218
f 371/714/219 534/715/219 372/716/219
f 372/716/220 537/717/220 373/718/220
f 373/718/221 540/719/221 374/720/221
f 374/720/222 543/721/222 375/722/222
f 375/722/223 546/723/223 376/724/223
f 376/724/224 549/725/224 377/726/224
f 377/726/225 552/727/225 378/728/225
f 378/728/226 555/729/226 379/730/226
f 379/730/227 558/731/227 380/732/227
f 380/732/228 561/733/228 381/734/228
f 381/734/229 564/735/229 382/736/229
f 382/736/230 567/737/230 383/738/230
f 383/738/231 570/739/231 384/740/231
f 384/740/232 573/741/232 385/742/232
f 385/742/233 576/743/233 386/744/233
f 347/745/31 442/746/31 346/747/31
f 386/744/234 487/748/234 356/749/234
f 580/69/235 490/750/235 484/751/235
f 610/72/236 486/687/236 577/752/236
f 581/71/237 493/753/237 490/750/237
f 582/75/238 496/754/238 493/753/238
f 583/77/239 499/755/239 496/754/239
f 584/79/240 502/756/240 499/755/240
f 585/81/241 505/757/241 502/756/241
f 586/83/242 508/758/242 505/757/242
f 587/85/243 511/759/243 508/758/243
f 588/88/244 514/760/244 511/761/244
f 589/90/245 517/762/245 514/760/245
f 590/92/246 520/763/246 517/762/246
f 591/94/247 523/764/247 520/763/247
f 592/96/248 526/765/248 523/764/248
f 593/98/249 529/766/249 526/765/249
f 594/100/250 532/767/250 529/766/250
f 595/102/251 535/768/251 532/767/251
f 596/105/252 538/769/252 535/770/252
f 597/107/253 541/771/253 538/769/253
f 598/109/254 544/772/254 541/771/254
f 599/111/255 547/773/255 544/772/255
f 600/113/256 550/774/256 547/773/256
f 601/115/257 553/775/257 550/774/257
f 602/117/258 556/776/258 553/775/258
f 603/119/259 559/777/259 556/776/259
f 604/122/260 562/778/260 559/779/260
f 605/124/261 565/780/261 562/778/261
f 606/126/262 568/781/262 565/780/262
f 607/128/263 571/782/263 568/781/263
f 608/130/264 574/783/264 571/782/264
f 609/132/265 577/752/265 574/783/265
f 357/685/266 492/784/266 358/688/266
f 323/785/267 355/683/267 324/786/267
f 324/786/267 357/685/267 325/787/267
f 325/787/267 358/688/267 326/788/267
f 326/788/267 359/690/267 327/789/267
f 327/789/267 360/692/267 328/790/267
f 328/790/267 361/694/267 329/791/267
f 329/791/267 362/696/267 330/792/267
f 330/792/267 363/698/267 331/793/267
f 331/793/267 364/700/267 332/794/267
f 332/794/267 365/702/267 333/795/267
f 333/795/267 366/704/267 334/796/267
f 334/796/267 367/706/267 335/797/267
f 335/797/267 368/708/267 336/798/267
f 336/798/267 369/710/267 337/799/267
f 337/799/267 370/712/267 338/800/267
f 338/800/267 371/714/267 339/801/267
f 339/801/267 372/716/267 340/802/267
f 340/802/267 373/718/267 341/803/267
f 341/803/267 374/720/267 342/804/267
f 342/804/267 375/722/267 343/805/267
f 343/805/267 376/724/267 344/806/267
f 344/806/267 377/726/267 345/807/267
f 345/807/267 378/728/267 346/808/267
f 346/808/267 379/730/267 347/809/267
f 347/809/267 380/732/267 348/810/267
f 348/810/267 381/734/267 349/811/267
f 349/811/267 382/736/267 350/812/267
f 350/812/267 383/738/267 351/813/267
f 351/813/267 384/740/267 352/814/267
f 352/814/267 385/742/267 353/815/267
f 353/815/267 386/744/267 354/816/267
f 354/816/267 356/749/267 323/785/267
f 395/817/31 458/818/31 394/819/31
f 334/820/66 429/821/66 333/822/66
f 348/823/67 443/824/67 347/745/67
f 335/825/68 430/826/68 334/820/68
f 349/827/69 444/828/69 348/829/69
f 336/830/70 431/831/70 335/825/70
f 350/832/71 445/833/71 349/827/71
f 337/834/72 432/182/72 336/830/72
f 324/835/73 420/836/73 323/837/73
f 351/838/74 446/839/74 350/832/74
f 338/840/75 433/186/75 337/834/75
f 325/841/76 419/842/76 324/828/76
f 352/843/77 447/844/77 351/838/77
f 339/845/78 434/193/78 338/840/78
f 326/846/79 421/847/79 325/841/79
f 353/848/80 448/849/80 352/843/80
f 340/850/81 435/200/81 339/845/81
f 327/851/82 422/852/82 326/846/82
f 354/853/83 449/854/83 353/848/83
f 341/855/84 436/856/84 340/857/84
f 328/858/85 423/859/85 327/851/85
f 323/837/86 450/860/86 354/853/86
f 342/861/87 437/862/87 341/855/87
f 329/863/88 424/864/88 328/858/88
f 343/865/89 438/866/89 342/861/89
f 330/867/90 425/868/90 329/863/90
f 344/869/91 439/870/91 343/865/91
f 331/871/92 426/872/92 330/867/92
f 345/873/93 440/874/93 344/869/93
f 332/875/94 427/876/94 331/871/94
f 346/747/95 441/877/95 345/873/95
f 333/822/96 428/878/96 332/823/96
f 388/879/267 419/880/267 387/881/267
f 387/881/267 421/882/267 389/883/267
f 389/883/267 422/884/267 390/885/267
f 390/885/267 423/886/267 391/887/267
f 391/887/267 424/888/267 392/889/267
f 392/889/267 425/890/267 393/891/267
f 393/891/267 426/892/267 394/893/267
f 394/893/267 427/894/267 395/895/267
f 395/895/267 428/896/267 396/897/267
f 396/897/267 429/898/267 397/899/267
f 397/899/267 430/900/267 398/901/267
f 398/901/267 431/902/267 399/903/267
f 399/903/267 432/904/267 400/905/267
f 400/905/267 433/906/267 401/907/267
f 401/907/267 434/908/267 402/909/267
f 402/909/267 435/910/267 403/911/267
f 403/911/267 436/912/267 404/913/267
f 404/913/267 437/914/267 405/915/267
f 405/915/267 438/916/267 406/917/267
f 406/917/267 439/918/267 407/919/267
f 407/919/267 440/920/267 408/921/267
f 408/921/267 441/922/267 409/923/267
f 409/923/267 442/924/267 410/925/267
f 410/925/267 443/926/267 411/927/267
f 411/927/267 444/928/267 412/929/267
f 412/929/267 445/930/267 413/931/267
f 413/931/267 446/932/267 414/933/267
f 414/933/267 447/934/267 415/935/267
f 415/935/267 448/936/267 416/937/267
f 416/937/267 449/938/267 417/939/267
f 417/939/267 450/940/267 418/941/267
f 418/941/267 420/942/267 388/879/267
f 409/943/88 472/944/88 408/945/88
f 396/946/67 459/947/67 395/817/67
f 410/948/90 473/949/90 409/943/90
f 397/950/69 460/951/69 396/952/69
f 411/953/92 474/954/92 410/948/92
f 398/955/71 461/956/71 397/950/71
f 412/957/94 475/958/94 411/953/94
f 399/959/74 462/960/74 398/955/74
f 413/961/96 476/962/96 412/963/96
f 400/964/77 463/965/77 399/959/77
f 414/966/66 477/967/66 413/961/66
f 401/968/80 464/969/80 400/964/80
f 387/970/81 452/971/81 388/972/81
f 415/973/68 478/974/68 414/966/68
f 402/975/83 465/976/83 401/968/83
f 389/977/84 451/978/84 387/979/84
f 416/980/70 479/981/70 415/973/70
f 403/982/86 466/983/86 402/975/86
f 390/984/87 453/985/87 389/977/87
f 417/986/72 480/987/72 416/980/72
f 404/988/73 467/989/73 403/982/73
f 391/990/89 454/991/89 390/984/89
f 418/992/75 481/993/75 417/986/75
f 405/994/76 468/995/76 404/996/76
f 392/997/91 455/998/91 391/990/91
f 388/972/78 482/999/78 418/992/78
f 406/1000/79 469/1001/79 405/994/79
f 393/1002/93 456/1003/93 392/997/93
f 407/1004/82 470/1005/82 406/1000/82
f 394/819/95 457/1006/95 393/1002/95
f 408/945/85 471/1007/85 407/1004/85
f 657/1008/267 466/1009/267 467/1010/267
f 477/1011/267 625/1012/267 476/1013/267
f 670/1014/267 472/1015/267 473/1016/267
f 643/1017/267 456/1018/267 457/1019/267
f 639/1020/267 452/1021/267 451/1022/267
f 462/1023/267 654/1024/267 461/1025/267
f 637/1026/267 482/1027/267 452/1021/267
f 484/686/268 488/1028/268 486/687/268
f 485/1029/269 487/748/269 488/1030/269
f 490/750/270 485/1031/270 484/751/270
f 491/1032/271 483/1033/271 485/1029/271
f 493/753/272 491/1034/272 490/750/272
f 494/1035/273 489/684/273 491/1032/273
f 496/754/274 494/1036/274 493/753/274
f 497/1037/275 492/784/275 494/1035/275
f 499/755/276 497/1038/276 496/754/276
f 500/1039/277 495/689/277 497/1037/277
f 502/756/278 500/1040/278 499/755/278
f 503/1041/279 498/691/279 500/1039/279
f 505/757/280 503/1042/280 502/756/280
f 506/1043/281 501/693/281 503/1041/281
f 508/758/282 506/1044/282 505/757/282
f 509/1045/283 504/695/283 506/1043/283
f 511/759/284 509/1046/284 508/758/284
f 512/1047/285 507/697/285 509/1045/285
f 514/760/286 512/1048/286 511/761/286
f 515/1049/287 510/699/287 512/1047/287
f 517/762/288 515/1050/288 514/760/288
f 518/1051/289 513/701/289 515/1049/289
f 520/763/290 518/1052/290 517/762/290
f 521/1053/291 516/703/291 518/1051/291
f 523/764/292 521/1054/292 520/763/292
f 524/1055/293 519/705/293 521/1053/293
f 526/765/294 524/1056/294 523/764/294
f 527/1057/295 522/707/295 524/1055/295
f 529/766/296 527/1058/296 526/765/296
f 530/1059/297 525/709/297 527/1057/297
f 532/767/298 530/1060/298 529/766/298
f 533/1061/299 528/711/299 530/1059/299
f 535/768/300 533/1062/300 532/767/300
f 536/1063/301 531/713/301 533/1061/301
f 538/769/302 536/1064/302 535/770/302
f 539/1065/303 534/715/303 536/1063/303
f 541/771/304 539/1066/304 538/769/304
f 542/1067/305 537/717/305 539/1065/305
f 544/772/306 542/1068/306 541/771/306
f 545/1069/307 540/719/307 542/1067/307
f 547/773/308 545/1070/308 544/772/308
f 548/1071/309 543/721/309 545/1069/309
f 550/774/310 548/1072/310 547/773/310
f 551/1073/311 546/723/311 548/1071/311
f 553/775/312 551/1074/312 550/774/312
f 554/1075/313 549/725/313 551/1073/313
f 556/776/314 554/1076/314 553/775/314
f 557/1077/315 552/727/315 554/1075/315
f 559/777/316 557/1078/316 556/776/316
f 560/1079/317 555/729/317 557/1077/317
f 562/778/318 560/1080/318 559/779/318
f 563/1081/319 558/731/319 560/1079/319
f 565/780/320 563/1082/320 562/778/320
f 566/1083/321 561/733/321 563/1081/321
f 568/781/322 566/1084/322 565/780/322
f 569/1085/323 564/735/323 566/1083/323
f 571/782/324 569/1086/324 568/781/324
f 572/1087/325 567/737/325 569/1085/325
f 574/783/326 572/1088/326 571/782/326
f 575/1089/327 570/739/327 572/1087/327
f 577/752/328 575/1090/328 574/783/328
f 578/1091/329 573/741/329 575/1089/329
f 486/687/330 578/1092/330 577/752/330
f 488/1030/331 576/743/331 578/1091/331
f 356/749/332 483/1033/332 355/683/332
f 618/1093/162 709/454/162 623/1094/162
f 615/1095/163 720/455/163 618/1093/163
f 616/1096/164 680/457/164 615/1095/164
f 617/1097/165 683/459/165 616/1096/165
f 613/1098/166 687/461/166 617/1097/166
f 614/1099/167 692/463/167 613/1098/167
f 611/487/168 736/465/168 614/1099/168
f 612/1100/169 714/469/169 611/1101/169
f 621/1102/170 731/472/170 729/1103/170
f 631/1104/171 690/475/171 632/1105/171
f 630/1106/172 698/476/172 631/1104/172
f 628/1107/173 739/480/173 630/1108/173
f 625/1109/174 725/481/174 628/1107/174
f 625/1110/175 679/485/175 703/1111/175
f 638/1112/176 707/488/176 639/1113/176
f 640/1114/177 722/491/177 638/1115/177
f 636/1116/178 688/492/178 640/1114/178
f 633/1117/179 717/496/179 636/1118/179
f 643/1119/180 693/499/180 644/1120/180
f 641/1121/181 691/502/181 643/1122/181
f 642/1123/182 742/503/182 641/1121/182
f 646/1124/183 694/507/183 642/1125/183
f 652/1126/173 702/483/173 655/1109/173
f 649/1127/174 726/510/174 652/1126/174
f 654/1128/171 704/514/171 656/1129/171
f 655/1130/172 728/515/172 654/1128/172
f 663/1131/179 740/519/179 657/1132/179
f 659/1133/176 732/522/176 661/1134/176
f 660/1135/177 741/525/177 659/1136/177
f 657/1137/178 700/526/178 660/1135/178
f 667/1138/180 734/530/180 668/1139/180
f 666/1140/181 684/533/181 667/1141/181
f 665/1122/182 705/534/182 666/1140/182
f 669/1142/183 678/537/183 665/1143/183
f 673/1144/184 686/540/184 676/565/184
f 681/542/185 676/1145/185 686/1146/185
f 730/528/186 661/1134/186 732/522/186
f 711/546/187 656/1108/187 704/480/187
f 699/549/188 648/1147/188 677/1148/188
f 718/552/189 637/1149/189 701/1150/189
f 701/555/186 639/1113/186 707/488/186
f 738/558/187 632/1151/187 690/591/187
f 733/561/190 672/1152/190 719/587/190
f 682/563/191 664/1153/191 715/589/191
f 695/566/192 651/1154/192 710/1155/192
f 697/508/193 645/1156/193 696/1157/193
f 727/497/194 634/1158/194 721/1159/194
f 716/571/195 624/1160/195 685/574/195
f 685/574/196 622/1161/196 724/1162/196
f 712/576/197 621/570/197 729/1163/197
f 713/579/198 668/1139/198 734/530/198
f 677/531/198 644/1120/198 693/499/198
f 689/470/199 620/1164/199 706/606/199
f 731/584/200 675/1165/200 681/1166/200
f 719/587/188 671/1167/188 713/1168/188
f 715/589/189 658/1169/189 730/1170/189
f 710/591/201 653/1171/201 711/546/201
f 696/592/190 647/1172/190 699/549/190
f 721/594/191 635/1173/191 718/552/191
f 679/485/192 627/1174/192 723/1175/192
f 723/597/201 629/1176/201 738/558/201
f 724/599/202 623/1094/202 709/454/202
f 737/538/193 670/1177/193 733/1178/193
f 708/520/194 662/1179/194 682/1180/194
f 735/604/175 650/1181/175 695/566/175
f 706/606/203 619/1182/203 712/576/203
f 638/1183/267 451/1022/267 453/1184/267
f 481/1185/267 635/1186/267 634/1187/267
f 455/1188/267 644/1189/267 648/1190/267
f 641/1191/267 457/1019/267 458/1192/267
f 454/1193/267 648/1190/267 647/1194/267
f 638/1183/267 454/1193/267 647/1194/267
f 460/1195/267 654/1024/267 656/1196/267
f 652/1197/267 462/1023/267 463/1198/267
f 659/1199/267 464/1200/267 465/1201/267
f 653/1202/267 616/1203/267 615/1204/267
f 651/1205/267 617/1206/267 616/1203/267
f 459/1207/267 460/1195/267 656/1196/267
f 642/1208/267 656/1196/267 653/1202/267
f 640/1209/267 647/1194/267 645/1210/267
f 674/1211/267 628/1212/267 630/1213/267
f 642/1208/267 615/1204/267 618/1214/267
f 671/1215/267 625/1012/267 628/1212/267
f 675/1216/267 630/1213/267 631/1217/267
f 676/1218/267 636/1219/267 673/1220/267
f 673/1220/267 640/1209/267 624/1221/267
f 627/1222/267 477/1011/267 478/1223/267
f 629/1224/267 478/1223/267 479/1225/267
f 632/1226/267 479/1225/267 480/1227/267
f 634/1187/267 480/1227/267 481/1185/267
f 676/1218/267 631/1217/267 633/1228/267
f 633/1228/267 632/1226/267 634/1187/267
f 625/1012/267 475/1229/267 476/1013/267
f 671/1215/267 621/1230/267 619/1231/267
f 670/1014/267 474/1232/267 672/1233/267
f 672/1233/267 475/1229/267 625/1012/267
f 669/1234/267 471/1235/267 472/1015/267
f 665/1236/267 470/1237/267 471/1235/267
f 667/1238/267 620/1239/267 612/1240/267
f 668/1241/267 619/1231/267 620/1239/267
f 465/1201/267 660/1242/267 659/1199/267
f 611/1243/267 658/1244/267 664/1245/267
f 667/1238/267 611/1243/267 664/1245/267
f 614/1246/267 661/1247/267 658/1244/267
f 663/1248/267 467/1010/267 468/1249/267
f 667/1238/267 662/1250/267 666/1251/267
f 662/1250/267 468/1249/267 469/1252/267
f 613/1253/267 650/1254/267 661/1247/267
f 666/1251/267 469/1252/267 470/1237/267
f 649/1255/267 463/1198/267 464/1200/267
f 661/1247/267 649/1255/267 659/1199/267
f 646/1256/267 618/1214/267 623/1257/267
f 622/1258/267 646/1256/267 623/1257/267
f 624/1221/267 645/1210/267 622/1258/267
f 33/1/1 35/134/1 167/2/1
f 579/4/333 164/73/333 162/5/333
f 36/7/3 37/10/3 173/8/3
f 37/10/4 38/12/4 176/11/4
f 38/12/5 39/14/5 179/13/5
f 39/14/6 40/16/6 182/15/6
f 40/16/7 41/18/7 185/17/7
f 41/18/8 42/20/8 188/19/8
f 42/20/9 43/22/9 191/21/9
f 43/22/10 44/24/10 194/23/10
f 44/24/11 45/26/11 197/25/11
f 45/26/12 46/28/12 200/27/12
f 46/28/13 47/30/13 203/29/13
f 47/30/14 48/32/14 206/31/14
f 48/32/15 49/34/15 209/33/15
f 49/34/16 50/36/16 212/35/16
f 50/36/17 51/38/17 215/37/17
f 51/38/18 52/40/18 218/39/18
f 52/40/19 53/42/19 221/41/19
f 53/42/20 54/44/20 224/43/20
f 54/44/21 55/46/21 227/45/21
f 55/46/22 56/48/22 230/47/22
f 56/48/23 57/50/23 233/49/23
f 57/50/24 58/52/24 236/51/24
f 58/52/25 59/54/25 239/53/25
f 59/54/26 60/56/26 242/55/26
f 60/56/27 61/58/27 245/57/27
f 61/58/28 62/60/28 248/59/28
f 62/60/29 63/62/29 251/61/29
f 63/62/30 64/67/30 254/63/30
f 25/64/31 24/233/31 120/65/31
f 64/67/32 34/136/32 165/68/32
f 580/69/334 162/1259/334 168/70/334
f 610/72/335 255/133/335 164/73/335
f 581/71/35 168/70/35 171/74/35
f 582/75/336 171/74/336 174/76/336
f 583/77/37 174/76/37 177/78/37
f 584/79/38 177/78/38 180/80/38
f 585/81/39 180/80/39 183/82/39
f 586/83/40 183/82/40 186/84/40
f 587/85/41 186/84/41 189/86/41
f 588/88/42 189/1260/42 192/89/42
f 589/90/43 192/89/43 195/91/43
f 590/92/44 195/91/44 198/93/44
f 591/94/337 198/93/337 201/95/337
f 592/96/46 201/95/46 204/97/46
f 593/98/47 204/97/47 207/99/47
f 594/100/338 207/99/338 210/101/338
f 595/102/339 210/101/339 213/103/339
f 596/105/50 213/1261/50 216/106/50
f 597/107/340 216/106/340 219/108/340
f 598/109/341 219/108/341 222/110/341
f 599/111/53 222/110/53 225/112/53
f 600/113/54 225/112/54 228/114/54
f 601/115/55 228/114/55 231/116/55
f 602/117/56 231/116/56 234/118/56
f 603/119/57 234/118/57 237/120/57
f 604/122/58 237/1262/58 240/123/58
f 605/124/59 240/123/59 243/125/59
f 606/126/60 243/125/60 246/127/60
f 607/128/342 246/127/342 249/129/342
f 608/130/343 249/129/343 252/131/343
f 609/132/344 252/131/344 255/133/344
f 35/134/64 36/7/64 170/9/64
f 1/135/65 2/137/65 33/1/65
f 2/137/65 3/138/65 35/134/65
f 3/138/65 4/139/65 36/7/65
f 4/139/65 5/140/65 37/10/65
f 5/140/65 6/141/65 38/12/65
f 6/141/65 7/142/65 39/14/65
f 7/142/65 8/143/65 40/16/65
f 8/143/65 9/144/65 41/18/65
f 9/144/65 10/145/65 42/20/65
f 10/145/65 11/146/65 43/22/65
f 11/146/65 12/147/65 44/24/65
f 12/147/65 13/148/65 45/26/65
f 13/148/65 14/149/65 46/28/65
f 14/149/65 15/150/65 47/30/65
f 15/150/65 16/151/65 48/32/65
f 16/151/65 17/152/65 49/34/65
f 17/152/65 18/153/65 50/36/65
f 18/153/65 19/154/65 51/38/65
f 19/154/65 20/155/65 52/40/65
f 20/155/65 21/156/65 53/42/65
f 21/156/65 22/157/65 54/44/65
f 22/157/65 23/158/65 55/46/65
f 23/158/65 24/159/65 56/48/65
f 24/159/65 25/160/65 57/50/65
f 25/160/65 26/161/65 58/52/65
f 26/161/65 27/162/65 59/54/65
f 27/162/65 28/163/65 60/56/65
f 28/163/65 29/164/65 61/58/65
f 29/164/65 30/165/65 62/60/65
f 30/165/65 31/166/65 63/62/65
f 31/166/65 32/167/65 64/67/65
f 32/167/65 1/135/65 34/136/65
f 73/168/31 72/363/31 136/169/31
f 12/171/66 11/234/66 107/172/66
f 26/174/67 25/64/67 121/66/67
f 13/176/68 12/171/68 108/173/68
f 27/178/69 26/1263/69 122/179/69
f 14/181/70 13/176/70 109/177/70
f 28/183/71 27/178/71 123/180/71
f 15/185/72 14/181/72 110/182/72
f 2/187/73 1/216/73 98/188/73
f 29/190/74 28/183/74 124/184/74
f 16/192/75 15/185/75 111/186/75
f 3/194/76 2/1264/76 97/195/76
f 30/197/77 29/190/77 125/191/77
f 17/199/78 16/192/78 112/193/78
f 4/201/79 3/194/79 99/196/79
f 31/203/80 30/197/80 126/198/80
f 18/205/81 17/199/81 113/200/81
f 5/207/82 4/201/82 100/202/82
f 32/209/83 31/203/83 127/204/83
f 19/211/84 18/1265/84 114/212/84
f 6/214/85 5/207/85 101/208/85
f 1/216/86 32/209/86 128/210/86
f 20/217/87 19/211/87 115/213/87
f 7/219/88 6/214/88 102/215/88
f 21/221/89 20/217/89 116/218/89
f 8/223/90 7/219/90 103/220/90
f 22/225/91 21/221/91 117/222/91
f 9/227/92 8/223/92 104/224/92
f 23/229/93 22/225/93 118/226/93
f 10/231/94 9/227/94 105/228/94
f 24/233/95 23/229/95 119/230/95
f 11/234/96 10/875/96 106/235/96
f 66/236/65 65/239/65 97/237/65
f 65/239/65 67/241/65 99/240/65
f 67/241/65 68/243/65 100/242/65
f 68/243/65 69/245/65 101/244/65
f 69/245/65 70/247/65 102/246/65
f 70/247/65 71/249/65 103/248/65
f 71/249/65 72/251/65 104/250/65
f 72/251/65 73/253/65 105/252/65
f 73/253/65 74/255/65 106/254/65
f 74/255/65 75/257/65 107/256/65
f 75/257/65 76/259/65 108/258/65
f 76/259/65 77/261/65 109/260/65
f 77/261/65 78/263/65 110/262/65
f 78/263/65 79/265/65 111/264/65
f 79/265/65 80/267/65 112/266/65
f 80/267/65 81/269/65 113/268/65
f 81/269/65 82/271/65 114/270/65
f 82/271/65 83/273/65 115/272/65
f 83/273/65 84/275/65 116/274/65
f 84/275/65 85/277/65 117/276/65
f 85/277/65 86/279/65 118/278/65
f 86/279/65 87/281/65 119/280/65
f 87/281/65 88/283/65 120/282/65
f 88/283/65 89/285/65 121/284/65
f 89/285/65 90/287/65 122/286/65
f 90/287/65 91/289/65 123/288/65
f 91/289/65 92/291/65 124/290/65
f 92/291/65 93/293/65 125/292/65
f 93/293/65 94/295/65 126/294/65
f 94/295/65 95/297/65 127/296/65
f 95/297/65 96/299/65 128/298/65
f 96/299/65 66/236/65 98/238/65
f 87/300/88 86/364/88 150/301/88
f 74/303/67 73/168/67 137/170/67
f 88/305/90 87/300/90 151/302/90
f 75/307/69 74/1266/69 138/308/69
f 89/310/92 88/305/92 152/306/92
f 76/312/71 75/307/71 139/309/71
f 90/314/94 89/310/94 153/311/94
f 77/316/74 76/312/74 140/313/74
f 91/318/96 90/1267/96 154/319/96
f 78/321/77 77/316/77 141/317/77
f 92/323/66 91/318/66 155/320/66
f 79/325/80 78/321/80 142/322/80
f 65/327/81 66/356/81 130/328/81
f 93/330/68 92/323/68 156/324/68
f 80/332/83 79/325/83 143/326/83
f 67/334/84 65/1268/84 129/335/84
f 94/337/70 93/330/70 157/331/70
f 81/339/86 80/332/86 144/333/86
f 68/341/87 67/334/87 131/336/87
f 95/343/72 94/337/72 158/338/72
f 82/345/73 81/339/73 145/340/73
f 69/347/89 68/341/89 132/342/89
f 96/349/75 95/343/75 159/344/75
f 83/351/76 82/1269/76 146/352/76
f 70/354/91 69/347/91 133/348/91
f 66/356/78 96/349/78 160/350/78
f 84/357/79 83/351/79 147/353/79
f 71/359/93 70/354/93 134/355/93
f 85/361/82 84/357/82 148/358/82
f 72/363/95 71/359/95 135/360/95
f 86/364/85 85/361/85 149/362/85
f 303/365/65 145/672/65 144/366/65
f 155/368/65 154/652/65 271/369/65
f 316/371/65 151/655/65 150/372/65
f 289/374/65 135/612/65 134/375/65
f 285/377/65 129/608/65 130/378/65
f 140/380/65 139/617/65 300/381/65
f 283/379/65 130/378/65 160/383/65
f 162/5/97 164/73/97 166/385/97
f 163/387/98 166/452/98 165/68/98
f 168/70/99 162/1259/99 163/388/99
f 169/390/100 163/387/100 161/3/100
f 171/74/101 168/70/101 169/389/101
f 172/392/102 169/390/102 167/2/102
f 174/76/103 171/74/103 172/391/103
f 175/394/104 172/392/104 170/9/104
f 177/78/105 174/76/105 175/393/105
f 178/396/106 175/394/106 173/8/106
f 180/80/107 177/78/107 178/395/107
f 181/398/108 178/396/108 176/11/108
f 183/82/109 180/80/109 181/397/109
f 184/400/110 181/398/110 179/13/110
f 186/84/111 183/82/111 184/399/111
f 187/402/112 184/400/112 182/15/112
f 189/86/113 186/84/113 187/401/113
f 190/404/114 187/402/114 185/17/114
f 192/89/115 189/1260/115 190/405/115
f 193/407/116 190/404/116 188/19/116
f 195/91/117 192/89/117 193/406/117
f 196/409/118 193/407/118 191/21/118
f 198/93/119 195/91/119 196/408/119
f 199/411/120 196/409/120 194/23/120
f 201/95/121 198/93/121 199/410/121
f 202/413/122 199/411/122 197/25/122
f 204/97/123 201/95/123 202/412/123
f 205/415/124 202/413/124 200/27/124
f 207/99/125 204/97/125 205/414/125
f 208/417/126 205/415/126 203/29/126
f 210/101/127 207/99/127 208/416/127
f 211/419/128 208/417/128 206/31/128
f 213/103/129 210/101/129 211/418/129
f 214/421/130 211/419/130 209/33/130
f 216/106/131 213/1261/131 214/422/131
f 217/424/132 214/421/132 212/35/132
f 219/108/133 216/106/133 217/423/133
f 220/426/134 217/424/134 215/37/134
f 222/110/135 219/108/135 220/425/135
f 223/428/136 220/426/136 218/39/136
f 225/112/137 222/110/137 223/427/137
f 226/430/138 223/428/138 221/41/138
f 228/114/139 225/112/139 226/429/139
f 229/432/140 226/430/140 224/43/140
f 231/116/141 228/114/141 229/431/141
f 232/434/142 229/432/142 227/45/142
f 234/118/143 231/116/143 232/433/143
f 235/436/144 232/434/144 230/47/144
f 237/120/145 234/118/145 235/435/145
f 238/438/146 235/436/146 233/49/146
f 240/123/147 237/1262/147 238/439/147
f 241/441/148 238/438/148 236/51/148
f 243/125/149 240/123/149 241/440/149
f 244/443/150 241/441/150 239/53/150
f 246/127/151 243/125/151 244/442/151
f 247/445/152 244/443/152 242/55/152
f 249/129/153 246/127/153 247/444/153
f 250/447/154 247/445/154 245/57/154
f 252/131/155 249/129/155 250/446/155
f 253/449/156 250/447/156 248/59/156
f 255/133/157 252/131/157 253/448/157
f 256/451/158 253/449/158 251/61/158
f 164/73/159 255/133/159 256/450/159
f 166/452/160 256/451/160 254/63/160
f 34/136/161 33/1/161 161/3/161
f 264/453/162 269/600/162 709/454/162
f 261/456/163 264/453/163 720/455/163
f 262/458/164 261/456/164 680/457/164
f 263/460/165 262/458/165 683/459/165
f 259/462/166 263/460/166 687/461/166
f 260/464/167 259/462/167 692/463/167
f 257/466/168 260/464/168 736/465/168
f 258/468/169 257/1270/169 714/469/169
f 267/471/170 729/1103/170 731/472/170
f 277/474/171 278/1271/171 690/475/171
f 276/477/172 277/474/172 698/476/172
f 274/479/173 276/547/173 739/480/173
f 271/482/174 274/479/174 725/481/174
f 271/484/175 703/1111/175 679/485/175
f 284/487/176 285/556/176 707/488/176
f 286/490/177 284/1272/177 722/491/177
f 282/493/178 286/490/178 688/492/178
f 279/495/179 282/1273/179 717/496/179
f 289/498/180 290/582/180 693/499/180
f 287/501/181 289/535/181 691/502/181
f 288/504/182 287/501/182 742/503/182
f 292/506/183 288/1274/183 694/507/183
f 298/509/173 301/482/173 702/483/173
f 295/511/174 298/509/174 726/510/174
f 300/513/171 302/1275/171 704/514/171
f 301/516/172 300/513/172 728/515/172
f 309/518/179 303/1276/179 740/519/179
f 305/521/176 307/545/176 732/522/176
f 306/524/177 305/1277/177 741/525/177
f 303/527/178 306/524/178 700/526/178
f 313/529/180 314/580/180 734/530/180
f 312/532/181 313/1278/181 684/533/181
f 311/535/182 312/532/182 705/534/182
f 315/536/183 311/1279/183 678/537/183
f 319/539/184 322/1280/184 686/540/184
f 681/542/185 686/1146/185 322/543/185
f 730/528/186 732/522/186 307/545/186
f 711/546/187 704/480/187 302/547/187
f 699/549/188 677/1148/188 294/550/188
f 718/552/189 701/1150/189 283/553/189
f 701/555/186 707/488/186 285/556/186
f 738/558/187 690/591/187 278/559/187
f 733/561/190 719/587/190 318/562/190
f 682/563/191 715/589/191 310/564/191
f 695/566/192 710/1155/192 297/567/192
f 697/508/193 696/1157/193 291/569/193
f 727/497/194 721/1159/194 280/570/194
f 716/571/195 685/574/195 270/572/195
f 685/574/196 724/1162/196 268/575/196
f 712/576/197 729/1163/197 267/577/197
f 713/579/198 734/530/198 314/580/198
f 677/531/198 693/499/198 290/582/198
f 689/470/199 706/606/199 266/583/199
f 731/584/200 681/1166/200 321/585/200
f 719/587/188 713/1168/188 317/588/188
f 715/589/189 730/1170/189 304/590/189
f 710/591/201 711/546/201 299/548/201
f 696/592/190 699/549/190 293/551/190
f 721/594/191 718/552/191 281/554/191
f 679/485/192 723/1175/192 273/596/192
f 723/597/201 738/558/201 275/560/201
f 724/599/202 709/454/202 269/600/202
f 737/538/193 733/1178/193 316/602/193
f 708/520/194 682/1180/194 308/603/194
f 735/604/175 695/566/175 296/568/175
f 706/606/203 712/576/203 265/578/203
f 284/607/65 131/615/65 129/608/65
f 159/609/65 280/649/65 281/384/65
f 133/610/65 294/614/65 290/376/65
f 287/611/65 136/1281/65 135/612/65
f 132/613/65 293/631/65 294/614/65
f 284/607/65 293/631/65 132/613/65
f 138/616/65 302/627/65 300/381/65
f 298/618/65 141/677/65 140/380/65
f 305/619/65 143/664/65 142/620/65
f 299/622/65 261/635/65 262/623/65
f 297/624/65 262/623/65 263/625/65
f 136/1281/65 287/611/65 137/628/65
f 287/611/65 302/627/65 137/628/65
f 288/629/65 299/622/65 302/627/65
f 286/630/65 291/681/65 293/631/65
f 320/632/65 276/639/65 274/633/65
f 288/629/65 264/679/65 261/635/65
f 317/636/65 274/633/65 271/369/65
f 321/638/65 277/651/65 276/639/65
f 322/640/65 319/643/65 282/641/65
f 319/643/65 270/682/65 286/630/65
f 273/644/65 156/646/65 155/368/65
f 275/645/65 157/648/65 156/646/65
f 278/647/65 158/650/65 157/648/65
f 280/649/65 159/609/65 158/650/65
f 322/640/65 279/642/65 277/651/65
f 279/642/65 280/649/65 278/647/65
f 317/636/65 265/663/65 267/634/65
f 316/371/65 318/637/65 152/654/65
f 318/637/65 271/369/65 153/653/65
f 315/373/65 150/372/65 149/656/65
f 311/657/65 149/656/65 148/658/65
f 313/660/65 258/668/65 266/661/65
f 314/662/65 266/661/65 265/663/65
f 143/664/65 305/619/65 306/367/65
f 257/665/65 310/674/65 304/666/65
f 313/660/65 310/674/65 257/665/65
f 260/667/65 304/666/65 307/669/65
f 309/671/65 146/675/65 145/672/65
f 313/660/65 312/659/65 308/673/65
f 308/673/65 147/676/65 146/675/65
f 259/670/65 307/669/65 296/626/65
f 312/659/65 148/658/65 147/676/65
f 295/621/65 142/620/65 141/677/65
f 307/669/65 305/619/65 295/621/65
f 292/678/65 269/1282/65 264/679/65
f 268/680/65 269/1282/65 292/678/65
f 270/682/65 268/680/65 291/681/65
f 355/683/204 483/1033/204 489/684/204
f 579/4/345 580/6/345 484/686/345
f 358/688/206 492/784/206 495/689/206
f 359/690/207 495/689/207 498/691/207
f 360/692/208 498/691/208 501/693/208
f 361/694/209 501/693/209 504/695/209
f 362/696/210 504/695/210 507/697/210
f 363/698/211 507/697/211 510/699/211
f 364/700/212 510/699/212 513/701/212
f 365/702/213 513/701/213 516/703/213
f 366/704/214 516/703/214 519/705/214
f 367/706/215 519/705/215 522/707/215
f 368/708/216 522/707/216 525/709/216
f 369/710/217 525/709/217 528/711/217
f 370/712/218 528/711/218 531/713/218
f 371/714/219 531/713/219 534/715/219
f 372/716/220 534/715/220 537/717/220
f 373/718/221 537/717/221 540/719/221
f 374/720/222 540/719/222 543/721/222
f 375/722/223 543/721/223 546/723/223
f 376/724/224 546/723/224 549/725/224
f 377/726/225 549/725/225 552/727/225
f 378/728/226 552/727/226 555/729/226
f 379/730/227 555/729/227 558/731/227
f 380/732/228 558/731/228 561/733/228
f 381/734/229 561/733/229 564/735/229
f 382/736/230 564/735/230 567/737/230
f 383/738/231 567/737/231 570/739/231
f 384/740/232 570/739/232 573/741/232
f 385/742/233 573/741/233 576/743/233
f 347/745/31 443/824/31 442/746/31
f 386/744/234 576/743/234 487/748/234
f 580/69/346 581/71/346 490/750/346
f 610/72/347 579/4/347 486/687/347
f 581/71/237 582/75/237 493/753/237
f 582/75/348 583/77/348 496/754/348
f 583/77/239 584/79/239 499/755/239
f 584/79/240 585/81/240 502/756/240
f 585/81/241 586/83/241 505/757/241
f 586/83/242 587/85/242 508/758/242
f 587/85/243 588/87/243 511/759/243
f 588/88/244 589/90/244 514/760/244
f 589/90/245 590/92/245 517/762/245
f 590/92/349 591/94/349 520/763/349
f 591/94/350 592/96/350 523/764/350
f 592/96/248 593/98/248 526/765/248
f 593/98/249 594/100/249 529/766/249
f 594/100/351 595/102/351 532/767/351
f 595/102/352 596/104/352 535/768/352
f 596/105/252 597/107/252 538/769/252
f 597/107/353 598/109/353 541/771/353
f 598/109/354 599/111/354 544/772/354
f 599/111/255 600/113/255 547/773/255
f 600/113/256 601/115/256 550/774/256
f 601/115/257 602/117/257 553/775/257
f 602/117/258 603/119/258 556/776/258
f 603/119/259 604/121/259 559/777/259
f 604/122/260 605/124/260 562/778/260
f 605/124/261 606/126/261 565/780/261
f 606/126/262 607/128/262 568/781/262
f 607/128/355 608/130/355 571/782/355
f 608/130/356 609/132/356 574/783/356
f 609/132/357 610/72/357 577/752/357
f 357/685/266 489/684/266 492/784/266
f 323/785/267 356/749/267 355/683/267
f 324/786/267 355/683/267 357/685/267
f 325/787/267 357/685/267 358/688/267
f 326/788/267 358/688/267 359/690/267
f 327/789/267 359/690/267 360/692/267
f 328/790/267 360/692/267 361/694/267
f 329/791/267 361/694/267 362/696/267
f 330/792/267 362/696/267 363/698/267
f 331/793/267 363/698/267 364/700/267
f 332/794/267 364/700/267 365/702/267
f 333/795/267 365/702/267 366/704/267
f 334/796/267 366/704/267 367/706/267
f 335/797/267 367/706/267 368/708/267
f 336/798/267 368/708/267 369/710/267
f 337/799/267 369/710/267 370/712/267
f 338/800/267 370/712/267 371/714/267
f 339/801/267 371/714/267 372/716/267
f 340/802/267 372/716/267 373/718/267
f 341/803/267 373/718/267 374/720/267
f 342/804/267 374/720/267 375/722/267
f 343/805/267 375/722/267 376/724/267
f 344/806/267 376/724/267 377/726/267
f 345/807/267 377/726/267 378/728/267
f 346/808/267 378/728/267 379/730/267
f 347/809/267 379/730/267 380/732/267
f 348/810/267 380/732/267 381/734/267
f 349/811/267 381/734/267 382/736/267
f 350/812/267 382/736/267 383/738/267
f 351/813/267 383/738/267 384/740/267
f 352/814/267 384/740/267 385/742/267
f 353/815/267 385/742/267 386/744/267
f 354/816/267 386/744/267 356/749/267
f 395/817/31 459/947/31 458/818/31
f 334/820/66 430/826/66 429/821/66
f 348/823/67 444/878/67 443/824/67
f 335/825/68 431/831/68 430/826/68
f 349/827/69 445/833/69 444/828/69
f 336/830/70 432/182/70 431/831/70
f 350/832/71 446/839/71 445/833/71
f 337/834/72 433/186/72 432/182/72
f 324/835/73 419/1283/73 420/836/73
f 351/838/74 447/844/74 446/839/74
f 338/840/75 434/193/75 433/186/75
f 325/841/76 421/847/76 419/842/76
f 352/843/77 448/849/77 447/844/77
f 339/845/78 435/200/78 434/193/78
f 326/846/79 422/852/79 421/847/79
f 353/848/80 449/854/80 448/849/80
f 340/850/81 436/206/81 435/200/81
f 327/851/82 423/859/82 422/852/82
f 354/853/83 450/860/83 449/854/83
f 341/855/84 437/862/84 436/856/84
f 328/858/85 424/864/85 423/859/85
f 323/837/86 420/836/86 450/860/86
f 342/861/87 438/866/87 437/862/87
f 329/863/88 425/868/88 424/864/88
f 343/865/89 439/870/89 438/866/89
f 330/867/90 426/872/90 425/868/90
f 344/869/91 440/874/91 439/870/91
f 331/871/92 427/876/92 426/872/92
f 345/873/93 441/877/93 440/874/93
f 332/875/94 428/1284/94 427/876/94
f 346/747/95 442/746/95 441/877/95
f 333/822/96 429/821/96 428/878/96
f 388/879/267 420/942/267 419/880/267
f 387/881/267 419/880/267 421/882/267
f 389/883/267 421/882/267 422/884/267
f 390/885/267 422/884/267 423/886/267
f 391/887/267 423/886/267 424/888/267
f 392/889/267 424/888/267 425/890/267
f 393/891/267 425/890/267 426/892/267
f 394/893/267 426/892/267 427/894/267
f 395/895/267 427/894/267 428/896/267
f 396/897/267 428/896/267 429/898/267
f 397/899/267 429/898/267 430/900/267
f 398/901/267 430/900/267 431/902/267
f 399/903/267 431/902/267 432/904/267
f 400/905/267 432/904/267 433/906/267
f 401/907/267 433/906/267 434/908/267
f 402/909/267 434/908/267 435/910/267
f 403/911/267 435/910/267 436/912/267
f 404/913/267 436/912/267 437/914/267
f 405/915/267 437/914/267 438/916/267
f 406/917/267 438/916/267 439/918/267
f 407/919/267 439/918/267 440/920/267
f 408/921/267 440/920/267 441/922/267
f 409/923/267 441/922/267 442/924/267
f 410/925/267 442/924/267 443/926/267
f 411/927/267 443/926/267 444/928/267
f 412/929/267 444/928/267 445/930/267
f 413/931/267 445/930/267 446/932/267
f 414/933/267 446/932/267 447/934/267
f 415/935/267 447/934/267 448/936/267
f 416/937/267 448/936/267 449/938/267
f 417/939/267 449/938/267 450/940/267
f 418/941/267 450/940/267 420/942/267
f 409/943/88 473/949/88 472/944/88
f 396/946/67 460/1285/67 459/947/67
f 410/948/90 474/954/90 473/949/90
f 397/950/69 461/956/69 460/951/69
f 411/953/92 475/958/92 474/954/92
f 398/955/71 462/960/71 461/956/71
f 412/957/94 476/1286/94 475/958/94
f 399/959/74 463/965/74 462/960/74
f 413/961/96 477/967/96 476/962/96
f 400/964/77 464/969/77 463/965/77
f 414/966/66 478/974/66 477/967/66
f 401/968/80 465/976/80 464/969/80
f 387/970/81 451/1287/81 452/971/81
f 415/973/68 479/981/68 478/974/68
f 402/975/83 466/983/83 465/976/83
f 389/977/84 453/985/84 451/978/84
f 416/980/70 480/987/70 479/981/70
f 403/982/86 467/989/86 466/983/86
f 390/984/87 454/991/87 453/985/87
f 417/986/72 481/993/72 480/987/72
f 404/988/73 468/1288/73 467/989/73
f 391/990/89 455/998/89 454/991/89
f 418/992/75 482/999/75 481/993/75
f 405/994/76 469/1001/76 468/995/76
f 392/997/91 456/1003/91 455/998/91
f 388/972/78 452/971/78 482/999/78
f 406/1000/79 470/1005/79 469/1001/79
f 393/1002/93 457/1006/93 456/1003/93
f 407/1004/82 471/1007/82 470/1005/82
f 394/819/95 458/818/95 457/1006/95
f 408/945/85 472/944/85 471/1007/85
f 657/1008/267 660/1242/267 466/1009/267
f 477/1011/267 626/1289/267 625/1012/267
f 670/1014/267 669/1234/267 472/1015/267
f 643/1017/267 644/1189/267 456/1018/267
f 639/1020/267 637/1026/267 452/1021/267
f 462/1023/267 655/1290/267 654/1024/267
f 637/1026/267 635/1186/267 482/1027/267
f 484/686/268 485/1291/268 488/1028/268
f 485/1029/269 483/1033/269 487/748/269
f 490/750/270 491/1034/270 485/1031/270
f 491/1032/271 489/684/271 483/1033/271
f 493/753/272 494/1036/272 491/1034/272
f 494/1035/273 492/784/273 489/684/273
f 496/754/274 497/1038/274 494/1036/274
f 497/1037/275 495/689/275 492/784/275
f 499/755/276 500/1040/276 497/1038/276
f 500/1039/277 498/691/277 495/689/277
f 502/756/278 503/1042/278 500/1040/278
f 503/1041/279 501/693/279 498/691/279
f 505/757/280 506/1044/280 503/1042/280
f 506/1043/281 504/695/281 501/693/281
f 508/758/282 509/1046/282 506/1044/282
f 509/1045/283 507/697/283 504/695/283
f 511/759/284 512/1292/284 509/1046/284
f 512/1047/285 510/699/285 507/697/285
f 514/760/286 515/1050/286 512/1048/286
f 515/1049/287 513/701/287 510/699/287
f 517/762/288 518/1052/288 515/1050/288
f 518/1051/289 516/703/289 513/701/289
f 520/763/290 521/1054/290 518/1052/290
f 521/1053/291 519/705/291 516/703/291
f 523/764/292 524/1056/292 521/1054/292
f 524/1055/293 522/707/293 519/705/293
f 526/765/294 527/1058/294 524/1056/294
f 527/1057/295 525/709/295 522/707/295
f 529/766/296 530/1060/296 527/1058/296
f 530/1059/297 528/711/297 525/709/297
f 532/767/298 533/1062/298 530/1060/298
f 533/1061/299 531/713/299 528/711/299
f 535/768/300 536/1293/300 533/1062/300
f 536/1063/301 534/715/301 531/713/301
f 538/769/302 539/1066/302 536/1064/302
f 539/1065/303 537/717/303 534/715/303
f 541/771/304 542/1068/304 539/1066/304
f 542/1067/305 540/719/305 537/717/305
f 544/772/306 545/1070/306 542/1068/306
f 545/1069/307 543/721/307 540/719/307
f 547/773/308 548/1072/308 545/1070/308
f 548/1071/309 546/723/309 543/721/309
f 550/774/310 551/1074/310 548/1072/310
f 551/1073/311 549/725/311 546/723/311
f 553/775/312 554/1076/312 551/1074/312
f 554/1075/313 552/727/313 549/725/313
f 556/776/314 557/1078/314 554/1076/314
f 557/1077/315 555/729/315 552/727/315
f 559/777/316 560/1294/316 557/1078/316
f 560/1079/317 558/731/317 555/729/317
f 562/778/318 563/1082/318 560/1080/318
f 563/1081/319 561/733/319 558/731/319
f 565/780/320 566/1084/320 563/1082/320
f 566/1083/321 564/735/321 561/733/321
f 568/781/322 569/1086/322 566/1084/322
f 569/1085/323 567/737/323 564/735/323
f 571/782/324 572/1088/324 569/1086/324
f 572/1087/325 570/739/325 567/737/325
f 574/783/326 575/1090/326 572/1088/326
f 575/1089/327 573/741/327 570/739/327
f 577/752/328 578/1092/328 575/1090/328
f 578/1091/329 576/743/329 573/741/329
f 486/687/330 488/1028/330 578/1092/330
f 488/1030/331 487/748/331 576/743/331
f 356/749/332 487/748/332 483/1033/332
f 618/1093/162 720/455/162 709/454/162
f 615/1095/163 680/457/163 720/455/163
f 616/1096/164 683/459/164 680/457/164
f 617/1097/165 687/461/165 683/459/165
f 613/1098/166 692/463/166 687/461/166
f 614/1099/167 736/465/167 692/463/167
f 611/487/168 714/467/168 736/465/168
f 612/1100/169 689/470/169 714/469/169
f 621/1102/170 674/1295/170 731/472/170
f 631/1104/171 698/476/171 690/475/171
f 630/1106/172 739/478/172 698/476/172
f 628/1107/173 725/481/173 739/480/173
f 625/1109/174 703/483/174 725/481/174
f 625/1110/175 626/1296/175 679/485/175
f 638/1112/176 722/489/176 707/488/176
f 640/1114/177 688/492/177 722/491/177
f 636/1116/178 717/494/178 688/492/178
f 633/1117/179 727/497/179 717/496/179
f 643/1119/180 691/500/180 693/499/180
f 641/1121/181 742/503/181 691/502/181
f 642/1123/182 694/505/182 742/503/182
f 646/1124/183 697/508/183 694/507/183
f 652/1126/173 726/510/173 702/483/173
f 649/1127/174 735/512/174 726/510/174
f 654/1128/171 728/515/171 704/514/171
f 655/1130/172 702/517/172 728/515/172
f 663/1131/179 708/520/179 740/519/179
f 659/1133/176 741/523/176 732/522/176
f 660/1135/177 700/526/177 741/525/177
f 657/1137/178 740/528/178 700/526/178
f 667/1138/180 684/531/180 734/530/180
f 666/1140/181 705/534/181 684/533/181
f 665/1122/182 678/502/182 705/534/182
f 669/1142/183 737/538/183 678/537/183
f 673/1144/184 716/541/184 686/540/184
f 681/542/185 675/573/185 676/1145/185
f 730/528/186 658/1137/186 661/1134/186
f 711/546/187 653/1171/187 656/1108/187
f 699/549/188 647/1172/188 648/1147/188
f 718/552/189 635/1173/189 637/1149/189
f 701/555/186 637/1297/186 639/1113/186
f 738/558/187 629/1176/187 632/1151/187
f 733/561/190 670/1298/190 672/1152/190
f 682/563/191 662/1299/191 664/1153/191
f 695/566/192 650/1181/192 651/1154/192
f 697/508/193 646/1124/193 645/1156/193
f 727/497/194 633/1117/194 634/1158/194
f 716/571/195 673/1300/195 624/1160/195
f 685/574/196 624/1160/196 622/1161/196
f 712/576/197 619/1182/197 621/570/197
f 713/579/198 671/1301/198 668/1139/198
f 677/531/198 648/1138/198 644/1120/198
f 689/470/199 612/1100/199 620/1164/199
f 731/584/200 674/1302/200 675/1165/200
f 719/587/188 672/1152/188 671/1167/188
f 715/589/189 664/1153/189 658/1169/189
f 710/591/201 651/1151/201 653/1171/201
f 696/592/190 645/1303/190 647/1172/190
f 721/594/191 634/1304/191 635/1173/191
f 679/485/192 626/1296/192 627/1174/192
f 723/597/201 627/1305/201 629/1176/201
f 724/599/202 622/1306/202 623/1094/202
f 737/538/193 669/1142/193 670/1177/193
f 708/520/194 663/1131/194 662/1179/194
f 735/604/175 649/1307/175 650/1181/175
f 706/606/203 620/1164/203 619/1182/203
f 638/1183/267 639/1020/267 451/1022/267
f 481/1185/267 482/1027/267 635/1186/267
f 455/1188/267 456/1018/267 644/1189/267
f 641/1191/267 643/1017/267 457/1019/267
f 454/1193/267 455/1188/267 648/1190/267
f 638/1183/267 453/1184/267 454/1193/267
f 460/1195/267 461/1025/267 654/1024/267
f 652/1197/267 655/1290/267 462/1023/267
f 659/1199/267 649/1255/267 464/1200/267
f 653/1202/267 651/1205/267 616/1203/267
f 651/1205/267 650/1254/267 617/1206/267
f 656/1196/267 641/1191/267 459/1207/267
f 641/1191/267 458/1192/267 459/1207/267
f 642/1208/267 641/1191/267 656/1196/267
f 640/1209/267 638/1183/267 647/1194/267
f 674/1211/267 621/1230/267 628/1212/267
f 642/1208/267 653/1202/267 615/1204/267
f 671/1215/267 672/1233/267 625/1012/267
f 675/1216/267 674/1211/267 630/1213/267
f 676/1218/267 633/1228/267 636/1219/267
f 673/1220/267 636/1219/267 640/1209/267
f 627/1222/267 626/1289/267 477/1011/267
f 629/1224/267 627/1222/267 478/1223/267
f 632/1226/267 629/1224/267 479/1225/267
f 634/1187/267 632/1226/267 480/1227/267
f 676/1218/267 675/1216/267 631/1217/267
f 633/1228/267 631/1217/267 632/1226/267
f 671/1215/267 628/1212/267 621/1230/267
f 670/1014/267 473/1016/267 474/1232/267
f 672/1233/267 474/1232/267 475/1229/267
f 669/1234/267 665/1236/267 471/1235/267
f 665/1236/267 666/1251/267 470/1237/267
f 667/1238/267 668/1241/267 620/1239/267
f 668/1241/267 671/1215/267 619/1231/267
f 465/1201/267 466/1009/267 660/1242/267
f 611/1243/267 614/1246/267 658/1244/267
f 667/1238/267 612/1240/267 611/1243/267
f 614/1246/267 613/1253/267 661/1247/267
f 663/1248/267 657/1008/267 467/1010/267
f 667/1238/267 664/1245/267 662/1250/267
f 662/1250/267 663/1248/267 468/1249/267
f 613/1253/267 617/1206/267 650/1254/267
f 666/1251/267 662/1250/267 469/1252/267
f 649/1255/267 652/1197/267 463/1198/267
f 661/1247/267 650/1254/267 649/1255/267
f 646/1256/267 642/1208/267 618/1214/267
f 622/1258/267 645/1210/267 646/1256/267
f 624/1221/267 640/1209/267 645/1210/267
