# Blender 4.2.16 LTS
# www.blender.org
mtllib suspension_cup.mtl
o Suspension_cup
v 0.034871 0.003665 0.105501
v 0.034871 -0.003665 0.105501
v 0.020609 -0.028366 0.105501
v 0.014261 -0.032031 0.105501
v -0.039120 -0.056082 0.000000
v -0.056082 -0.039124 0.000000
v -0.056082 -0.039124 0.010000
v -0.039120 -0.056082 0.010000
v -0.056082 0.039063 0.000000
v -0.039145 0.056082 0.000000
v -0.039145 0.056082 0.010000
v -0.056082 0.039063 0.010000
v 0.056082 -0.039145 0.000000
v 0.039145 -0.056082 0.000000
v 0.039145 -0.056082 0.010000
v 0.056082 -0.039145 0.010000
v 0.039089 0.056082 0.000000
v 0.056082 0.039166 0.000000
v 0.056082 0.039166 0.010000
v 0.039089 0.056082 0.010000
v -0.056082 0.005443 0.010000
v 0.056082 0.005443 0.010000
v -0.056082 0.005443 0.000000
v 0.056082 0.005443 0.000000
v -0.056082 -0.005443 0.000000
v 0.056082 -0.005443 0.010000
v -0.056082 -0.005443 0.010000
v 0.056082 -0.005443 0.000000
v -0.000000 0.056082 0.010000
v -0.000000 0.056082 0.000000
v -0.000000 -0.056082 0.010000
v -0.000000 -0.056082 0.000000
v -0.010827 0.056082 0.010000
v -0.010827 -0.056082 0.010000
v -0.010827 -0.056082 0.000000
v -0.010827 0.056082 0.000000
v 0.010827 0.056082 0.000000
v 0.010827 0.056082 0.010000
v 0.010827 -0.056082 0.010000
v 0.010827 -0.056082 0.000000
v -0.000000 0.035179 0.038757
v -0.000000 0.042678 0.032211
v 0.007314 0.034411 0.038757
v 0.008873 0.041745 0.032211
v 0.017359 0.038988 0.032211
v 0.025085 0.034527 0.032211
v 0.026143 0.023540 0.038757
v 0.031716 0.028557 0.032211
v 0.030466 0.017590 0.038757
v 0.036960 0.021339 0.032211
v 0.033457 0.010871 0.038757
v 0.040589 0.013188 0.032211
v 0.042444 0.004461 0.032211
v 0.042444 -0.004461 0.032211
v 0.033457 -0.010871 0.038757
v 0.040589 -0.013188 0.032211
v 0.030466 -0.017590 0.038757
v 0.036960 -0.021339 0.032211
v 0.026143 -0.023540 0.038757
v 0.031716 -0.028557 0.032211
v 0.025086 -0.034527 0.032211
v 0.017359 -0.038988 0.032211
v 0.007314 -0.034411 0.038757
v 0.008873 -0.041745 0.032211
v -0.000000 -0.035179 0.038757
v -0.000000 -0.042678 0.032211
v -0.007314 -0.034411 0.038757
v -0.008873 -0.041745 0.032211
v -0.014309 -0.032138 0.038757
v -0.017359 -0.038988 0.032211
v -0.020678 -0.028461 0.038757
v -0.025086 -0.034527 0.032211
v -0.026143 -0.023540 0.038757
v -0.031716 -0.028557 0.032211
v -0.030466 -0.017590 0.038757
v -0.036960 -0.021339 0.032211
v -0.033457 -0.010871 0.038757
v -0.040589 -0.013188 0.032211
v -0.034987 -0.003677 0.038757
v -0.042444 -0.004461 0.032211
v -0.034987 0.003677 0.038757
v -0.042444 0.004461 0.032211
v -0.033457 0.010871 0.038757
v -0.040589 0.013188 0.032211
v -0.030466 0.017590 0.038757
v -0.036960 0.021339 0.032211
v -0.026143 0.023540 0.038757
v -0.031716 0.028557 0.032211
v -0.020678 0.028461 0.038757
v -0.025086 0.034527 0.032211
v -0.014309 0.032138 0.038757
v -0.017359 0.038988 0.032211
v -0.007314 0.034411 0.038757
v -0.008873 0.041745 0.032211
v -0.000000 0.047326 0.025541
v 0.009840 0.046292 0.025541
v 0.019249 0.043235 0.025541
v 0.027818 0.038288 0.025541
v 0.035170 0.031667 0.025541
v 0.040986 0.023663 0.025541
v 0.045010 0.014625 0.025541
v 0.047067 0.004947 0.025541
v 0.047067 -0.004947 0.025541
v 0.045010 -0.014625 0.025541
v 0.040986 -0.023663 0.025541
v 0.035170 -0.031667 0.025541
v 0.027818 -0.038288 0.025541
v 0.019249 -0.043235 0.025541
v 0.009840 -0.046292 0.025541
v -0.000000 -0.047326 0.025541
v -0.009840 -0.046292 0.025541
v -0.019249 -0.043235 0.025541
v -0.027818 -0.038288 0.025541
v -0.035170 -0.031667 0.025541
v -0.040986 -0.023663 0.025541
v -0.045010 -0.014625 0.025541
v -0.047067 -0.004947 0.025541
v -0.047067 0.004947 0.025541
v -0.045010 0.014625 0.025541
v -0.040986 0.023663 0.025541
v -0.035170 0.031667 0.025541
v -0.027818 0.038288 0.025541
v -0.019249 0.043235 0.025541
v -0.009840 0.046292 0.025541
v -0.000000 0.050501 0.018023
v 0.010500 0.049398 0.018023
v 0.020541 0.046135 0.018023
v 0.029684 0.040856 0.018023
v 0.037530 0.033792 0.018023
v 0.043735 0.025251 0.018023
v 0.048030 0.015606 0.018023
v 0.050225 0.005279 0.018023
v 0.050225 -0.005279 0.018023
v 0.048030 -0.015606 0.018023
v 0.043735 -0.025251 0.018023
v 0.037530 -0.033792 0.018023
v 0.029684 -0.040856 0.018023
v 0.020541 -0.046135 0.018023
v 0.010500 -0.049398 0.018023
v -0.000000 -0.050501 0.018023
v -0.010500 -0.049398 0.018023
v -0.020541 -0.046135 0.018023
v -0.029684 -0.040856 0.018023
v -0.037530 -0.033792 0.018023
v -0.043735 -0.025251 0.018023
v -0.048030 -0.015606 0.018023
v -0.050225 -0.005279 0.018023
v -0.050225 0.005279 0.018023
v -0.048030 0.015606 0.018023
v -0.043735 0.025251 0.018023
v -0.037530 0.033792 0.018023
v -0.029684 0.040856 0.018023
v -0.020541 0.046135 0.018023
v -0.010500 0.049398 0.018023
v -0.000000 0.029422 0.041837
v 0.006117 0.028779 0.041837
v 0.011967 0.026878 0.041837
v 0.017294 0.023803 0.041837
v 0.021865 0.019687 0.041837
v 0.025480 0.014711 0.041837
v 0.027982 0.009092 0.041837
v 0.029261 0.003075 0.041837
v 0.029261 -0.003075 0.041837
v 0.027982 -0.009092 0.041837
v 0.025480 -0.014711 0.041837
v 0.021865 -0.019687 0.041837
v 0.017294 -0.023803 0.041837
v 0.011967 -0.026878 0.041837
v 0.006117 -0.028779 0.041837
v -0.000000 -0.029422 0.041837
v -0.006117 -0.028779 0.041837
v -0.011967 -0.026878 0.041837
v -0.017294 -0.023803 0.041837
v -0.021865 -0.019687 0.041837
v -0.025480 -0.014711 0.041837
v -0.027982 -0.009092 0.041837
v -0.029261 -0.003075 0.041837
v -0.029261 0.003075 0.041837
v -0.027982 0.009092 0.041837
v -0.025480 0.014711 0.041837
v -0.021865 0.019687 0.041837
v -0.017294 0.023803 0.041837
v -0.011967 0.026878 0.041837
v -0.006117 0.028779 0.041837
v -0.000000 0.026266 0.044026
v 0.005461 0.025692 0.044026
v 0.010683 0.023995 0.044026
v 0.015439 0.021249 0.044026
v 0.019519 0.017575 0.044026
v 0.022747 0.013133 0.044026
v 0.024980 0.008117 0.044026
v 0.026122 0.002745 0.044026
v 0.026122 -0.002746 0.044026
v 0.024980 -0.008117 0.044026
v 0.022747 -0.013133 0.044026
v 0.019519 -0.017575 0.044026
v 0.015439 -0.021249 0.044026
v 0.010683 -0.023995 0.044026
v 0.005461 -0.025692 0.044026
v -0.000000 -0.026266 0.044026
v -0.005461 -0.025692 0.044026
v -0.010683 -0.023995 0.044026
v -0.015439 -0.021249 0.044026
v -0.019519 -0.017575 0.044026
v -0.022747 -0.013133 0.044026
v -0.024980 -0.008117 0.044026
v -0.026122 -0.002745 0.044026
v -0.026122 0.002746 0.044026
v -0.024980 0.008117 0.044026
v -0.022747 0.013133 0.044026
v -0.019519 0.017575 0.044026
v -0.015439 0.021249 0.044026
v -0.010683 0.023995 0.044026
v -0.005461 0.025692 0.044026
v -0.000000 0.024165 0.047215
v 0.005024 0.023637 0.047215
v 0.009829 0.022076 0.047215
v 0.014204 0.019550 0.047215
v 0.017958 0.016170 0.047215
v 0.020928 0.012083 0.047215
v 0.022982 0.007467 0.047215
v 0.024033 0.002526 0.047215
v 0.024033 -0.002526 0.047215
v 0.022982 -0.007467 0.047215
v 0.020928 -0.012083 0.047215
v 0.017958 -0.016170 0.047215
v 0.014204 -0.019550 0.047215
v 0.009829 -0.022076 0.047215
v 0.005024 -0.023637 0.047215
v -0.000000 -0.024165 0.047215
v -0.005024 -0.023637 0.047215
v -0.009829 -0.022076 0.047215
v -0.014204 -0.019550 0.047215
v -0.017958 -0.016170 0.047215
v -0.020928 -0.012083 0.047215
v -0.022982 -0.007467 0.047215
v -0.024033 -0.002526 0.047215
v -0.024033 0.002526 0.047215
v -0.022982 0.007467 0.047215
v -0.020928 0.012083 0.047215
v -0.017958 0.016170 0.047215
v -0.014204 0.019550 0.047215
v -0.009829 0.022076 0.047215
v -0.005024 0.023637 0.047215
v -0.000000 0.023435 0.050966
v 0.004872 0.022923 0.050966
v 0.009532 0.021409 0.050966
v 0.013775 0.018959 0.050966
v 0.017416 0.015681 0.050966
v 0.020295 0.011718 0.050966
v 0.022288 0.007242 0.050966
v 0.023307 0.002450 0.050966
v 0.023307 -0.002450 0.050966
v 0.022288 -0.007242 0.050966
v 0.020295 -0.011718 0.050966
v 0.017416 -0.015681 0.050966
v 0.013775 -0.018959 0.050966
v 0.009532 -0.021409 0.050966
v 0.004872 -0.022923 0.050966
v -0.000000 -0.023435 0.050966
v -0.004872 -0.022923 0.050966
v -0.009532 -0.021409 0.050966
v -0.013775 -0.018959 0.050966
v -0.017416 -0.015681 0.050966
v -0.020295 -0.011718 0.050966
v -0.022288 -0.007242 0.050966
v -0.023307 -0.002450 0.050966
v -0.023307 0.002450 0.050966
v -0.022288 0.007242 0.050966
v -0.020295 0.011718 0.050966
v -0.017416 0.015681 0.050966
v -0.013775 0.018959 0.050966
v -0.009532 0.021409 0.050966
v -0.004872 0.022923 0.050966
v -0.000000 0.051664 0.013002
v 0.010741 0.050535 0.013002
v 0.021013 0.047197 0.013002
v 0.030367 0.041797 0.013002
v 0.038393 0.034570 0.013002
v 0.044742 0.025832 0.013002
v 0.049135 0.015965 0.013002
v 0.051381 0.005400 0.013002
v 0.051381 -0.005400 0.013002
v 0.049135 -0.015965 0.013002
v 0.044742 -0.025832 0.013002
v 0.038393 -0.034570 0.013002
v 0.030367 -0.041797 0.013002
v 0.021013 -0.047197 0.013002
v 0.010741 -0.050535 0.013002
v -0.000000 -0.051664 0.013002
v -0.010741 -0.050535 0.013002
v -0.021013 -0.047197 0.013002
v -0.030367 -0.041797 0.013002
v -0.038394 -0.034570 0.013002
v -0.044742 -0.025832 0.013002
v -0.049135 -0.015965 0.013002
v -0.051381 -0.005400 0.013002
v -0.051381 0.005400 0.013002
v -0.049135 0.015965 0.013002
v -0.044742 0.025832 0.013002
v -0.038394 0.034570 0.013002
v -0.030367 0.041797 0.013002
v -0.021013 0.047197 0.013002
v -0.010741 0.050535 0.013002
v -0.000000 0.052074 0.010000
v 0.010827 0.050936 0.010000
v 0.021180 0.047572 0.010000
v 0.030608 0.042129 0.010000
v 0.038698 0.034844 0.010000
v 0.045097 0.026037 0.010000
v 0.049525 0.016092 0.010000
v 0.051789 0.005443 0.010000
v 0.051789 -0.005443 0.010000
v 0.049525 -0.016092 0.010000
v 0.045097 -0.026037 0.010000
v 0.038698 -0.034844 0.010000
v 0.030608 -0.042129 0.010000
v 0.021180 -0.047572 0.010000
v 0.010827 -0.050936 0.010000
v -0.000000 -0.052074 0.010000
v -0.010827 -0.050936 0.010000
v -0.021180 -0.047572 0.010000
v -0.030608 -0.042129 0.010000
v -0.038698 -0.034844 0.010000
v -0.045097 -0.026037 0.010000
v -0.049525 -0.016092 0.010000
v -0.051789 -0.005443 0.010000
v -0.051789 0.005443 0.010000
v -0.049525 0.016092 0.010000
v -0.045097 0.026037 0.010000
v -0.038698 0.034844 0.010000
v -0.030608 0.042129 0.010000
v -0.021180 0.047572 0.010000
v -0.010827 0.050936 0.010000
v -0.000000 0.023435 0.105501
v 0.004872 0.022923 0.105501
v 0.009532 0.021409 0.105501
v 0.013775 0.018959 0.105501
v 0.017416 0.015681 0.105501
v 0.020295 0.011718 0.105501
v 0.022288 0.007242 0.105501
v 0.023307 0.002450 0.105501
v 0.023307 -0.002450 0.105501
v 0.022288 -0.007242 0.105501
v 0.020295 -0.011718 0.105501
v 0.017416 -0.015681 0.105501
v 0.013775 -0.018959 0.105501
v 0.009532 -0.021409 0.105501
v 0.004872 -0.022923 0.105501
v -0.000000 -0.023435 0.105501
v -0.004872 -0.022923 0.105501
v -0.009532 -0.021409 0.105501
v -0.013775 -0.018959 0.105501
v -0.017416 -0.015681 0.105501
v -0.020295 -0.011718 0.105501
v -0.022288 -0.007242 0.105501
v -0.023307 -0.002450 0.105501
v -0.023307 0.002450 0.105501
v -0.022288 0.007242 0.105501
v -0.020295 0.011718 0.105501
v -0.017416 0.015681 0.105501
v -0.013775 0.018959 0.105501
v -0.009532 0.021409 0.105501
v -0.004872 0.022923 0.105501
v -0.000000 0.035063 0.105501
v 0.007290 0.034297 0.105501
v 0.014261 0.032031 0.105501
v 0.020609 0.028366 0.105501
v 0.026057 0.023462 0.105501
v 0.030365 0.017531 0.105501
v 0.033347 0.010835 0.105501
v 0.033347 -0.010835 0.105501
v 0.030365 -0.017531 0.105501
v 0.026057 -0.023462 0.105501
v 0.007290 -0.034297 0.105501
v -0.000000 -0.035063 0.105501
v -0.007290 -0.034297 0.105501
v -0.014261 -0.032031 0.105501
v -0.020609 -0.028366 0.105501
v -0.026057 -0.023462 0.105501
v -0.030365 -0.017531 0.105501
v -0.033347 -0.010835 0.105501
v -0.034871 -0.003665 0.105501
v -0.034871 0.003665 0.105501
v -0.033347 0.010835 0.105501
v -0.030365 0.017531 0.105501
v -0.026057 0.023462 0.105501
v -0.020609 0.028366 0.105501
v -0.014261 0.032031 0.105501
v -0.007290 0.034297 0.105501
v -0.000000 0.035063 0.114501
v 0.007290 0.034297 0.114501
v 0.014261 0.032031 0.114501
v 0.020609 0.028366 0.114501
v 0.026057 0.023462 0.114501
v 0.030365 0.017531 0.114501
v 0.033347 0.010835 0.114501
v 0.034871 0.003665 0.114501
v 0.034871 -0.003665 0.114501
v 0.033347 -0.010835 0.114501
v 0.030365 -0.017531 0.114501
v 0.026057 -0.023462 0.114501
v 0.020609 -0.028366 0.114501
v 0.014261 -0.032031 0.114501
v 0.007290 -0.034297 0.114501
v -0.000000 -0.035063 0.114501
v -0.007290 -0.034297 0.114501
v -0.014261 -0.032031 0.114501
v -0.020609 -0.028366 0.114501
v -0.026057 -0.023462 0.114501
v -0.030365 -0.017531 0.114501
v -0.033347 -0.010835 0.114501
v -0.034871 -0.003665 0.114501
v -0.034871 0.003665 0.114501
v -0.033347 0.010835 0.114501
v -0.030365 0.017531 0.114501
v -0.026057 0.023462 0.114501
v -0.020609 0.028366 0.114501
v -0.014261 0.032031 0.114501
v -0.007290 0.034297 0.114501
v -0.000000 0.020096 0.114501
v 0.004178 0.019657 0.114501
v 0.008174 0.018358 0.114501
v 0.011812 0.016258 0.114501
v 0.014934 0.013447 0.114501
v 0.017403 0.010048 0.114501
v 0.019112 0.006210 0.114501
v 0.019986 0.002101 0.114501
v 0.019986 -0.002101 0.114501
v 0.019112 -0.006210 0.114501
v 0.017403 -0.010048 0.114501
v 0.014934 -0.013447 0.114501
v 0.011812 -0.016258 0.114501
v 0.008174 -0.018358 0.114501
v 0.004178 -0.019657 0.114501
v -0.000000 -0.020096 0.114501
v -0.004178 -0.019657 0.114501
v -0.008174 -0.018358 0.114501
v -0.011812 -0.016258 0.114501
v -0.014934 -0.013447 0.114501
v -0.017403 -0.010048 0.114501
v -0.019112 -0.006210 0.114501
v -0.019986 -0.002101 0.114501
v -0.019986 0.002101 0.114501
v -0.019112 0.006210 0.114501
v -0.017403 0.010048 0.114501
v -0.014934 0.013447 0.114501
v -0.011812 0.016258 0.114501
v -0.008174 0.018358 0.114501
v -0.004178 0.019657 0.114501
v -0.000000 0.020096 0.144502
v 0.004178 0.019657 0.144502
v 0.008174 0.018358 0.144502
v 0.011812 0.016258 0.144502
v 0.014934 0.013447 0.144502
v 0.017403 0.010048 0.144502
v 0.019112 0.006210 0.144502
v 0.019986 0.002101 0.144502
v 0.019986 -0.002101 0.144502
v 0.019112 -0.006210 0.144502
v 0.017403 -0.010048 0.144502
v 0.014934 -0.013447 0.144502
v 0.011812 -0.016258 0.144502
v 0.008174 -0.018358 0.144502
v 0.004178 -0.019657 0.144502
v -0.000000 -0.020096 0.144502
v -0.004178 -0.019657 0.144502
v -0.008174 -0.018358 0.144502
v -0.011812 -0.016258 0.144502
v -0.014934 -0.013447 0.144502
v -0.017403 -0.010048 0.144502
v -0.019112 -0.006210 0.144502
v -0.019986 -0.002101 0.144502
v -0.019986 0.002101 0.144502
v -0.019112 0.006210 0.144502
v -0.017403 0.010048 0.144502
v -0.014934 0.013447 0.144502
v -0.011812 0.016258 0.144502
v -0.008174 0.018358 0.144502
v -0.004178 0.019657 0.144502
v -0.000000 0.010054 0.159502
v 0.002090 0.009834 0.159502
v 0.004089 0.009184 0.159502
v 0.005909 0.008134 0.159502
v 0.007471 0.006727 0.159502
v 0.008707 0.005027 0.159502
v 0.009562 0.003107 0.159502
v 0.009999 0.001051 0.159502
v 0.009999 -0.001051 0.159502
v 0.009562 -0.003107 0.159502
v 0.008707 -0.005027 0.159502
v 0.007471 -0.006727 0.159502
v 0.005909 -0.008134 0.159502
v 0.004089 -0.009184 0.159502
v 0.002090 -0.009834 0.159502
v -0.000000 -0.010054 0.159502
v -0.002090 -0.009834 0.159502
v -0.004089 -0.009184 0.159502
v -0.005909 -0.008134 0.159502
v -0.007471 -0.006727 0.159502
v -0.008707 -0.005027 0.159502
v -0.009562 -0.003107 0.159502
v -0.009999 -0.001051 0.159502
v -0.009999 0.001051 0.159502
v -0.009562 0.003107 0.159502
v -0.008707 0.005027 0.159502
v -0.007471 0.006727 0.159502
v -0.005909 0.008134 0.159502
v -0.004089 0.009184 0.159502
v -0.002090 0.009834 0.159502
v -0.021180 0.056082 0.010000
v -0.021180 0.056082 0.000000
v 0.056082 -0.016092 0.010000
v -0.021180 -0.056082 0.000000
v 0.021180 -0.056082 0.010000
v 0.021180 -0.056082 0.000000
v 0.056082 0.016092 0.010000
v 0.056082 -0.016092 0.000000
v 0.056082 0.016092 0.000000
v 0.021180 0.056082 0.010000
v 0.021180 0.056082 0.000000
v -0.021180 -0.056082 0.010000
v -0.056082 -0.016092 0.000000
v -0.056082 -0.016092 0.010000
v -0.056082 0.016092 0.010000
v -0.056082 0.016092 0.000000
v 0.044730 0.045055 0.000000
v 0.044730 0.045055 0.010000
v 0.042197 0.045913 0.000000
v 0.042197 0.045913 0.010000
v 0.039800 0.044730 0.000000
v 0.039800 0.044730 0.010000
v -0.042427 0.045921 0.000000
v -0.042427 0.045921 0.010000
v -0.039957 0.044898 0.000000
v -0.039957 0.044898 0.010000
v -0.044898 0.044898 0.000000
v -0.044898 0.044898 0.010000
v -0.038934 0.042427 0.000000
v -0.038934 0.042427 0.010000
v -0.045921 0.042427 0.000000
v -0.045921 0.042427 0.010000
v 0.045913 0.042657 0.000000
v 0.045913 0.042657 0.010000
v 0.038941 0.042197 0.000000
v 0.038941 0.042197 0.010000
v -0.039957 0.039957 0.000000
v -0.039957 0.039957 0.010000
v -0.044898 0.039957 0.000000
v -0.044898 0.039957 0.010000
v 0.045055 0.040125 0.000000
v 0.045055 0.040125 0.010000
v 0.042657 0.038941 0.000000
v 0.042657 0.038941 0.010000
v 0.040125 0.039800 0.000000
v 0.040125 0.039800 0.010000
v -0.042427 0.038934 0.000000
v -0.042427 0.038934 0.010000
v 0.045907 -0.042737 0.000000
v 0.045907 -0.042737 0.010000
v 0.045107 -0.040186 0.000000
v 0.045107 -0.040186 0.010000
v 0.044669 -0.045107 0.000000
v 0.044669 -0.045107 0.010000
v 0.042117 -0.045907 0.000000
v 0.042117 -0.045907 0.010000
v 0.042737 -0.038948 0.000000
v 0.042737 -0.038948 0.010000
v 0.039748 -0.044669 0.000000
v 0.039748 -0.044669 0.010000
v 0.040186 -0.039748 0.000000
v 0.040186 -0.039748 0.010000
v 0.038948 -0.042117 0.000000
v 0.038948 -0.042117 0.010000
v -0.039957 -0.039957 0.000000
v -0.039957 -0.039957 0.010000
v -0.038934 -0.042427 0.000000
v -0.038934 -0.042427 0.010000
v -0.039957 -0.044898 0.000000
v -0.039957 -0.044898 0.010000
v -0.042427 -0.045921 0.000000
v -0.042427 -0.045921 0.010000
v -0.044898 -0.039957 0.000000
v -0.044898 -0.039957 0.010000
v -0.042427 -0.038934 0.000000
v -0.042427 -0.038934 0.010000
v -0.045921 -0.042427 0.000000
v -0.045921 -0.042427 0.010000
v -0.044898 -0.044898 0.000000
v -0.044898 -0.044898 0.010000
v 0.047156 -0.048071 0.010000
v 0.047156 -0.048071 0.000000
v -0.047712 -0.047492 0.000000
v -0.047712 -0.047492 0.010000
v -0.047750 0.047436 0.010000
v -0.047750 0.047436 0.000000
v 0.047752 0.047459 0.010000
v 0.047752 0.047459 0.000000
v 0.014304 0.032128 0.038763
v 0.020671 0.028452 0.038763
v 0.014304 -0.032128 0.038763
v 0.020671 -0.028452 0.038763
v 0.034976 -0.003676 0.038763
v 0.034976 0.003676 0.038763
v -0.000000 0.039741 0.026583
v 0.008263 0.038873 0.026583
v 0.016164 0.036306 0.026583
v 0.023359 0.032151 0.026583
v 0.029534 0.026592 0.026583
v 0.034417 0.019871 0.026583
v 0.037796 0.012281 0.026583
v 0.039524 0.004154 0.026583
v 0.039524 -0.004154 0.026583
v 0.037796 -0.012281 0.026583
v 0.034417 -0.019871 0.026583
v 0.029534 -0.026592 0.026583
v 0.023359 -0.032151 0.026583
v 0.016164 -0.036306 0.026583
v 0.008263 -0.038873 0.026583
v -0.000000 -0.039741 0.026583
v -0.008263 -0.038873 0.026583
v -0.016164 -0.036306 0.026583
v -0.023359 -0.032151 0.026583
v -0.029534 -0.026592 0.026583
v -0.034417 -0.019871 0.026583
v -0.037796 -0.012281 0.026583
v -0.039524 -0.004154 0.026583
v -0.039524 0.004154 0.026583
v -0.037796 0.012281 0.026583
v -0.034417 0.019871 0.026583
v -0.029534 0.026592 0.026583
v -0.023359 0.032151 0.026583
v -0.016164 0.036306 0.026583
v -0.008263 0.038873 0.026583
v -0.000000 0.043799 0.020726
v 0.009106 0.042842 0.020726
v 0.017815 0.040013 0.020726
v 0.025745 0.035434 0.020726
v 0.032549 0.029308 0.020726
v 0.037931 0.021900 0.020726
v 0.041656 0.013535 0.020726
v 0.043560 0.004578 0.020726
v 0.043560 -0.004578 0.020726
v 0.041656 -0.013535 0.020726
v 0.037931 -0.021900 0.020726
v 0.032549 -0.029308 0.020726
v 0.025745 -0.035434 0.020726
v 0.017815 -0.040013 0.020726
v 0.009106 -0.042842 0.020726
v -0.000000 -0.043799 0.020726
v -0.009106 -0.042842 0.020726
v -0.017815 -0.040013 0.020726
v -0.025745 -0.035434 0.020726
v -0.032549 -0.029308 0.020726
v -0.037931 -0.021900 0.020726
v -0.041656 -0.013535 0.020726
v -0.043560 -0.004578 0.020726
v -0.043560 0.004578 0.020726
v -0.041656 0.013535 0.020726
v -0.037931 0.021900 0.020726
v -0.032549 0.029308 0.020726
v -0.025745 0.035435 0.020726
v -0.017815 0.040013 0.020726
v -0.009106 0.042842 0.020726
v -0.000000 0.034377 0.031300
v 0.007147 0.033626 0.031300
v 0.013982 0.031405 0.031300
v 0.020206 0.027811 0.031300
v 0.025547 0.023003 0.031300
v 0.029771 0.017188 0.031300
v 0.032694 0.010623 0.031300
v 0.034188 0.003593 0.031300
v 0.034188 -0.003593 0.031300
v 0.032694 -0.010623 0.031300
v 0.029771 -0.017188 0.031300
v 0.025547 -0.023003 0.031300
v 0.020206 -0.027811 0.031300
v 0.013982 -0.031405 0.031300
v 0.007147 -0.033626 0.031300
v -0.000000 -0.034377 0.031300
v -0.007147 -0.033626 0.031300
v -0.013982 -0.031405 0.031300
v -0.020206 -0.027811 0.031300
v -0.025547 -0.023003 0.031300
v -0.029771 -0.017188 0.031300
v -0.032694 -0.010623 0.031300
v -0.034188 -0.003593 0.031300
v -0.034188 0.003593 0.031300
v -0.032694 0.010623 0.031300
v -0.029771 0.017188 0.031300
v -0.025547 0.023003 0.031300
v -0.020206 0.027811 0.031300
v -0.013982 0.031405 0.031300
v -0.007147 0.033626 0.031300
v -0.000000 0.028039 0.034600
v 0.005830 0.027426 0.034600
v 0.011404 0.025615 0.034600
v 0.016481 0.022684 0.034600
v 0.020837 0.018762 0.034600
v 0.024282 0.014019 0.034600
v 0.026667 0.008664 0.034600
v 0.027885 0.002931 0.034600
v 0.027885 -0.002931 0.034600
v 0.026667 -0.008664 0.034600
v 0.024282 -0.014019 0.034600
v 0.020837 -0.018762 0.034600
v 0.016481 -0.022684 0.034600
v 0.011404 -0.025615 0.034600
v 0.005830 -0.027426 0.034600
v -0.000000 -0.028039 0.034600
v -0.005830 -0.027426 0.034600
v -0.011404 -0.025615 0.034600
v -0.016481 -0.022684 0.034600
v -0.020837 -0.018762 0.034600
v -0.024282 -0.014019 0.034600
v -0.026667 -0.008664 0.034600
v -0.027885 -0.002931 0.034600
v -0.027885 0.002931 0.034600
v -0.026667 0.008665 0.034600
v -0.024282 0.014019 0.034600
v -0.020837 0.018762 0.034600
v -0.016481 0.022684 0.034600
v -0.011404 0.025615 0.034600
v -0.005830 0.027426 0.034600
v -0.000000 0.021074 0.036292
v 0.004382 0.020613 0.036292
v 0.008572 0.019252 0.036292
v 0.012387 0.017049 0.036292
v 0.015661 0.014101 0.036292
v 0.018251 0.010537 0.036292
v 0.020042 0.006512 0.036292
v 0.020958 0.002203 0.036292
v 0.020958 -0.002203 0.036292
v 0.020042 -0.006512 0.036292
v 0.018251 -0.010537 0.036292
v 0.015661 -0.014101 0.036292
v 0.012387 -0.017049 0.036292
v 0.008572 -0.019252 0.036292
v 0.004382 -0.020613 0.036292
v -0.000000 -0.021074 0.036292
v -0.004382 -0.020613 0.036292
v -0.008572 -0.019252 0.036292
v -0.012387 -0.017049 0.036292
v -0.015661 -0.014101 0.036292
v -0.018251 -0.010537 0.036292
v -0.020042 -0.006512 0.036292
v -0.020958 -0.002203 0.036292
v -0.020958 0.002203 0.036292
v -0.020042 0.006512 0.036292
v -0.018251 0.010537 0.036292
v -0.015661 0.014101 0.036292
v -0.012387 0.017049 0.036292
v -0.008572 0.019252 0.036292
v -0.004382 0.020613 0.036292
v -0.000000 0.010536 0.036292
v 0.002191 0.010306 0.036292
v 0.004286 0.009626 0.036292
v 0.006193 0.008524 0.036292
v 0.007830 0.007050 0.036292
v 0.009125 0.005268 0.036292
v 0.010021 0.003256 0.036292
v 0.010479 0.001101 0.036292
v 0.010479 -0.001101 0.036292
v 0.010021 -0.003256 0.036292
v 0.009125 -0.005268 0.036292
v 0.007830 -0.007050 0.036292
v 0.006193 -0.008524 0.036292
v 0.004286 -0.009626 0.036292
v 0.002191 -0.010306 0.036292
v -0.000000 -0.010536 0.036292
v -0.002191 -0.010306 0.036292
v -0.004286 -0.009626 0.036292
v -0.006193 -0.008524 0.036292
v -0.007830 -0.007050 0.036292
v -0.009125 -0.005268 0.036292
v -0.010021 -0.003256 0.036292
v -0.010479 -0.001101 0.036292
v -0.010479 0.001101 0.036292
v -0.010021 0.003256 0.036292
v -0.009125 0.005268 0.036292
v -0.007830 0.007050 0.036292
v -0.006193 0.008524 0.036292
v -0.004286 0.009626 0.036292
v -0.002191 0.010306 0.036292
v -0.000000 0.009080 0.035909
v 0.001888 0.008882 0.035909
v 0.003693 0.008295 0.035909
v 0.005337 0.007346 0.035909
v 0.006748 0.006076 0.035909
v 0.007864 0.004540 0.035909
v 0.008636 0.002806 0.035909
v 0.009031 0.000949 0.035909
v 0.009031 -0.000949 0.035909
v 0.008636 -0.002806 0.035909
v 0.007864 -0.004540 0.035909
v 0.006748 -0.006076 0.035909
v 0.005337 -0.007346 0.035909
v 0.003693 -0.008295 0.035909
v 0.001888 -0.008882 0.035909
v -0.000000 -0.009080 0.035909
v -0.001888 -0.008882 0.035909
v -0.003693 -0.008295 0.035909
v -0.005337 -0.007346 0.035909
v -0.006748 -0.006076 0.035909
v -0.007864 -0.004540 0.035909
v -0.008636 -0.002806 0.035909
v -0.009031 -0.000949 0.035909
v -0.009031 0.000949 0.035909
v -0.008636 0.002806 0.035909
v -0.007864 0.004540 0.035909
v -0.006748 0.006076 0.035909
v -0.005337 0.007346 0.035909
v -0.003693 0.008295 0.035909
v -0.001888 0.008882 0.035909
v -0.000000 0.007845 0.034759
v 0.001631 0.007673 0.034759
v 0.003191 0.007167 0.034759
v 0.004611 0.006347 0.034759
v 0.005830 0.005249 0.034759
v 0.006794 0.003922 0.034759
v 0.007461 0.002424 0.034759
v 0.007802 0.000820 0.034759
v 0.007802 -0.000820 0.034759
v 0.007461 -0.002424 0.034759
v 0.006794 -0.003922 0.034759
v 0.005830 -0.005249 0.034759
v 0.004611 -0.006347 0.034759
v 0.003191 -0.007167 0.034759
v 0.001631 -0.007673 0.034759
v -0.000000 -0.007845 0.034759
v -0.001631 -0.007673 0.034759
v -0.003191 -0.007167 0.034759
v -0.004611 -0.006347 0.034759
v -0.005830 -0.005249 0.034759
v -0.006794 -0.003922 0.034759
v -0.007461 -0.002424 0.034759
v -0.007802 -0.000820 0.034759
v -0.007802 0.000820 0.034759
v -0.007461 0.002424 0.034759
v -0.006794 0.003922 0.034759
v -0.005830 0.005249 0.034759
v -0.004611 0.006347 0.034759
v -0.003191 0.007167 0.034759
v -0.001631 0.007674 0.034759
v -0.000000 0.007533 0.033292
v 0.001566 0.007369 0.033292
v 0.003064 0.006882 0.033292
v 0.004428 0.006095 0.033292
v 0.005598 0.005041 0.033292
v 0.006524 0.003767 0.033292
v 0.007165 0.002328 0.033292
v 0.007492 0.000787 0.033292
v 0.007492 -0.000787 0.033292
v 0.007165 -0.002328 0.033292
v 0.006524 -0.003767 0.033292
v 0.005598 -0.005041 0.033292
v 0.004428 -0.006095 0.033292
v 0.003064 -0.006882 0.033292
v 0.001566 -0.007369 0.033292
v -0.000000 -0.007533 0.033292
v -0.001566 -0.007369 0.033292
v -0.003064 -0.006882 0.033292
v -0.004428 -0.006095 0.033292
v -0.005598 -0.005041 0.033292
v -0.006524 -0.003767 0.033292
v -0.007165 -0.002328 0.033292
v -0.007492 -0.000787 0.033292
v -0.007492 0.000787 0.033292
v -0.007165 0.002328 0.033292
v -0.006524 0.003767 0.033292
v -0.005598 0.005041 0.033292
v -0.004428 0.006095 0.033292
v -0.003064 0.006882 0.033292
v -0.001566 0.007369 0.033292
v -0.000000 0.004295 0.033292
v 0.000893 0.004201 0.033292
v 0.001747 0.003924 0.033292
v 0.002524 0.003475 0.033292
v 0.003192 0.002874 0.033292
v 0.003719 0.002147 0.033292
v 0.004085 0.001327 0.033292
v 0.004271 0.000449 0.033292
v 0.004271 -0.000449 0.033292
v 0.004085 -0.001327 0.033292
v 0.003719 -0.002147 0.033292
v 0.003192 -0.002874 0.033292
v 0.002524 -0.003475 0.033292
v 0.001747 -0.003924 0.033292
v 0.000893 -0.004201 0.033292
v -0.000000 -0.004295 0.033292
v -0.000893 -0.004201 0.033292
v -0.001747 -0.003924 0.033292
v -0.002524 -0.003475 0.033292
v -0.003192 -0.002874 0.033292
v -0.003719 -0.002147 0.033292
v -0.004085 -0.001327 0.033292
v -0.004271 -0.000449 0.033292
v -0.004271 0.000449 0.033292
v -0.004085 0.001327 0.033292
v -0.003719 0.002147 0.033292
v -0.003192 0.002874 0.033292
v -0.002524 0.003475 0.033292
v -0.001747 0.003924 0.033292
v -0.000893 0.004201 0.033292
v -0.000000 0.004374 0.041501
v 0.000909 0.004279 0.041501
v 0.001779 0.003996 0.041501
v 0.002571 0.003539 0.041501
v 0.003251 0.002927 0.041501
v 0.003788 0.002187 0.041501
v 0.004160 0.001352 0.041501
v 0.004350 0.000457 0.041501
v 0.004350 -0.000457 0.041501
v 0.004160 -0.001352 0.041501
v 0.003788 -0.002187 0.041501
v 0.003251 -0.002927 0.041501
v 0.002571 -0.003539 0.041501
v 0.001779 -0.003996 0.041501
v 0.000909 -0.004279 0.041501
v -0.000000 -0.004374 0.041501
v -0.000909 -0.004279 0.041501
v -0.001779 -0.003996 0.041501
v -0.002571 -0.003539 0.041501
v -0.003251 -0.002927 0.041501
v -0.003788 -0.002187 0.041501
v -0.004160 -0.001352 0.041501
v -0.004350 -0.000457 0.041501
v -0.004350 0.000457 0.041501
v -0.004160 0.001352 0.041501
v -0.003788 0.002187 0.041501
v -0.003251 0.002927 0.041501
v -0.002571 0.003539 0.041501
v -0.001779 0.003996 0.041501
v -0.000909 0.004279 0.041501
v -0.000000 0.046345 0.014069
v 0.009636 0.045332 0.014069
v 0.018850 0.042338 0.014069
v 0.027241 0.037494 0.014069
v 0.034441 0.031011 0.014069
v 0.040136 0.023172 0.014069
v 0.044077 0.014321 0.014069
v 0.046091 0.004844 0.014069
v 0.046091 -0.004844 0.014069
v 0.044077 -0.014321 0.014069
v 0.040136 -0.023172 0.014069
v 0.034441 -0.031011 0.014069
v 0.027241 -0.037494 0.014069
v 0.018850 -0.042338 0.014069
v 0.009636 -0.045332 0.014069
v -0.000000 -0.046345 0.014069
v -0.009636 -0.045332 0.014069
v -0.018850 -0.042338 0.014069
v -0.027241 -0.037494 0.014069
v -0.034441 -0.031011 0.014069
v -0.040136 -0.023172 0.014069
v -0.044077 -0.014321 0.014069
v -0.046091 -0.004844 0.014069
v -0.046091 0.004844 0.014069
v -0.044077 0.014321 0.014069
v -0.040136 0.023172 0.014069
v -0.034441 0.031011 0.014069
v -0.027241 0.037494 0.014069
v -0.018850 0.042338 0.014069
v -0.009636 0.045332 0.014069
v -0.000000 0.047194 0.007000
v 0.009812 0.046163 0.007000
v 0.019196 0.043114 0.007000
v 0.027740 0.038181 0.007000
v 0.035072 0.031579 0.007000
v 0.040871 0.023597 0.007000
v 0.044884 0.014584 0.007000
v 0.046936 0.004933 0.007000
v 0.046936 -0.004933 0.007000
v 0.044884 -0.014584 0.007000
v 0.040871 -0.023597 0.007000
v 0.035072 -0.031579 0.007000
v 0.027740 -0.038181 0.007000
v 0.019196 -0.043114 0.007000
v 0.009812 -0.046163 0.007000
v -0.000000 -0.047194 0.007000
v -0.009812 -0.046163 0.007000
v -0.019196 -0.043114 0.007000
v -0.027740 -0.038181 0.007000
v -0.035072 -0.031579 0.007000
v -0.040871 -0.023597 0.007000
v -0.044884 -0.014584 0.007000
v -0.046936 -0.004933 0.007000
v -0.046936 0.004933 0.007000
v -0.044884 0.014584 0.007000
v -0.040871 0.023597 0.007000
v -0.035072 0.031579 0.007000
v -0.027740 0.038181 0.007000
v -0.019196 0.043114 0.007000
v -0.009812 0.046163 0.007000
v -0.000000 0.047194 0.003000
v 0.009812 0.046163 0.003000
v 0.019196 0.043114 0.003000
v 0.027740 0.038181 0.003000
v 0.035072 0.031579 0.003000
v 0.040871 0.023597 0.003000
v 0.044884 0.014584 0.003000
v 0.046936 0.004933 0.003000
v 0.046936 -0.004933 0.003000
v 0.044884 -0.014584 0.003000
v 0.040871 -0.023597 0.003000
v 0.035072 -0.031579 0.003000
v 0.027740 -0.038181 0.003000
v 0.019196 -0.043114 0.003000
v 0.009812 -0.046163 0.003000
v -0.000000 -0.047194 0.003000
v -0.009812 -0.046163 0.003000
v -0.019196 -0.043114 0.003000
v -0.027740 -0.038181 0.003000
v -0.035072 -0.031579 0.003000
v -0.040871 -0.023597 0.003000
v -0.044884 -0.014584 0.003000
v -0.046936 -0.004933 0.003000
v -0.046936 0.004933 0.003000
v -0.044884 0.014584 0.003000
v -0.040871 0.023597 0.003000
v -0.035072 0.031579 0.003000
v -0.027740 0.038181 0.003000
v -0.019196 0.043114 0.003000
v -0.009812 0.046163 0.003000
v -0.000000 0.050276 0.000000
v 0.010453 0.049177 0.000000
v 0.020449 0.045929 0.000000
v 0.029551 0.040674 0.000000
v 0.037362 0.033641 0.000000
v 0.043540 0.025138 0.000000
v 0.047815 0.015536 0.000000
v 0.050000 0.005255 0.000000
v 0.050000 -0.005255 0.000000
v 0.047815 -0.015536 0.000000
v 0.043540 -0.025138 0.000000
v 0.037362 -0.033641 0.000000
v 0.029551 -0.040674 0.000000
v 0.020449 -0.045929 0.000000
v 0.010453 -0.049177 0.000000
v -0.000000 -0.050276 0.000000
v -0.010453 -0.049177 0.000000
v -0.020449 -0.045929 0.000000
v -0.029551 -0.040674 0.000000
v -0.037362 -0.033641 0.000000
v -0.043540 -0.025138 0.000000
v -0.047815 -0.015536 0.000000
v -0.050000 -0.005255 0.000000
v -0.050000 0.005255 0.000000
v -0.047815 0.015536 0.000000
v -0.043540 0.025138 0.000000
v -0.037362 0.033641 0.000000
v -0.029551 0.040674 0.000000
v -0.020449 0.045929 0.000000
v -0.010453 0.049177 0.000000
vn 0.9976 0.0696 0.0005
vn 0.7275 -0.2445 0.6411
vn 0.7275 0.2445 0.6411
vn 0.5591 -0.8291 0.0005
vn 0.1520 -0.7523 0.6411
vn 0.5755 -0.5078 0.6411
vn -0.4385 -0.8987 0.0006
vn -0.5756 -0.5078 0.6409
vn -0.1520 -0.7524 0.6409
vn -0.9976 -0.0696 0.0006
vn -0.7276 0.2445 0.6409
vn -0.7276 -0.2445 0.6409
vn -0.5591 0.8291 0.0006
vn -0.1520 0.7524 0.6409
vn -0.5756 0.5078 0.6409
vn 0.4385 0.8987 0.0005
vn 0.5754 0.5078 0.6411
vn 0.1520 0.7523 0.6410
vn 0.3827 -0.9239 -0.0000
vn -0.0000 -1.0000 -0.0000
vn 0.9234 0.3837 -0.0000
vn 1.0000 -0.0000 -0.0000
vn -0.0000 -0.0000 1.0000
vn 0.2567 0.5766 0.7756
vn 0.3710 0.5106 0.7757
vn -0.9238 -0.3828 -0.0000
vn -1.0000 -0.0000 -0.0000
vn -0.3838 0.9234 -0.0000
vn -0.0000 1.0000 -0.0000
vn -0.3826 -0.9239 -0.0000
vn -0.7070 -0.7072 -0.0000
vn -0.7088 0.7054 -0.0000
vn 0.7055 0.7087 -0.0000
vn 0.7071 -0.7071 -0.0000
vn -0.0000 -0.0000 -1.0000
vn 0.6277 -0.0660 0.7756
vn 0.6003 -0.1950 0.7756
vn -0.1312 -0.6174 0.7756
vn -0.2567 -0.5766 0.7756
vn -0.0000 -0.6312 0.7756
vn -0.0000 0.7482 0.6635
vn 0.1193 0.5609 0.8193
vn 0.1556 0.7318 0.6635
vn 0.3043 0.6834 0.6636
vn 0.4397 0.6053 0.6636
vn 0.4261 0.3837 0.8193
vn 0.5560 0.5006 0.6635
vn 0.4966 0.2867 0.8193
vn 0.6479 0.3741 0.6635
vn 0.5454 0.1771 0.8193
vn 0.7115 0.2312 0.6635
vn 0.7440 0.0782 0.6636
vn 0.7440 -0.0782 0.6636
vn 0.5453 -0.1771 0.8193
vn 0.7116 -0.2312 0.6635
vn 0.4966 -0.2867 0.8193
vn 0.6479 -0.3741 0.6635
vn 0.4261 -0.3838 0.8193
vn 0.5560 -0.5006 0.6635
vn 0.4397 -0.6052 0.6636
vn 0.3043 -0.6834 0.6636
vn 0.1193 -0.5609 0.8193
vn 0.1556 -0.7318 0.6635
vn -0.0000 -0.5734 0.8193
vn -0.0000 -0.7482 0.6635
vn -0.1192 -0.5609 0.8193
vn -0.1556 -0.7318 0.6635
vn -0.3043 -0.6835 0.6635
vn -0.4398 -0.6053 0.6635
vn -0.4261 -0.3837 0.8193
vn -0.5560 -0.5006 0.6635
vn -0.4966 -0.2867 0.8193
vn -0.6479 -0.3741 0.6635
vn -0.5453 -0.1772 0.8193
vn -0.7116 -0.2312 0.6635
vn -0.7441 -0.0782 0.6635
vn -0.7441 0.0782 0.6635
vn -0.5453 0.1772 0.8193
vn -0.7116 0.2312 0.6635
vn -0.4966 0.2867 0.8193
vn -0.6479 0.3741 0.6635
vn -0.4261 0.3837 0.8193
vn -0.5560 0.5006 0.6635
vn -0.4398 0.6053 0.6635
vn -0.3043 0.6835 0.6635
vn -0.1192 0.5609 0.8193
vn -0.1556 0.7318 0.6635
vn -0.0000 0.5734 0.8193
vn 0.7597 0.4386 0.4801
vn 0.6519 0.5870 0.4801
vn 0.1824 -0.8580 0.4801
vn 0.3568 -0.8014 0.4801
vn -0.8724 0.0917 0.4801
vn -0.8724 -0.0917 0.4801
vn 0.1824 0.8580 0.4801
vn -0.0000 0.8772 0.4801
vn 0.7597 -0.4386 0.4801
vn 0.8343 -0.2711 0.4801
vn -0.6519 -0.5870 0.4801
vn -0.5156 -0.7097 0.4801
vn -0.3568 0.8014 0.4801
vn -0.5156 0.7097 0.4801
vn -0.8343 0.2711 0.4801
vn 0.8343 0.2711 0.4801
vn -0.0000 -0.8772 0.4801
vn 0.6519 -0.5870 0.4801
vn -0.7597 -0.4386 0.4801
vn 0.3568 0.8014 0.4801
vn -0.1824 0.8580 0.4801
vn 0.8724 0.0917 0.4801
vn -0.1824 -0.8580 0.4801
vn -0.7597 0.4386 0.4801
vn 0.5156 0.7097 0.4801
vn 0.5156 -0.7097 0.4801
vn -0.8343 -0.2711 0.4801
vn -0.6519 0.5870 0.4801
vn 0.8724 -0.0917 0.4801
vn -0.3568 -0.8014 0.4801
vn -0.8243 -0.4759 0.3068
vn -0.7073 -0.6369 0.3068
vn 0.9466 0.0995 0.3068
vn 0.9052 0.2941 0.3068
vn -0.9052 -0.2941 0.3068
vn 0.9466 -0.0995 0.3068
vn -0.9466 -0.0995 0.3068
vn 0.9052 -0.2941 0.3068
vn -0.9466 0.0995 0.3068
vn 0.8243 -0.4759 0.3068
vn -0.9052 0.2941 0.3068
vn 0.7073 -0.6369 0.3068
vn -0.8243 0.4759 0.3068
vn 0.5594 -0.7700 0.3068
vn -0.7073 0.6369 0.3068
vn 0.3871 -0.8695 0.3068
vn -0.5594 0.7700 0.3068
vn 0.1979 -0.9310 0.3068
vn 0.1979 0.9310 0.3068
vn -0.0000 0.9518 0.3068
vn -0.3871 0.8695 0.3068
vn -0.0000 -0.9518 0.3068
vn 0.3871 0.8695 0.3068
vn -0.1979 0.9310 0.3068
vn -0.1979 -0.9310 0.3068
vn 0.5594 0.7700 0.3068
vn -0.3871 -0.8695 0.3068
vn 0.7073 0.6369 0.3068
vn -0.5594 -0.7700 0.3068
vn 0.8243 0.4759 0.3068
vn -0.0000 0.5188 0.8549
vn 0.1079 0.5075 0.8549
vn 0.4934 -0.1603 0.8549
vn 0.4493 -0.2594 0.8549
vn -0.7910 0.1255 0.5988
vn -0.3856 -0.3472 0.8549
vn 0.4493 0.2594 0.8549
vn 0.4934 0.1603 0.8549
vn 0.1079 -0.5075 0.8549
vn -0.0000 -0.5188 0.8549
vn -0.2868 0.7478 0.5988
vn -0.4934 0.1603 0.8549
vn -0.5042 0.6223 0.5988
vn 0.5042 0.6223 0.5988
vn -0.1079 0.5075 0.8549
vn 0.3856 -0.3472 0.8549
vn -0.4493 -0.2594 0.8549
vn 0.2868 0.7478 0.5988
vn -0.1079 -0.5075 0.8549
vn -0.4493 0.2594 0.8549
vn 0.7910 0.1255 0.5988
vn -0.4934 -0.1603 0.8549
vn 0.5042 -0.6223 0.5988
vn -0.3856 0.3472 0.8549
vn 0.7910 -0.1255 0.5988
vn 0.3856 0.3472 0.8549
vn -0.2868 -0.7478 0.5988
vn -0.7910 -0.1255 0.5988
vn 0.2868 -0.7478 0.5988
vn -0.5042 -0.6223 0.5988
vn 0.6745 0.2192 0.7050
vn 0.4354 0.7434 0.5077
vn -0.6142 -0.3546 0.7050
vn -0.6745 -0.2192 0.7050
vn -0.4354 -0.7434 0.5077
vn 0.4354 -0.7434 0.5077
vn 0.6745 -0.2192 0.7050
vn 0.6142 -0.3546 0.7050
vn -0.4354 0.7434 0.5077
vn -0.6745 0.2192 0.7050
vn 0.5270 -0.4745 0.7050
vn -0.6142 0.3546 0.7050
vn 0.8615 -0.0053 0.5077
vn -0.5270 0.4745 0.7050
vn -0.8615 0.0053 0.5077
vn -0.4262 -0.7488 0.5077
vn 0.1475 -0.6937 0.7050
vn -0.0000 0.7092 0.7050
vn 0.1475 0.6937 0.7050
vn -0.0000 -0.7092 0.7050
vn -0.4262 0.7488 0.5077
vn 0.4262 0.7488 0.5077
vn -0.1474 0.6937 0.7050
vn -0.1475 -0.6937 0.7050
vn 0.4262 -0.7488 0.5077
vn 0.8615 0.0053 0.5077
vn 0.5270 0.4745 0.7050
vn 0.6142 0.3546 0.7050
vn -0.8615 -0.0053 0.5077
vn -0.5270 -0.4745 0.7050
vn -0.3725 -0.8871 0.2726
vn 0.1921 -0.9039 0.3823
vn -0.0000 0.9240 0.3823
vn 0.1921 0.9038 0.3823
vn -0.0000 -0.9240 0.3823
vn -0.3725 0.8871 0.2726
vn 0.3725 0.8871 0.2726
vn -0.1921 0.9039 0.3823
vn -0.1921 -0.9039 0.3823
vn 0.3725 -0.8871 0.2726
vn 0.9545 0.1209 0.2726
vn 0.6867 0.6183 0.3823
vn 0.8002 0.4620 0.3823
vn -0.9545 -0.1209 0.2726
vn -0.6867 -0.6183 0.3823
vn 0.8788 0.2855 0.3823
vn -0.8002 -0.4620 0.3823
vn 0.5820 0.7662 0.2726
vn -0.8788 -0.2855 0.3823
vn -0.5820 -0.7662 0.2726
vn 0.5820 -0.7662 0.2726
vn 0.8788 -0.2855 0.3823
vn 0.8002 -0.4620 0.3823
vn -0.5820 0.7662 0.2726
vn -0.8788 0.2855 0.3823
vn 0.6867 -0.6183 0.3823
vn -0.8002 0.4620 0.3823
vn 0.9545 -0.1209 0.2726
vn -0.6867 0.6183 0.3823
vn -0.9545 0.1209 0.2726
vn -0.8620 -0.4977 0.0966
vn -0.9466 -0.3076 0.0966
vn -0.6082 -0.7910 0.0667
vn 0.6082 -0.7910 0.0667
vn 0.9466 -0.3076 0.0966
vn 0.8620 -0.4977 0.0966
vn -0.6082 0.7910 0.0667
vn -0.9466 0.3076 0.0966
vn 0.7397 -0.6660 0.0966
vn -0.8620 0.4977 0.0966
vn 0.9891 -0.1312 0.0667
vn -0.7397 0.6660 0.0966
vn -0.9891 0.1312 0.0667
vn -0.3809 -0.9222 0.0667
vn 0.2069 -0.9736 0.0966
vn -0.0000 0.9953 0.0966
vn 0.2069 0.9736 0.0966
vn -0.0000 -0.9953 0.0966
vn -0.3809 0.9222 0.0667
vn 0.3809 0.9222 0.0667
vn -0.2069 0.9736 0.0966
vn -0.2069 -0.9736 0.0966
vn 0.3809 -0.9222 0.0667
vn 0.9891 0.1312 0.0667
vn 0.7397 0.6660 0.0966
vn 0.8620 0.4977 0.0966
vn -0.9891 -0.1312 0.0667
vn -0.7397 -0.6660 0.0966
vn 0.9466 0.3076 0.0966
vn 0.6082 0.7910 0.0667
vn 0.5782 -0.7958 0.1801
vn 0.7310 -0.6582 0.1801
vn -0.7310 0.6582 0.1801
vn -0.8519 0.4918 0.1801
vn 0.4001 -0.8986 0.1801
vn -0.5782 0.7958 0.1801
vn 0.2045 -0.9621 0.1801
vn 0.2045 0.9621 0.1801
vn -0.0000 0.9836 0.1801
vn -0.4001 0.8986 0.1801
vn -0.0000 -0.9836 0.1801
vn 0.4001 0.8986 0.1801
vn -0.2045 0.9622 0.1801
vn -0.2045 -0.9621 0.1801
vn 0.5782 0.7958 0.1801
vn -0.4001 -0.8986 0.1801
vn 0.7310 0.6582 0.1801
vn -0.5782 -0.7958 0.1801
vn 0.8519 0.4918 0.1801
vn -0.7310 -0.6582 0.1801
vn 0.9355 0.3040 0.1801
vn -0.8519 -0.4918 0.1801
vn 0.9783 0.1028 0.1801
vn -0.9355 -0.3040 0.1801
vn 0.9783 -0.1028 0.1801
vn -0.9783 -0.1028 0.1801
vn 0.9355 -0.3040 0.1801
vn -0.9783 0.1028 0.1801
vn 0.8519 -0.4918 0.1801
vn -0.9355 0.3040 0.1801
vn 0.6277 0.0660 0.7756
vn 0.6003 0.1950 0.7757
vn -0.6003 -0.1950 0.7756
vn -0.5466 -0.3156 0.7756
vn -0.6277 -0.0660 0.7756
vn -0.6277 0.0660 0.7756
vn 0.5466 -0.3156 0.7756
vn -0.6003 0.1950 0.7757
vn 0.4690 -0.4223 0.7756
vn -0.5466 0.3156 0.7756
vn 0.3710 -0.5106 0.7757
vn -0.4690 0.4223 0.7756
vn 0.2567 -0.5766 0.7756
vn -0.3710 0.5106 0.7757
vn 0.1312 -0.6174 0.7757
vn 0.1312 0.6174 0.7757
vn -0.0000 0.6312 0.7756
vn -0.2567 0.5766 0.7756
vn -0.1312 0.6174 0.7756
vn 0.4691 0.4223 0.7756
vn -0.3710 -0.5106 0.7756
vn 0.5466 0.3156 0.7756
vn -0.4691 -0.4223 0.7756
vn -0.7431 0.6691 -0.0000
vn -0.9945 0.1045 -0.0000
vn -0.4067 -0.9135 -0.0000
vn 0.2079 -0.9781 -0.0000
vn 0.2079 0.9781 -0.0000
vn -0.4067 0.9135 -0.0000
vn 0.4067 0.9135 -0.0000
vn -0.2079 0.9781 -0.0000
vn -0.2079 -0.9781 -0.0000
vn 0.4067 -0.9135 -0.0000
vn 0.9945 0.1045 -0.0000
vn 0.7431 0.6691 -0.0000
vn 0.8660 0.5000 -0.0000
vn -0.9945 -0.1045 -0.0000
vn -0.7431 -0.6691 -0.0000
vn 0.9511 0.3090 -0.0000
vn -0.8660 -0.5000 -0.0000
vn 0.5878 0.8090 -0.0000
vn -0.9511 -0.3090 -0.0000
vn -0.5878 -0.8090 -0.0000
vn 0.5878 -0.8090 -0.0000
vn 0.9511 -0.3090 -0.0000
vn 0.8660 -0.5000 -0.0000
vn -0.5878 0.8090 -0.0000
vn -0.9511 0.3090 -0.0000
vn 0.7431 -0.6691 -0.0000
vn -0.8660 0.5000 -0.0000
vn 0.9945 -0.1045 -0.0000
vn -0.4385 0.8987 0.0006
vn 0.5591 0.8291 0.0005
vn -0.5591 -0.8291 0.0006
vn 0.9976 -0.0696 0.0005
vn -0.9976 0.0696 0.0006
vn 0.4385 -0.8987 0.0005
vn 0.1993 -0.9374 0.2855
vn -0.0000 -0.9584 0.2855
vn 0.1993 0.9374 0.2855
vn 0.3898 0.8755 0.2855
vn -0.3898 0.8755 0.2855
vn -0.1993 0.9374 0.2855
vn -0.1993 -0.9374 0.2855
vn 0.5633 0.7754 0.2855
vn -0.0000 0.9584 0.2855
vn -0.3898 -0.8755 0.2855
vn 0.7122 0.6413 0.2855
vn -0.5633 -0.7754 0.2855
vn 0.8300 0.4792 0.2855
vn -0.7122 -0.6413 0.2855
vn 0.9115 0.2962 0.2855
vn -0.8300 -0.4792 0.2855
vn 0.9531 0.1002 0.2855
vn -0.9115 -0.2962 0.2855
vn 0.9531 -0.1002 0.2855
vn -0.9531 -0.1002 0.2855
vn 0.9115 -0.2962 0.2855
vn -0.9531 0.1002 0.2855
vn 0.8300 -0.4792 0.2855
vn -0.9115 0.2962 0.2855
vn 0.7122 -0.6413 0.2855
vn -0.8300 0.4792 0.2855
vn 0.5633 -0.7754 0.2855
vn -0.7122 0.6413 0.2855
vn 0.3898 -0.8755 0.2855
vn -0.5633 0.7754 0.2855
vn -0.4705 -0.1529 0.8691
vn -0.4920 -0.0517 0.8691
vn 0.4920 -0.0517 0.8690
vn 0.4705 -0.1529 0.8690
vn -0.4920 0.0517 0.8691
vn 0.4284 -0.2474 0.8691
vn -0.4705 0.1529 0.8690
vn 0.3677 -0.3310 0.8690
vn -0.4284 0.2474 0.8691
vn 0.2908 -0.4002 0.8690
vn -0.3677 0.3310 0.8690
vn 0.2012 -0.4519 0.8691
vn -0.2908 0.4002 0.8691
vn 0.1029 -0.4839 0.8691
vn -0.0000 0.4947 0.8690
vn 0.1028 0.4839 0.8691
vn -0.2012 0.4520 0.8690
vn -0.0000 -0.4947 0.8691
vn 0.2012 0.4519 0.8691
vn -0.1028 0.4839 0.8691
vn -0.1029 -0.4839 0.8691
vn 0.2908 0.4002 0.8691
vn -0.2012 -0.4519 0.8691
vn 0.3677 0.3310 0.8690
vn -0.2908 -0.4002 0.8691
vn 0.4284 0.2474 0.8691
vn -0.3677 -0.3310 0.8690
vn 0.4705 0.1529 0.8690
vn -0.4285 -0.2474 0.8690
vn 0.4920 0.0517 0.8691
vn -0.9243 0.3816 -0.0000
vn 0.3816 0.9243 -0.0000
vn 0.9239 -0.3827 -0.0000
vn 0.7671 0.6416 -0.0000
vn 0.0887 0.9961 -0.0000
vn -0.7071 -0.7071 -0.0000
vn -0.6416 0.7671 -0.0000
vn 0.6590 0.7521 -0.0000
vn -0.0658 0.9978 -0.0000
vn 0.7071 0.7071 -0.0000
vn -0.9961 0.0887 -0.0000
vn -0.7671 -0.6416 -0.0000
vn -0.7071 0.7071 -0.0000
vn 0.0658 -0.9978 -0.0000
vn 0.7521 -0.6590 -0.0000
vn 0.9978 0.0658 -0.0000
vn -0.0887 -0.9961 -0.0000
vn 0.9961 -0.0887 -0.0000
vn 0.6416 -0.7671 -0.0000
vn -0.9978 -0.0658 -0.0000
vn -0.6590 -0.7521 -0.0000
vn -0.7521 0.6590 -0.0000
vn 0.9978 0.0659 -0.0000
vn 0.0659 -0.9978 -0.0000
vn -0.5575 -0.5020 -0.6612
vn -0.6585 -0.5929 -0.4634
vn -0.7674 -0.4431 -0.4634
vn -0.3051 0.6853 -0.6612
vn -0.3604 0.8095 -0.4634
vn -0.1842 0.8668 -0.4634
vn 0.7461 0.0784 -0.6612
vn 0.8813 0.0926 -0.4634
vn 0.8813 -0.0926 -0.4634
vn -0.0000 -0.7502 -0.6612
vn -0.0000 -0.8861 -0.4634
vn -0.1842 -0.8668 -0.4634
vn -0.7135 0.2318 -0.6612
vn -0.8428 0.2738 -0.4634
vn -0.7674 0.4431 -0.4634
vn 0.4410 0.6069 -0.6612
vn 0.5209 0.7169 -0.4634
vn 0.6585 0.5929 -0.4634
vn 0.4410 -0.6069 -0.6612
vn 0.5209 -0.7169 -0.4634
vn 0.3604 -0.8095 -0.4634
vn 0.7461 -0.0784 -0.6612
vn 0.8428 -0.2738 -0.4634
vn -0.6497 -0.3751 -0.6612
vn -0.8428 -0.2738 -0.4634
vn -0.1560 0.7338 -0.6612
vn -0.0000 0.8861 -0.4634
vn -0.6497 0.3751 -0.6612
vn -0.6585 0.5929 -0.4634
vn 0.5575 0.5020 -0.6612
vn 0.7674 0.4431 -0.4634
vn -0.1560 -0.7338 -0.6612
vn -0.3604 -0.8095 -0.4634
vn 0.3051 -0.6853 -0.6612
vn 0.1842 -0.8668 -0.4634
vn -0.7135 -0.2318 -0.6612
vn -0.8813 -0.0926 -0.4634
vn -0.0000 0.7502 -0.6612
vn 0.1842 0.8668 -0.4634
vn 0.7135 -0.2318 -0.6612
vn 0.7674 -0.4431 -0.4634
vn 0.1560 -0.7338 -0.6612
vn -0.3051 -0.6853 -0.6612
vn -0.5209 -0.7169 -0.4634
vn -0.5575 0.5020 -0.6612
vn -0.5209 0.7169 -0.4634
vn 0.6497 0.3751 -0.6612
vn 0.8428 0.2738 -0.4634
vn 0.6497 -0.3751 -0.6612
vn 0.6585 -0.5929 -0.4634
vn -0.7461 -0.0784 -0.6612
vn -0.8813 0.0926 -0.4634
vn 0.1560 0.7338 -0.6612
vn 0.3604 0.8095 -0.4634
vn -0.4410 0.6069 -0.6612
vn 0.7135 0.2318 -0.6612
vn -0.4410 -0.6069 -0.6612
vn -0.7461 0.0784 -0.6612
vn 0.3051 0.6853 -0.6612
vn 0.5575 -0.5020 -0.6612
vn 0.1186 0.5581 -0.8213
vn -0.0000 0.5706 -0.8213
vn -0.3354 -0.4616 -0.8213
vn -0.2321 -0.5212 -0.8213
vn -0.0000 -0.5706 -0.8213
vn 0.1186 -0.5581 -0.8213
vn 0.2321 0.5212 -0.8213
vn -0.4240 -0.3818 -0.8213
vn 0.3354 0.4616 -0.8213
vn -0.4941 -0.2853 -0.8213
vn 0.4240 0.3818 -0.8213
vn -0.5426 -0.1763 -0.8213
vn 0.4941 0.2853 -0.8213
vn -0.5674 -0.0596 -0.8213
vn 0.5426 0.1763 -0.8213
vn -0.5674 0.0596 -0.8213
vn 0.5674 0.0596 -0.8213
vn -0.5426 0.1763 -0.8213
vn 0.5674 -0.0596 -0.8213
vn -0.4941 0.2853 -0.8213
vn 0.5426 -0.1763 -0.8213
vn -0.4240 0.3818 -0.8213
vn 0.4941 -0.2853 -0.8213
vn -0.3354 0.4616 -0.8213
vn 0.4240 -0.3818 -0.8213
vn -0.2321 0.5212 -0.8213
vn 0.3354 -0.4616 -0.8213
vn -0.1186 0.5581 -0.8213
vn -0.1186 -0.5581 -0.8213
vn 0.2321 -0.5212 -0.8213
vn 0.3105 0.1793 -0.9335
vn 0.2664 0.2399 -0.9335
vn -0.3566 -0.0375 -0.9335
vn -0.3410 -0.1108 -0.9335
vn 0.3410 0.1108 -0.9335
vn -0.3566 0.0375 -0.9335
vn 0.3566 0.0375 -0.9335
vn -0.3410 0.1108 -0.9335
vn 0.3566 -0.0375 -0.9335
vn -0.3105 0.1793 -0.9335
vn 0.3410 -0.1108 -0.9335
vn -0.2664 0.2399 -0.9335
vn 0.3105 -0.1793 -0.9335
vn -0.2107 0.2901 -0.9335
vn 0.2664 -0.2399 -0.9335
vn -0.1458 0.3275 -0.9335
vn 0.2107 -0.2901 -0.9335
vn -0.0745 0.3507 -0.9335
vn -0.0745 -0.3507 -0.9335
vn -0.0000 -0.3585 -0.9335
vn 0.1458 -0.3275 -0.9335
vn -0.0000 0.3585 -0.9335
vn -0.1458 -0.3275 -0.9335
vn 0.0745 -0.3507 -0.9335
vn 0.0745 0.3507 -0.9335
vn -0.2107 -0.2901 -0.9335
vn 0.1458 0.3275 -0.9335
vn -0.2664 -0.2399 -0.9335
vn 0.2107 0.2901 -0.9335
vn -0.3105 -0.1793 -0.9335
vn 0.0745 -0.1025 -0.9919
vn 0.0941 -0.0848 -0.9919
vn -0.0263 0.1239 -0.9919
vn -0.0515 0.1157 -0.9919
vn -0.0263 -0.1239 -0.9919
vn -0.0000 -0.1267 -0.9919
vn 0.0515 -0.1157 -0.9919
vn -0.0000 0.1267 -0.9919
vn -0.0515 -0.1157 -0.9919
vn 0.0263 -0.1239 -0.9919
vn 0.0263 0.1239 -0.9919
vn -0.0745 -0.1025 -0.9919
vn 0.0515 0.1157 -0.9919
vn -0.0941 -0.0848 -0.9919
vn 0.0745 0.1025 -0.9919
vn -0.1097 -0.0633 -0.9919
vn 0.0941 0.0848 -0.9919
vn -0.1205 -0.0391 -0.9919
vn 0.1097 0.0633 -0.9919
vn -0.1260 -0.0132 -0.9919
vn 0.1205 0.0391 -0.9919
vn -0.1260 0.0132 -0.9919
vn 0.1260 0.0132 -0.9919
vn -0.1205 0.0391 -0.9919
vn 0.1260 -0.0132 -0.9919
vn -0.1097 0.0633 -0.9919
vn 0.1205 -0.0391 -0.9919
vn -0.0941 0.0848 -0.9919
vn 0.1097 -0.0633 -0.9919
vn -0.0745 0.1025 -0.9919
vn -0.1192 0.0125 -0.9928
vn -0.1192 -0.0125 -0.9928
vn 0.1038 -0.0599 -0.9928
vn 0.1140 -0.0370 -0.9928
vn -0.1140 0.0370 -0.9928
vn 0.0891 -0.0802 -0.9928
vn -0.1038 0.0599 -0.9928
vn 0.0705 -0.0970 -0.9928
vn -0.0891 0.0802 -0.9928
vn 0.0488 -0.1095 -0.9928
vn -0.0705 0.0970 -0.9928
vn 0.0249 -0.1173 -0.9928
vn 0.0249 0.1173 -0.9928
vn -0.0000 0.1199 -0.9928
vn -0.0488 0.1095 -0.9928
vn -0.0000 -0.1199 -0.9928
vn 0.0488 0.1095 -0.9928
vn -0.0249 0.1173 -0.9928
vn -0.0249 -0.1173 -0.9928
vn 0.0705 0.0970 -0.9928
vn -0.0488 -0.1095 -0.9928
vn 0.0891 0.0802 -0.9928
vn -0.0705 -0.0970 -0.9928
vn 0.1038 0.0599 -0.9928
vn -0.0891 -0.0802 -0.9928
vn 0.1140 0.0370 -0.9928
vn -0.1038 -0.0599 -0.9928
vn 0.1192 0.0125 -0.9928
vn -0.1140 -0.0370 -0.9928
vn 0.1192 -0.0125 -0.9928
vn 0.2761 0.3800 -0.8828
vn 0.1911 0.4291 -0.8828
vn -0.0000 0.4697 -0.8828
vn -0.0977 0.4595 -0.8828
vn -0.1911 -0.4291 -0.8828
vn -0.0977 -0.4595 -0.8828
vn 0.3491 0.3143 -0.8828
vn -0.2761 -0.3800 -0.8828
vn 0.4068 0.2349 -0.8828
vn -0.3491 -0.3143 -0.8828
vn 0.4468 0.1452 -0.8828
vn -0.4068 -0.2349 -0.8828
vn 0.4672 0.0491 -0.8828
vn -0.4468 -0.1452 -0.8828
vn 0.4672 -0.0491 -0.8828
vn -0.4672 -0.0491 -0.8828
vn 0.4468 -0.1452 -0.8828
vn -0.4672 0.0491 -0.8828
vn 0.4068 -0.2349 -0.8828
vn -0.4468 0.1452 -0.8828
vn 0.3491 -0.3143 -0.8828
vn -0.4068 0.2349 -0.8828
vn 0.2761 -0.3800 -0.8828
vn -0.3491 0.3143 -0.8828
vn 0.1911 -0.4291 -0.8828
vn -0.2761 0.3800 -0.8828
vn 0.0977 -0.4595 -0.8828
vn 0.0977 0.4595 -0.8828
vn -0.1911 0.4291 -0.8828
vn -0.0000 -0.4697 -0.8828
vn 0.7492 -0.4325 -0.5016
vn 0.8227 -0.2673 -0.5016
vn -0.8227 0.2673 -0.5016
vn -0.8603 0.0904 -0.5016
vn 0.6429 -0.5788 -0.5016
vn -0.7492 0.4325 -0.5016
vn 0.5085 -0.6999 -0.5016
vn -0.6429 0.5788 -0.5016
vn 0.3519 -0.7903 -0.5016
vn -0.5085 0.6999 -0.5016
vn 0.1799 -0.8462 -0.5016
vn 0.1799 0.8462 -0.5016
vn -0.0000 0.8651 -0.5016
vn -0.3519 0.7903 -0.5016
vn -0.0000 -0.8651 -0.5016
vn 0.3519 0.7903 -0.5016
vn -0.1799 0.8462 -0.5016
vn -0.1799 -0.8462 -0.5016
vn 0.5085 0.6999 -0.5016
vn -0.3519 -0.7903 -0.5016
vn 0.6429 0.5788 -0.5016
vn -0.5085 -0.6999 -0.5016
vn 0.7492 0.4325 -0.5016
vn -0.6429 -0.5788 -0.5016
vn 0.8227 0.2673 -0.5016
vn -0.7492 -0.4325 -0.5016
vn 0.8603 0.0904 -0.5016
vn -0.8227 -0.2673 -0.5016
vn 0.8603 -0.0904 -0.5016
vn -0.8603 -0.0904 -0.5016
vn -0.2658 -0.5969 -0.7570
vn -0.1359 -0.6391 -0.7570
vn 0.4856 0.4372 -0.7570
vn 0.3841 0.5286 -0.7570
vn -0.3841 -0.5286 -0.7570
vn 0.5659 0.3267 -0.7570
vn -0.4856 -0.4372 -0.7570
vn 0.6214 0.2019 -0.7570
vn -0.5659 -0.3267 -0.7570
vn 0.6498 0.0683 -0.7570
vn -0.6214 -0.2019 -0.7570
vn 0.6498 -0.0683 -0.7570
vn -0.6498 -0.0683 -0.7570
vn 0.6214 -0.2019 -0.7570
vn -0.6498 0.0683 -0.7570
vn 0.5659 -0.3267 -0.7570
vn -0.6214 0.2019 -0.7570
vn 0.4856 -0.4372 -0.7570
vn -0.5659 0.3267 -0.7570
vn 0.3841 -0.5286 -0.7570
vn -0.4856 0.4372 -0.7570
vn 0.2658 -0.5969 -0.7570
vn -0.3841 0.5286 -0.7570
vn 0.1359 -0.6391 -0.7570
vn 0.1359 0.6391 -0.7570
vn -0.0000 0.6534 -0.7570
vn -0.2658 0.5969 -0.7570
vn -0.0000 -0.6534 -0.7570
vn 0.2658 0.5969 -0.7570
vn -0.1358 0.6391 -0.7570
vn -0.7431 -0.6691 0.0097
vn -0.5878 -0.8090 0.0097
vn 0.5878 0.8090 0.0097
vn 0.4067 0.9135 0.0097
vn -0.8660 -0.5000 0.0097
vn 0.7431 0.6691 0.0097
vn -0.9510 -0.3090 0.0097
vn 0.8660 0.5000 0.0097
vn -0.9945 -0.1045 0.0097
vn 0.9510 0.3090 0.0097
vn -0.9945 0.1045 0.0097
vn 0.9945 0.1045 0.0097
vn -0.9510 0.3090 0.0097
vn 0.9945 -0.1045 0.0097
vn -0.8660 0.5000 0.0097
vn 0.9510 -0.3090 0.0097
vn -0.7431 0.6691 0.0097
vn 0.8660 -0.5000 0.0097
vn -0.5878 0.8090 0.0097
vn 0.7431 -0.6691 0.0097
vn -0.4067 0.9135 0.0097
vn 0.5878 -0.8090 0.0097
vn -0.2079 0.9781 0.0097
vn -0.2079 -0.9781 0.0097
vn -0.0000 -1.0000 0.0097
vn 0.4067 -0.9135 0.0097
vn -0.0000 1.0000 0.0097
vn -0.4067 -0.9135 0.0097
vn 0.2079 -0.9781 0.0097
vn 0.2079 0.9781 0.0097
vn -0.2019 0.9500 -0.2381
vn -0.0000 0.9712 -0.2381
vn -0.2019 -0.9500 -0.2381
vn -0.3950 -0.8873 -0.2381
vn 0.3950 -0.8873 -0.2381
vn 0.2019 -0.9500 -0.2381
vn 0.2019 0.9500 -0.2381
vn -0.5709 -0.7857 -0.2381
vn -0.0000 -0.9712 -0.2381
vn 0.3950 0.8873 -0.2381
vn -0.7218 -0.6499 -0.2381
vn 0.5709 0.7857 -0.2381
vn -0.8411 -0.4856 -0.2381
vn 0.7218 0.6499 -0.2381
vn -0.9237 -0.3001 -0.2381
vn 0.8411 0.4856 -0.2381
vn -0.9659 -0.1015 -0.2381
vn 0.9237 0.3001 -0.2381
vn -0.9659 0.1015 -0.2381
vn 0.9659 0.1015 -0.2381
vn -0.9237 0.3001 -0.2381
vn 0.9659 -0.1015 -0.2381
vn -0.8411 0.4856 -0.2381
vn 0.9237 -0.3001 -0.2381
vn -0.7218 0.6499 -0.2381
vn 0.8411 -0.4856 -0.2381
vn -0.5709 0.7857 -0.2381
vn 0.7218 -0.6499 -0.2381
vn -0.3950 0.8873 -0.2381
vn 0.5709 -0.7857 -0.2381
vn 0.4060 0.9119 -0.0595
vn 0.5867 0.8076 -0.0595
vn -0.7418 -0.6679 -0.0595
vn -0.8645 -0.4991 -0.0595
vn 0.7418 0.6679 -0.0595
vn -0.9494 -0.3085 -0.0595
vn 0.8645 0.4991 -0.0595
vn -0.9928 -0.1043 -0.0595
vn 0.9494 0.3085 -0.0595
vn -0.9928 0.1043 -0.0595
vn 0.9928 0.1043 -0.0595
vn -0.9494 0.3085 -0.0595
vn 0.9928 -0.1043 -0.0595
vn -0.8645 0.4991 -0.0595
vn 0.9494 -0.3085 -0.0595
vn -0.7418 0.6679 -0.0595
vn 0.8645 -0.4991 -0.0595
vn -0.5867 0.8076 -0.0595
vn 0.7418 -0.6679 -0.0595
vn -0.4060 0.9119 -0.0595
vn 0.5867 -0.8076 -0.0595
vn -0.2075 0.9764 -0.0595
vn -0.0000 -0.9982 -0.0595
vn -0.2075 -0.9764 -0.0595
vn 0.4060 -0.9119 -0.0595
vn -0.0000 0.9982 -0.0595
vn -0.4060 -0.9119 -0.0595
vn 0.2075 -0.9764 -0.0595
vn 0.2075 0.9764 -0.0595
vn -0.5867 -0.8076 -0.0595
vn 0.8723 -0.2834 -0.3985
vn 0.7943 -0.4586 -0.3985
vn -0.6816 0.6137 -0.3985
vn -0.5391 0.7420 -0.3985
vn 0.6816 -0.6137 -0.3985
vn -0.3731 0.8379 -0.3985
vn 0.5391 -0.7420 -0.3985
vn -0.1907 0.8971 -0.3985
vn -0.0000 -0.9172 -0.3985
vn -0.1907 -0.8971 -0.3985
vn 0.3731 -0.8379 -0.3985
vn -0.0000 0.9172 -0.3985
vn -0.3731 -0.8379 -0.3985
vn 0.1907 -0.8971 -0.3985
vn 0.1907 0.8971 -0.3985
vn -0.5391 -0.7420 -0.3985
vn 0.3731 0.8379 -0.3985
vn -0.6816 -0.6137 -0.3985
vn 0.5391 0.7420 -0.3985
vn -0.7943 -0.4586 -0.3985
vn 0.6816 0.6137 -0.3985
vn -0.8723 -0.2834 -0.3985
vn 0.7943 0.4586 -0.3985
vn -0.9122 -0.0959 -0.3985
vn 0.8723 0.2834 -0.3985
vn -0.9122 0.0959 -0.3985
vn 0.9122 0.0959 -0.3985
vn -0.8723 0.2834 -0.3985
vn 0.9122 -0.0959 -0.3985
vn -0.7943 0.4586 -0.3985
vn -0.5184 -0.4668 -0.7165
vn -0.6041 -0.3488 -0.7165
vn 0.4100 0.5643 -0.7165
vn 0.5184 0.4668 -0.7165
vn -0.6634 -0.2156 -0.7165
vn 0.6041 0.3488 -0.7165
vn -0.6937 -0.0729 -0.7165
vn 0.6634 0.2156 -0.7165
vn -0.6937 0.0729 -0.7165
vn 0.6937 0.0729 -0.7165
vn -0.6634 0.2156 -0.7165
vn 0.6937 -0.0729 -0.7165
vn -0.6041 0.3488 -0.7165
vn 0.6634 -0.2156 -0.7165
vn -0.5184 0.4668 -0.7165
vn 0.6041 -0.3488 -0.7165
vn -0.4100 0.5643 -0.7165
vn 0.5184 -0.4668 -0.7165
vn -0.2837 0.6372 -0.7165
vn 0.4100 -0.5643 -0.7165
vn -0.1450 0.6823 -0.7165
vn -0.0000 -0.6976 -0.7165
vn -0.1450 -0.6823 -0.7165
vn 0.2837 -0.6372 -0.7165
vn -0.0000 0.6976 -0.7165
vn -0.2837 -0.6372 -0.7165
vn 0.1450 -0.6823 -0.7165
vn 0.1450 0.6823 -0.7165
vn -0.4100 -0.5643 -0.7165
vn 0.2837 0.6372 -0.7165
vn 0.8090 -0.5878 -0.0000
vn -0.9135 0.4067 -0.0000
vn 0.9135 0.4067 -0.0000
vn -0.8090 -0.5878 -0.0000
vn 0.1045 0.9945 -0.0000
vn 0.1045 -0.9945 -0.0000
vn -0.8090 0.5878 -0.0000
vn 0.9135 -0.4067 -0.0000
vn -0.9135 -0.4067 -0.0000
vn 0.8090 0.5878 -0.0000
vn -0.1045 -0.9945 -0.0000
vn -0.1045 0.9945 -0.0000
vt 0.728499 0.501635
vt 0.749590 0.692262
vt 0.728480 0.692262
vt 0.539060 0.500598
vt 0.556262 0.692226
vt 0.537174 0.691048
vt 0.639708 0.501752
vt 0.655497 0.691039
vt 0.638140 0.692226
vt 0.622635 0.028327
vt 0.643730 0.218973
vt 0.622613 0.218973
vt 0.565775 0.272248
vt 0.583060 0.463984
vt 0.563970 0.462891
vt 0.666423 0.273337
vt 0.682293 0.462872
vt 0.664936 0.463964
vt 0.853922 0.052858
vt 0.883467 0.103957
vt 0.854934 0.104253
vt 0.886866 0.049158
vt 0.916645 0.114871
vt 0.888091 0.115401
vt 0.322063 0.048794
vt 0.297626 0.100216
vt 0.281997 0.073145
vt 0.900203 0.522585
vt 0.929979 0.588179
vt 0.901425 0.588709
vt 0.867547 0.526137
vt 0.897046 0.577258
vt 0.868487 0.577536
vt 0.904352 0.473838
vt 0.930804 0.498002
vt 0.902251 0.498531
vt 0.896105 0.525859
vt 0.869628 0.499439
vt 0.898187 0.499161
vt 0.915419 0.048628
vt 0.888905 0.025320
vt 0.917459 0.024790
vt 0.882454 0.052562
vt 0.856008 0.027998
vt 0.884541 0.027702
vt 0.322063 0.370696
vt 0.292910 0.424379
vt 0.277820 0.398243
vt 0.888657 0.145971
vt 0.917789 0.176694
vt 0.889235 0.177224
vt 0.176661 0.000000
vt 0.145402 0.012329
vt 0.145402 0.000000
vt 0.176661 0.322063
vt 0.145942 0.339527
vt 0.145402 0.322063
vt 0.902568 0.650532
vt 0.931687 0.680573
vt 0.903133 0.681102
vt 0.116422 0.345801
vt 0.114827 0.322063
vt 0.918355 0.207264
vt 0.889801 0.207794
vt 0.901990 0.619279
vt 0.931122 0.650002
vt 0.114827 0.018828
vt 0.114827 0.000000
vt 0.000000 0.483095
vt 0.019828 0.513108
vt 0.000000 0.514182
vt 0.869597 0.638136
vt 0.898723 0.668835
vt 0.870164 0.669113
vt 0.000000 0.161032
vt 0.014777 0.192119
vt 0.000000 0.192119
vt 0.856128 0.164849
vt 0.885271 0.195527
vt 0.856738 0.195823
vt 0.000000 0.452007
vt 0.016673 0.483095
vt 0.024437 0.221847
vt 0.000000 0.221847
vt 0.885854 0.225148
vt 0.857322 0.225445
vt 0.869030 0.607159
vt 0.898156 0.637858
vt 0.899265 0.698457
vt 0.870706 0.698736
vt 0.855518 0.133874
vt 0.884661 0.164553
vt 0.000000 0.129944
vt 0.011510 0.161032
vt 0.029153 0.541811
vt 0.000000 0.543911
vt 0.550060 0.183815
vt 0.540003 0.153757
vt 0.560480 0.160411
vt 0.544362 0.133098
vt 0.565807 0.135352
vt 0.544362 0.111988
vt 0.565807 0.109734
vt 0.540003 0.091329
vt 0.560480 0.084675
vt 0.531414 0.072037
vt 0.550060 0.061272
vt 0.519001 0.054953
vt 0.535002 0.040546
vt 0.503290 0.040848
vt 0.515964 0.023404
vt 0.485007 0.030293
vt 0.493778 0.010594
vt 0.464936 0.023739
vt 0.469413 0.002678
vt 0.443935 0.021531
vt 0.443935 0.000000
vt 0.422933 0.023739
vt 0.418457 0.002678
vt 0.402863 0.030293
vt 0.394092 0.010594
vt 0.384580 0.040849
vt 0.371906 0.023404
vt 0.368869 0.054953
vt 0.352868 0.040546
vt 0.356456 0.072037
vt 0.337809 0.061272
vt 0.347867 0.091329
vt 0.327389 0.084675
vt 0.343477 0.111985
vt 0.322063 0.109734
vt 0.343477 0.133102
vt 0.322063 0.135352
vt 0.347867 0.153757
vt 0.327389 0.160411
vt 0.356456 0.173049
vt 0.337809 0.183815
vt 0.368869 0.190133
vt 0.352868 0.204541
vt 0.384562 0.204263
vt 0.371906 0.221683
vt 0.402850 0.214822
vt 0.394092 0.234492
vt 0.422933 0.221348
vt 0.418457 0.242408
vt 0.443935 0.223555
vt 0.443935 0.245086
vt 0.464936 0.221348
vt 0.469413 0.242408
vt 0.485020 0.214822
vt 0.493778 0.234492
vt 0.503308 0.204263
vt 0.515964 0.221683
vt 0.519001 0.190133
vt 0.535002 0.204541
vt 0.531414 0.173049
vt 0.302835 0.662187
vt 0.281027 0.676224
vt 0.282758 0.653251
vt 0.785202 0.403925
vt 0.806582 0.380863
vt 0.805598 0.408510
vt 0.230235 0.731356
vt 0.209811 0.758362
vt 0.209811 0.729954
vt 0.787698 0.108356
vt 0.807820 0.079513
vt 0.808128 0.107427
vt 0.300193 0.782036
vt 0.281027 0.812113
vt 0.279829 0.786154
vt 0.783768 0.283524
vt 0.801879 0.255519
vt 0.804008 0.274996
vt 0.785275 0.182056
vt 0.806911 0.163472
vt 0.805441 0.189154
vt 0.230235 0.756974
vt 0.210423 0.786154
vt 0.301273 0.682903
vt 0.279829 0.702169
vt 0.786089 0.378993
vt 0.806914 0.352463
vt 0.301273 0.805446
vt 0.282758 0.835107
vt 0.233429 0.662187
vt 0.211621 0.676224
vt 0.213352 0.653251
vt 0.787420 0.083183
vt 0.806911 0.053304
vt 0.786601 0.158897
vt 0.807820 0.135827
vt 0.300193 0.706300
vt 0.279217 0.729954
vt 0.786389 0.353382
vt 0.806582 0.324550
vt 0.230787 0.782036
vt 0.211621 0.812113
vt 0.787420 0.133967
vt 0.786601 0.059549
vt 0.805441 0.029948
vt 0.781848 0.447470
vt 0.804008 0.434196
vt 0.801879 0.456798
vt 0.231868 0.682903
vt 0.210423 0.702169
vt 0.231868 0.805446
vt 0.213352 0.835107
vt 0.299641 0.731356
vt 0.279217 0.758362
vt 0.786089 0.328211
vt 0.805598 0.298346
vt 0.783768 0.427088
vt 0.230787 0.706300
vt 0.785275 0.038486
vt 0.803473 0.010463
vt 0.299641 0.756974
vt 0.785202 0.304581
vt 0.783500 0.202432
vt 0.803473 0.211749
vt 0.189332 0.671662
vt 0.191179 0.647148
vt 0.256806 0.728996
vt 0.257459 0.699348
vt 0.188053 0.699348
vt 0.256806 0.759311
vt 0.187400 0.728996
vt 0.257459 0.788967
vt 0.187400 0.759311
vt 0.258737 0.816668
vt 0.188053 0.788967
vt 0.260585 0.841204
vt 0.189332 0.816669
vt 0.826285 0.439130
vt 0.824014 0.463248
vt 0.191179 0.841205
vt 0.827983 0.411721
vt 0.827676 0.194075
vt 0.825576 0.218186
vt 0.829032 0.382219
vt 0.830215 0.077078
vt 0.830543 0.106865
vt 0.829245 0.166670
vt 0.829386 0.351913
vt 0.829245 0.049111
vt 0.830215 0.137170
vt 0.829032 0.322128
vt 0.827676 0.024187
vt 0.827983 0.294166
vt 0.825576 0.003395
vt 0.826285 0.269249
vt 0.258737 0.671662
vt 0.260585 0.647148
vt 0.824014 0.248465
vt 0.517097 0.164783
vt 0.524281 0.148649
vt 0.461499 0.039909
vt 0.443935 0.038063
vt 0.359917 0.131374
vt 0.363589 0.148649
vt 0.517097 0.080303
vt 0.506716 0.066015
vt 0.381154 0.066015
vt 0.370773 0.080303
vt 0.409574 0.199720
vt 0.426370 0.205178
vt 0.527953 0.131374
vt 0.493591 0.190889
vt 0.506716 0.179072
vt 0.426370 0.039909
vt 0.370773 0.164783
vt 0.493591 0.054197
vt 0.363589 0.096437
vt 0.443935 0.207024
vt 0.409574 0.045366
vt 0.381154 0.179072
vt 0.359917 0.113713
vt 0.461499 0.205178
vt 0.527953 0.113713
vt 0.524281 0.096437
vt 0.394279 0.190889
vt 0.478296 0.199720
vt 0.478296 0.045366
vt 0.394279 0.054197
vt 0.499981 0.072079
vt 0.488264 0.061529
vt 0.378622 0.160252
vt 0.387889 0.173007
vt 0.399606 0.183557
vt 0.474610 0.053646
vt 0.459615 0.048774
vt 0.443935 0.047126
vt 0.413260 0.191440
vt 0.428255 0.196313
vt 0.428255 0.048774
vt 0.443935 0.197961
vt 0.413260 0.053646
vt 0.459615 0.196313
vt 0.474610 0.191440
vt 0.399606 0.061529
vt 0.387889 0.072079
vt 0.509248 0.160252
vt 0.515661 0.145848
vt 0.378622 0.084834
vt 0.518939 0.130426
vt 0.488264 0.183557
vt 0.499981 0.173007
vt 0.372209 0.099238
vt 0.368931 0.114660
vt 0.518939 0.114660
vt 0.515661 0.099238
vt 0.509248 0.084834
vt 0.368931 0.130426
vt 0.372209 0.145848
vt 0.821748 0.827104
vt 0.808481 0.816842
vt 0.822598 0.817344
vt 0.853001 0.650150
vt 0.837093 0.640589
vt 0.851347 0.640432
vt 0.837510 0.827289
vt 0.837099 0.817514
vt 0.867546 0.649646
vt 0.864729 0.639968
vt 0.821747 0.650150
vt 0.808476 0.639968
vt 0.822592 0.640432
vt 0.853001 0.827104
vt 0.851351 0.817344
vt 0.837509 0.650320
vt 0.867544 0.826558
vt 0.864731 0.816842
vt 0.318225 0.997189
vt 0.303802 0.988259
vt 0.313776 0.987534
vt 0.880320 0.926817
vt 0.871287 0.916558
vt 0.883039 0.917080
vt 0.998774 0.176082
vt 0.984354 0.167219
vt 0.994325 0.166405
vt 0.894733 0.927038
vt 0.896300 0.917283
vt 0.865556 0.466336
vt 0.856524 0.456077
vt 0.868275 0.456599
vt 0.910156 0.926903
vt 0.910489 0.917159
vt 0.879969 0.466557
vt 0.881536 0.456802
vt 0.895392 0.466422
vt 0.895726 0.456678
vt 0.764644 0.869323
vt 0.748890 0.859443
vt 0.763083 0.859568
vt 0.779065 0.869104
vt 0.776351 0.859367
vt 0.615288 0.869287
vt 0.599534 0.859406
vt 0.613728 0.859532
vt 0.791849 0.868538
vt 0.788114 0.858846
vt 0.629709 0.869068
vt 0.626996 0.859330
vt 0.987441 0.926804
vt 0.978685 0.916422
vt 0.990261 0.917035
vt 0.642494 0.868501
vt 0.638758 0.858809
vt 0.315409 0.820987
vt 0.306663 0.810713
vt 0.318232 0.811254
vt 0.868987 0.445671
vt 0.881847 0.445868
vt 0.895608 0.445747
vt 0.749009 0.848512
vt 0.762774 0.848634
vt 0.775641 0.848438
vt 0.599654 0.848476
vt 0.613418 0.848598
vt 0.787048 0.847933
vt 0.626285 0.848402
vt 0.979776 0.905507
vt 0.991002 0.906103
vt 0.637692 0.847897
vt 0.307756 0.799802
vt 0.318975 0.800326
vt 0.809273 0.805924
vt 0.822963 0.806411
vt 0.837014 0.629658
vt 0.850836 0.629506
vt 0.837027 0.806576
vt 0.863814 0.629056
vt 0.809261 0.629056
vt 0.822950 0.629506
vt 0.850848 0.806411
vt 0.863824 0.805924
vt 0.302835 0.977338
vt 0.312507 0.976636
vt 0.872355 0.905645
vt 0.883751 0.906151
vt 0.983386 0.156295
vt 0.993055 0.155506
vt 0.896611 0.906349
vt 0.857591 0.445164
vt 0.910372 0.906228
vt 0.840912 0.440996
vt 0.838589 0.465670
vt 0.176584 0.843437
vt 0.174694 0.818336
vt 0.842649 0.412957
vt 0.842293 0.195931
vt 0.840145 0.220598
vt 0.843722 0.382775
vt 0.844890 0.076242
vt 0.845226 0.106714
vt 0.843898 0.167896
vt 0.844085 0.351772
vt 0.843898 0.047632
vt 0.844890 0.137718
vt 0.843722 0.321302
vt 0.842293 0.022134
vt 0.842649 0.292696
vt 0.840145 0.000864
vt 0.840912 0.267206
vt 0.244100 0.669993
vt 0.245990 0.644914
vt 0.838589 0.245944
vt 0.242792 0.698316
vt 0.174694 0.669993
vt 0.176584 0.644914
vt 0.242124 0.728647
vt 0.173387 0.698316
vt 0.242124 0.759659
vt 0.172718 0.728647
vt 0.242792 0.789997
vt 0.172718 0.759659
vt 0.244100 0.818336
vt 0.173387 0.789997
vt 0.245990 0.843437
vt 0.233429 0.728523
vt 0.234103 0.697952
vt 0.164697 0.697952
vt 0.166015 0.669403
vt 0.233429 0.759782
vt 0.164023 0.728523
vt 0.234103 0.790361
vt 0.164023 0.759782
vt 0.235421 0.818925
vt 0.164697 0.790361
vt 0.237326 0.844225
vt 0.166015 0.818925
vt 0.849585 0.441688
vt 0.847243 0.466557
vt 0.167920 0.844225
vt 0.851335 0.413425
vt 0.850966 0.196617
vt 0.848800 0.221479
vt 0.852417 0.383005
vt 0.853583 0.075977
vt 0.853922 0.106691
vt 0.852583 0.168359
vt 0.852783 0.351755
vt 0.852583 0.047139
vt 0.853583 0.137941
vt 0.852417 0.321043
vt 0.850966 0.021439
vt 0.851335 0.292210
vt 0.848800 -0.000000
vt 0.849585 0.266517
vt 0.235421 0.669403
vt 0.237326 0.644126
vt 0.847243 0.245086
vt 0.167920 0.644126
vt 0.302835 0.644126
vt 0.314054 0.644650
vt 0.810723 0.650320
vt 0.824414 0.650807
vt 0.838347 0.473911
vt 0.852170 0.473758
vt 0.838477 0.650972
vt 0.865148 0.473308
vt 0.810595 0.473308
vt 0.824284 0.473758
vt 0.852299 0.650807
vt 0.865275 0.650320
vt 0.308553 0.821690
vt 0.318225 0.820988
vt 0.867546 0.749974
vt 0.878943 0.750481
vt 0.989105 0.000789
vt 0.998774 0.000000
vt 0.891803 0.750678
vt 0.852783 0.289493
vt 0.864179 0.290000
vt 0.905564 0.750557
vt 0.877039 0.290197
vt 0.890800 0.290076
vt 0.753811 0.692841
vt 0.767575 0.692963
vt 0.780442 0.692767
vt 0.604455 0.692805
vt 0.618220 0.692927
vt 0.791849 0.692262
vt 0.631087 0.692731
vt 0.974860 0.749974
vt 0.986086 0.750570
vt 0.642494 0.692226
vt 0.326410 0.862476
vt 0.361268 0.848485
vt 0.359068 0.869417
vt 0.322063 0.875855
vt 0.352564 0.889434
vt 0.557172 0.879408
vt 0.531019 0.906367
vt 0.524515 0.886350
vt 0.555702 0.865418
vt 0.522315 0.865418
vt 0.365615 0.834495
vt 0.391768 0.807536
vt 0.398272 0.827553
vt 0.557172 0.851427
vt 0.524515 0.844486
vt 0.367085 0.848485
vt 0.400472 0.848485
vt 0.561519 0.838048
vt 0.531019 0.824469
vt 0.365615 0.862476
vt 0.398272 0.869417
vt 0.361268 0.875855
vt 0.391768 0.889434
vt 0.676017 0.851463
vt 0.702171 0.824505
vt 0.708675 0.844522
vt 0.074062 0.852434
vt 0.039205 0.866424
vt 0.041405 0.845492
vt 0.677488 0.865454
vt 0.710875 0.865454
vt 0.078409 0.839055
vt 0.047909 0.825475
vt 0.074062 0.880414
vt 0.047909 0.907373
vt 0.041405 0.887356
vt 0.676018 0.879444
vt 0.708675 0.886386
vt 0.072592 0.866424
vt 0.671670 0.892823
vt 0.702171 0.906403
vt 0.034857 0.880414
vt 0.008704 0.907373
vt 0.002200 0.887356
vt 0.033387 0.866424
vt -0.000000 0.866424
vt 0.326410 0.834495
vt 0.352564 0.807536
vt 0.359068 0.827553
vt 0.034857 0.852434
vt 0.002200 0.845492
vt 0.327881 0.848485
vt 0.039205 0.839055
vt 0.008704 0.825475
vt 0.647006 0.274010
vt 0.626545 0.248535
vt 0.647226 0.248307
vt 0.584802 0.273337
vt 0.565995 0.246544
vt 0.585022 0.247634
vt 0.599615 0.502736
vt 0.578807 0.476815
vt 0.599848 0.477056
vt 0.666643 0.247634
vt 0.605284 0.274010
vt 0.605504 0.248307
vt 0.620294 0.502485
vt 0.620527 0.476805
vt 0.683727 0.272248
vt 0.683947 0.246544
vt 0.626325 0.274238
vt 0.639941 0.476072
vt 0.698163 0.270790
vt 0.698383 0.245086
vt 0.657008 0.500569
vt 0.657241 0.474889
vt 0.688692 0.500294
vt 0.671670 0.473308
vt 0.688690 0.474591
vt 0.671437 0.498988
vt 0.671670 0.473308
vt 0.707914 0.501182
vt 0.707913 0.475479
vt 0.582828 0.026986
vt 0.565807 0.000000
vt 0.582827 0.001283
vt 0.728497 0.475932
vt 0.602051 0.027873
vt 0.602049 0.002170
vt 0.749546 0.501635
vt 0.749545 0.475932
vt 0.622634 0.002624
vt 0.770136 0.501182
vt 0.770135 0.475479
vt 0.643683 0.028327
vt 0.643681 0.002624
vt 0.789369 0.500294
vt 0.789368 0.474591
vt 0.664273 0.027873
vt 0.664271 0.002170
vt 0.806404 0.499012
vt 0.806403 0.473308
vt 0.683506 0.026986
vt 0.683504 0.001283
vt 0.522548 0.473345
vt 0.539293 0.474918
vt 0.700541 0.025703
vt 0.700539 0.000000
vt 0.558090 0.501772
vt 0.558324 0.476092
vt 0.549255 0.245086
vt 0.578574 0.502495
vt 0.522315 0.584509
vt 0.477066 0.591816
vt 0.479574 0.580017
vt 0.326439 0.542875
vt 0.372218 0.545135
vt 0.367311 0.556155
vt 0.522315 0.563462
vt 0.479574 0.567954
vt 0.322063 0.563462
vt 0.364803 0.567954
vt 0.517939 0.542875
vt 0.477066 0.556155
vt 0.322063 0.584509
vt 0.364803 0.580017
vt 0.509378 0.523647
vt 0.472160 0.545135
vt 0.326439 0.605097
vt 0.367311 0.591816
vt 0.497007 0.506619
vt 0.465069 0.535376
vt 0.335000 0.624324
vt 0.372218 0.602836
vt 0.481365 0.492536
vt 0.456105 0.527304
vt 0.347371 0.641352
vt 0.379308 0.612595
vt 0.463138 0.482012
vt 0.445658 0.521273
vt 0.422189 0.674663
vt 0.410192 0.630426
vt 0.422189 0.631687
vt 0.363012 0.655435
vt 0.388273 0.620667
vt 0.443121 0.475508
vt 0.434186 0.517545
vt 0.443121 0.672463
vt 0.434186 0.630426
vt 0.381240 0.665959
vt 0.398719 0.626699
vt 0.422189 0.473308
vt 0.422189 0.516284
vt 0.463138 0.665959
vt 0.445658 0.626699
vt 0.401257 0.672463
vt 0.401257 0.475508
vt 0.410192 0.517545
vt 0.481365 0.655435
vt 0.456105 0.620667
vt 0.381240 0.482012
vt 0.398720 0.521273
vt 0.497007 0.641352
vt 0.465069 0.612595
vt 0.363012 0.492536
vt 0.388273 0.527304
vt 0.509378 0.624324
vt 0.472160 0.602836
vt 0.347371 0.506619
vt 0.379308 0.535376
vt 0.517939 0.605097
vt 0.335000 0.523647
vt 0.366384 0.807536
vt 0.354324 0.721904
vt 0.366384 0.721933
vt 0.474816 0.806602
vt 0.463691 0.721401
vt 0.474816 0.720920
vt 0.439779 0.807288
vt 0.428038 0.721321
vt 0.439779 0.721606
vt 0.378234 0.807284
vt 0.378234 0.721681
vt 0.484728 0.805893
vt 0.484728 0.720211
vt 0.451839 0.807315
vt 0.451839 0.721633
vt 0.389357 0.806763
vt 0.389357 0.721160
vt 0.492994 0.804986
vt 0.492994 0.719305
vt 0.399265 0.805995
vt 0.399265 0.720392
vt 0.681425 0.823734
vt 0.671670 0.737321
vt 0.681425 0.738057
vt 0.407527 0.805015
vt 0.407527 0.719411
vt 0.692442 0.824243
vt 0.692442 0.738566
vt 0.532069 0.823698
vt 0.522315 0.737285
vt 0.532069 0.738020
vt 0.704240 0.824504
vt 0.704240 0.738827
vt 0.543086 0.824207
vt 0.543086 0.738530
vt 0.716303 0.824505
vt 0.716303 0.738828
vt 0.554884 0.824468
vt 0.554884 0.738791
vt 0.728104 0.824245
vt 0.728104 0.738568
vt 0.566947 0.824469
vt 0.566947 0.738791
vt 0.739127 0.823738
vt 0.739127 0.738060
vt 0.578748 0.824209
vt 0.578748 0.738532
vt 0.748890 0.823003
vt 0.748890 0.737326
vt 0.589771 0.823701
vt 0.589771 0.738024
vt 0.331668 0.806626
vt 0.322063 0.720208
vt 0.331668 0.721022
vt 0.599534 0.822967
vt 0.599534 0.737290
vt 0.342581 0.807199
vt 0.342581 0.721596
vt 0.417128 0.806472
vt 0.407527 0.720036
vt 0.417128 0.720790
vt 0.354324 0.807507
vt 0.463691 0.807083
vt 0.428038 0.807003
vt 0.552014 0.692849
vt 0.557916 0.692979
vt 0.713307 0.693016
vt 0.719210 0.692886
vt 0.563951 0.692979
vt 0.724725 0.692632
vt 0.569855 0.692850
vt 0.729610 0.692264
vt 0.575369 0.692596
vt 0.341811 0.675061
vt 0.346616 0.675469
vt 0.580254 0.692228
vt 0.352075 0.675756
vt 0.427285 0.675029
vt 0.432089 0.675406
vt 0.357950 0.675910
vt 0.449455 0.675828
vt 0.455384 0.675712
vt 0.437547 0.675672
vt 0.363984 0.675924
vt 0.460949 0.675471
vt 0.443421 0.675814
vt 0.369912 0.675798
vt 0.465908 0.675116
vt 0.375477 0.675538
vt 0.470044 0.674663
vt 0.380434 0.675154
vt 0.690978 0.692262
vt 0.695858 0.692630
vt 0.384567 0.674663
vt 0.701369 0.692885
vt 0.541622 0.692226
vt 0.546502 0.692594
vt 0.707272 0.693015
vt 0.484885 0.816867
vt 0.492141 0.839200
vt 0.480400 0.859537
vt 0.060982 0.049915
vt 0.040098 0.049200
vt 0.046903 0.045644
vt 0.044243 0.567946
vt 0.000000 0.595492
vt 0.086271 0.031542
vt 0.048634 0.000000
vt 0.040098 0.594926
vt 0.032773 0.597223
vt 0.275310 0.598307
vt 0.277820 0.567946
vt 0.282194 0.594908
vt 0.207236 0.644126
vt 0.233211 0.608113
vt 0.273490 0.644126
vt 0.207236 0.000000
vt 0.235792 0.031542
vt 0.207236 0.018828
vt 0.207236 0.322063
vt 0.176121 0.339527
vt 0.932906 0.746520
vt 0.904352 0.747050
vt 0.322063 0.273430
vt 0.297626 0.221848
vt 0.322063 0.221848
vt 0.930544 0.618749
vt 0.000000 0.370769
vt 0.029153 0.424379
vt 0.000000 0.422279
vt 0.114827 0.322063
vt 0.145402 0.309734
vt 0.145402 0.322063
vt 0.019828 0.453081
vt 0.048692 0.322063
vt 0.114827 0.303235
vt 0.886866 0.276471
vt 0.858333 0.276768
vt 0.884050 0.133578
vt 0.048634 0.644126
vt 0.116422 0.620388
vt 0.114827 0.644126
vt 0.000000 0.100216
vt 0.014777 0.129944
vt 0.322063 0.452007
vt 0.302236 0.453081
vt 0.897589 0.606881
vt 0.307286 0.192119
vt 0.322063 0.192119
vt 0.322063 0.129944
vt 0.307286 0.129944
vt 0.000000 0.048634
vt 0.024437 0.100216
vt 0.145942 0.626662
vt 0.176661 0.644126
vt 0.145402 0.644126
vt 0.176661 0.309734
vt 0.207236 0.322063
vt 0.176661 0.322063
vt 0.900203 0.749696
vt 0.871644 0.749974
vt 0.302235 0.513108
vt 0.322063 0.483095
vt 0.322063 0.514182
vt 0.322063 0.543911
vt 0.261081 0.049915
vt 0.282194 0.049218
vt 0.322063 0.161032
vt 0.176121 0.626662
vt 0.322063 0.595332
vt 0.292910 0.541811
vt 0.310553 0.161032
vt 0.305390 0.483095
vt 0.176661 0.012329
vt 0.917211 0.145441
vt 0.919579 0.273446
vt 0.891026 0.273976
vt 0.040066 0.248918
vt 0.000000 0.273357
vt 0.046301 0.368365
vt 0.044243 0.398243
vt 0.039208 0.371303
vt 0.039208 0.272824
vt 0.032115 0.275762
vt 0.088852 0.358076
vt 0.048692 0.322063
vt 0.235792 0.290521
vt 0.273195 0.322063
vt 0.233211 0.358076
vt 0.205641 0.345801
vt 0.261081 0.272148
vt 0.282855 0.272824
vt 0.275762 0.275762
vt 0.257626 0.375815
vt 0.282855 0.371303
vt 0.126361 0.854009
vt 0.133673 0.825736
vt 0.133673 0.854270
vt 0.848642 0.856272
vt 0.855129 0.827288
vt 0.855129 0.855849
vt 0.731439 0.853432
vt 0.738263 0.824505
vt 0.738263 0.853039
vt 0.798944 0.749685
vt 0.806035 0.721431
vt 0.806035 0.749990
vt 0.862620 0.827462
vt 0.862620 0.856022
vt 0.743565 0.229698
vt 0.750607 0.200823
vt 0.750607 0.229383
vt 0.060982 0.272148
vt 0.791849 0.778853
vt 0.798944 0.749990
vt 0.798944 0.778548
vt 0.149886 0.854398
vt 0.156711 0.825475
vt 0.156711 0.854035
vt 0.820535 0.856215
vt 0.827342 0.827288
vt 0.827342 0.855847
vt 0.798944 0.807412
vt 0.806036 0.779159
vt 0.806036 0.807717
vt 0.834666 0.827527
vt 0.834666 0.856086
vt 0.164023 0.825716
vt 0.164023 0.854277
vt 0.745576 0.824766
vt 0.745576 0.853300
vt 0.040066 0.073145
vt 0.032773 0.046903
vt 0.791849 0.721125
vt 0.798944 0.692262
vt 0.798944 0.720821
vt 0.791849 0.749989
vt 0.798944 0.721126
vt 0.764790 0.229357
vt 0.771933 0.201136
vt 0.771933 0.229671
vt 0.289948 0.354179
vt 0.297236 0.345988
vt 0.039208 0.351240
vt 0.024665 0.346097
vt 0.799122 0.836276
vt 0.806004 0.808070
vt 0.806004 0.836629
vt 0.834666 0.856281
vt 0.841151 0.827289
vt 0.841151 0.855823
vt 0.282855 0.292886
vt 0.297236 0.298138
vt 0.813211 0.855847
vt 0.820535 0.827527
vt 0.820535 0.856086
vt 0.848643 0.827476
vt 0.848643 0.856010
vt 0.142574 0.854035
vt 0.149886 0.825716
vt 0.149886 0.854277
vt 0.589356 0.853027
vt 0.596238 0.824821
vt 0.596238 0.853380
vt 0.283515 0.614927
vt 0.297301 0.620207
vt 0.119537 0.854402
vt 0.126361 0.825475
vt 0.806036 0.750295
vt 0.806036 0.778853
vt 0.757749 0.201113
vt 0.757749 0.229674
vt 0.791849 0.807716
vt 0.798944 0.778853
vt 0.064437 0.590374
vt 0.806404 0.856216
vt 0.813211 0.827289
vt 0.135748 0.854398
vt 0.142574 0.825475
vt 0.806036 0.692567
vt 0.806036 0.721126
vt 0.582083 0.853282
vt 0.589356 0.824469
vt 0.791849 0.836531
vt 0.799122 0.807717
vt 0.757749 0.229698
vt 0.764790 0.200823
vt 0.289465 0.046753
vt 0.292864 0.039869
vt 0.049200 0.038318
vt 0.045644 0.031514
vt 0.088852 0.608113
vt 0.046903 0.598482
vt 0.045644 0.612612
vt 0.049200 0.605808
vt 0.292886 0.282855
vt 0.031514 0.611353
vt 0.038318 0.614909
vt 0.029217 0.040098
vt 0.038318 0.029217
vt 0.023002 0.025632
vt 0.024665 0.298030
vt 0.029177 0.282855
vt 0.032115 0.289948
vt 0.289948 0.368365
vt 0.858333 0.000296
vt 0.886866 -0.000000
vt 0.029217 0.604028
vt 0.928757 0.522055
vt 0.032115 0.368365
vt 0.039208 0.292886
vt 0.029177 0.361272
vt 0.086271 0.290521
vt 0.046301 0.275762
vt 0.049239 0.361272
vt 0.046301 0.289948
vt 0.049239 0.282855
vt 0.046301 0.354178
vt 0.275310 0.045819
vt 0.871644 0.473587
vt 0.900203 0.473308
vt 0.289948 0.275762
vt 0.282855 0.351241
vt 0.273195 0.322063
vt 0.297301 0.023919
vt 0.283515 0.029199
vt 0.273490 0.000000
vt 0.891026 0.000530
vt 0.919579 0.000000
vt 0.289465 0.597373
vt 0.272845 0.605578
vt 0.276244 0.031664
vt 0.272845 0.038548
vt 0.276244 0.612462
vt 0.292864 0.604257
vt 0.290399 0.032598
vt 0.281997 0.248918
vt 0.292886 0.361272
vt 0.275762 0.289948
vt 0.275762 0.354179
vt 0.272824 0.282855
vt 0.272824 0.361272
vt 0.275762 0.368365
vt 0.663162 0.868294
vt 0.655836 0.875106
vt 0.669714 0.847970
vt 0.960047 0.176596
vt 0.954548 0.167734
vt 0.952648 0.157107
vt 0.967469 0.926569
vt 0.959201 0.932450
vt 0.974860 0.907080
vt 0.970210 0.649379
vt 0.965347 0.639897
vt 0.963667 0.629053
vt 0.944698 0.175745
vt 0.935805 0.182185
vt 0.952648 0.155753
vt 0.903816 0.451418
vt 0.897802 0.442293
vt 0.895726 0.431581
vt 0.513686 0.850732
vt 0.506360 0.857545
vt 0.520235 0.830408
vt 0.940302 0.649900
vt 0.934804 0.641038
vt 0.932906 0.630410
vt 0.985744 0.452569
vt 0.977476 0.458449
vt 0.993138 0.433081
vt 0.414073 0.983385
vt 0.409208 0.973903
vt 0.407527 0.963060
vt 0.954466 0.451566
vt 0.945572 0.458014
vt 0.962418 0.431581
vt 0.918583 0.925580
vt 0.912568 0.916449
vt 0.910489 0.905727
vt 0.164023 0.658451
vt 0.146398 0.650650
vt 0.144795 0.671911
vt 0.701507 0.390063
vt 0.719411 0.394067
vt 0.720321 0.368480
vt 0.079038 0.722861
vt 0.061108 0.721637
vt 0.061108 0.747928
vt 0.704449 0.097966
vt 0.722383 0.097155
vt 0.722099 0.071321
vt 0.161563 0.770054
vt 0.143687 0.773649
vt 0.144795 0.797674
vt 0.700171 0.277946
vt 0.717939 0.270502
vt 0.715969 0.252476
vt 0.702193 0.166594
vt 0.719897 0.172792
vt 0.721258 0.149024
vt 0.079038 0.746716
vt 0.061675 0.773649
vt 0.162569 0.677742
vt 0.143687 0.695923
vt 0.702332 0.366846
vt 0.720629 0.342196
vt 0.162569 0.791853
vt 0.146398 0.818954
vt 0.082012 0.658451
vt 0.064386 0.650650
vt 0.062784 0.671911
vt 0.704191 0.074525
vt 0.721258 0.047066
vt 0.703428 0.145029
vt 0.722099 0.123439
vt 0.161563 0.699530
vt 0.143120 0.721637
vt 0.702611 0.342998
vt 0.720321 0.316364
vt 0.079552 0.770054
vt 0.062784 0.797674
vt 0.704191 0.121814
vt 0.703428 0.052517
vt 0.719897 0.025450
vt 0.698383 0.430611
vt 0.715969 0.438756
vt 0.717939 0.417838
vt 0.080558 0.677742
vt 0.061675 0.695923
vt 0.080558 0.791853
vt 0.064386 0.818954
vt 0.161049 0.722861
vt 0.143120 0.747928
vt 0.702332 0.319559
vt 0.719411 0.292112
vt 0.700171 0.411632
vt 0.079552 0.699529
vt 0.702193 0.032904
vt 0.718076 0.007417
vt 0.161049 0.746717
vt 0.701507 0.297554
vt 0.700541 0.185569
vt 0.718076 0.193704
vt 0.322063 0.347269
vt 0.337382 0.348880
vt 0.341673 0.328695
vt 0.544075 0.323935
vt 0.529425 0.328695
vt 0.533716 0.348880
vt 0.544075 0.394460
vt 0.529425 0.389700
vt 0.521032 0.408551
vt 0.322063 0.371125
vt 0.337382 0.369515
vt 0.534372 0.302142
vt 0.521032 0.309844
vt 0.327023 0.394460
vt 0.341673 0.389700
vt 0.520350 0.282842
vt 0.508903 0.293149
vt 0.336726 0.416253
vt 0.350066 0.408551
vt 0.502622 0.266880
vt 0.493568 0.279341
vt 0.350748 0.435553
vt 0.362195 0.425246
vt 0.481962 0.254952
vt 0.475697 0.269024
vt 0.368476 0.451515
vt 0.377530 0.439053
vt 0.459274 0.247580
vt 0.456071 0.262647
vt 0.389136 0.463443
vt 0.395401 0.449371
vt 0.435549 0.245086
vt 0.435549 0.260490
vt 0.411824 0.470815
vt 0.415027 0.455748
vt 0.411824 0.247580
vt 0.415027 0.262647
vt 0.435549 0.473308
vt 0.435549 0.457905
vt 0.389136 0.254952
vt 0.395401 0.269024
vt 0.459274 0.470815
vt 0.456071 0.455748
vt 0.368476 0.266880
vt 0.377530 0.279341
vt 0.481962 0.463443
vt 0.475697 0.449371
vt 0.350748 0.282842
vt 0.362195 0.293149
vt 0.502622 0.451515
vt 0.493568 0.439053
vt 0.336726 0.302142
vt 0.350066 0.309844
vt 0.549035 0.371125
vt 0.533716 0.369515
vt 0.520350 0.435553
vt 0.508903 0.425246
vt 0.327023 0.323935
vt 0.549035 0.347270
vt 0.534372 0.416253
vt 0.375719 0.413069
vt 0.365826 0.399452
vt 0.468295 0.285648
vt 0.482871 0.294064
vt 0.388227 0.424331
vt 0.452288 0.280447
vt 0.402803 0.432746
vt 0.435549 0.278688
vt 0.418810 0.437947
vt 0.418810 0.280447
vt 0.435549 0.439707
vt 0.402803 0.285648
vt 0.452288 0.437947
vt 0.388227 0.294064
vt 0.468295 0.432746
vt 0.375719 0.305326
vt 0.482871 0.424331
vt 0.365826 0.318943
vt 0.515617 0.367613
vt 0.512118 0.384076
vt 0.495379 0.413069
vt 0.358980 0.334319
vt 0.515617 0.350782
vt 0.505272 0.399452
vt 0.355481 0.350782
vt 0.512118 0.334319
vt 0.355481 0.367613
vt 0.505272 0.318943
vt 0.358980 0.384076
vt 0.495379 0.305326
vt 0.471116 0.408151
vt 0.460161 0.414476
vt 0.383145 0.328942
vt 0.390581 0.318708
vt 0.495728 0.365522
vt 0.493098 0.377896
vt 0.480517 0.399687
vt 0.378000 0.340499
vt 0.495728 0.352872
vt 0.487953 0.389453
vt 0.375370 0.352872
vt 0.493098 0.340499
vt 0.375370 0.365522
vt 0.487953 0.328942
vt 0.378000 0.377896
vt 0.480517 0.318708
vt 0.383145 0.389453
vt 0.471116 0.310243
vt 0.390581 0.399687
vt 0.460161 0.303918
vt 0.399982 0.408151
vt 0.448130 0.300009
vt 0.410937 0.414476
vt 0.435549 0.298687
vt 0.422968 0.418385
vt 0.422968 0.300009
vt 0.435549 0.419708
vt 0.410937 0.303918
vt 0.448130 0.418385
vt 0.399982 0.310243
vt 0.429259 0.388790
vt 0.423244 0.386836
vt 0.429259 0.329605
vt 0.435549 0.328943
vt 0.435549 0.389451
vt 0.423244 0.331559
vt 0.441839 0.388790
vt 0.417766 0.334721
vt 0.447854 0.386836
vt 0.413066 0.338954
vt 0.453332 0.383673
vt 0.409348 0.344070
vt 0.465637 0.362360
vt 0.464322 0.368546
vt 0.458032 0.379441
vt 0.406776 0.349848
vt 0.465637 0.356035
vt 0.461750 0.374324
vt 0.405461 0.356035
vt 0.464322 0.349848
vt 0.405461 0.362360
vt 0.461750 0.344070
vt 0.406776 0.368546
vt 0.458032 0.338954
vt 0.409348 0.374324
vt 0.453332 0.334721
vt 0.413066 0.379441
vt 0.447854 0.331559
vt 0.417766 0.383673
vt 0.441839 0.329605
vt 0.460346 0.351140
vt 0.461479 0.356472
vt 0.460346 0.367254
vt 0.458129 0.372234
vt 0.409619 0.361923
vt 0.409619 0.356472
vt 0.458129 0.346161
vt 0.410752 0.367254
vt 0.454925 0.341751
vt 0.412969 0.372234
vt 0.450874 0.338104
vt 0.416173 0.376644
vt 0.446154 0.335378
vt 0.420224 0.380291
vt 0.440970 0.333694
vt 0.424944 0.383016
vt 0.435549 0.333124
vt 0.430128 0.384701
vt 0.430128 0.333694
vt 0.435549 0.385271
vt 0.424944 0.335378
vt 0.440970 0.384701
vt 0.420224 0.338104
vt 0.446154 0.383016
vt 0.416173 0.341751
vt 0.450874 0.380291
vt 0.412969 0.346161
vt 0.461479 0.361923
vt 0.454925 0.376644
vt 0.410752 0.351140
vt 0.430866 0.337164
vt 0.435549 0.336672
vt 0.180896 0.851245
vt 0.177263 0.852340
vt 0.177364 0.856947
vt 0.426387 0.338619
vt 0.440232 0.381231
vt 0.435549 0.381723
vt 0.422309 0.340974
vt 0.444711 0.379775
vt 0.418809 0.344125
vt 0.448789 0.377421
vt 0.791908 0.848735
vt 0.795551 0.849214
vt 0.795702 0.844631
vt 0.771997 0.223734
vt 0.775666 0.222744
vt 0.775610 0.218117
vt 0.452289 0.374270
vt 0.791849 0.854184
vt 0.795500 0.853922
vt 0.457951 0.356843
vt 0.457951 0.361552
vt 0.771997 0.212929
vt 0.775666 0.213410
vt 0.775828 0.208827
vt 0.791908 0.859540
vt 0.795551 0.858549
vt 0.456972 0.352237
vt 0.771933 0.218378
vt 0.413147 0.361552
vt 0.413147 0.356843
vt 0.455057 0.347935
vt 0.414126 0.366158
vt 0.452289 0.344125
vt 0.416041 0.370460
vt 0.448789 0.340974
vt 0.418809 0.374270
vt 0.172518 0.862029
vt 0.168869 0.861656
vt 0.168768 0.866261
vt 0.422309 0.377421
vt 0.172518 0.856578
vt 0.168869 0.856947
vt 0.181014 0.862029
vt 0.177364 0.861656
vt 0.177263 0.866261
vt 0.172401 0.851245
vt 0.168768 0.852340
vt 0.181014 0.856578
vt 0.795702 0.862893
vt 0.799976 0.862499
vt 0.799832 0.858328
vt 0.776445 0.234187
vt 0.780698 0.233514
vt 0.780359 0.230414
vt 0.795945 0.866765
vt 0.800210 0.866217
vt 0.168569 0.870562
vt 0.164299 0.870115
vt 0.164023 0.873771
vt 0.796272 0.869995
vt 0.800524 0.869319
vt 0.164489 0.865985
vt 0.177064 0.870562
vt 0.172794 0.870114
vt 0.172518 0.873771
vt 0.164587 0.861562
vt 0.172985 0.865984
vt 0.164587 0.857040
vt 0.173082 0.861562
vt 0.164489 0.852616
vt 0.173082 0.857040
vt 0.168569 0.848037
vt 0.164299 0.848484
vt 0.172985 0.852616
vt 0.168282 0.844225
vt 0.164023 0.844824
vt 0.177064 0.848037
vt 0.172794 0.848484
vt 0.795945 0.840374
vt 0.800210 0.840875
vt 0.800524 0.837279
vt 0.176777 0.844225
vt 0.172518 0.844824
vt 0.799976 0.844963
vt 0.776092 0.204569
vt 0.780360 0.205073
vt 0.780698 0.201475
vt 0.799832 0.849364
vt 0.779950 0.222526
vt 0.779897 0.218083
vt 0.780106 0.209161
vt 0.799783 0.853884
vt 0.775828 0.227088
vt 0.780106 0.226697
vt 0.779950 0.213562
vt 0.776092 0.230959
vt 0.722053 0.244084
vt 0.722053 0.234785
vt 0.719489 0.234515
vt 0.713255 0.202693
vt 0.717037 0.211187
vt 0.719489 0.210391
vt 0.726550 0.243611
vt 0.724617 0.234515
vt 0.709339 0.204954
vt 0.714804 0.212476
vt 0.730851 0.242214
vt 0.727069 0.233719
vt 0.705978 0.207979
vt 0.712889 0.214201
vt 0.734767 0.239953
vt 0.729301 0.232430
vt 0.703320 0.211638
vt 0.711373 0.216287
vt 0.743565 0.224714
vt 0.734317 0.223742
vt 0.733781 0.226264
vt 0.738128 0.236927
vt 0.731217 0.230705
vt 0.701481 0.215769
vt 0.710325 0.218642
vt 0.743565 0.220192
vt 0.734317 0.221164
vt 0.740786 0.233268
vt 0.732733 0.228619
vt 0.700541 0.220192
vt 0.709789 0.221164
vt 0.742625 0.215769
vt 0.733781 0.218642
vt 0.742625 0.229137
vt 0.700541 0.224714
vt 0.709789 0.223742
vt 0.740786 0.211638
vt 0.732733 0.216287
vt 0.701481 0.229137
vt 0.710325 0.226264
vt 0.738128 0.207979
vt 0.731217 0.214201
vt 0.703320 0.233268
vt 0.711373 0.228619
vt 0.734767 0.204954
vt 0.729301 0.212476
vt 0.705978 0.236927
vt 0.712889 0.230705
vt 0.730851 0.202693
vt 0.727069 0.211187
vt 0.709339 0.239953
vt 0.714804 0.232430
vt 0.726550 0.201295
vt 0.724617 0.210391
vt 0.713255 0.242214
vt 0.717037 0.233719
vt 0.722053 0.200822
vt 0.722053 0.210121
vt 0.717556 0.243611
vt 0.717556 0.201295
vt 0.602677 0.242401
vt 0.603016 0.218973
vt 0.601215 0.219159
vt 0.582306 0.242576
vt 0.582611 0.219175
vt 0.580453 0.219328
vt 0.622064 0.242555
vt 0.621948 0.219133
vt 0.619825 0.218973
vt 0.584073 0.242378
vt 0.584411 0.218973
vt 0.624418 0.242664
vt 0.624346 0.219244
vt 0.605255 0.242555
vt 0.605139 0.219133
vt 0.603016 0.218973
vt 0.626940 0.242720
vt 0.626914 0.219301
vt 0.607610 0.242664
vt 0.607537 0.219244
vt 0.629518 0.242720
vt 0.629540 0.219301
vt 0.610131 0.242720
vt 0.610105 0.219301
vt 0.632040 0.242664
vt 0.632109 0.219244
vt 0.612709 0.242720
vt 0.612731 0.219301
vt 0.634396 0.242555
vt 0.634508 0.219133
vt 0.615231 0.242664
vt 0.615300 0.219244
vt 0.636482 0.242398
vt 0.636634 0.218973
vt 0.617587 0.242555
vt 0.617699 0.219133
vt 0.567858 0.242614
vt 0.567896 0.219214
vt 0.565807 0.219023
vt 0.619673 0.242398
vt 0.619825 0.218973
vt 0.570190 0.242753
vt 0.570271 0.219355
vt 0.586462 0.242610
vt 0.586500 0.219186
vt 0.584411 0.219008
vt 0.572699 0.242835
vt 0.572827 0.219439
vt 0.596412 0.242807
vt 0.596634 0.219387
vt 0.594054 0.219421
vt 0.588793 0.242739
vt 0.588874 0.219318
vt 0.575276 0.242858
vt 0.575452 0.219462
vt 0.598790 0.242720
vt 0.599056 0.219299
vt 0.591301 0.242817
vt 0.591429 0.219397
vt 0.577809 0.242822
vt 0.578031 0.219425
vt 0.600910 0.242583
vt 0.593879 0.242840
vt 0.580187 0.242726
vt 0.740116 0.369583
vt 0.740442 0.341772
vt 0.741851 0.069385
vt 0.740961 0.043720
vt 0.740961 0.151603
vt 0.741851 0.124532
vt 0.740116 0.314439
vt 0.739521 0.020847
vt 0.742152 0.096720
vt 0.739153 0.288778
vt 0.737594 0.001767
vt 0.737596 0.265911
vt 0.126823 0.645758
vt 0.125127 0.668254
vt 0.735511 0.246838
vt 0.123954 0.693661
vt 0.044811 0.645757
vt 0.043116 0.668254
vt 0.123355 0.720870
vt 0.041943 0.693661
vt 0.123355 0.748689
vt 0.041343 0.720869
vt 0.123954 0.775904
vt 0.041343 0.748689
vt 0.125127 0.801326
vt 0.041943 0.775904
vt 0.126823 0.823842
vt 0.043116 0.801326
vt 0.735511 0.443944
vt 0.737596 0.421811
vt 0.044811 0.823842
vt 0.739153 0.396657
vt 0.737594 0.198879
vt 0.739521 0.176752
vt 0.759573 0.287794
vt 0.757986 0.264509
vt 0.106447 0.644126
vt 0.104720 0.667035
vt 0.755864 0.245086
vt 0.103526 0.692908
vt 0.024435 0.644126
vt 0.022709 0.667035
vt 0.102915 0.720614
vt 0.021514 0.692908
vt 0.102915 0.748944
vt 0.020904 0.720614
vt 0.103526 0.776658
vt 0.020904 0.748944
vt 0.104720 0.802545
vt 0.021514 0.776658
vt 0.106447 0.825474
vt 0.022709 0.802545
vt 0.755864 0.445804
vt 0.757986 0.423265
vt 0.024435 0.825474
vt 0.759573 0.397651
vt 0.757951 0.200725
vt 0.759914 0.178192
vt 0.760553 0.370081
vt 0.762593 0.096694
vt 0.762286 0.068857
vt 0.761380 0.152582
vt 0.760885 0.341760
vt 0.761380 0.042722
vt 0.762286 0.125014
vt 0.760553 0.313925
vt 0.759914 0.019430
vt 0.757951 0.000000
vt 0.010091 0.776658
vt 0.011285 0.802546
vt 0.767277 0.445910
vt 0.769400 0.423371
vt 0.013012 0.825475
vt 0.770986 0.397757
vt 0.769375 0.200823
vt 0.771338 0.178290
vt 0.771966 0.370187
vt 0.774017 0.096791
vt 0.773710 0.068955
vt 0.772804 0.152680
vt 0.772298 0.341866
vt 0.772804 0.042820
vt 0.773710 0.125112
vt 0.771966 0.314032
vt 0.771338 0.019528
vt 0.770986 0.287901
vt 0.769375 0.000098
vt 0.769400 0.264615
vt 0.095023 0.644127
vt 0.093297 0.667036
vt 0.767277 0.245193
vt 0.092102 0.692909
vt 0.013012 0.644127
vt 0.011285 0.667035
vt 0.091491 0.720615
vt 0.010091 0.692909
vt 0.091491 0.748945
vt 0.009480 0.720615
vt 0.092102 0.776658
vt 0.009480 0.748945
vt 0.093297 0.802546
vt 0.095023 0.825475
vt 0.573235 0.883184
vt 0.582083 0.883184
vt 0.578928 0.853171
vt 0.090219 0.856017
vt 0.081564 0.854177
vt 0.078409 0.884191
vt 0.570273 0.855010
vt 0.569603 0.824469
vt 0.087257 0.884191
vt 0.081564 0.914205
vt 0.082662 0.690170
vt 0.082012 0.719685
vt 0.090219 0.912365
vt 0.090890 0.942907
vt 0.082012 0.749865
vt 0.000651 0.690170
vt 0.000000 0.719685
vt 0.082662 0.779388
vt -0.000000 0.749865
vt 0.098973 0.939308
vt 0.107056 0.942907
vt 0.116382 0.914205
vt 0.000651 0.779388
vt 0.107727 0.912365
vt 0.119537 0.884191
vt 0.731439 0.828104
vt 0.723355 0.824505
vt 0.714030 0.853207
vt 0.110688 0.884191
vt 0.116382 0.854177
vt 0.722685 0.855047
vt 0.710875 0.883221
vt 0.107727 0.856017
vt 0.107056 0.825475
vt 0.719723 0.883221
vt 0.714030 0.913235
vt 0.780451 0.400759
vt 0.781495 0.371389
vt 0.783500 0.096141
vt 0.783174 0.066487
vt 0.722685 0.911395
vt 0.723355 0.941937
vt 0.781848 0.341218
vt 0.782208 0.038645
vt 0.782208 0.155679
vt 0.783174 0.126311
vt 0.781495 0.311567
vt 0.561519 0.938301
vt 0.569603 0.941900
vt 0.578928 0.913198
vt 0.780451 0.283730
vt 0.570273 0.911359
vt 0.098973 0.829074
vt 0.090890 0.825475
vt 0.322063 0.100216
vt 0.932906 0.473308
vt 0.322063 0.422279
vt 0.781848 0.265960
vt 0.302835 0.826181
vt 0.233429 0.826181
vt 0.783500 0.020915
vt 0.806404 0.826558
vt 0.806404 0.649646
vt 0.307385 0.997976
vt 0.867546 0.926250
vt 0.987937 0.176966
vt 0.852783 0.465769
vt 0.749216 0.869187
vt 0.599861 0.869150
vt 0.974860 0.926137
vt 0.302835 0.820400
vt 0.561519 0.892787
vt 0.361268 0.821116
vt 0.671670 0.838085
vt 0.078409 0.893793
vt 0.039205 0.893793
vt 0.322063 0.821116
vt 0.671672 0.499012
vt 0.565808 0.025703
vt 0.522315 0.499025
vt 0.549035 0.270790
vt 0.671670 0.822998
vt 0.522315 0.822962
vt 0.322063 0.805811
vt 0.407527 0.805718
vt 0.469434 0.864419
vt 0.463432 0.865050
vt 0.457430 0.864419
vt 0.451690 0.862554
vt 0.446464 0.859537
vt 0.441979 0.855499
vt 0.434723 0.839200
vt 0.438432 0.850616
vt 0.435977 0.845103
vt 0.434723 0.833165
vt 0.435977 0.827262
vt 0.438432 0.821749
vt 0.441979 0.816866
vt 0.446464 0.812828
vt 0.451690 0.809811
vt 0.457430 0.807946
vt 0.463432 0.807315
vt 0.469434 0.807946
vt 0.475173 0.809811
vt 0.480400 0.812828
vt 0.488432 0.821749
vt 0.490886 0.827262
vt 0.492141 0.833165
vt 0.490886 0.845103
vt 0.488432 0.850616
vt 0.484885 0.855499
vt 0.475173 0.862554
vt 0.257626 0.590374
vt 0.205641 0.620388
vt 0.207236 0.303235
vt 0.064437 0.375815
vt 0.848642 0.827712
vt 0.731439 0.824897
vt 0.743565 0.201138
vt 0.791849 0.750294
vt 0.149886 0.825837
vt 0.820535 0.827657
vt 0.791849 0.692566
vt 0.791849 0.721430
vt 0.032115 0.354178
vt 0.834666 0.827747
vt 0.289948 0.289948
vt 0.290399 0.611528
vt 0.119537 0.825868
vt 0.791849 0.779158
vt 0.806404 0.827657
vt 0.135748 0.825837
vt 0.582083 0.824724
vt 0.791849 0.807972
vt 0.757749 0.201164
vt 0.023002 0.618495
vt 0.031514 0.032773
vt 0.642494 0.884907
vt 0.642494 0.694293
vt 0.669514 0.692226
vt 0.668032 0.858813
vt 0.952874 0.001362
vt 0.983385 -0.000000
vt 0.983385 0.190583
vt 0.968320 0.182476
vt 0.944116 0.940572
vt 0.944116 0.749974
vt 0.974610 0.751335
vt 0.972962 0.917708
vt 0.963888 0.473308
vt 0.990884 0.475383
vt 0.990884 0.666016
vt 0.977530 0.656192
vt 0.919579 0.191327
vt 0.919579 0.000699
vt 0.952380 -0.000000
vt 0.950608 0.166511
vt 0.895999 0.275970
vt 0.929378 0.276109
vt 0.929378 0.466557
vt 0.912866 0.457700
vt 0.492994 0.867366
vt 0.492994 0.676734
vt 0.520014 0.674663
vt 0.518554 0.841251
vt 0.933156 0.474665
vt 0.963667 0.473308
vt 0.963667 0.663906
vt 0.948574 0.655782
vt 0.962418 0.466553
vt 0.962418 0.275970
vt 0.992912 0.277336
vt 0.991240 0.443708
vt 0.407727 0.807315
vt 0.434723 0.809386
vt 0.434723 1.000000
vt 0.421393 0.990197
vt 0.929378 0.467156
vt 0.929378 0.276718
vt 0.962175 0.275970
vt 0.960376 0.442332
vt 0.910737 0.749974
vt 0.944116 0.750103
vt 0.944116 0.940709
vt 0.927634 0.931866
vt 0.698383 0.261591
vt 0.164023 0.811162
vt 0.082012 0.811162
vt 0.700541 0.016542
vt 0.792083 0.843431
vt 0.772185 0.207625
vt 0.172401 0.867360
vt 0.180896 0.867359
vt 0.168282 0.874370
vt 0.176777 0.874370
vt 0.796272 0.836629
vt 0.776445 0.200823
vt 0.619979 0.242398
vt 0.603170 0.242398
vt 0.565807 0.242427
vt 0.584411 0.242435
vt 0.561519 0.828067
vt 0.098973 0.939308
vt 0.098973 0.829074
vt 0.731439 0.938338
s 1
usemtl Plastic.001
f 1/1/1 603/2/2 604/3/3
f 3/4/4 601/5/5 602/6/6
f 378/7/7 71/8/8 69/9/9
f 383/10/10 81/11/11 79/12/12
f 388/13/13 91/14/14 89/15/15
f 367/16/16 600/17/17 599/18/18
f 14/19/19 515/20/20 516/21/20
f 18/22/21 517/23/22 519/24/22
f 20/25/23 307/26/24 308/27/25
f 6/28/26 524/29/27 523/30/27
f 10/31/28 511/32/29 512/33/29
f 5/34/30 594/35/31 593/36/31
f 11/37/28 596/38/32 595/39/32
f 19/40/21 598/41/33 597/42/33
f 15/43/19 592/44/34 591/45/34
f 10/46/35 1053/47/35 1052/48/35
f 24/49/22 26/50/22 28/51/22
f 22/52/23 313/53/36 26/54/23
f 23/55/35 1047/56/35 25/57/35
f 23/58/27 525/59/27 526/60/27
f 25/57/35 1046/61/35 523/62/35
f 28/51/22 513/63/22 518/64/22
f 25/65/27 21/66/27 23/58/27
f 26/54/23 314/67/37 513/68/23
f 32/69/35 1039/70/35 40/71/35
f 30/72/29 38/73/29 37/74/29
f 31/75/23 321/76/38 34/77/23
f 32/78/20 34/79/20 35/80/20
f 35/81/35 1040/82/35 32/69/35
f 34/77/23 322/83/39 522/84/23
f 35/80/20 522/85/20 514/86/20
f 36/87/29 29/88/29 30/72/29
f 37/74/29 520/89/29 521/90/29
f 40/91/20 31/92/20 32/78/20
f 39/93/23 320/94/40 31/75/23
f 40/71/35 1038/95/35 516/96/35
f 42/97/41 43/98/42 44/99/43
f 44/99/43 599/100/18 45/101/44
f 45/101/44 600/102/17 46/103/45
f 46/103/45 47/104/46 48/105/47
f 48/105/47 49/106/48 50/107/49
f 50/107/49 51/108/50 52/109/51
f 52/109/51 604/110/3 53/111/52
f 53/111/52 603/112/2 54/113/53
f 54/113/53 55/114/54 56/115/55
f 56/115/55 57/116/56 58/117/57
f 58/117/57 59/118/58 60/119/59
f 60/119/59 602/120/6 61/121/60
f 61/121/60 601/122/5 62/123/61
f 62/123/61 63/124/62 64/125/63
f 64/125/63 65/126/64 66/127/65
f 66/127/65 67/128/66 68/129/67
f 68/129/67 69/130/9 70/131/68
f 70/131/68 71/132/8 72/133/69
f 72/133/69 73/134/70 74/135/71
f 74/135/71 75/136/72 76/137/73
f 76/137/73 77/138/74 78/139/75
f 78/139/75 79/140/12 80/141/76
f 80/141/76 81/142/11 82/143/77
f 82/143/77 83/144/78 84/145/79
f 84/145/79 85/146/80 86/147/81
f 86/147/81 87/148/82 88/149/83
f 88/149/83 89/150/15 90/151/84
f 90/151/84 91/152/14 92/153/85
f 92/153/85 93/154/86 94/155/87
f 94/155/87 41/156/88 42/97/41
f 48/157/47 100/158/89 99/159/90
f 62/160/61 109/161/91 108/162/92
f 80/163/76 118/164/93 117/165/94
f 42/166/41 96/167/95 95/168/96
f 56/169/55 105/170/97 104/171/98
f 72/172/69 114/173/99 113/174/100
f 90/175/84 123/176/101 122/177/102
f 82/178/77 119/179/103 118/164/93
f 50/180/49 101/181/104 100/158/89
f 64/182/63 110/183/105 109/161/91
f 58/184/57 106/185/106 105/170/97
f 74/186/71 115/187/107 114/188/99
f 44/189/43 97/190/108 96/167/95
f 92/191/85 124/192/109 123/176/101
f 52/193/51 102/194/110 101/181/104
f 66/195/65 111/196/111 110/183/105
f 84/197/79 120/198/112 119/179/103
f 94/199/87 95/168/96 124/192/109
f 45/200/44 98/201/113 97/190/108
f 60/202/59 107/203/114 106/204/106
f 76/205/73 116/206/115 115/187/107
f 86/207/81 121/208/116 120/198/112
f 53/209/52 103/210/117 102/194/110
f 68/211/67 112/212/118 111/196/111
f 61/213/60 108/162/92 107/203/114
f 78/214/75 117/165/94 116/206/115
f 46/215/45 99/216/90 98/201/113
f 54/217/53 104/171/98 103/210/117
f 70/218/68 113/174/100 112/212/118
f 88/219/83 122/177/102 121/220/116
f 114/188/99 145/221/119 144/222/120
f 101/181/104 132/223/121 131/224/122
f 115/187/107 146/225/123 145/221/119
f 102/194/110 133/226/124 132/223/121
f 116/206/115 147/227/125 146/225/123
f 103/210/117 134/228/126 133/226/124
f 117/165/94 148/229/127 147/227/125
f 104/171/98 135/230/128 134/228/126
f 118/164/93 149/231/129 148/229/127
f 105/170/97 136/232/130 135/230/128
f 119/179/103 150/233/131 149/231/129
f 106/204/106 137/234/132 136/235/130
f 120/198/112 151/236/133 150/233/131
f 107/203/114 138/237/134 137/234/132
f 121/220/116 152/238/135 151/239/133
f 108/162/92 139/240/136 138/237/134
f 95/168/96 126/241/137 125/242/138
f 122/177/102 153/243/139 152/238/135
f 109/161/91 140/244/140 139/240/136
f 96/167/95 127/245/141 126/241/137
f 123/176/101 154/246/142 153/243/139
f 110/183/105 141/247/143 140/244/140
f 97/190/108 128/248/144 127/245/141
f 124/192/109 125/242/138 154/246/142
f 111/196/111 142/249/145 141/247/143
f 98/201/113 129/250/146 128/248/144
f 112/212/118 143/251/147 142/249/145
f 99/159/90 130/252/148 129/253/146
f 113/174/100 144/254/120 143/251/147
f 100/158/89 131/224/122 130/252/148
f 43/98/42 155/255/149 156/256/150
f 57/116/56 164/257/151 165/258/152
f 73/134/70 173/259/153 174/260/154
f 51/108/50 160/261/155 161/262/156
f 65/126/64 169/263/157 170/264/158
f 83/144/78 178/265/159 179/266/160
f 599/100/18 156/256/150 157/267/161
f 93/154/86 183/268/162 184/269/163
f 59/118/58 165/258/152 166/270/164
f 75/136/72 174/260/154 175/271/165
f 604/110/3 161/262/156 162/272/166
f 67/128/66 170/264/158 171/273/167
f 85/146/80 179/266/160 180/274/168
f 41/156/88 184/269/163 155/255/149
f 602/120/6 166/270/164 167/275/169
f 77/138/74 175/271/165 176/276/170
f 69/130/9 171/273/167 172/277/171
f 87/148/82 180/274/168 181/278/172
f 47/104/46 158/279/173 159/280/174
f 79/140/12 176/276/170 177/281/175
f 89/150/15 181/278/172 182/282/176
f 55/114/54 163/283/177 164/257/151
f 49/106/48 159/280/174 160/261/155
f 63/124/62 168/284/178 169/263/157
f 162/272/166 191/285/179 192/286/180
f 176/276/170 205/287/181 206/288/182
f 177/281/175 206/288/182 207/289/183
f 164/257/151 193/290/184 194/291/185
f 165/258/152 194/291/185 195/292/186
f 179/266/160 208/293/187 209/294/188
f 166/270/164 195/292/186 196/295/189
f 180/274/168 209/294/188 210/296/190
f 167/275/169 196/295/189 197/297/191
f 181/278/172 210/296/190 211/298/192
f 182/282/176 211/298/192 212/299/193
f 169/263/157 198/300/194 199/301/195
f 156/256/150 185/302/196 186/303/197
f 170/264/158 199/301/195 200/304/198
f 157/267/161 186/303/197 187/305/199
f 184/269/163 213/306/200 214/307/201
f 171/273/167 200/304/198 201/308/202
f 155/255/149 214/307/201 185/302/196
f 172/277/171 201/308/202 202/309/203
f 159/280/174 188/310/204 189/311/205
f 160/261/155 189/311/205 190/312/206
f 174/260/154 203/313/207 204/314/208
f 161/262/156 190/312/206 191/285/179
f 175/271/165 204/314/208 205/287/181
f 199/315/195 228/316/209 229/317/210
f 186/318/197 215/319/211 216/320/212
f 200/321/198 229/317/210 230/322/213
f 187/323/199 216/320/212 217/324/214
f 214/325/201 243/326/215 244/327/216
f 201/328/202 230/322/213 231/329/217
f 185/330/196 244/327/216 215/319/211
f 202/331/203 231/329/217 232/332/218
f 189/333/205 218/334/219 219/335/220
f 190/336/206 219/337/220 220/338/221
f 204/339/208 233/340/222 234/341/223
f 191/342/179 220/338/221 221/343/224
f 205/344/181 234/345/223 235/346/225
f 192/347/180 221/343/224 222/348/226
f 206/349/182 235/346/225 236/350/227
f 207/351/183 236/350/227 237/352/228
f 194/353/185 223/354/229 224/355/230
f 195/356/186 224/355/230 225/357/231
f 209/358/188 238/359/232 239/360/233
f 196/361/189 225/357/231 226/362/234
f 210/363/190 239/360/233 240/364/235
f 197/365/191 226/366/234 227/367/236
f 211/368/192 240/364/235 241/369/237
f 212/370/193 241/371/237 242/372/238
f 236/350/227 265/373/239 266/374/240
f 237/352/228 266/374/240 267/375/241
f 224/355/230 253/376/242 254/377/243
f 225/357/231 254/377/243 255/378/244
f 239/360/233 268/379/245 269/380/246
f 226/362/234 255/378/244 256/381/247
f 240/364/235 269/380/246 270/382/248
f 227/367/236 256/383/247 257/384/249
f 241/369/237 270/382/248 271/385/250
f 242/372/238 271/386/250 272/387/251
f 229/317/210 258/388/252 259/389/253
f 216/320/212 245/390/254 246/391/255
f 230/322/213 259/389/253 260/392/256
f 217/324/214 246/391/255 247/393/257
f 244/327/216 273/394/258 274/395/259
f 231/329/217 260/392/256 261/396/260
f 215/319/211 274/395/259 245/390/254
f 232/332/218 261/396/260 262/397/261
f 219/335/220 248/398/262 249/399/263
f 220/338/221 249/400/263 250/401/264
f 234/341/223 263/402/265 264/403/266
f 221/343/224 250/401/264 251/404/267
f 235/346/225 264/405/266 265/373/239
f 222/348/226 251/404/267 252/406/268
f 136/235/130 287/407/269 286/408/270
f 150/233/131 301/409/271 300/410/272
f 137/234/132 288/411/273 287/407/269
f 151/239/133 302/412/274 301/413/271
f 138/237/134 289/414/275 288/411/273
f 125/242/138 276/415/276 275/416/277
f 152/238/135 303/417/278 302/412/274
f 139/240/136 290/418/279 289/414/275
f 126/241/137 277/419/280 276/415/276
f 153/243/139 304/420/281 303/417/278
f 140/244/140 291/421/282 290/418/279
f 127/245/141 278/422/283 277/419/280
f 154/246/142 275/416/277 304/420/281
f 141/247/143 292/423/284 291/421/282
f 128/248/144 279/424/285 278/422/283
f 142/249/145 293/425/286 292/423/284
f 129/253/146 280/426/287 279/427/285
f 143/251/147 294/428/288 293/425/286
f 130/252/148 281/429/289 280/426/287
f 144/222/120 295/430/290 294/431/288
f 131/224/122 282/432/291 281/429/289
f 145/221/119 296/433/292 295/430/290
f 132/223/121 283/434/293 282/432/291
f 146/225/123 297/435/294 296/433/292
f 133/226/124 284/436/295 283/434/293
f 147/227/125 298/437/296 297/435/294
f 134/228/126 285/438/297 284/436/295
f 148/229/127 299/439/298 298/437/296
f 135/230/128 286/440/270 285/438/297
f 149/231/129 300/410/272 299/439/298
f 281/429/289 312/441/299 311/442/300
f 295/430/290 326/443/301 325/444/302
f 282/432/291 313/445/36 312/441/299
f 296/433/292 327/446/303 326/443/301
f 283/434/293 314/447/37 313/445/36
f 297/435/294 328/448/304 327/446/303
f 284/436/295 315/449/305 314/447/37
f 298/437/296 329/450/306 328/448/304
f 285/438/297 316/451/307 315/449/305
f 299/439/298 330/452/308 329/450/306
f 286/408/270 317/453/309 316/454/307
f 300/410/272 331/455/310 330/452/308
f 287/407/269 318/456/311 317/453/309
f 301/413/271 332/457/312 331/458/310
f 288/411/273 319/459/313 318/456/311
f 275/416/277 306/460/314 305/461/315
f 302/412/274 333/462/316 332/457/312
f 289/414/275 320/463/40 319/459/313
f 276/415/276 307/464/24 306/460/314
f 303/417/278 334/465/317 333/462/316
f 290/418/279 321/466/38 320/463/40
f 277/419/280 308/467/25 307/464/24
f 304/420/281 305/461/315 334/465/317
f 291/421/282 322/468/39 321/466/38
f 278/422/283 309/469/318 308/467/25
f 292/423/284 323/470/319 322/468/39
f 279/427/285 310/471/320 309/472/318
f 293/425/286 324/473/321 323/470/319
f 280/426/287 311/442/300 310/471/320
f 294/431/288 325/444/302 324/474/321
f 272/387/251 361/475/322 362/476/323
f 259/389/253 348/477/324 349/478/325
f 246/391/255 335/479/29 336/480/326
f 260/392/256 349/478/325 350/481/20
f 247/393/257 336/480/326 337/482/327
f 274/395/259 363/483/328 364/484/329
f 261/396/260 350/481/20 351/485/330
f 245/390/254 364/484/329 335/479/29
f 262/397/261 351/485/330 352/486/331
f 249/399/263 338/487/332 339/488/333
f 250/401/264 339/489/333 340/490/334
f 264/403/266 353/491/335 354/492/336
f 251/404/267 340/490/334 341/493/337
f 265/373/239 354/494/336 355/495/338
f 252/406/268 341/493/337 342/496/339
f 266/374/240 355/495/338 356/497/340
f 267/375/241 356/497/340 357/498/341
f 254/377/243 343/499/342 344/500/343
f 255/378/244 344/500/343 345/501/344
f 269/380/246 358/502/345 359/503/346
f 256/381/247 345/501/344 346/504/347
f 270/382/248 359/503/346 360/505/348
f 257/384/249 346/506/347 347/507/349
f 271/385/250 360/505/348 361/508/322
f 356/509/35 381/510/35 382/511/35
f 357/512/35 382/511/35 383/513/35
f 344/514/35 2/515/35 372/516/35
f 345/517/35 372/516/35 373/518/35
f 359/519/35 384/520/35 385/521/35
f 346/522/35 373/518/35 374/523/35
f 360/524/35 385/521/35 386/525/35
f 347/526/35 374/523/35 3/527/35
f 361/528/35 386/525/35 387/529/35
f 362/530/35 387/529/35 388/531/35
f 349/532/35 4/533/35 375/534/35
f 336/535/35 365/536/35 366/537/35
f 350/538/35 375/534/35 376/539/35
f 337/540/35 366/537/35 367/541/35
f 364/542/35 389/543/35 390/544/35
f 351/545/35 376/539/35 377/546/35
f 335/547/35 390/544/35 365/536/35
f 352/548/35 377/546/35 378/549/35
f 339/550/35 368/551/35 369/552/35
f 340/553/35 369/552/35 370/554/35
f 354/555/35 379/556/35 380/557/35
f 341/558/35 370/554/35 371/559/35
f 355/560/35 380/557/35 381/510/35
f 342/561/35 371/559/35 1/562/35
f 366/563/326 391/564/29 392/565/326
f 389/566/350 418/567/345 419/568/327
f 376/569/20 405/570/325 406/571/20
f 367/16/16 392/565/326 393/572/328
f 390/573/329 419/568/327 420/574/329
f 377/575/330 406/571/20 407/576/330
f 368/577/351 393/572/328 394/578/339
f 365/579/29 420/574/329 391/564/29
f 378/7/7 407/576/330 408/580/324
f 369/581/333 394/578/339 395/582/333
f 379/583/352 408/580/324 409/584/341
f 370/585/334 395/586/333 396/587/334
f 380/588/336 409/584/341 410/589/336
f 371/590/337 396/587/334 397/591/337
f 381/592/338 410/593/336 411/594/338
f 1/1/1 397/591/337 398/595/332
f 382/596/340 411/594/338 412/597/340
f 2/598/353 398/595/332 399/599/349
f 383/10/10 412/597/340 413/600/335
f 372/601/343 399/599/349 400/602/343
f 384/603/354 413/600/335 414/604/323
f 373/605/344 400/602/343 401/606/344
f 385/607/346 414/604/323 415/608/346
f 374/609/347 401/606/344 402/610/347
f 386/611/348 415/608/346 416/612/348
f 3/4/4 402/613/347 403/614/342
f 387/615/322 416/612/348 417/616/322
f 4/617/355 403/614/342 404/618/331
f 388/13/13 417/619/322 418/567/345
f 375/620/325 404/618/331 405/570/325
f 399/621/23 428/622/23 429/623/23
f 413/624/23 442/625/23 443/626/23
f 400/627/23 429/623/23 430/628/23
f 414/629/23 443/626/23 444/630/23
f 401/631/23 430/628/23 431/632/23
f 415/633/23 444/630/23 445/634/23
f 402/635/23 431/632/23 432/636/23
f 416/637/23 445/634/23 446/638/23
f 403/639/23 432/636/23 433/640/23
f 417/641/23 446/638/23 447/642/23
f 404/643/23 433/640/23 434/644/23
f 418/645/23 447/642/23 448/646/23
f 405/647/23 434/644/23 435/648/23
f 392/649/23 421/650/23 422/651/23
f 419/652/23 448/646/23 449/653/23
f 406/654/23 435/648/23 436/655/23
f 393/656/23 422/651/23 423/657/23
f 420/658/23 449/653/23 450/659/23
f 407/660/23 436/655/23 437/661/23
f 394/662/23 423/657/23 424/663/23
f 391/664/23 450/659/23 421/650/23
f 408/665/23 437/661/23 438/666/23
f 395/667/23 424/663/23 425/668/23
f 409/669/23 438/666/23 439/670/23
f 396/671/23 425/668/23 426/672/23
f 410/673/23 439/670/23 440/674/23
f 397/675/23 426/672/23 427/676/23
f 411/677/23 440/674/23 441/678/23
f 398/679/23 427/676/23 428/622/23
f 412/680/23 441/678/23 442/625/23
f 436/681/20 465/682/356 466/683/357
f 423/684/328 452/685/358 453/686/359
f 450/687/329 479/688/360 480/689/361
f 437/690/330 466/683/357 467/691/362
f 424/692/339 453/686/359 454/693/363
f 421/694/29 480/689/361 451/695/364
f 438/696/324 467/691/362 468/697/365
f 425/698/333 454/693/363 455/699/366
f 439/700/341 468/697/365 469/701/367
f 426/702/334 455/703/366 456/704/368
f 440/705/336 469/701/367 470/706/369
f 427/707/337 456/704/368 457/708/370
f 441/709/338 470/710/369 471/711/371
f 428/712/332 457/708/370 458/713/372
f 442/714/340 471/711/371 472/715/373
f 429/716/349 458/713/372 459/717/374
f 443/718/335 472/715/373 473/719/375
f 430/720/343 459/717/374 460/721/376
f 444/722/323 473/719/375 474/723/377
f 431/724/344 460/721/376 461/725/378
f 445/726/346 474/723/377 475/727/379
f 432/728/347 461/725/378 462/729/380
f 446/730/348 475/727/379 476/731/381
f 433/732/342 462/733/380 463/734/382
f 447/735/322 476/731/381 477/736/383
f 434/737/331 463/734/382 464/738/384
f 448/739/345 477/740/383 478/741/385
f 435/742/325 464/738/384 465/682/356
f 422/743/326 451/695/364 452/685/358
f 449/744/327 478/741/385 479/688/360
f 473/719/375 502/745/386 503/746/387
f 460/721/376 489/747/388 490/748/389
f 474/723/377 503/746/387 504/749/390
f 461/725/378 490/748/389 491/750/391
f 475/727/379 504/749/390 505/751/392
f 462/729/380 491/750/391 492/752/393
f 476/731/381 505/751/392 506/753/394
f 463/734/382 492/754/393 493/755/395
f 477/736/383 506/753/394 507/756/396
f 464/738/384 493/755/395 494/757/397
f 478/741/385 507/758/396 508/759/398
f 465/682/356 494/757/397 495/760/399
f 452/685/358 481/761/400 482/762/401
f 479/688/360 508/759/398 509/763/402
f 466/683/357 495/760/399 496/764/403
f 453/686/359 482/762/401 483/765/404
f 480/689/361 509/763/402 510/766/405
f 467/691/362 496/764/403 497/767/406
f 454/693/363 483/765/404 484/768/407
f 451/695/364 510/766/405 481/761/400
f 468/697/365 497/767/406 498/769/408
f 455/699/366 484/768/407 485/770/409
f 469/701/367 498/769/408 499/771/410
f 456/704/368 485/772/409 486/773/411
f 470/706/369 499/771/410 500/774/412
f 457/708/370 486/773/411 487/775/413
f 471/711/371 500/776/412 501/777/414
f 458/713/372 487/775/413 488/778/415
f 472/715/373 501/777/414 502/745/386
f 459/717/374 488/778/415 489/747/388
f 493/779/395 489/780/388 485/781/409
f 316/782/307 574/783/23 572/784/23
f 516/96/35 1037/785/35 14/786/35
f 513/68/23 315/787/305 16/788/23
f 1037/785/35 573/789/35 569/790/35
f 555/791/35 1028/792/35 545/793/35
f 519/794/35 1030/795/35 18/796/35
f 517/797/23 310/798/320 311/799/300
f 526/800/35 1048/801/35 23/55/35
f 526/60/27 12/802/416 9/803/416
f 11/804/23 333/805/316 511/806/23
f 523/30/27 27/807/27 25/65/27
f 5/808/35 1042/809/35 514/810/35
f 524/811/23 327/812/303 27/813/23
f 514/810/35 1041/814/35 35/81/35
f 7/815/23 326/816/301 524/811/23
f 514/86/20 8/817/30 5/818/30
f 516/21/20 39/819/20 40/91/20
f 13/820/35 1034/821/35 518/822/35
f 515/823/23 319/824/313 39/93/23
f 1053/47/35 36/825/35 1054/826/35
f 512/33/29 33/827/29 36/87/29
f 511/806/23 334/828/317 33/829/23
f 307/26/24 38/830/23 306/831/314
f 15/832/23 318/833/311 515/823/23
f 1033/834/35 24/835/35 28/836/35
f 328/837/304 525/838/23 21/839/23
f 521/90/29 20/840/417 17/841/417
f 1026/842/35 30/843/35 37/844/35
f 521/845/35 1026/842/35 37/844/35
f 309/846/318 546/847/23 308/27/25
f 334/828/317 29/848/23 33/829/23
f 1032/849/35 519/794/35 24/835/35
f 17/850/35 1027/851/35 521/845/35
f 305/852/315 38/830/23 29/848/23
f 327/812/303 21/839/23 27/813/23
f 1025/853/35 36/825/35 30/843/35
f 517/797/23 312/854/299 22/52/23
f 519/24/22 22/855/22 24/49/22
f 518/822/35 1033/834/35 28/836/35
f 518/64/22 16/856/418 13/857/418
f 522/84/23 323/858/319 8/859/23
f 575/860/35 1043/861/35 577/862/35
f 323/858/319 578/863/23 580/864/23
f 523/62/35 1045/865/35 6/866/35
f 525/838/23 330/867/308 12/868/23
f 526/800/35 1050/869/35 1049/870/35
f 331/871/310 540/872/23 548/873/23
f 1051/874/35 539/875/35 1052/48/35
f 533/876/20 538/877/34 537/878/34
f 569/879/419 566/880/420 565/881/420
f 575/882/421 586/883/20 585/884/20
f 577/885/27 576/886/421 575/887/421
f 565/881/420 564/888/422 563/889/422
f 555/890/423 554/891/424 553/892/424
f 324/893/321 578/863/23 323/858/319
f 537/894/34 542/895/22 541/896/22
f 549/897/425 558/898/29 557/899/29
f 563/900/422 560/901/426 559/902/426
f 587/903/22 590/904/425 589/905/425
f 559/902/426 562/906/427 561/907/427
f 557/899/29 548/908/428 547/909/428
f 585/884/20 584/910/34 583/911/34
f 317/912/309 570/913/23 574/783/23
f 547/914/428 540/915/27 539/916/27
f 579/917/428 578/918/27 577/885/27
f 529/919/429 532/920/430 531/921/430
f 10/46/35 537/922/35 596/923/35
f 587/924/35 593/925/35 6/866/35
f 545/926/431 556/927/423 555/928/423
f 561/929/427 568/930/432 567/931/432
f 542/932/23 595/933/23 12/868/23
f 573/934/433 570/935/419 569/936/419
f 567/931/432 572/937/434 571/938/434
f 581/939/29 580/940/428 579/941/428
f 543/942/435 528/943/436 527/944/436
f 543/945/35 598/946/35 18/796/35
f 535/947/421 534/948/20 533/876/20
f 541/896/22 550/949/425 549/950/425
f 553/892/424 552/951/437 551/952/437
f 583/953/34 588/954/22 587/903/22
f 1036/955/35 573/789/35 1037/785/35
f 571/956/434 574/957/433 573/934/433
f 589/958/425 582/959/29 581/939/29
f 539/916/27 536/960/421 535/961/421
f 551/962/437 544/963/435 543/942/435
f 531/964/430 546/965/438 545/926/431
f 527/966/436 530/967/439 529/919/429
f 20/25/23 532/968/23 530/969/23
f 315/787/305 568/970/23 562/971/23
f 315/787/305 572/784/23 568/970/23
f 1035/972/35 571/973/35 1036/955/35
f 1035/972/35 561/974/35 567/975/35
f 595/933/23 534/976/23 11/804/23
f 13/820/35 563/977/35 559/978/35
f 15/832/23 566/979/23 570/913/23
f 14/786/35 1037/785/35 569/790/35
f 16/788/23 315/787/305 562/971/23
f 13/820/35 559/978/35 561/974/35
f 560/980/23 16/788/23 562/971/23
f 1035/972/35 13/820/35 561/974/35
f 560/980/23 591/981/23 16/788/23
f 594/982/23 582/983/23 590/984/23
f 1052/48/35 539/875/35 535/985/35
f 591/45/34 13/986/418 16/987/418
f 563/977/35 14/786/35 565/988/35
f 593/36/31 7/989/26 6/28/26
f 579/990/35 577/862/35 1043/861/35
f 594/982/23 588/991/23 7/815/23
f 593/925/35 581/992/35 5/808/35
f 8/859/23 323/858/319 580/864/23
f 582/983/23 8/859/23 580/864/23
f 325/993/302 576/994/23 324/893/321
f 1045/865/35 575/860/35 585/995/35
f 325/993/302 584/996/23 586/997/23
f 1045/865/35 585/995/35 583/998/35
f 7/815/23 588/991/23 584/996/23
f 6/866/35 1045/865/35 583/998/35
f 325/993/302 7/815/23 584/996/23
f 587/924/35 6/866/35 583/998/35
f 317/912/309 15/832/23 570/913/23
f 565/988/35 14/786/35 569/790/35
f 310/798/320 556/999/23 309/846/318
f 595/39/32 9/1000/416 12/1001/416
f 11/804/23 534/976/23 536/1002/23
f 596/923/35 541/1003/35 9/1004/35
f 597/1005/23 544/1006/23 19/1007/23
f 597/42/33 17/1008/417 20/1009/417
f 1028/792/35 531/1010/35 545/793/35
f 1030/795/35 555/791/35 553/1011/35
f 310/798/320 552/1012/23 554/1013/23
f 1030/795/35 553/1011/35 551/1014/35
f 308/27/25 546/847/23 532/968/23
f 20/25/23 308/27/25 532/968/23
f 17/850/35 531/1010/35 1028/792/35
f 17/850/35 529/1015/35 531/1010/35
f 19/1007/23 544/1006/23 552/1012/23
f 310/798/320 19/1007/23 552/1012/23
f 543/945/35 18/796/35 551/1014/35
f 18/796/35 1030/795/35 551/1014/35
f 597/1005/23 530/969/23 528/1016/23
f 598/946/35 529/1015/35 17/850/35
f 591/981/23 566/979/23 15/832/23
f 332/1017/312 11/804/23 536/1002/23
f 540/872/23 332/1017/312 536/1002/23
f 10/46/35 1052/48/35 535/985/35
f 533/1018/35 10/46/35 535/985/35
f 12/868/23 330/867/308 550/1019/23
f 542/932/23 12/868/23 550/1019/23
f 9/1004/35 541/1003/35 549/1020/35
f 1050/869/35 9/1004/35 549/1020/35
f 550/1019/23 330/867/308 558/1021/23
f 330/867/308 548/873/23 558/1021/23
f 1050/869/35 549/1020/35 557/1022/35
f 1051/874/35 557/1022/35 547/1023/35
f 188/1024/204 158/1025/173 248/1026/262
f 187/1027/199 217/1028/214 247/1029/257
f 213/1030/200 183/1031/162 273/1032/258
f 212/1033/193 242/1034/238 272/1035/251
f 208/1036/187 178/1037/159 268/1038/245
f 207/1039/183 237/1040/228 267/1041/241
f 203/1042/207 173/1043/153 263/1044/265
f 202/1045/203 232/1046/218 262/1047/261
f 198/1048/194 168/1049/178 258/1050/252
f 197/1051/191 227/1052/236 257/1053/249
f 193/1054/184 163/1055/177 253/1056/242
f 192/1057/180 222/1058/226 252/1059/268
f 609/1060/440 639/1061/441 640/1062/442
f 618/1063/443 648/1064/444 649/1065/445
f 627/1066/446 657/1067/447 658/1068/448
f 605/1069/449 635/1070/450 636/1071/451
f 614/1072/452 644/1073/453 645/1074/454
f 623/1075/455 653/1076/456 654/1077/457
f 632/1078/458 662/1079/459 663/1080/460
f 628/1081/461 658/1068/448 659/1082/462
f 610/1083/463 640/1062/442 641/1084/464
f 619/1085/465 649/1065/445 650/1086/466
f 615/1087/467 645/1074/454 646/1088/468
f 624/1089/469 654/1090/457 655/1091/470
f 606/1092/471 636/1071/451 637/1093/472
f 633/1094/473 663/1080/460 664/1095/474
f 611/1096/475 641/1084/464 642/1097/476
f 620/1098/477 650/1086/466 651/1099/478
f 629/1100/479 659/1082/462 660/1101/480
f 634/1102/481 664/1095/474 635/1070/450
f 607/1103/482 637/1093/472 638/1104/483
f 616/1105/484 646/1106/468 647/1107/485
f 625/1108/486 655/1091/470 656/1109/487
f 630/1110/488 660/1101/480 661/1111/489
f 612/1112/490 642/1097/476 643/1113/491
f 621/1114/492 651/1099/478 652/1115/493
f 617/1116/494 647/1107/485 648/1064/444
f 626/1117/495 656/1109/487 657/1067/447
f 608/1118/496 638/1104/483 639/1119/441
f 613/1120/497 643/1113/491 644/1073/453
f 622/1121/498 652/1115/493 653/1076/456
f 631/1122/499 661/1123/489 662/1079/459
f 621/1124/492 681/1125/500 680/1126/501
f 608/1127/496 668/1128/502 667/1129/503
f 605/1130/449 665/1131/504 694/1132/505
f 622/1133/498 682/1134/506 681/1125/500
f 609/1135/440 669/1136/507 668/1128/502
f 623/1137/455 683/1138/508 682/1134/506
f 610/1139/463 670/1140/509 669/1136/507
f 624/1141/469 684/1142/510 683/1138/508
f 611/1143/475 671/1144/511 670/1140/509
f 625/1145/486 685/1146/512 684/1142/510
f 612/1147/490 672/1148/513 671/1144/511
f 626/1149/495 686/1150/514 685/1146/512
f 613/1151/497 673/1152/515 672/1148/513
f 627/1153/446 687/1154/516 686/1150/514
f 614/1155/452 674/1156/517 673/1152/515
f 628/1157/461 688/1158/518 687/1154/516
f 615/1159/467 675/1160/519 674/1156/517
f 629/1161/479 689/1162/520 688/1158/518
f 616/1163/484 676/1164/521 675/1160/519
f 630/1165/488 690/1166/522 689/1162/520
f 617/1167/494 677/1168/523 676/1164/521
f 631/1169/499 691/1170/524 690/1166/522
f 618/1171/443 678/1172/525 677/1168/523
f 632/1173/458 692/1174/526 691/1170/524
f 619/1175/465 679/1176/527 678/1172/525
f 606/1177/471 666/1178/528 665/1131/504
f 633/1179/473 693/1180/529 692/1174/526
f 620/1181/477 680/1126/501 679/1176/527
f 607/1182/482 667/1129/503 666/1178/528
f 634/1183/481 694/1132/505 693/1180/529
f 685/1146/512 715/1184/530 714/1185/531
f 672/1148/513 702/1186/532 701/1187/533
f 686/1150/514 716/1188/534 715/1184/530
f 673/1152/515 703/1189/535 702/1186/532
f 687/1154/516 717/1190/536 716/1188/534
f 674/1156/517 704/1191/537 703/1189/535
f 688/1158/518 718/1192/538 717/1190/536
f 675/1160/519 705/1193/539 704/1191/537
f 689/1162/520 719/1194/540 718/1192/538
f 676/1164/521 706/1195/541 705/1193/539
f 690/1166/522 720/1196/542 719/1194/540
f 677/1168/523 707/1197/543 706/1195/541
f 691/1170/524 721/1198/544 720/1196/542
f 678/1172/525 708/1199/545 707/1197/543
f 692/1174/526 722/1200/546 721/1198/544
f 679/1176/527 709/1201/547 708/1199/545
f 666/1178/528 696/1202/548 695/1203/549
f 693/1180/529 723/1204/550 722/1200/546
f 680/1126/501 710/1205/551 709/1201/547
f 667/1129/503 697/1206/552 696/1202/548
f 694/1132/505 724/1207/553 723/1204/550
f 681/1125/500 711/1208/554 710/1205/551
f 668/1128/502 698/1209/555 697/1206/552
f 665/1131/504 695/1203/549 724/1207/553
f 682/1134/506 712/1210/556 711/1208/554
f 669/1136/507 699/1211/557 698/1209/555
f 683/1138/508 713/1212/558 712/1210/556
f 670/1140/509 700/1213/559 699/1211/557
f 684/1142/510 714/1185/531 713/1212/558
f 671/1144/511 701/1187/533 700/1213/559
f 722/1200/546 752/1214/560 751/1215/561
f 709/1201/547 739/1216/562 738/1217/563
f 696/1202/548 726/1218/564 725/1219/565
f 723/1204/550 753/1220/566 752/1214/560
f 710/1205/551 740/1221/567 739/1216/562
f 697/1206/552 727/1222/568 726/1218/564
f 724/1207/553 754/1223/569 753/1220/566
f 711/1208/554 741/1224/570 740/1221/567
f 698/1209/555 728/1225/571 727/1222/568
f 695/1203/549 725/1219/565 754/1223/569
f 712/1210/556 742/1226/572 741/1224/570
f 699/1211/557 729/1227/573 728/1225/571
f 713/1212/558 743/1228/574 742/1226/572
f 700/1213/559 730/1229/575 729/1227/573
f 714/1185/531 744/1230/576 743/1228/574
f 701/1187/533 731/1231/577 730/1229/575
f 715/1184/530 745/1232/578 744/1230/576
f 702/1186/532 732/1233/579 731/1231/577
f 716/1188/534 746/1234/580 745/1232/578
f 703/1189/535 733/1235/581 732/1233/579
f 717/1190/536 747/1236/582 746/1234/580
f 704/1191/537 734/1237/583 733/1235/581
f 718/1192/538 748/1238/584 747/1236/582
f 705/1193/539 735/1239/585 734/1237/583
f 719/1194/540 749/1240/586 748/1238/584
f 706/1195/541 736/1241/587 735/1239/585
f 720/1196/542 750/1242/588 749/1240/586
f 707/1197/543 737/1243/589 736/1241/587
f 721/1198/544 751/1215/561 750/1242/588
f 708/1199/545 738/1217/563 737/1243/589
f 748/1238/584 778/1244/590 777/1245/591
f 735/1239/585 765/1246/592 764/1247/593
f 749/1240/586 779/1248/594 778/1244/590
f 736/1241/587 766/1249/595 765/1246/592
f 750/1242/588 780/1250/596 779/1248/594
f 737/1243/589 767/1251/597 766/1249/595
f 751/1215/561 781/1252/598 780/1250/596
f 738/1217/563 768/1253/599 767/1251/597
f 752/1214/560 782/1254/600 781/1252/598
f 739/1216/562 769/1255/601 768/1253/599
f 726/1218/564 756/1256/602 755/1257/603
f 753/1220/566 783/1258/604 782/1254/600
f 740/1221/567 770/1259/605 769/1255/601
f 727/1222/568 757/1260/606 756/1256/602
f 754/1223/569 784/1261/607 783/1258/604
f 741/1224/570 771/1262/608 770/1259/605
f 728/1225/571 758/1263/609 757/1260/606
f 725/1219/565 755/1257/603 784/1261/607
f 742/1226/572 772/1264/610 771/1262/608
f 729/1227/573 759/1265/611 758/1263/609
f 743/1228/574 773/1266/612 772/1264/610
f 730/1229/575 760/1267/613 759/1265/611
f 744/1230/576 774/1268/614 773/1266/612
f 731/1231/577 761/1269/615 760/1267/613
f 745/1232/578 775/1270/616 774/1268/614
f 732/1233/579 762/1271/617 761/1269/615
f 746/1234/580 776/1272/618 775/1270/616
f 733/1235/581 763/1273/619 762/1271/617
f 747/1236/582 777/1245/591 776/1272/618
f 734/1237/583 764/1247/593 763/1273/619
f 758/1263/609 788/1274/620 787/1275/621
f 755/1257/603 785/1276/622 814/1277/623
f 772/1264/610 802/1278/624 801/1279/625
f 759/1265/611 789/1280/626 788/1274/620
f 773/1266/612 803/1281/627 802/1278/624
f 760/1267/613 790/1282/628 789/1280/626
f 774/1268/614 804/1283/629 803/1281/627
f 761/1269/615 791/1284/630 790/1282/628
f 775/1270/616 805/1285/631 804/1283/629
f 762/1271/617 792/1286/632 791/1284/630
f 776/1272/618 806/1287/633 805/1285/631
f 763/1273/619 793/1288/634 792/1286/632
f 777/1245/591 807/1289/635 806/1287/633
f 764/1247/593 794/1290/636 793/1288/634
f 778/1244/590 808/1291/637 807/1289/635
f 765/1246/592 795/1292/638 794/1290/636
f 779/1248/594 809/1293/639 808/1291/637
f 766/1249/595 796/1294/640 795/1292/638
f 780/1250/596 810/1295/641 809/1293/639
f 767/1251/597 797/1296/642 796/1294/640
f 781/1252/598 811/1297/643 810/1295/641
f 768/1253/599 798/1298/644 797/1296/642
f 782/1254/600 812/1299/645 811/1297/643
f 769/1255/601 799/1300/646 798/1298/644
f 756/1256/602 786/1301/647 785/1276/622
f 783/1258/604 813/1302/648 812/1299/645
f 770/1259/605 800/1303/649 799/1300/646
f 757/1260/606 787/1275/621 786/1301/647
f 784/1261/607 814/1277/623 813/1302/648
f 771/1262/608 801/1279/625 800/1303/649
f 795/1292/638 825/1304/650 824/1305/651
f 809/1306/639 839/1307/652 838/1308/653
f 796/1294/640 826/1309/654 825/1304/650
f 810/1295/641 840/1310/655 839/1311/652
f 797/1296/642 827/1312/656 826/1309/654
f 811/1297/643 841/1313/657 840/1310/655
f 798/1298/644 828/1314/658 827/1312/656
f 812/1299/645 842/1315/659 841/1313/657
f 799/1316/646 829/1317/660 828/1318/658
f 786/1319/647 816/1320/661 815/1321/662
f 813/1302/648 843/1322/663 842/1315/659
f 800/1323/649 830/1324/664 829/1317/660
f 787/1275/621 817/1325/665 816/1326/661
f 814/1327/623 844/1328/666 843/1329/663
f 801/1330/625 831/1331/667 830/1324/664
f 788/1274/620 818/1332/668 817/1325/665
f 785/1333/622 815/1321/662 844/1328/666
f 802/1278/624 832/1334/669 831/1335/667
f 789/1280/626 819/1336/670 818/1332/668
f 803/1281/627 833/1337/671 832/1334/669
f 790/1282/628 820/1338/672 819/1336/670
f 804/1283/629 834/1339/673 833/1337/671
f 791/1284/630 821/1340/674 820/1338/672
f 805/1285/631 835/1341/675 834/1339/673
f 792/1342/632 822/1343/676 821/1344/674
f 806/1287/633 836/1345/677 835/1341/675
f 793/1346/634 823/1347/678 822/1343/676
f 807/1348/635 837/1349/679 836/1350/677
f 794/1351/636 824/1352/651 823/1347/678
f 808/1353/637 838/1308/653 837/1349/679
f 832/1354/669 862/1355/680 861/1356/681
f 819/1357/670 849/1358/682 848/1359/683
f 833/1360/671 863/1361/684 862/1355/680
f 820/1362/672 850/1363/685 849/1364/682
f 834/1365/673 864/1366/686 863/1361/684
f 821/1344/674 851/1367/687 850/1363/685
f 835/1368/675 865/1369/688 864/1370/686
f 822/1343/676 852/1371/689 851/1367/687
f 836/1350/677 866/1372/690 865/1369/688
f 823/1347/678 853/1373/691 852/1371/689
f 837/1349/679 867/1374/692 866/1372/690
f 824/1352/651 854/1375/693 853/1373/691
f 838/1308/653 868/1376/694 867/1374/692
f 825/1377/650 855/1378/695 854/1375/693
f 839/1307/652 869/1379/696 868/1376/694
f 826/1380/654 856/1381/697 855/1378/695
f 840/1382/655 870/1383/698 869/1379/696
f 827/1384/656 857/1385/699 856/1386/697
f 841/1387/657 871/1388/700 870/1383/698
f 828/1318/658 858/1389/701 857/1385/699
f 842/1390/659 872/1391/702 871/1392/700
f 829/1317/660 859/1393/703 858/1389/701
f 816/1320/661 846/1394/704 845/1395/705
f 843/1329/663 873/1396/706 872/1391/702
f 830/1324/664 860/1397/707 859/1393/703
f 817/1398/665 847/1399/708 846/1394/704
f 844/1328/666 874/1400/709 873/1396/706
f 831/1331/667 861/1356/681 860/1397/707
f 818/1401/668 848/1359/683 847/1399/708
f 815/1321/662 845/1395/705 874/1400/709
f 869/1402/696 899/1403/35 898/1404/35
f 856/1405/697 886/1406/35 885/1407/35
f 870/1408/698 900/1409/35 899/1403/35
f 857/1410/699 887/1411/35 886/1406/35
f 871/1412/700 901/1413/35 900/1409/35
f 858/1414/701 888/1415/35 887/1411/35
f 872/1416/702 902/1417/35 901/1413/35
f 859/1418/703 889/1419/35 888/1415/35
f 846/1420/704 876/1421/35 875/1422/35
f 873/1423/706 903/1424/35 902/1417/35
f 860/1425/707 890/1426/35 889/1419/35
f 847/1427/708 877/1428/35 876/1421/35
f 874/1429/709 904/1430/35 903/1424/35
f 861/1431/681 891/1432/35 890/1426/35
f 848/1433/683 878/1434/35 877/1428/35
f 845/1435/705 875/1422/35 904/1430/35
f 862/1436/680 892/1437/35 891/1432/35
f 849/1438/682 879/1439/35 878/1434/35
f 863/1440/684 893/1441/35 892/1437/35
f 850/1442/685 880/1443/35 879/1439/35
f 864/1444/686 894/1445/35 893/1441/35
f 851/1446/687 881/1447/35 880/1443/35
f 865/1448/688 895/1449/35 894/1445/35
f 852/1450/689 882/1451/35 881/1447/35
f 866/1452/690 896/1453/35 895/1449/35
f 853/1454/691 883/1455/35 882/1451/35
f 867/1456/692 897/1457/35 896/1453/35
f 854/1458/693 884/1459/35 883/1455/35
f 868/1460/694 898/1404/35 897/1457/35
f 855/1461/695 885/1407/35 884/1459/35
f 879/1462/710 909/1463/710 908/1464/711
f 893/1465/712 923/1466/712 922/1467/713
f 880/1468/714 910/1469/714 909/1470/710
f 894/1471/715 924/1472/715 923/1466/712
f 881/1473/716 911/1474/716 910/1469/714
f 895/1475/717 925/1476/717 924/1477/715
f 882/1478/718 912/1479/718 911/1474/716
f 896/1480/719 926/1481/719 925/1476/717
f 883/1482/720 913/1483/720 912/1479/718
f 897/1484/721 927/1485/721 926/1481/719
f 884/1486/722 914/1487/722 913/1483/720
f 898/1488/723 928/1489/723 927/1485/721
f 885/1490/724 915/1491/724 914/1487/722
f 899/1492/725 929/1493/725 928/1489/723
f 886/1494/726 916/1495/726 915/1491/724
f 900/1496/727 930/1497/727 929/1493/725
f 887/1498/728 917/1499/728 916/1500/726
f 901/1501/729 931/1502/729 930/1497/727
f 888/1503/730 918/1504/730 917/1499/728
f 902/1505/731 932/1506/731 931/1507/729
f 889/1508/732 919/1509/732 918/1504/730
f 876/1510/733 906/1511/733 905/1512/734
f 903/1513/735 933/1514/735 932/1506/731
f 890/1515/736 920/1516/736 919/1509/732
f 877/1517/737 907/1518/737 906/1511/733
f 904/1519/738 934/1520/738 933/1514/735
f 891/1521/739 921/1522/739 920/1516/736
f 878/1523/711 908/1464/711 907/1518/737
f 875/1524/734 905/1512/734 934/1520/738
f 892/1525/713 922/1467/713 921/1522/739
f 649/1065/445 949/1526/740 950/1527/741
f 636/1071/451 936/1528/742 937/1529/743
f 663/1080/460 963/1530/744 964/1531/745
f 650/1086/466 950/1527/741 951/1532/746
f 637/1093/472 937/1529/743 938/1533/747
f 664/1095/474 964/1531/745 935/1534/748
f 651/1099/478 951/1532/746 952/1535/749
f 638/1104/483 938/1533/747 939/1536/750
f 652/1115/493 952/1535/749 953/1537/751
f 639/1061/441 939/1538/750 940/1539/752
f 653/1076/456 953/1537/751 954/1540/753
f 640/1062/442 940/1539/752 941/1541/754
f 654/1090/457 954/1542/753 955/1543/755
f 641/1084/464 941/1541/754 942/1544/756
f 655/1091/470 955/1543/755 956/1545/757
f 642/1097/476 942/1544/756 943/1546/758
f 656/1109/487 956/1545/757 957/1547/759
f 643/1113/491 943/1546/758 944/1548/760
f 657/1067/447 957/1547/759 958/1549/761
f 644/1073/453 944/1548/760 945/1550/762
f 658/1068/448 958/1549/761 959/1551/763
f 645/1074/454 945/1550/762 946/1552/764
f 659/1082/462 959/1551/763 960/1553/765
f 646/1106/468 946/1554/764 947/1555/766
f 660/1101/480 960/1553/765 961/1556/767
f 647/1107/485 947/1555/766 948/1557/768
f 661/1123/489 961/1558/767 962/1559/769
f 648/1064/444 948/1557/768 949/1526/740
f 635/1070/450 935/1534/748 936/1528/742
f 662/1079/459 962/1559/769 963/1530/744
f 952/1535/749 982/1560/770 983/1561/771
f 939/1538/750 969/1562/772 970/1563/773
f 953/1537/751 983/1561/771 984/1564/774
f 940/1539/752 970/1563/773 971/1565/775
f 954/1542/753 984/1566/774 985/1567/776
f 941/1541/754 971/1565/775 972/1568/777
f 955/1543/755 985/1567/776 986/1569/778
f 942/1544/756 972/1568/777 973/1570/779
f 956/1545/757 986/1569/778 987/1571/780
f 943/1546/758 973/1570/779 974/1572/781
f 957/1547/759 987/1571/780 988/1573/782
f 944/1548/760 974/1572/781 975/1574/783
f 958/1549/761 988/1573/782 989/1575/784
f 945/1550/762 975/1574/783 976/1576/785
f 959/1551/763 989/1575/784 990/1577/786
f 946/1554/764 976/1578/785 977/1579/787
f 960/1553/765 990/1577/786 991/1580/788
f 947/1555/766 977/1579/787 978/1581/789
f 961/1558/767 991/1582/788 992/1583/790
f 948/1557/768 978/1581/789 979/1584/791
f 935/1534/748 965/1585/792 966/1586/793
f 962/1559/769 992/1583/790 993/1587/794
f 949/1526/740 979/1584/791 980/1588/795
f 936/1528/742 966/1586/793 967/1589/796
f 963/1530/744 993/1587/794 994/1590/797
f 950/1527/741 980/1588/795 981/1591/798
f 937/1529/743 967/1589/796 968/1592/799
f 964/1531/745 994/1590/797 965/1585/792
f 951/1532/746 981/1591/798 982/1560/770
f 938/1533/747 968/1592/799 969/1593/772
f 989/1575/784 1019/1594/800 1020/1595/801
f 976/1578/785 1006/1596/802 1007/1597/803
f 990/1577/786 1020/1595/801 1021/1598/804
f 977/1579/787 1007/1597/803 1008/1599/805
f 991/1582/788 1021/1600/804 1022/1601/806
f 978/1581/789 1008/1599/805 1009/1602/807
f 965/1585/792 995/1603/808 996/1604/809
f 992/1583/790 1022/1601/806 1023/1605/810
f 979/1584/791 1009/1602/807 1010/1606/811
f 966/1586/793 996/1604/809 997/1607/812
f 993/1587/794 1023/1605/810 1024/1608/813
f 980/1588/795 1010/1606/811 1011/1609/814
f 967/1589/796 997/1607/812 998/1610/815
f 994/1590/797 1024/1608/813 995/1603/808
f 981/1591/798 1011/1609/814 1012/1611/816
f 968/1592/799 998/1610/815 999/1612/817
f 982/1560/770 1012/1611/816 1013/1613/818
f 969/1562/772 999/1614/817 1000/1615/819
f 983/1561/771 1013/1613/818 1014/1616/820
f 970/1563/773 1000/1615/819 1001/1617/821
f 984/1566/774 1014/1618/820 1015/1619/822
f 971/1565/775 1001/1617/821 1002/1620/823
f 985/1567/776 1015/1619/822 1016/1621/824
f 972/1568/777 1002/1620/823 1003/1622/825
f 986/1569/778 1016/1621/824 1017/1623/826
f 973/1570/779 1003/1622/825 1004/1624/827
f 987/1571/780 1017/1623/826 1018/1625/828
f 974/1572/781 1004/1624/827 1005/1626/829
f 988/1573/782 1018/1625/828 1019/1594/800
f 975/1574/783 1005/1626/829 1006/1627/802
f 999/1628/817 1029/1629/830 1030/1630/831
f 1013/1631/818 1043/1632/832 1044/1633/833
f 1000/1634/819 1030/1630/831 1031/1635/834
f 1014/1636/820 1044/1633/833 1045/1637/835
f 1001/1617/821 1031/1638/834 1032/1639/836
f 1015/1640/822 1045/1637/835 1046/1641/837
f 1002/1620/823 1032/1639/836 1033/1642/838
f 1016/1621/824 1046/1643/837 1047/1644/839
f 1003/1622/825 1033/1642/838 1034/1645/840
f 1017/1623/826 1047/1644/839 1048/1646/841
f 1004/1647/827 1034/1648/840 1035/1649/842
f 1018/1625/828 1048/1646/841 1049/1650/843
f 1005/1651/829 1035/1649/842 1036/1652/844
f 1019/1653/800 1049/1654/843 1050/1655/845
f 1006/1656/802 1036/1652/844 1037/1657/846
f 1020/1658/801 1050/1655/845 1051/1659/847
f 1007/1660/803 1037/1657/846 1038/1661/848
f 1021/1662/804 1051/1659/847 1052/1663/849
f 1008/1599/805 1038/1664/848 1039/1665/850
f 995/1603/808 1025/1666/851 1026/1667/852
f 1022/1668/806 1052/1663/849 1053/1669/853
f 1009/1602/807 1039/1665/850 1040/1670/854
f 996/1604/809 1026/1667/852 1027/1671/855
f 1023/1605/810 1053/1672/853 1054/1673/856
f 1010/1606/811 1040/1670/854 1041/1674/857
f 997/1675/812 1027/1676/855 1028/1677/858
f 1024/1608/813 1054/1673/856 1025/1666/851
f 1011/1609/814 1041/1674/857 1042/1678/859
f 998/1679/815 1028/1677/858 1029/1629/830
f 1012/1680/816 1042/1681/859 1043/1632/832
f 1/1/1 2/598/353 603/2/2
f 3/4/4 4/617/355 601/5/5
f 378/7/7 379/583/352 71/8/8
f 383/10/10 384/603/354 81/11/11
f 388/13/13 389/566/350 91/14/14
f 367/16/16 368/577/351 600/17/17
f 14/19/19 15/43/19 515/20/20
f 18/22/21 19/40/21 517/23/22
f 20/25/23 520/1682/23 307/26/24
f 6/28/26 7/989/26 524/29/27
f 10/31/28 11/37/28 511/32/29
f 5/34/30 8/1683/30 594/35/31
f 11/37/28 10/31/28 596/38/32
f 19/40/21 18/22/21 598/41/33
f 15/43/19 14/19/19 592/44/34
f 10/46/35 512/1684/35 1053/47/35
f 24/49/22 22/855/22 26/50/22
f 22/52/23 312/854/299 313/53/36
f 23/55/35 1048/801/35 1047/56/35
f 23/58/27 21/66/27 525/59/27
f 25/57/35 1047/56/35 1046/61/35
f 28/51/22 26/50/22 513/63/22
f 25/65/27 27/807/27 21/66/27
f 26/54/23 313/53/36 314/67/37
f 32/69/35 1040/82/35 1039/70/35
f 30/72/29 29/88/29 38/73/29
f 31/75/23 320/94/40 321/76/38
f 32/78/20 31/92/20 34/79/20
f 35/81/35 1041/814/35 1040/82/35
f 34/77/23 321/76/38 322/83/39
f 35/80/20 34/79/20 522/85/20
f 36/87/29 33/827/29 29/88/29
f 37/74/29 38/73/29 520/89/29
f 40/91/20 39/819/20 31/92/20
f 39/93/23 319/824/313 320/94/40
f 40/71/35 1039/70/35 1038/95/35
f 42/97/41 41/156/88 43/98/42
f 44/99/43 43/98/42 599/100/18
f 45/101/44 599/100/18 600/102/17
f 46/103/45 600/102/17 47/104/46
f 48/105/47 47/104/46 49/106/48
f 50/107/49 49/106/48 51/108/50
f 52/109/51 51/108/50 604/110/3
f 53/111/52 604/110/3 603/112/2
f 54/113/53 603/112/2 55/114/54
f 56/115/55 55/114/54 57/116/56
f 58/117/57 57/116/56 59/118/58
f 60/119/59 59/118/58 602/120/6
f 61/121/60 602/120/6 601/122/5
f 62/123/61 601/122/5 63/124/62
f 64/125/63 63/124/62 65/126/64
f 66/127/65 65/126/64 67/128/66
f 68/129/67 67/128/66 69/130/9
f 70/131/68 69/130/9 71/132/8
f 72/133/69 71/132/8 73/134/70
f 74/135/71 73/134/70 75/136/72
f 76/137/73 75/136/72 77/138/74
f 78/139/75 77/138/74 79/140/12
f 80/141/76 79/140/12 81/142/11
f 82/143/77 81/142/11 83/144/78
f 84/145/79 83/144/78 85/146/80
f 86/147/81 85/146/80 87/148/82
f 88/149/83 87/148/82 89/150/15
f 90/151/84 89/150/15 91/152/14
f 92/153/85 91/152/14 93/154/86
f 94/155/87 93/154/86 41/156/88
f 48/157/47 50/180/49 100/158/89
f 62/160/61 64/182/63 109/161/91
f 80/163/76 82/178/77 118/164/93
f 42/166/41 44/189/43 96/167/95
f 56/169/55 58/184/57 105/170/97
f 72/172/69 74/1685/71 114/173/99
f 90/175/84 92/191/85 123/176/101
f 82/178/77 84/197/79 119/179/103
f 50/180/49 52/193/51 101/181/104
f 64/182/63 66/195/65 110/183/105
f 58/184/57 60/1686/59 106/185/106
f 74/186/71 76/205/73 115/187/107
f 44/189/43 45/200/44 97/190/108
f 92/191/85 94/199/87 124/192/109
f 52/193/51 53/209/52 102/194/110
f 66/195/65 68/211/67 111/196/111
f 84/197/79 86/207/81 120/198/112
f 94/199/87 42/166/41 95/168/96
f 45/200/44 46/215/45 98/201/113
f 60/202/59 61/213/60 107/203/114
f 76/205/73 78/214/75 116/206/115
f 86/207/81 88/1687/83 121/208/116
f 53/209/52 54/217/53 103/210/117
f 68/211/67 70/218/68 112/212/118
f 61/213/60 62/160/61 108/162/92
f 78/214/75 80/163/76 117/165/94
f 46/215/45 48/1688/47 99/216/90
f 54/217/53 56/169/55 104/171/98
f 70/218/68 72/172/69 113/174/100
f 88/219/83 90/175/84 122/177/102
f 114/188/99 115/187/107 145/221/119
f 101/181/104 102/194/110 132/223/121
f 115/187/107 116/206/115 146/225/123
f 102/194/110 103/210/117 133/226/124
f 116/206/115 117/165/94 147/227/125
f 103/210/117 104/171/98 134/228/126
f 117/165/94 118/164/93 148/229/127
f 104/171/98 105/170/97 135/230/128
f 118/164/93 119/179/103 149/231/129
f 105/170/97 106/185/106 136/232/130
f 119/179/103 120/198/112 150/233/131
f 106/204/106 107/203/114 137/234/132
f 120/198/112 121/208/116 151/236/133
f 107/203/114 108/162/92 138/237/134
f 121/220/116 122/177/102 152/238/135
f 108/162/92 109/161/91 139/240/136
f 95/168/96 96/167/95 126/241/137
f 122/177/102 123/176/101 153/243/139
f 109/161/91 110/183/105 140/244/140
f 96/167/95 97/190/108 127/245/141
f 123/176/101 124/192/109 154/246/142
f 110/183/105 111/196/111 141/247/143
f 97/190/108 98/201/113 128/248/144
f 124/192/109 95/168/96 125/242/138
f 111/196/111 112/212/118 142/249/145
f 98/201/113 99/216/90 129/250/146
f 112/212/118 113/174/100 143/251/147
f 99/159/90 100/158/89 130/252/148
f 113/174/100 114/173/99 144/254/120
f 100/158/89 101/181/104 131/224/122
f 43/98/42 41/156/88 155/255/149
f 57/116/56 55/114/54 164/257/151
f 73/134/70 71/132/8 173/259/153
f 51/108/50 49/106/48 160/261/155
f 65/126/64 63/124/62 169/263/157
f 83/144/78 81/142/11 178/265/159
f 599/100/18 43/98/42 156/256/150
f 93/154/86 91/152/14 183/268/162
f 59/118/58 57/116/56 165/258/152
f 75/136/72 73/134/70 174/260/154
f 604/110/3 51/108/50 161/262/156
f 67/128/66 65/126/64 170/264/158
f 85/146/80 83/144/78 179/266/160
f 41/156/88 93/154/86 184/269/163
f 602/120/6 59/118/58 166/270/164
f 77/138/74 75/136/72 175/271/165
f 69/130/9 67/128/66 171/273/167
f 87/148/82 85/146/80 180/274/168
f 47/104/46 600/102/17 158/279/173
f 79/140/12 77/138/74 176/276/170
f 89/150/15 87/148/82 181/278/172
f 55/114/54 603/112/2 163/283/177
f 49/106/48 47/104/46 159/280/174
f 63/124/62 601/122/5 168/284/178
f 162/272/166 161/262/156 191/285/179
f 176/276/170 175/271/165 205/287/181
f 177/281/175 176/276/170 206/288/182
f 164/257/151 163/283/177 193/290/184
f 165/258/152 164/257/151 194/291/185
f 179/266/160 178/265/159 208/293/187
f 166/270/164 165/258/152 195/292/186
f 180/274/168 179/266/160 209/294/188
f 167/275/169 166/270/164 196/295/189
f 181/278/172 180/274/168 210/296/190
f 182/282/176 181/278/172 211/298/192
f 169/263/157 168/284/178 198/300/194
f 156/256/150 155/255/149 185/302/196
f 170/264/158 169/263/157 199/301/195
f 157/267/161 156/256/150 186/303/197
f 184/269/163 183/268/162 213/306/200
f 171/273/167 170/264/158 200/304/198
f 155/255/149 184/269/163 214/307/201
f 172/277/171 171/273/167 201/308/202
f 159/280/174 158/279/173 188/310/204
f 160/261/155 159/280/174 189/311/205
f 174/260/154 173/259/153 203/313/207
f 161/262/156 160/261/155 190/312/206
f 175/271/165 174/260/154 204/314/208
f 199/315/195 198/1689/194 228/316/209
f 186/318/197 185/330/196 215/319/211
f 200/321/198 199/315/195 229/317/210
f 187/323/199 186/318/197 216/320/212
f 214/325/201 213/1690/200 243/326/215
f 201/328/202 200/321/198 230/322/213
f 185/330/196 214/325/201 244/327/216
f 202/331/203 201/328/202 231/329/217
f 189/333/205 188/1691/204 218/334/219
f 190/336/206 189/1692/205 219/337/220
f 204/339/208 203/1693/207 233/340/222
f 191/342/179 190/336/206 220/338/221
f 205/344/181 204/1694/208 234/345/223
f 192/347/180 191/342/179 221/343/224
f 206/349/182 205/344/181 235/346/225
f 207/351/183 206/349/182 236/350/227
f 194/353/185 193/1695/184 223/354/229
f 195/356/186 194/353/185 224/355/230
f 209/358/188 208/1696/187 238/359/232
f 196/361/189 195/356/186 225/357/231
f 210/363/190 209/358/188 239/360/233
f 197/365/191 196/1697/189 226/366/234
f 211/368/192 210/363/190 240/364/235
f 212/370/193 211/1698/192 241/371/237
f 236/350/227 235/346/225 265/373/239
f 237/352/228 236/350/227 266/374/240
f 224/355/230 223/354/229 253/376/242
f 225/357/231 224/355/230 254/377/243
f 239/360/233 238/359/232 268/379/245
f 226/362/234 225/357/231 255/378/244
f 240/364/235 239/360/233 269/380/246
f 227/367/236 226/366/234 256/383/247
f 241/369/237 240/364/235 270/382/248
f 242/372/238 241/371/237 271/386/250
f 229/317/210 228/316/209 258/388/252
f 216/320/212 215/319/211 245/390/254
f 230/322/213 229/317/210 259/389/253
f 217/324/214 216/320/212 246/391/255
f 244/327/216 243/326/215 273/394/258
f 231/329/217 230/322/213 260/392/256
f 215/319/211 244/327/216 274/395/259
f 232/332/218 231/329/217 261/396/260
f 219/335/220 218/334/219 248/398/262
f 220/338/221 219/337/220 249/400/263
f 234/341/223 233/340/222 263/402/265
f 221/343/224 220/338/221 250/401/264
f 235/346/225 234/345/223 264/405/266
f 222/348/226 221/343/224 251/404/267
f 136/235/130 137/234/132 287/407/269
f 150/233/131 151/236/133 301/409/271
f 137/234/132 138/237/134 288/411/273
f 151/239/133 152/238/135 302/412/274
f 138/237/134 139/240/136 289/414/275
f 125/242/138 126/241/137 276/415/276
f 152/238/135 153/243/139 303/417/278
f 139/240/136 140/244/140 290/418/279
f 126/241/137 127/245/141 277/419/280
f 153/243/139 154/246/142 304/420/281
f 140/244/140 141/247/143 291/421/282
f 127/245/141 128/248/144 278/422/283
f 154/246/142 125/242/138 275/416/277
f 141/247/143 142/249/145 292/423/284
f 128/248/144 129/250/146 279/424/285
f 142/249/145 143/251/147 293/425/286
f 129/253/146 130/252/148 280/426/287
f 143/251/147 144/254/120 294/428/288
f 130/252/148 131/224/122 281/429/289
f 144/222/120 145/221/119 295/430/290
f 131/224/122 132/223/121 282/432/291
f 145/221/119 146/225/123 296/433/292
f 132/223/121 133/226/124 283/434/293
f 146/225/123 147/227/125 297/435/294
f 133/226/124 134/228/126 284/436/295
f 147/227/125 148/229/127 298/437/296
f 134/228/126 135/230/128 285/438/297
f 148/229/127 149/231/129 299/439/298
f 135/230/128 136/232/130 286/440/270
f 149/231/129 150/233/131 300/410/272
f 281/429/289 282/432/291 312/441/299
f 295/430/290 296/433/292 326/443/301
f 282/432/291 283/434/293 313/445/36
f 296/433/292 297/435/294 327/446/303
f 283/434/293 284/436/295 314/447/37
f 297/435/294 298/437/296 328/448/304
f 284/436/295 285/438/297 315/449/305
f 298/437/296 299/439/298 329/450/306
f 285/438/297 286/440/270 316/451/307
f 299/439/298 300/410/272 330/452/308
f 286/408/270 287/407/269 317/453/309
f 300/410/272 301/409/271 331/455/310
f 287/407/269 288/411/273 318/456/311
f 301/413/271 302/412/274 332/457/312
f 288/411/273 289/414/275 319/459/313
f 275/416/277 276/415/276 306/460/314
f 302/412/274 303/417/278 333/462/316
f 289/414/275 290/418/279 320/463/40
f 276/415/276 277/419/280 307/464/24
f 303/417/278 304/420/281 334/465/317
f 290/418/279 291/421/282 321/466/38
f 277/419/280 278/422/283 308/467/25
f 304/420/281 275/416/277 305/461/315
f 291/421/282 292/423/284 322/468/39
f 278/422/283 279/424/285 309/469/318
f 292/423/284 293/425/286 323/470/319
f 279/427/285 280/426/287 310/471/320
f 293/425/286 294/428/288 324/473/321
f 280/426/287 281/429/289 311/442/300
f 294/431/288 295/430/290 325/444/302
f 272/387/251 271/386/250 361/475/322
f 259/389/253 258/388/252 348/477/324
f 246/391/255 245/390/254 335/479/29
f 260/392/256 259/389/253 349/478/325
f 247/393/257 246/391/255 336/480/326
f 274/395/259 273/394/258 363/483/328
f 261/396/260 260/392/256 350/481/20
f 245/390/254 274/395/259 364/484/329
f 262/397/261 261/396/260 351/485/330
f 249/399/263 248/398/262 338/487/332
f 250/401/264 249/400/263 339/489/333
f 264/403/266 263/402/265 353/491/335
f 251/404/267 250/401/264 340/490/334
f 265/373/239 264/405/266 354/494/336
f 252/406/268 251/404/267 341/493/337
f 266/374/240 265/373/239 355/495/338
f 267/375/241 266/374/240 356/497/340
f 254/377/243 253/376/242 343/499/342
f 255/378/244 254/377/243 344/500/343
f 269/380/246 268/379/245 358/502/345
f 256/381/247 255/378/244 345/501/344
f 270/382/248 269/380/246 359/503/346
f 257/384/249 256/383/247 346/506/347
f 271/385/250 270/382/248 360/505/348
f 356/509/35 355/560/35 381/510/35
f 357/512/35 356/509/35 382/511/35
f 344/514/35 343/1699/35 2/515/35
f 345/517/35 344/514/35 372/516/35
f 359/519/35 358/1700/35 384/520/35
f 346/522/35 345/517/35 373/518/35
f 360/524/35 359/519/35 385/521/35
f 347/526/35 346/522/35 374/523/35
f 361/528/35 360/524/35 386/525/35
f 362/530/35 361/528/35 387/529/35
f 349/532/35 348/1701/35 4/533/35
f 336/535/35 335/547/35 365/536/35
f 350/538/35 349/532/35 375/534/35
f 337/540/35 336/535/35 366/537/35
f 364/542/35 363/1702/35 389/543/35
f 351/545/35 350/538/35 376/539/35
f 335/547/35 364/542/35 390/544/35
f 352/548/35 351/545/35 377/546/35
f 339/550/35 338/1703/35 368/551/35
f 340/553/35 339/550/35 369/552/35
f 354/555/35 353/1704/35 379/556/35
f 341/558/35 340/553/35 370/554/35
f 355/560/35 354/555/35 380/557/35
f 342/561/35 341/558/35 371/559/35
f 366/563/326 365/579/29 391/564/29
f 389/566/350 388/13/13 418/567/345
f 376/569/20 375/620/325 405/570/325
f 367/16/16 366/563/326 392/565/326
f 390/573/329 389/566/350 419/568/327
f 377/575/330 376/569/20 406/571/20
f 368/577/351 367/16/16 393/572/328
f 365/579/29 390/573/329 420/574/329
f 378/7/7 377/575/330 407/576/330
f 369/581/333 368/577/351 394/578/339
f 379/583/352 378/7/7 408/580/324
f 370/585/334 369/1705/333 395/586/333
f 380/588/336 379/583/352 409/584/341
f 371/590/337 370/585/334 396/587/334
f 381/592/338 380/1706/336 410/593/336
f 1/1/1 371/590/337 397/591/337
f 382/596/340 381/592/338 411/594/338
f 2/598/353 1/1/1 398/595/332
f 383/10/10 382/596/340 412/597/340
f 372/601/343 2/598/353 399/599/349
f 384/603/354 383/10/10 413/600/335
f 373/605/344 372/601/343 400/602/343
f 385/607/346 384/603/354 414/604/323
f 374/609/347 373/605/344 401/606/344
f 386/611/348 385/607/346 415/608/346
f 3/4/4 374/1707/347 402/613/347
f 387/615/322 386/611/348 416/612/348
f 4/617/355 3/4/4 403/614/342
f 388/13/13 387/1708/322 417/619/322
f 375/620/325 4/617/355 404/618/331
f 399/621/23 398/679/23 428/622/23
f 413/624/23 412/680/23 442/625/23
f 400/627/23 399/621/23 429/623/23
f 414/629/23 413/624/23 443/626/23
f 401/631/23 400/627/23 430/628/23
f 415/633/23 414/629/23 444/630/23
f 402/635/23 401/631/23 431/632/23
f 416/637/23 415/633/23 445/634/23
f 403/639/23 402/635/23 432/636/23
f 417/641/23 416/637/23 446/638/23
f 404/643/23 403/639/23 433/640/23
f 418/645/23 417/641/23 447/642/23
f 405/647/23 404/643/23 434/644/23
f 392/649/23 391/664/23 421/650/23
f 419/652/23 418/645/23 448/646/23
f 406/654/23 405/647/23 435/648/23
f 393/656/23 392/649/23 422/651/23
f 420/658/23 419/652/23 449/653/23
f 407/660/23 406/654/23 436/655/23
f 394/662/23 393/656/23 423/657/23
f 391/664/23 420/658/23 450/659/23
f 408/665/23 407/660/23 437/661/23
f 395/667/23 394/662/23 424/663/23
f 409/669/23 408/665/23 438/666/23
f 396/671/23 395/667/23 425/668/23
f 410/673/23 409/669/23 439/670/23
f 397/675/23 396/671/23 426/672/23
f 411/677/23 410/673/23 440/674/23
f 398/679/23 397/675/23 427/676/23
f 412/680/23 411/677/23 441/678/23
f 436/681/20 435/742/325 465/682/356
f 423/684/328 422/743/326 452/685/358
f 450/687/329 449/744/327 479/688/360
f 437/690/330 436/681/20 466/683/357
f 424/692/339 423/684/328 453/686/359
f 421/694/29 450/687/329 480/689/361
f 438/696/324 437/690/330 467/691/362
f 425/698/333 424/692/339 454/693/363
f 439/700/341 438/696/324 468/697/365
f 426/702/334 425/1709/333 455/703/366
f 440/705/336 439/700/341 469/701/367
f 427/707/337 426/702/334 456/704/368
f 441/709/338 440/1710/336 470/710/369
f 428/712/332 427/707/337 457/708/370
f 442/714/340 441/709/338 471/711/371
f 429/716/349 428/712/332 458/713/372
f 443/718/335 442/714/340 472/715/373
f 430/720/343 429/716/349 459/717/374
f 444/722/323 443/718/335 473/719/375
f 431/724/344 430/720/343 460/721/376
f 445/726/346 444/722/323 474/723/377
f 432/728/347 431/724/344 461/725/378
f 446/730/348 445/726/346 475/727/379
f 433/732/342 432/1711/347 462/733/380
f 447/735/322 446/730/348 476/731/381
f 434/737/331 433/732/342 463/734/382
f 448/739/345 447/1712/322 477/740/383
f 435/742/325 434/737/331 464/738/384
f 422/743/326 421/694/29 451/695/364
f 449/744/327 448/739/345 478/741/385
f 473/719/375 472/715/373 502/745/386
f 460/721/376 459/717/374 489/747/388
f 474/723/377 473/719/375 503/746/387
f 461/725/378 460/721/376 490/748/389
f 475/727/379 474/723/377 504/749/390
f 462/729/380 461/725/378 491/750/391
f 476/731/381 475/727/379 505/751/392
f 463/734/382 462/733/380 492/754/393
f 477/736/383 476/731/381 506/753/394
f 464/738/384 463/734/382 493/755/395
f 478/741/385 477/740/383 507/758/396
f 465/682/356 464/738/384 494/757/397
f 452/685/358 451/695/364 481/761/400
f 479/688/360 478/741/385 508/759/398
f 466/683/357 465/682/356 495/760/399
f 453/686/359 452/685/358 482/762/401
f 480/689/361 479/688/360 509/763/402
f 467/691/362 466/683/357 496/764/403
f 454/693/363 453/686/359 483/765/404
f 451/695/364 480/689/361 510/766/405
f 468/697/365 467/691/362 497/767/406
f 455/699/366 454/693/363 484/768/407
f 469/701/367 468/697/365 498/769/408
f 456/704/368 455/703/366 485/772/409
f 470/706/369 469/701/367 499/771/410
f 457/708/370 456/704/368 486/773/411
f 471/711/371 470/710/369 500/776/412
f 458/713/372 457/708/370 487/775/413
f 472/715/373 471/711/371 501/777/414
f 459/717/374 458/713/372 488/778/415
f 483/1713/404 482/1714/401 481/1715/400
f 481/1715/400 510/1716/405 509/1717/402
f 509/1717/402 508/1718/398 505/1719/392
f 508/1718/398 507/1720/396 505/1719/392
f 507/1720/396 506/1721/394 505/1719/392
f 505/1719/392 504/1722/390 503/1723/387
f 503/1723/387 502/1724/386 505/1719/392
f 502/1724/386 501/1725/414 505/1719/392
f 501/1725/414 500/1726/412 499/1727/410
f 499/1727/410 498/1728/408 497/1729/406
f 497/1729/406 496/1730/403 495/1731/399
f 495/1731/399 494/1732/397 493/779/395
f 493/779/395 492/1733/393 491/1734/391
f 491/1734/391 490/1735/389 493/779/395
f 490/1735/389 489/780/388 493/779/395
f 489/780/388 488/1736/415 487/1737/413
f 487/1737/413 486/1738/411 485/781/409
f 485/781/409 484/1739/407 483/1713/404
f 483/1713/404 481/1715/400 485/781/409
f 481/1715/400 509/1717/402 485/781/409
f 501/1725/414 499/1727/410 497/1729/406
f 497/1729/406 495/1731/399 493/779/395
f 489/780/388 487/1737/413 485/781/409
f 509/1717/402 505/1719/392 485/781/409
f 505/1719/392 501/1725/414 485/781/409
f 501/1725/414 497/1729/406 485/781/409
f 497/1729/406 493/779/395 485/781/409
f 316/782/307 317/912/309 574/783/23
f 516/96/35 1038/95/35 1037/785/35
f 513/68/23 314/67/37 315/787/305
f 555/791/35 1029/1740/35 1028/792/35
f 519/794/35 1031/1741/35 1030/795/35
f 517/797/23 19/1007/23 310/798/320
f 526/800/35 1049/870/35 1048/801/35
f 526/60/27 525/59/27 12/802/416
f 11/804/23 332/1017/312 333/805/316
f 523/30/27 524/29/27 27/807/27
f 5/808/35 1043/861/35 1042/809/35
f 524/811/23 326/816/301 327/812/303
f 514/810/35 1042/809/35 1041/814/35
f 7/815/23 325/993/302 326/816/301
f 514/86/20 522/85/20 8/817/30
f 516/21/20 515/20/20 39/819/20
f 13/820/35 1035/972/35 1034/821/35
f 515/823/23 318/833/311 319/824/313
f 1053/47/35 512/1684/35 36/825/35
f 512/33/29 511/32/29 33/827/29
f 511/806/23 333/805/316 334/828/317
f 307/26/24 520/1682/23 38/830/23
f 15/832/23 317/912/309 318/833/311
f 1033/834/35 1032/849/35 24/835/35
f 328/837/304 329/1742/306 525/838/23
f 521/90/29 520/89/29 20/840/417
f 1026/842/35 1025/853/35 30/843/35
f 521/845/35 1027/851/35 1026/842/35
f 309/846/318 556/999/23 546/847/23
f 334/828/317 305/852/315 29/848/23
f 1032/849/35 1031/1741/35 519/794/35
f 17/850/35 1028/792/35 1027/851/35
f 305/852/315 306/831/314 38/830/23
f 327/812/303 328/837/304 21/839/23
f 1025/853/35 1054/826/35 36/825/35
f 517/797/23 311/799/300 312/854/299
f 519/24/22 517/23/22 22/855/22
f 518/822/35 1034/821/35 1033/834/35
f 518/64/22 513/63/22 16/856/418
f 522/84/23 322/83/39 323/858/319
f 575/860/35 1044/1743/35 1043/861/35
f 523/62/35 1046/61/35 1045/865/35
f 525/838/23 329/1742/306 330/867/308
f 526/800/35 9/1004/35 1050/869/35
f 331/871/310 332/1017/312 540/872/23
f 1051/874/35 547/1023/35 539/875/35
f 533/876/20 534/948/20 538/877/34
f 569/879/419 570/1744/419 566/880/420
f 575/882/421 576/1745/421 586/883/20
f 577/885/27 578/918/27 576/886/421
f 565/881/420 566/880/420 564/888/422
f 555/890/423 556/1746/423 554/891/424
f 324/893/321 576/994/23 578/863/23
f 537/894/34 538/1747/34 542/895/22
f 549/897/425 550/1748/425 558/898/29
f 563/900/422 564/1749/422 560/901/426
f 587/903/22 588/954/22 590/904/425
f 559/902/426 560/901/426 562/906/427
f 557/899/29 558/898/29 548/908/428
f 585/884/20 586/883/20 584/910/34
f 547/914/428 548/1750/428 540/915/27
f 579/917/428 580/1751/428 578/918/27
f 529/919/429 530/967/439 532/920/430
f 10/46/35 533/1018/35 537/922/35
f 587/924/35 589/1752/35 593/925/35
f 545/926/431 546/965/438 556/927/423
f 561/929/427 562/1753/427 568/930/432
f 542/932/23 538/1754/23 595/933/23
f 573/934/433 574/957/433 570/935/419
f 567/931/432 568/930/432 572/937/434
f 581/939/29 582/959/29 580/940/428
f 543/942/435 544/963/435 528/943/436
f 543/945/35 527/1755/35 598/946/35
f 535/947/421 536/1756/421 534/948/20
f 541/896/22 542/895/22 550/949/425
f 553/892/424 554/891/424 552/951/437
f 583/953/34 584/1757/34 588/954/22
f 1036/955/35 571/973/35 573/789/35
f 571/956/434 572/1758/434 574/957/433
f 589/958/425 590/1759/425 582/959/29
f 539/916/27 540/915/27 536/960/421
f 551/962/437 552/1760/437 544/963/435
f 531/964/430 532/1761/430 546/965/438
f 527/966/436 528/1762/436 530/967/439
f 315/787/305 316/782/307 572/784/23
f 1035/972/35 567/975/35 571/973/35
f 595/933/23 538/1754/23 534/976/23
f 13/820/35 592/1763/35 563/977/35
f 560/980/23 564/1764/23 591/981/23
f 594/982/23 8/859/23 582/983/23
f 591/45/34 592/44/34 13/986/418
f 563/977/35 592/1763/35 14/786/35
f 593/36/31 594/35/31 7/989/26
f 1043/861/35 5/808/35 579/990/35
f 5/808/35 581/992/35 579/990/35
f 594/982/23 590/984/23 588/991/23
f 593/925/35 589/1752/35 581/992/35
f 325/993/302 586/997/23 576/994/23
f 1045/865/35 1044/1743/35 575/860/35
f 310/798/320 554/1013/23 556/999/23
f 595/39/32 596/38/32 9/1000/416
f 596/923/35 537/922/35 541/1003/35
f 597/1005/23 528/1016/23 544/1006/23
f 597/42/33 598/41/33 17/1008/417
f 1030/795/35 1029/1740/35 555/791/35
f 597/1005/23 20/25/23 530/969/23
f 598/946/35 527/1755/35 529/1015/35
f 591/981/23 564/1764/23 566/979/23
f 330/867/308 331/871/310 548/873/23
f 1051/874/35 1050/869/35 557/1022/35
f 158/1025/173 600/1765/17 248/1026/262
f 600/1765/17 368/1766/860 248/1026/262
f 368/1766/860 338/1767/332 248/1026/262
f 248/1026/262 218/1768/219 188/1024/204
f 337/1769/327 367/1770/861 247/1029/257
f 367/1770/861 599/1771/18 247/1029/257
f 599/1771/18 157/1772/161 247/1029/257
f 157/1772/161 187/1027/199 247/1029/257
f 183/1031/162 91/1773/14 273/1032/258
f 91/1773/14 389/1774/862 273/1032/258
f 389/1774/862 363/1775/328 273/1032/258
f 273/1032/258 243/1776/215 213/1030/200
f 362/1777/323 388/1778/863 272/1035/251
f 388/1778/863 89/1779/15 272/1035/251
f 89/1779/15 182/1780/176 272/1035/251
f 182/1780/176 212/1033/193 272/1035/251
f 178/1037/159 81/1781/11 268/1038/245
f 81/1781/11 384/1782/864 268/1038/245
f 384/1782/864 358/1783/345 268/1038/245
f 268/1038/245 238/1784/232 208/1036/187
f 357/1785/341 383/1786/865 267/1041/241
f 383/1786/865 79/1787/12 267/1041/241
f 79/1787/12 177/1788/175 267/1041/241
f 177/1788/175 207/1039/183 267/1041/241
f 173/1043/153 71/1789/8 263/1044/265
f 71/1789/8 379/1790/866 263/1044/265
f 379/1790/866 353/1791/335 263/1044/265
f 263/1044/265 233/1792/222 203/1042/207
f 352/1793/331 378/1794/867 262/1047/261
f 378/1794/867 69/1795/9 262/1047/261
f 69/1795/9 172/1796/171 262/1047/261
f 172/1796/171 202/1045/203 262/1047/261
f 168/1049/178 601/1797/5 258/1050/252
f 601/1797/5 4/1798/868 258/1050/252
f 4/1798/868 348/1799/324 258/1050/252
f 258/1050/252 228/1800/209 198/1048/194
f 347/1801/349 3/1802/869 257/1053/249
f 3/1802/869 602/1803/6 257/1053/249
f 602/1803/6 167/1804/169 257/1053/249
f 167/1804/169 197/1051/191 257/1053/249
f 163/1055/177 603/1805/2 253/1056/242
f 603/1805/2 2/1806/870 253/1056/242
f 2/1806/870 343/1807/342 253/1056/242
f 253/1056/242 223/1808/229 193/1054/184
f 342/1809/339 1/1810/871 252/1059/268
f 1/1810/871 604/1811/3 252/1059/268
f 604/1811/3 162/1812/166 252/1059/268
f 162/1812/166 192/1057/180 252/1059/268
f 609/1060/440 640/1062/442 610/1083/463
f 618/1063/443 649/1065/445 619/1085/465
f 627/1066/446 658/1068/448 628/1081/461
f 605/1069/449 636/1071/451 606/1092/471
f 614/1072/452 645/1074/454 615/1087/467
f 623/1075/455 654/1077/457 624/1813/469
f 632/1078/458 663/1080/460 633/1094/473
f 628/1081/461 659/1082/462 629/1100/479
f 610/1083/463 641/1084/464 611/1096/475
f 619/1085/465 650/1086/466 620/1098/477
f 615/1087/467 646/1088/468 616/1814/484
f 624/1089/469 655/1091/470 625/1108/486
f 606/1092/471 637/1093/472 607/1103/482
f 633/1094/473 664/1095/474 634/1102/481
f 611/1096/475 642/1097/476 612/1112/490
f 620/1098/477 651/1099/478 621/1114/492
f 629/1100/479 660/1101/480 630/1110/488
f 634/1102/481 635/1070/450 605/1069/449
f 607/1103/482 638/1104/483 608/1118/496
f 616/1105/484 647/1107/485 617/1116/494
f 625/1108/486 656/1109/487 626/1117/495
f 630/1110/488 661/1111/489 631/1815/499
f 612/1112/490 643/1113/491 613/1120/497
f 621/1114/492 652/1115/493 622/1121/498
f 617/1116/494 648/1064/444 618/1063/443
f 626/1117/495 657/1067/447 627/1066/446
f 608/1118/496 639/1119/441 609/1816/440
f 613/1120/497 644/1073/453 614/1072/452
f 622/1121/498 653/1076/456 623/1075/455
f 631/1122/499 662/1079/459 632/1078/458
f 621/1124/492 680/1126/501 620/1181/477
f 608/1127/496 667/1129/503 607/1182/482
f 605/1130/449 694/1132/505 634/1183/481
f 622/1133/498 681/1125/500 621/1124/492
f 609/1135/440 668/1128/502 608/1127/496
f 623/1137/455 682/1134/506 622/1133/498
f 610/1139/463 669/1136/507 609/1135/440
f 624/1141/469 683/1138/508 623/1137/455
f 611/1143/475 670/1140/509 610/1139/463
f 625/1145/486 684/1142/510 624/1141/469
f 612/1147/490 671/1144/511 611/1143/475
f 626/1149/495 685/1146/512 625/1145/486
f 613/1151/497 672/1148/513 612/1147/490
f 627/1153/446 686/1150/514 626/1149/495
f 614/1155/452 673/1152/515 613/1151/497
f 628/1157/461 687/1154/516 627/1153/446
f 615/1159/467 674/1156/517 614/1155/452
f 629/1161/479 688/1158/518 628/1157/461
f 616/1163/484 675/1160/519 615/1159/467
f 630/1165/488 689/1162/520 629/1161/479
f 617/1167/494 676/1164/521 616/1163/484
f 631/1169/499 690/1166/522 630/1165/488
f 618/1171/443 677/1168/523 617/1167/494
f 632/1173/458 691/1170/524 631/1169/499
f 619/1175/465 678/1172/525 618/1171/443
f 606/1177/471 665/1131/504 605/1130/449
f 633/1179/473 692/1174/526 632/1173/458
f 620/1181/477 679/1176/527 619/1175/465
f 607/1182/482 666/1178/528 606/1177/471
f 634/1183/481 693/1180/529 633/1179/473
f 685/1146/512 714/1185/531 684/1142/510
f 672/1148/513 701/1187/533 671/1144/511
f 686/1150/514 715/1184/530 685/1146/512
f 673/1152/515 702/1186/532 672/1148/513
f 687/1154/516 716/1188/534 686/1150/514
f 674/1156/517 703/1189/535 673/1152/515
f 688/1158/518 717/1190/536 687/1154/516
f 675/1160/519 704/1191/537 674/1156/517
f 689/1162/520 718/1192/538 688/1158/518
f 676/1164/521 705/1193/539 675/1160/519
f 690/1166/522 719/1194/540 689/1162/520
f 677/1168/523 706/1195/541 676/1164/521
f 691/1170/524 720/1196/542 690/1166/522
f 678/1172/525 707/1197/543 677/1168/523
f 692/1174/526 721/1198/544 691/1170/524
f 679/1176/527 708/1199/545 678/1172/525
f 666/1178/528 695/1203/549 665/1131/504
f 693/1180/529 722/1200/546 692/1174/526
f 680/1126/501 709/1201/547 679/1176/527
f 667/1129/503 696/1202/548 666/1178/528
f 694/1132/505 723/1204/550 693/1180/529
f 681/1125/500 710/1205/551 680/1126/501
f 668/1128/502 697/1206/552 667/1129/503
f 665/1131/504 724/1207/553 694/1132/505
f 682/1134/506 711/1208/554 681/1125/500
f 669/1136/507 698/1209/555 668/1128/502
f 683/1138/508 712/1210/556 682/1134/506
f 670/1140/509 699/1211/557 669/1136/507
f 684/1142/510 713/1212/558 683/1138/508
f 671/1144/511 700/1213/559 670/1140/509
f 722/1200/546 751/1215/561 721/1198/544
f 709/1201/547 738/1217/563 708/1199/545
f 696/1202/548 725/1219/565 695/1203/549
f 723/1204/550 752/1214/560 722/1200/546
f 710/1205/551 739/1216/562 709/1201/547
f 697/1206/552 726/1218/564 696/1202/548
f 724/1207/553 753/1220/566 723/1204/550
f 711/1208/554 740/1221/567 710/1205/551
f 698/1209/555 727/1222/568 697/1206/552
f 695/1203/549 754/1223/569 724/1207/553
f 712/1210/556 741/1224/570 711/1208/554
f 699/1211/557 728/1225/571 698/1209/555
f 713/1212/558 742/1226/572 712/1210/556
f 700/1213/559 729/1227/573 699/1211/557
f 714/1185/531 743/1228/574 713/1212/558
f 701/1187/533 730/1229/575 700/1213/559
f 715/1184/530 744/1230/576 714/1185/531
f 702/1186/532 731/1231/577 701/1187/533
f 716/1188/534 745/1232/578 715/1184/530
f 703/1189/535 732/1233/579 702/1186/532
f 717/1190/536 746/1234/580 716/1188/534
f 704/1191/537 733/1235/581 703/1189/535
f 718/1192/538 747/1236/582 717/1190/536
f 705/1193/539 734/1237/583 704/1191/537
f 719/1194/540 748/1238/584 718/1192/538
f 706/1195/541 735/1239/585 705/1193/539
f 720/1196/542 749/1240/586 719/1194/540
f 707/1197/543 736/1241/587 706/1195/541
f 721/1198/544 750/1242/588 720/1196/542
f 708/1199/545 737/1243/589 707/1197/543
f 748/1238/584 777/1245/591 747/1236/582
f 735/1239/585 764/1247/593 734/1237/583
f 749/1240/586 778/1244/590 748/1238/584
f 736/1241/587 765/1246/592 735/1239/585
f 750/1242/588 779/1248/594 749/1240/586
f 737/1243/589 766/1249/595 736/1241/587
f 751/1215/561 780/1250/596 750/1242/588
f 738/1217/563 767/1251/597 737/1243/589
f 752/1214/560 781/1252/598 751/1215/561
f 739/1216/562 768/1253/599 738/1217/563
f 726/1218/564 755/1257/603 725/1219/565
f 753/1220/566 782/1254/600 752/1214/560
f 740/1221/567 769/1255/601 739/1216/562
f 727/1222/568 756/1256/602 726/1218/564
f 754/1223/569 783/1258/604 753/1220/566
f 741/1224/570 770/1259/605 740/1221/567
f 728/1225/571 757/1260/606 727/1222/568
f 725/1219/565 784/1261/607 754/1223/569
f 742/1226/572 771/1262/608 741/1224/570
f 729/1227/573 758/1263/609 728/1225/571
f 743/1228/574 772/1264/610 742/1226/572
f 730/1229/575 759/1265/611 729/1227/573
f 744/1230/576 773/1266/612 743/1228/574
f 731/1231/577 760/1267/613 730/1229/575
f 745/1232/578 774/1268/614 744/1230/576
f 732/1233/579 761/1269/615 731/1231/577
f 746/1234/580 775/1270/616 745/1232/578
f 733/1235/581 762/1271/617 732/1233/579
f 747/1236/582 776/1272/618 746/1234/580
f 734/1237/583 763/1273/619 733/1235/581
f 758/1263/609 787/1275/621 757/1260/606
f 755/1257/603 814/1277/623 784/1261/607
f 772/1264/610 801/1279/625 771/1262/608
f 759/1265/611 788/1274/620 758/1263/609
f 773/1266/612 802/1278/624 772/1264/610
f 760/1267/613 789/1280/626 759/1265/611
f 774/1268/614 803/1281/627 773/1266/612
f 761/1269/615 790/1282/628 760/1267/613
f 775/1270/616 804/1283/629 774/1268/614
f 762/1271/617 791/1284/630 761/1269/615
f 776/1272/618 805/1285/631 775/1270/616
f 763/1273/619 792/1286/632 762/1271/617
f 777/1245/591 806/1287/633 776/1272/618
f 764/1247/593 793/1288/634 763/1273/619
f 778/1244/590 807/1289/635 777/1245/591
f 765/1246/592 794/1290/636 764/1247/593
f 779/1248/594 808/1291/637 778/1244/590
f 766/1249/595 795/1292/638 765/1246/592
f 780/1250/596 809/1293/639 779/1248/594
f 767/1251/597 796/1294/640 766/1249/595
f 781/1252/598 810/1295/641 780/1250/596
f 768/1253/599 797/1296/642 767/1251/597
f 782/1254/600 811/1297/643 781/1252/598
f 769/1255/601 798/1298/644 768/1253/599
f 756/1256/602 785/1276/622 755/1257/603
f 783/1258/604 812/1299/645 782/1254/600
f 770/1259/605 799/1300/646 769/1255/601
f 757/1260/606 786/1301/647 756/1256/602
f 784/1261/607 813/1302/648 783/1258/604
f 771/1262/608 800/1303/649 770/1259/605
f 795/1292/638 824/1305/651 794/1290/636
f 809/1306/639 838/1308/653 808/1353/637
f 796/1294/640 825/1304/650 795/1292/638
f 810/1295/641 839/1311/652 809/1293/639
f 797/1296/642 826/1309/654 796/1294/640
f 811/1297/643 840/1310/655 810/1295/641
f 798/1298/644 827/1312/656 797/1296/642
f 812/1299/645 841/1313/657 811/1297/643
f 799/1316/646 828/1318/658 798/1817/644
f 786/1319/647 815/1321/662 785/1333/622
f 813/1302/648 842/1315/659 812/1299/645
f 800/1323/649 829/1317/660 799/1316/646
f 787/1275/621 816/1326/661 786/1301/647
f 814/1327/623 843/1329/663 813/1818/648
f 801/1330/625 830/1324/664 800/1323/649
f 788/1274/620 817/1325/665 787/1275/621
f 785/1333/622 844/1328/666 814/1327/623
f 802/1278/624 831/1335/667 801/1279/625
f 789/1280/626 818/1332/668 788/1274/620
f 803/1281/627 832/1334/669 802/1278/624
f 790/1282/628 819/1336/670 789/1280/626
f 804/1283/629 833/1337/671 803/1281/627
f 791/1284/630 820/1338/672 790/1282/628
f 805/1285/631 834/1339/673 804/1283/629
f 792/1342/632 821/1344/674 791/1819/630
f 806/1287/633 835/1341/675 805/1285/631
f 793/1346/634 822/1343/676 792/1342/632
f 807/1348/635 836/1350/677 806/1820/633
f 794/1351/636 823/1347/678 793/1346/634
f 808/1353/637 837/1349/679 807/1348/635
f 832/1354/669 861/1356/681 831/1331/667
f 819/1357/670 848/1359/683 818/1401/668
f 833/1360/671 862/1355/680 832/1354/669
f 820/1362/672 849/1364/682 819/1821/670
f 834/1365/673 863/1361/684 833/1360/671
f 821/1344/674 850/1363/685 820/1362/672
f 835/1368/675 864/1370/686 834/1822/673
f 822/1343/676 851/1367/687 821/1344/674
f 836/1350/677 865/1369/688 835/1368/675
f 823/1347/678 852/1371/689 822/1343/676
f 837/1349/679 866/1372/690 836/1350/677
f 824/1352/651 853/1373/691 823/1347/678
f 838/1308/653 867/1374/692 837/1349/679
f 825/1377/650 854/1375/693 824/1352/651
f 839/1307/652 868/1376/694 838/1308/653
f 826/1380/654 855/1378/695 825/1377/650
f 840/1382/655 869/1379/696 839/1307/652
f 827/1384/656 856/1386/697 826/1823/654
f 841/1387/657 870/1383/698 840/1382/655
f 828/1318/658 857/1385/699 827/1384/656
f 842/1390/659 871/1392/700 841/1824/657
f 829/1317/660 858/1389/701 828/1318/658
f 816/1320/661 845/1395/705 815/1321/662
f 843/1329/663 872/1391/702 842/1390/659
f 830/1324/664 859/1393/703 829/1317/660
f 817/1398/665 846/1394/704 816/1320/661
f 844/1328/666 873/1396/706 843/1329/663
f 831/1331/667 860/1397/707 830/1324/664
f 818/1401/668 847/1399/708 817/1398/665
f 815/1321/662 874/1400/709 844/1328/666
f 869/1402/696 898/1404/35 868/1460/694
f 856/1405/697 885/1407/35 855/1461/695
f 870/1408/698 899/1403/35 869/1402/696
f 857/1410/699 886/1406/35 856/1405/697
f 871/1412/700 900/1409/35 870/1408/698
f 858/1414/701 887/1411/35 857/1410/699
f 872/1416/702 901/1413/35 871/1412/700
f 859/1418/703 888/1415/35 858/1414/701
f 846/1420/704 875/1422/35 845/1435/705
f 873/1423/706 902/1417/35 872/1416/702
f 860/1425/707 889/1419/35 859/1418/703
f 847/1427/708 876/1421/35 846/1420/704
f 874/1429/709 903/1424/35 873/1423/706
f 861/1431/681 890/1426/35 860/1425/707
f 848/1433/683 877/1428/35 847/1427/708
f 845/1435/705 904/1430/35 874/1429/709
f 862/1436/680 891/1432/35 861/1431/681
f 849/1438/682 878/1434/35 848/1433/683
f 863/1440/684 892/1437/35 862/1436/680
f 850/1442/685 879/1439/35 849/1438/682
f 864/1444/686 893/1441/35 863/1440/684
f 851/1446/687 880/1443/35 850/1442/685
f 865/1448/688 894/1445/35 864/1444/686
f 852/1450/689 881/1447/35 851/1446/687
f 866/1452/690 895/1449/35 865/1448/688
f 853/1454/691 882/1451/35 852/1450/689
f 867/1456/692 896/1453/35 866/1452/690
f 854/1458/693 883/1455/35 853/1454/691
f 868/1460/694 897/1457/35 867/1456/692
f 855/1461/695 884/1459/35 854/1458/693
f 879/1462/710 908/1464/711 878/1523/711
f 893/1465/712 922/1467/713 892/1525/713
f 880/1468/714 909/1470/710 879/1825/710
f 894/1471/715 923/1466/712 893/1465/712
f 881/1473/716 910/1469/714 880/1468/714
f 895/1475/717 924/1477/715 894/1826/715
f 882/1478/718 911/1474/716 881/1473/716
f 896/1480/719 925/1476/717 895/1475/717
f 883/1482/720 912/1479/718 882/1478/718
f 897/1484/721 926/1481/719 896/1480/719
f 884/1486/722 913/1483/720 883/1482/720
f 898/1488/723 927/1485/721 897/1484/721
f 885/1490/724 914/1487/722 884/1486/722
f 899/1492/725 928/1489/723 898/1488/723
f 886/1494/726 915/1491/724 885/1490/724
f 900/1496/727 929/1493/725 899/1492/725
f 887/1498/728 916/1500/726 886/1827/726
f 901/1501/729 930/1497/727 900/1496/727
f 888/1503/730 917/1499/728 887/1498/728
f 902/1505/731 931/1507/729 901/1828/729
f 889/1508/732 918/1504/730 888/1503/730
f 876/1510/733 905/1512/734 875/1524/734
f 903/1513/735 932/1506/731 902/1505/731
f 890/1515/736 919/1509/732 889/1508/732
f 877/1517/737 906/1511/733 876/1510/733
f 904/1519/738 933/1514/735 903/1513/735
f 891/1521/739 920/1516/736 890/1515/736
f 878/1523/711 907/1518/737 877/1517/737
f 875/1524/734 934/1520/738 904/1519/738
f 892/1525/713 921/1522/739 891/1521/739
f 649/1065/445 950/1527/741 650/1086/466
f 636/1071/451 937/1529/743 637/1093/472
f 663/1080/460 964/1531/745 664/1095/474
f 650/1086/466 951/1532/746 651/1099/478
f 637/1093/472 938/1533/747 638/1104/483
f 664/1095/474 935/1534/748 635/1070/450
f 651/1099/478 952/1535/749 652/1115/493
f 638/1104/483 939/1536/750 639/1119/441
f 652/1115/493 953/1537/751 653/1076/456
f 639/1061/441 940/1539/752 640/1062/442
f 653/1076/456 954/1540/753 654/1077/457
f 640/1062/442 941/1541/754 641/1084/464
f 654/1090/457 955/1543/755 655/1091/470
f 641/1084/464 942/1544/756 642/1097/476
f 655/1091/470 956/1545/757 656/1109/487
f 642/1097/476 943/1546/758 643/1113/491
f 656/1109/487 957/1547/759 657/1067/447
f 643/1113/491 944/1548/760 644/1073/453
f 657/1067/447 958/1549/761 658/1068/448
f 644/1073/453 945/1550/762 645/1074/454
f 658/1068/448 959/1551/763 659/1082/462
f 645/1074/454 946/1552/764 646/1088/468
f 659/1082/462 960/1553/765 660/1101/480
f 646/1106/468 947/1555/766 647/1107/485
f 660/1101/480 961/1556/767 661/1111/489
f 647/1107/485 948/1557/768 648/1064/444
f 661/1123/489 962/1559/769 662/1079/459
f 648/1064/444 949/1526/740 649/1065/445
f 635/1070/450 936/1528/742 636/1071/451
f 662/1079/459 963/1530/744 663/1080/460
f 952/1535/749 983/1561/771 953/1537/751
f 939/1538/750 970/1563/773 940/1539/752
f 953/1537/751 984/1564/774 954/1540/753
f 940/1539/752 971/1565/775 941/1541/754
f 954/1542/753 985/1567/776 955/1543/755
f 941/1541/754 972/1568/777 942/1544/756
f 955/1543/755 986/1569/778 956/1545/757
f 942/1544/756 973/1570/779 943/1546/758
f 956/1545/757 987/1571/780 957/1547/759
f 943/1546/758 974/1572/781 944/1548/760
f 957/1547/759 988/1573/782 958/1549/761
f 944/1548/760 975/1574/783 945/1550/762
f 958/1549/761 989/1575/784 959/1551/763
f 945/1550/762 976/1576/785 946/1552/764
f 959/1551/763 990/1577/786 960/1553/765
f 946/1554/764 977/1579/787 947/1555/766
f 960/1553/765 991/1580/788 961/1556/767
f 947/1555/766 978/1581/789 948/1557/768
f 961/1558/767 992/1583/790 962/1559/769
f 948/1557/768 979/1584/791 949/1526/740
f 935/1534/748 966/1586/793 936/1528/742
f 962/1559/769 993/1587/794 963/1530/744
f 949/1526/740 980/1588/795 950/1527/741
f 936/1528/742 967/1589/796 937/1529/743
f 963/1530/744 994/1590/797 964/1531/745
f 950/1527/741 981/1591/798 951/1532/746
f 937/1529/743 968/1592/799 938/1533/747
f 964/1531/745 965/1585/792 935/1534/748
f 951/1532/746 982/1560/770 952/1535/749
f 938/1533/747 969/1593/772 939/1536/750
f 989/1575/784 1020/1595/801 990/1577/786
f 976/1578/785 1007/1597/803 977/1579/787
f 990/1577/786 1021/1598/804 991/1580/788
f 977/1579/787 1008/1599/805 978/1581/789
f 991/1582/788 1022/1601/806 992/1583/790
f 978/1581/789 1009/1602/807 979/1584/791
f 965/1585/792 996/1604/809 966/1586/793
f 992/1583/790 1023/1605/810 993/1587/794
f 979/1584/791 1010/1606/811 980/1588/795
f 966/1586/793 997/1607/812 967/1589/796
f 993/1587/794 1024/1608/813 994/1590/797
f 980/1588/795 1011/1609/814 981/1591/798
f 967/1589/796 998/1610/815 968/1592/799
f 994/1590/797 995/1603/808 965/1585/792
f 981/1591/798 1012/1611/816 982/1560/770
f 968/1592/799 999/1612/817 969/1593/772
f 982/1560/770 1013/1613/818 983/1561/771
f 969/1562/772 1000/1615/819 970/1563/773
f 983/1561/771 1014/1616/820 984/1564/774
f 970/1563/773 1001/1617/821 971/1565/775
f 984/1566/774 1015/1619/822 985/1567/776
f 971/1565/775 1002/1620/823 972/1568/777
f 985/1567/776 1016/1621/824 986/1569/778
f 972/1568/777 1003/1622/825 973/1570/779
f 986/1569/778 1017/1623/826 987/1571/780
f 973/1570/779 1004/1624/827 974/1572/781
f 987/1571/780 1018/1625/828 988/1573/782
f 974/1572/781 1005/1626/829 975/1574/783
f 988/1573/782 1019/1594/800 989/1575/784
f 975/1574/783 1006/1627/802 976/1576/785
f 999/1628/817 1030/1630/831 1000/1634/819
f 1013/1631/818 1044/1633/833 1014/1636/820
f 1000/1634/819 1031/1635/834 1001/1829/821
f 1014/1636/820 1045/1637/835 1015/1640/822
f 1001/1617/821 1032/1639/836 1002/1620/823
f 1015/1640/822 1046/1641/837 1016/1830/824
f 1002/1620/823 1033/1642/838 1003/1622/825
f 1016/1621/824 1047/1644/839 1017/1623/826
f 1003/1622/825 1034/1645/840 1004/1624/827
f 1017/1623/826 1048/1646/841 1018/1625/828
f 1004/1647/827 1035/1649/842 1005/1651/829
f 1018/1625/828 1049/1650/843 1019/1594/800
f 1005/1651/829 1036/1652/844 1006/1656/802
f 1019/1653/800 1050/1655/845 1020/1658/801
f 1006/1656/802 1037/1657/846 1007/1660/803
f 1020/1658/801 1051/1659/847 1021/1662/804
f 1007/1660/803 1038/1661/848 1008/1831/805
f 1021/1662/804 1052/1663/849 1022/1668/806
f 1008/1599/805 1039/1665/850 1009/1602/807
f 995/1603/808 1026/1667/852 996/1604/809
f 1022/1668/806 1053/1669/853 1023/1832/810
f 1009/1602/807 1040/1670/854 1010/1606/811
f 996/1604/809 1027/1671/855 997/1607/812
f 1023/1605/810 1054/1673/856 1024/1608/813
f 1010/1606/811 1041/1674/857 1011/1609/814
f 997/1675/812 1028/1677/858 998/1679/815
f 1024/1608/813 1025/1666/851 995/1603/808
f 1011/1609/814 1042/1678/859 1012/1611/816
f 998/1679/815 1029/1629/830 999/1628/817
f 1012/1680/816 1043/1632/832 1013/1631/818
