# Blender 4.2.16 LTS
# www.blender.org
mtllib AMR100_body.mtl
o Body
v -0.000000 -0.345347 0.000000
v -0.000000 -0.000000 0.182502
v -0.214437 -0.262246 0.007993
v -0.133404 -0.343281 0.000000
v -0.214437 -0.262246 0.000000
v -0.154473 -0.340507 0.000000
v -0.173980 -0.332427 0.000000
v -0.190730 -0.319573 0.000000
v -0.203584 -0.302822 0.000000
v -0.211664 -0.283315 0.000000
v -0.108521 -0.000000 0.182502
v -0.087267 -0.000000 0.182502
v -0.000000 -0.303969 0.182502
v -0.000000 -0.341507 0.145939
v -0.000000 -0.315319 0.180712
v -0.000000 -0.325651 0.175519
v -0.000000 -0.333956 0.167430
v -0.000000 -0.339419 0.157238
v -0.138102 -0.000000 0.182502
v -0.154564 -0.000000 0.182502
v -0.108521 -0.230377 0.182502
v -0.138102 -0.230377 0.182502
v -0.154564 -0.230377 0.182502
v -0.000000 -0.230377 0.182502
v -0.087267 -0.230377 0.182502
v -0.000000 -0.244120 0.182502
v -0.108521 -0.244119 0.182502
v -0.087267 -0.244121 0.182502
v -0.138102 -0.244120 0.182502
v -0.154473 -0.340507 0.007993
v -0.154279 -0.244119 0.182502
v -0.138102 -0.256372 0.182502
v -0.000000 -0.256372 0.182502
v -0.108521 -0.256372 0.182502
v -0.154025 -0.256372 0.182502
v -0.087267 -0.256372 0.182502
v -0.181174 -0.000000 0.177286
v -0.169595 -0.000000 0.182502
v -0.178197 -0.000000 0.179894
v -0.173959 -0.000000 0.181803
v -0.181018 -0.233446 0.177299
v -0.169443 -0.230377 0.182502
v -0.178051 -0.231912 0.179901
v -0.173814 -0.230788 0.181805
v -0.213218 -0.000000 0.127430
v -0.208910 -0.000000 0.140149
v -0.212573 -0.000000 0.131769
v -0.210996 -0.000000 0.136424
v -0.208935 -0.255590 0.139760
v -0.213228 -0.259038 0.127036
v -0.211014 -0.257245 0.136034
v -0.212585 -0.258507 0.131376
v -0.178067 -0.247785 0.177277
v -0.166676 -0.244119 0.182502
v -0.175214 -0.245951 0.179889
v -0.171045 -0.244610 0.181802
v -0.159953 -0.256372 0.182502
v -0.170919 -0.260372 0.177111
v -0.164297 -0.256907 0.181780
v -0.168311 -0.258372 0.179806
v -0.140643 -0.281871 0.176954
v -0.138102 -0.270988 0.182502
v -0.139372 -0.278955 0.179728
v -0.138442 -0.274972 0.181759
v -0.153915 -0.261700 0.182502
v -0.156576 -0.272695 0.176943
v -0.154218 -0.265772 0.181757
v -0.155192 -0.269797 0.179722
v -0.210491 -0.280602 0.123579
v -0.206375 -0.276436 0.136448
v -0.209871 -0.279975 0.127939
v -0.208365 -0.278450 0.132650
v -0.138016 -0.341483 0.110229
v -0.132540 -0.337102 0.124163
v -0.137380 -0.340812 0.114488
v -0.135375 -0.339209 0.119588
v -0.186115 -0.313662 0.118482
v -0.189496 -0.318283 0.105041
v -0.187739 -0.315904 0.114365
v -0.188976 -0.317595 0.109446
v -0.172419 -0.331575 0.100948
v -0.169307 -0.326797 0.114366
v -0.171936 -0.330868 0.105315
v -0.170797 -0.329119 0.110226
v -0.148177 -0.335343 0.117257
v -0.152336 -0.339789 0.103797
v -0.150191 -0.337499 0.113056
v -0.151714 -0.339127 0.108130
v -0.202406 -0.300820 0.115672
v -0.198731 -0.296142 0.128906
v -0.201846 -0.300124 0.120074
v -0.200501 -0.298412 0.124918
v -0.111863 -0.296445 0.177003
v -0.108521 -0.286168 0.182502
v -0.110192 -0.293758 0.179753
v -0.108969 -0.289997 0.181765
v -0.091516 -0.307441 0.177027
v -0.075584 -0.304315 0.182502
v -0.087827 -0.305898 0.179764
v -0.081995 -0.304754 0.181768
v -0.102082 -0.336858 0.141421
v -0.075419 -0.341013 0.145930
v -0.092880 -0.338908 0.143675
v -0.083121 -0.340429 0.145326
v -0.073679 -0.334053 0.160323
v -0.058952 -0.339255 0.157232
v -0.070233 -0.336643 0.158777
v -0.064843 -0.338547 0.157645
v -0.066555 -0.330505 0.167972
v -0.049718 -0.334402 0.167427
v -0.061958 -0.332488 0.167699
v -0.055795 -0.333914 0.167499
v -0.066040 -0.326816 0.172070
v -0.048716 -0.326938 0.175517
v -0.061194 -0.326978 0.173793
v -0.054853 -0.327022 0.175055
v -0.070413 -0.321100 0.174930
v -0.056156 -0.317652 0.180712
v -0.067146 -0.319537 0.177821
v -0.061927 -0.318274 0.179937
v -0.000000 0.345347 0.000000
v -0.133404 0.343281 0.000000
v -0.214437 0.262246 0.000000
v -0.154473 0.340507 0.000000
v -0.173980 0.332427 0.000000
v -0.190730 0.319573 0.000000
v -0.203584 0.302822 0.000000
v -0.211664 0.283315 0.000000
v -0.000000 0.303969 0.182502
v -0.000000 0.341507 0.145939
v -0.000000 0.315319 0.180712
v -0.000000 0.325651 0.175519
v -0.000000 0.333956 0.167430
v -0.000000 0.339419 0.157238
v -0.108521 0.230377 0.182502
v -0.138102 0.230377 0.182502
v -0.154564 0.230377 0.182502
v -0.000000 0.230377 0.182502
v -0.087267 0.230377 0.182502
v -0.000000 0.244120 0.182502
v -0.108521 0.244119 0.182502
v -0.087267 0.244121 0.182502
v -0.138102 0.244120 0.182502
v -0.133404 -0.343281 0.007993
v -0.154279 0.244119 0.182502
v -0.138102 0.256372 0.182502
v -0.000000 0.256372 0.182502
v -0.108521 0.256372 0.182502
v -0.154025 0.256372 0.182502
v -0.087267 0.256372 0.182502
v -0.181018 0.233446 0.177299
v -0.169443 0.230377 0.182502
v -0.178051 0.231912 0.179901
v -0.173814 0.230788 0.181805
v -0.208935 0.255590 0.139760
v -0.213228 0.259038 0.127036
v -0.211014 0.257245 0.136034
v -0.212585 0.258507 0.131376
v -0.178067 0.247785 0.177277
v -0.166676 0.244118 0.182502
v -0.175214 0.245951 0.179889
v -0.171045 0.244609 0.181802
v -0.159953 0.256372 0.182502
v -0.170919 0.260372 0.177111
v -0.164297 0.256907 0.181780
v -0.168311 0.258372 0.179806
v -0.140643 0.281871 0.176954
v -0.138102 0.270988 0.182502
v -0.139372 0.278955 0.179728
v -0.138442 0.274972 0.181759
v -0.153915 0.261700 0.182502
v -0.156576 0.272695 0.176943
v -0.154218 0.265772 0.181757
v -0.155192 0.269797 0.179722
v -0.210491 0.280602 0.123579
v -0.206375 0.276436 0.136448
v -0.209871 0.279975 0.127939
v -0.208365 0.278450 0.132650
v -0.138016 0.341483 0.110229
v -0.132540 0.337102 0.124163
v -0.137380 0.340812 0.114488
v -0.135375 0.339209 0.119588
v -0.186115 0.313662 0.118482
v -0.189496 0.318283 0.105041
v -0.187739 0.315904 0.114365
v -0.188976 0.317595 0.109446
v -0.172419 0.331575 0.100948
v -0.169307 0.326797 0.114366
v -0.171936 0.330868 0.105315
v -0.170797 0.329119 0.110226
v -0.148177 0.335343 0.117257
v -0.152336 0.339789 0.103797
v -0.150191 0.337499 0.113056
v -0.151714 0.339127 0.108130
v -0.202406 0.300820 0.115672
v -0.198731 0.296142 0.128906
v -0.201846 0.300124 0.120074
v -0.200501 0.298412 0.124918
v -0.111863 0.296445 0.177003
v -0.108521 0.286168 0.182502
v -0.110192 0.293758 0.179753
v -0.108969 0.289997 0.181765
v -0.091516 0.307441 0.177027
v -0.075584 0.304315 0.182502
v -0.087827 0.305898 0.179764
v -0.081995 0.304754 0.181768
v -0.102082 0.336858 0.141421
v -0.075419 0.341013 0.145930
v -0.092880 0.338908 0.143675
v -0.083121 0.340429 0.145326
v -0.073679 0.334053 0.160323
v -0.058952 0.339255 0.157232
v -0.070233 0.336643 0.158777
v -0.064843 0.338547 0.157645
v -0.066555 0.330505 0.167972
v -0.049718 0.334402 0.167427
v -0.061958 0.332488 0.167699
v -0.055795 0.333914 0.167499
v -0.066040 0.326816 0.172070
v -0.048716 0.326938 0.175517
v -0.061194 0.326978 0.173793
v -0.054853 0.327022 0.175055
v -0.070413 0.321100 0.174930
v -0.056156 0.317652 0.180712
v -0.067146 0.319537 0.177821
v -0.061927 0.318274 0.179937
v -0.190730 -0.319573 0.007993
v -0.173980 -0.332427 0.007993
v -0.155012 -0.342520 0.000000
v -0.133540 -0.345347 0.000000
v -0.175022 -0.334232 0.000000
v -0.192204 -0.321047 0.000000
v -0.205389 -0.303865 0.000000
v -0.213677 -0.283855 0.000000
v -0.216504 -0.262382 0.000000
v -0.203584 -0.302822 0.007993
v -0.211664 -0.283315 0.007993
v -0.155012 0.342520 0.000000
v -0.133540 0.345347 0.000000
v -0.175022 0.334232 0.000000
v -0.192204 0.321047 0.000000
v -0.205389 0.303865 0.000000
v -0.213677 0.283855 0.000000
v -0.216504 0.262382 0.000000
v -0.000000 -0.343281 0.000000
v -0.000000 0.343281 0.000000
v -0.133404 0.343281 0.007993
v -0.214437 0.262246 0.007993
v -0.154473 0.340507 0.007993
v -0.173980 0.332427 0.007993
v -0.190730 0.319573 0.007993
v -0.203584 0.302822 0.007993
v -0.211664 0.283315 0.007993
v -0.000000 -0.343281 0.007993
v -0.000000 0.343281 0.007993
v -0.216301 -0.066440 0.007974
v -0.213651 -0.000000 0.110668
v -0.213706 -0.016292 0.108523
v -0.213880 0.035050 0.101764
v -0.213706 0.018732 0.108523
v -0.213880 -0.032610 0.101764
v -0.214157 -0.046623 0.091012
v -0.214519 0.059815 0.076999
v -0.214157 0.049063 0.091012
v -0.214939 0.066575 0.060680
v -0.214519 -0.057376 0.076999
v -0.215391 0.068880 0.043169
v -0.214939 -0.064135 0.060680
v -0.214437 0.068880 0.007993
v -0.215391 -0.066440 0.043169
v -0.214437 0.068880 0.000000
v -0.216504 0.068880 0.000000
v -0.214437 -0.066440 0.000000
v -0.216504 -0.066440 0.000000
v -0.214437 -0.066440 0.007993
v -0.216301 0.068880 0.007974
v -0.181636 -0.000000 0.110668
v -0.181692 -0.016292 0.108523
v -0.181866 0.035050 0.101764
v -0.181692 0.018732 0.108523
v -0.181866 -0.032610 0.101764
v -0.182143 -0.046623 0.091012
v -0.182504 0.059815 0.076999
v -0.182143 0.049063 0.091012
v -0.182925 0.066575 0.060680
v -0.182504 -0.057376 0.076999
v -0.183377 0.068880 0.043169
v -0.182925 -0.064135 0.060680
v -0.183377 -0.066440 0.043169
v -0.184490 0.068880 0.000000
v -0.184490 -0.066440 0.000000
v -0.184287 0.068880 0.007974
v -0.184287 -0.066440 0.007974
v -0.000000 -0.344211 0.043169
v -0.135293 -0.343834 0.043169
v -0.215391 -0.261246 0.043169
v -0.173909 -0.333096 0.043169
v -0.204276 -0.302728 0.043169
v -0.212564 -0.282719 0.043169
v -0.191091 -0.319911 0.043169
v -0.153899 -0.341384 0.043169
v -0.191091 0.319911 0.043169
v -0.135293 0.343834 0.043169
v -0.215391 0.261246 0.043169
v -0.173909 0.333096 0.043169
v -0.204276 0.302728 0.043169
v -0.000000 0.344211 0.043169
v -0.212564 0.282719 0.043169
v -0.153899 0.341384 0.043169
v -0.182925 0.066575 0.060680
v -0.136004 0.343220 0.060680
v -0.214939 0.260785 0.060680
v -0.212113 0.282258 0.060680
v -0.153448 0.340923 0.060680
v -0.190640 0.319450 0.060680
v -0.173457 0.332635 0.060680
v -0.203824 0.302268 0.060680
v -0.000000 0.343750 0.060680
v -0.000000 -0.343750 0.060680
v -0.136004 -0.343220 0.060680
v -0.153448 -0.340923 0.060680
v -0.214939 -0.260785 0.060680
v -0.173457 -0.332635 0.060680
v -0.203824 -0.302268 0.060680
v -0.212113 -0.282258 0.060680
v -0.190640 -0.319450 0.060680
v -0.190219 -0.319021 0.076999
v -0.136667 -0.342648 0.076999
v -0.153027 -0.340494 0.076999
v -0.173036 -0.332206 0.076999
v -0.203404 -0.301838 0.076999
v -0.211692 -0.281828 0.076999
v -0.214519 -0.260355 0.076999
v -0.000000 -0.343321 0.076999
v -0.153027 0.340494 0.076999
v -0.190219 0.319021 0.076999
v -0.136667 0.342648 0.076999
v -0.214519 0.260355 0.076999
v -0.173036 0.332206 0.076999
v -0.203404 0.301838 0.076999
v -0.000000 0.343321 0.076999
v -0.211692 0.281828 0.076999
v -0.000000 -0.342952 0.091012
v -0.137236 -0.342157 0.091012
v -0.152666 -0.340125 0.091012
v -0.214157 -0.259986 0.091012
v -0.172675 -0.331837 0.091012
v -0.203042 -0.301469 0.091012
v -0.211330 -0.281460 0.091012
v -0.189858 -0.318652 0.091012
v -0.189858 0.318652 0.091012
v -0.137236 0.342157 0.091012
v -0.214157 0.259986 0.091012
v -0.172675 0.331837 0.091012
v -0.203042 0.301469 0.091012
v -0.000000 0.342952 0.091012
v -0.152666 0.340125 0.091012
v -0.211330 0.281460 0.091012
v -0.212575 0.035050 0.131716
v -0.173937 0.035050 0.181803
v -0.210998 0.035050 0.136371
v -0.181151 0.035050 0.177288
v -0.208913 0.035050 0.140095
v -0.213220 0.035050 0.127377
v -0.178175 0.035050 0.179895
v -0.169572 0.035050 0.182502
v -0.212574 0.018732 0.131740
v -0.213219 0.018732 0.127402
v -0.210997 0.018732 0.136396
v -0.178185 0.018732 0.179894
v -0.181162 0.018732 0.177287
v -0.208911 0.018732 0.140120
v -0.169583 0.018732 0.182502
v -0.173947 0.018732 0.181803
v -0.169584 -0.016292 0.182502
v -0.210997 -0.016292 0.136399
v -0.213219 -0.016292 0.127406
v -0.212574 -0.016292 0.131744
v -0.181163 -0.016292 0.177287
v -0.178187 -0.016292 0.179894
v -0.173949 -0.016292 0.181803
v -0.208911 -0.016292 0.140124
v -0.213220 -0.032610 0.127381
v -0.178176 -0.032610 0.179895
v -0.212575 -0.032610 0.131719
v -0.181152 -0.032610 0.177288
v -0.169574 -0.032610 0.182502
v -0.173938 -0.032610 0.181803
v -0.208913 -0.032610 0.140099
v -0.210998 -0.032610 0.136374
v -0.213220 -0.046623 0.127359
v -0.212575 -0.046623 0.131698
v -0.208914 -0.046623 0.140078
v -0.181143 -0.046623 0.177289
v -0.178168 -0.046623 0.179895
v -0.173930 -0.046623 0.181803
v -0.210999 -0.046623 0.136353
v -0.169564 -0.046623 0.182502
v -0.173928 0.049063 0.181803
v -0.210999 0.049063 0.136349
v -0.169563 0.049063 0.182502
v -0.181141 0.049063 0.177289
v -0.212575 0.049063 0.131694
v -0.213220 0.049063 0.127356
v -0.178166 0.049063 0.179895
v -0.208914 0.049063 0.140074
v -0.087267 -0.046623 0.182502
v -0.154564 -0.046623 0.182502
v -0.000000 -0.046623 0.182502
v -0.108521 -0.046623 0.182502
v -0.138102 -0.046623 0.182502
v -0.087267 -0.032610 0.182502
v -0.154564 -0.032610 0.182502
v -0.000000 -0.032610 0.182502
v -0.108521 -0.032610 0.182502
v -0.138102 -0.032610 0.182502
v -0.087267 -0.016292 0.182502
v -0.154564 -0.016292 0.182502
v -0.000000 -0.016292 0.182502
v -0.108521 -0.016292 0.182502
v -0.138102 -0.016292 0.182502
v -0.154564 0.018732 0.182502
v -0.087267 0.018732 0.182502
v -0.000000 0.018732 0.182502
v -0.138102 0.018732 0.182502
v -0.108521 0.018732 0.182502
v -0.108521 0.035050 0.182502
v -0.087267 0.035050 0.182502
v -0.000000 0.035050 0.182502
v -0.138102 0.035050 0.182502
v -0.154564 0.035050 0.182502
v -0.138102 0.049063 0.182502
v -0.108521 0.049063 0.182502
v -0.154564 0.049063 0.182502
v -0.087267 0.049063 0.182502
v -0.000000 0.049063 0.182502
v 0.214437 -0.262246 0.007993
v 0.133404 -0.343281 0.000000
v 0.214437 -0.262246 0.000000
v 0.154473 -0.340507 0.000000
v 0.173980 -0.332427 0.000000
v 0.190730 -0.319573 0.000000
v 0.203584 -0.302822 0.000000
v 0.211664 -0.283315 0.000000
v 0.108521 -0.000000 0.182502
v 0.087267 -0.000000 0.182502
v 0.138102 -0.000000 0.182502
v 0.154564 -0.000000 0.182502
v 0.108521 -0.230377 0.182502
v 0.138102 -0.230377 0.182502
v 0.154564 -0.230377 0.182502
v 0.087267 -0.230377 0.182502
v 0.108521 -0.244119 0.182502
v 0.087267 -0.244121 0.182502
v 0.138102 -0.244120 0.182502
v 0.154473 -0.340507 0.007993
v 0.154279 -0.244119 0.182502
v 0.138102 -0.256372 0.182502
v 0.108521 -0.256372 0.182502
v 0.154025 -0.256372 0.182502
v 0.087267 -0.256372 0.182502
v 0.181174 -0.000000 0.177286
v 0.169595 -0.000000 0.182502
v 0.178197 -0.000000 0.179894
v 0.173959 -0.000000 0.181803
v 0.181018 -0.233446 0.177299
v 0.169443 -0.230377 0.182502
v 0.178051 -0.231912 0.179901
v 0.173814 -0.230788 0.181805
v 0.213218 -0.000000 0.127430
v 0.208910 -0.000000 0.140149
v 0.212573 -0.000000 0.131769
v 0.210996 -0.000000 0.136424
v 0.208935 -0.255590 0.139760
v 0.213228 -0.259038 0.127036
v 0.211014 -0.257245 0.136034
v 0.212585 -0.258507 0.131376
v 0.178067 -0.247785 0.177277
v 0.166676 -0.244119 0.182502
v 0.175214 -0.245951 0.179889
v 0.171045 -0.244610 0.181802
v 0.159953 -0.256372 0.182502
v 0.170919 -0.260372 0.177111
v 0.164297 -0.256907 0.181780
v 0.168311 -0.258372 0.179806
v 0.140643 -0.281871 0.176954
v 0.138102 -0.270988 0.182502
v 0.139372 -0.278955 0.179728
v 0.138442 -0.274972 0.181759
v 0.153915 -0.261700 0.182502
v 0.156576 -0.272695 0.176943
v 0.154218 -0.265772 0.181757
v 0.155192 -0.269797 0.179722
v 0.210491 -0.280602 0.123579
v 0.206375 -0.276436 0.136448
v 0.209871 -0.279975 0.127939
v 0.208365 -0.278450 0.132650
v 0.138016 -0.341483 0.110229
v 0.132540 -0.337102 0.124163
v 0.137380 -0.340812 0.114488
v 0.135375 -0.339209 0.119588
v 0.186115 -0.313662 0.118482
v 0.189496 -0.318283 0.105041
v 0.187739 -0.315904 0.114365
v 0.188976 -0.317595 0.109446
v 0.172419 -0.331575 0.100948
v 0.169307 -0.326797 0.114366
v 0.171936 -0.330868 0.105315
v 0.170797 -0.329119 0.110226
v 0.148177 -0.335343 0.117257
v 0.152336 -0.339789 0.103797
v 0.150191 -0.337499 0.113056
v 0.151714 -0.339127 0.108130
v 0.202406 -0.300820 0.115672
v 0.198731 -0.296142 0.128906
v 0.201846 -0.300124 0.120074
v 0.200501 -0.298412 0.124918
v 0.111863 -0.296445 0.177003
v 0.108521 -0.286168 0.182502
v 0.110192 -0.293758 0.179753
v 0.108969 -0.289997 0.181765
v 0.091516 -0.307441 0.177027
v 0.075584 -0.304315 0.182502
v 0.087827 -0.305898 0.179764
v 0.081995 -0.304754 0.181768
v 0.102082 -0.336858 0.141421
v 0.075419 -0.341013 0.145930
v 0.092880 -0.338908 0.143675
v 0.083121 -0.340429 0.145326
v 0.073679 -0.334053 0.160323
v 0.058952 -0.339255 0.157232
v 0.070233 -0.336643 0.158777
v 0.064843 -0.338547 0.157645
v 0.066555 -0.330505 0.167972
v 0.049718 -0.334402 0.167427
v 0.061958 -0.332488 0.167699
v 0.055795 -0.333914 0.167499
v 0.066040 -0.326816 0.172070
v 0.048716 -0.326938 0.175517
v 0.061194 -0.326978 0.173793
v 0.054853 -0.327022 0.175055
v 0.070413 -0.321100 0.174930
v 0.056156 -0.317652 0.180712
v 0.067146 -0.319537 0.177821
v 0.061927 -0.318274 0.179937
v 0.133404 0.343281 0.000000
v 0.214437 0.262246 0.000000
v 0.154473 0.340507 0.000000
v 0.173980 0.332427 0.000000
v 0.190730 0.319573 0.000000
v 0.203584 0.302822 0.000000
v 0.211664 0.283315 0.000000
v 0.108521 0.230377 0.182502
v 0.138102 0.230377 0.182502
v 0.154564 0.230377 0.182502
v 0.087267 0.230377 0.182502
v 0.108521 0.244119 0.182502
v 0.087267 0.244121 0.182502
v 0.138102 0.244120 0.182502
v 0.133404 -0.343281 0.007993
v 0.154279 0.244119 0.182502
v 0.138102 0.256372 0.182502
v 0.108521 0.256372 0.182502
v 0.154025 0.256372 0.182502
v 0.087267 0.256372 0.182502
v 0.181018 0.233446 0.177299
v 0.169443 0.230377 0.182502
v 0.178051 0.231912 0.179901
v 0.173814 0.230788 0.181805
v 0.208935 0.255590 0.139760
v 0.213228 0.259038 0.127036
v 0.211014 0.257245 0.136034
v 0.212585 0.258507 0.131376
v 0.178067 0.247785 0.177277
v 0.166676 0.244118 0.182502
v 0.175214 0.245951 0.179889
v 0.171045 0.244609 0.181802
v 0.159953 0.256372 0.182502
v 0.170919 0.260372 0.177111
v 0.164297 0.256907 0.181780
v 0.168311 0.258372 0.179806
v 0.140643 0.281871 0.176954
v 0.138102 0.270988 0.182502
v 0.139372 0.278955 0.179728
v 0.138442 0.274972 0.181759
v 0.153915 0.261700 0.182502
v 0.156576 0.272695 0.176943
v 0.154218 0.265772 0.181757
v 0.155192 0.269797 0.179722
v 0.210491 0.280602 0.123579
v 0.206375 0.276436 0.136448
v 0.209871 0.279975 0.127939
v 0.208365 0.278450 0.132650
v 0.138016 0.341483 0.110229
v 0.132540 0.337102 0.124163
v 0.137380 0.340812 0.114488
v 0.135375 0.339209 0.119588
v 0.186115 0.313662 0.118482
v 0.189496 0.318283 0.105041
v 0.187739 0.315904 0.114365
v 0.188976 0.317595 0.109446
v 0.172419 0.331575 0.100948
v 0.169307 0.326797 0.114366
v 0.171936 0.330868 0.105315
v 0.170797 0.329119 0.110226
v 0.148177 0.335343 0.117257
v 0.152336 0.339789 0.103797
v 0.150191 0.337499 0.113056
v 0.151714 0.339127 0.108130
v 0.202406 0.300820 0.115672
v 0.198731 0.296142 0.128906
v 0.201846 0.300124 0.120074
v 0.200501 0.298412 0.124918
v 0.111863 0.296445 0.177003
v 0.108521 0.286168 0.182502
v 0.110192 0.293758 0.179753
v 0.108969 0.289997 0.181765
v 0.091516 0.307441 0.177027
v 0.075584 0.304315 0.182502
v 0.087827 0.305898 0.179764
v 0.081995 0.304754 0.181768
v 0.102082 0.336858 0.141421
v 0.075419 0.341013 0.145930
v 0.092880 0.338908 0.143675
v 0.083121 0.340429 0.145326
v 0.073679 0.334053 0.160323
v 0.058952 0.339255 0.157232
v 0.070233 0.336643 0.158777
v 0.064843 0.338547 0.157645
v 0.066555 0.330505 0.167972
v 0.049718 0.334402 0.167427
v 0.061958 0.332488 0.167699
v 0.055795 0.333914 0.167499
v 0.066040 0.326816 0.172070
v 0.048716 0.326938 0.175517
v 0.061194 0.326978 0.173793
v 0.054853 0.327022 0.175055
v 0.070413 0.321100 0.174930
v 0.056156 0.317652 0.180712
v 0.067146 0.319537 0.177821
v 0.061927 0.318274 0.179937
v 0.190730 -0.319573 0.007993
v 0.173980 -0.332427 0.007993
v 0.155012 -0.342520 0.000000
v 0.133540 -0.345347 0.000000
v 0.175022 -0.334232 0.000000
v 0.192204 -0.321047 0.000000
v 0.205389 -0.303865 0.000000
v 0.213677 -0.283855 0.000000
v 0.216504 -0.262382 0.000000
v 0.203584 -0.302822 0.007993
v 0.211664 -0.283315 0.007993
v 0.155012 0.342520 0.000000
v 0.133540 0.345347 0.000000
v 0.175022 0.334232 0.000000
v 0.192204 0.321047 0.000000
v 0.205389 0.303865 0.000000
v 0.213677 0.283855 0.000000
v 0.216504 0.262382 0.000000
v 0.133404 0.343281 0.007993
v 0.214437 0.262246 0.007993
v 0.154473 0.340507 0.007993
v 0.173980 0.332427 0.007993
v 0.190730 0.319573 0.007993
v 0.203584 0.302822 0.007993
v 0.211664 0.283315 0.007993
v 0.216301 -0.066440 0.007974
v 0.213651 -0.000000 0.110668
v 0.213706 -0.016292 0.108523
v 0.213880 0.035050 0.101764
v 0.213706 0.018732 0.108523
v 0.213880 -0.032610 0.101764
v 0.214157 -0.046623 0.091012
v 0.214519 0.059815 0.076999
v 0.214157 0.049063 0.091012
v 0.214939 0.066575 0.060680
v 0.214519 -0.057376 0.076999
v 0.215391 0.068880 0.043169
v 0.214939 -0.064135 0.060680
v 0.214437 0.068880 0.007993
v 0.215391 -0.066440 0.043169
v 0.214437 0.068880 0.000000
v 0.216504 0.068880 0.000000
v 0.214437 -0.066440 0.000000
v 0.216504 -0.066440 0.000000
v 0.214437 -0.066440 0.007993
v 0.216301 0.068880 0.007974
v 0.181636 -0.000000 0.110668
v 0.181692 -0.016292 0.108523
v 0.181866 0.035050 0.101764
v 0.181692 0.018732 0.108523
v 0.181866 -0.032610 0.101764
v 0.182143 -0.046623 0.091012
v 0.182504 0.059815 0.076999
v 0.182143 0.049063 0.091012
v 0.182925 0.066575 0.060680
v 0.182504 -0.057376 0.076999
v 0.183377 0.068880 0.043169
v 0.182925 -0.064135 0.060680
v 0.183377 -0.066440 0.043169
v 0.184490 0.068880 0.000000
v 0.184490 -0.066440 0.000000
v 0.184287 0.068880 0.007974
v 0.184287 -0.066440 0.007974
v 0.135293 -0.343834 0.043169
v 0.215391 -0.261246 0.043169
v 0.173909 -0.333096 0.043169
v 0.204276 -0.302728 0.043169
v 0.212564 -0.282719 0.043169
v 0.191091 -0.319911 0.043169
v 0.153899 -0.341384 0.043169
v 0.191091 0.319911 0.043169
v 0.135293 0.343834 0.043169
v 0.215391 0.261246 0.043169
v 0.173909 0.333096 0.043169
v 0.204276 0.302728 0.043169
v 0.212564 0.282719 0.043169
v 0.153899 0.341384 0.043169
v 0.182925 0.066575 0.060680
v 0.136004 0.343220 0.060680
v 0.214939 0.260785 0.060680
v 0.212113 0.282258 0.060680
v 0.153448 0.340923 0.060680
v 0.190640 0.319450 0.060680
v 0.173457 0.332635 0.060680
v 0.203824 0.302268 0.060680
v 0.136004 -0.343220 0.060680
v 0.153448 -0.340923 0.060680
v 0.214939 -0.260785 0.060680
v 0.173457 -0.332635 0.060680
v 0.203824 -0.302268 0.060680
v 0.212113 -0.282258 0.060680
v 0.190640 -0.319450 0.060680
v 0.190219 -0.319021 0.076999
v 0.136667 -0.342648 0.076999
v 0.153027 -0.340494 0.076999
v 0.173036 -0.332206 0.076999
v 0.203404 -0.301838 0.076999
v 0.211692 -0.281828 0.076999
v 0.214519 -0.260355 0.076999
v 0.153027 0.340494 0.076999
v 0.190219 0.319021 0.076999
v 0.136667 0.342648 0.076999
v 0.214519 0.260355 0.076999
v 0.173036 0.332206 0.076999
v 0.203404 0.301838 0.076999
v 0.211692 0.281828 0.076999
v 0.137236 -0.342157 0.091012
v 0.152666 -0.340125 0.091012
v 0.214157 -0.259986 0.091012
v 0.172675 -0.331837 0.091012
v 0.203042 -0.301469 0.091012
v 0.211330 -0.281460 0.091012
v 0.189858 -0.318652 0.091012
v 0.189858 0.318652 0.091012
v 0.137236 0.342157 0.091012
v 0.214157 0.259986 0.091012
v 0.172675 0.331837 0.091012
v 0.203042 0.301469 0.091012
v 0.152666 0.340125 0.091012
v 0.211330 0.281460 0.091012
v 0.212575 0.035050 0.131716
v 0.173937 0.035050 0.181803
v 0.210998 0.035050 0.136371
v 0.181151 0.035050 0.177288
v 0.208913 0.035050 0.140095
v 0.213220 0.035050 0.127377
v 0.178175 0.035050 0.179895
v 0.169572 0.035050 0.182502
v 0.212574 0.018732 0.131740
v 0.213219 0.018732 0.127402
v 0.210997 0.018732 0.136396
v 0.178185 0.018732 0.179894
v 0.181162 0.018732 0.177287
v 0.208911 0.018732 0.140120
v 0.169583 0.018732 0.182502
v 0.173947 0.018732 0.181803
v 0.169584 -0.016292 0.182502
v 0.210997 -0.016292 0.136399
v 0.213219 -0.016292 0.127406
v 0.212574 -0.016292 0.131744
v 0.181163 -0.016292 0.177287
v 0.178187 -0.016292 0.179894
v 0.173949 -0.016292 0.181803
v 0.208911 -0.016292 0.140124
v 0.213220 -0.032610 0.127381
v 0.178176 -0.032610 0.179895
v 0.212575 -0.032610 0.131719
v 0.181152 -0.032610 0.177288
v 0.169574 -0.032610 0.182502
v 0.173938 -0.032610 0.181803
v 0.208913 -0.032610 0.140099
v 0.210998 -0.032610 0.136374
v 0.213220 -0.046623 0.127359
v 0.212575 -0.046623 0.131698
v 0.208914 -0.046623 0.140078
v 0.181143 -0.046623 0.177289
v 0.178168 -0.046623 0.179895
v 0.173930 -0.046623 0.181803
v 0.210999 -0.046623 0.136353
v 0.169564 -0.046623 0.182502
v 0.173928 0.049063 0.181803
v 0.210999 0.049063 0.136349
v 0.169563 0.049063 0.182502
v 0.181141 0.049063 0.177289
v 0.212575 0.049063 0.131694
v 0.213220 0.049063 0.127356
v 0.178166 0.049063 0.179895
v 0.208914 0.049063 0.140074
v 0.087267 -0.046623 0.182502
v 0.154564 -0.046623 0.182502
v 0.108521 -0.046623 0.182502
v 0.138102 -0.046623 0.182502
v 0.087267 -0.032610 0.182502
v 0.154564 -0.032610 0.182502
v 0.108521 -0.032610 0.182502
v 0.138102 -0.032610 0.182502
v 0.087267 -0.016292 0.182502
v 0.154564 -0.016292 0.182502
v 0.108521 -0.016292 0.182502
v 0.138102 -0.016292 0.182502
v 0.154564 0.018732 0.182502
v 0.087267 0.018732 0.182502
v 0.138102 0.018732 0.182502
v 0.108521 0.018732 0.182502
v 0.108521 0.035050 0.182502
v 0.087267 0.035050 0.182502
v 0.138102 0.035050 0.182502
v 0.154564 0.035050 0.182502
v 0.138102 0.049063 0.182502
v 0.108521 0.049063 0.182502
v 0.154564 0.049063 0.182502
v 0.087267 0.049063 0.182502
v -0.085968 -0.342025 0.008001
v -0.133738 0.342975 0.008001
v -0.213926 0.262787 0.008001
v -0.154492 0.340243 0.008001
v -0.173832 0.332232 0.008001
v -0.190439 0.319489 0.008001
v -0.203183 0.302881 0.008001
v -0.211193 0.283541 0.008001
v -0.213926 0.262787 0.000001
v -0.133738 0.342975 0.000001
v -0.211193 0.283541 0.000001
v -0.203183 0.302881 0.000001
v -0.190439 0.319489 0.000001
v -0.173832 0.332232 0.000001
v -0.154492 0.340243 0.000001
v -0.213926 -0.261837 0.008001
v -0.133738 -0.342025 0.008001
v -0.211193 -0.282591 0.008001
v -0.203183 -0.301931 0.008001
v -0.190439 -0.318538 0.008001
v -0.173832 -0.331282 0.008001
v -0.154492 -0.339292 0.008001
v -0.133738 -0.342025 0.000001
v -0.213926 -0.261837 0.000001
v -0.154492 -0.339292 0.000001
v -0.173832 -0.331282 0.000001
v -0.190439 -0.318538 0.000001
v -0.203183 -0.301931 0.000001
v -0.211193 -0.282591 0.000001
v -0.213926 0.097026 0.000001
v -0.213926 0.097026 0.008001
v -0.213926 0.257971 0.000001
v -0.213926 0.257971 0.008001
v -0.213926 0.190213 0.000001
v -0.213926 0.190213 0.008001
v -0.047383 0.342975 0.008001
v -0.213926 -0.257767 0.008001
v -0.047383 0.342975 0.000001
v -0.213926 -0.257767 0.000001
v -0.213926 -0.069574 0.008001
v -0.213926 -0.069574 0.000001
v -0.213926 0.071726 0.008001
v -0.213926 0.071726 0.000001
v -0.063467 -0.000020 0.000001
v -0.063467 -0.000020 0.008001
v -0.182613 -0.000020 0.000001
v -0.182613 -0.000020 0.008001
v -0.213926 -0.194384 0.000001
v -0.213926 -0.194384 0.008001
v -0.213926 -0.089182 0.008001
v -0.213926 -0.089182 0.000001
v -0.085968 -0.342025 0.000001
v -0.012070 0.172105 0.000001
v -0.012070 0.172105 0.008001
v -0.049742 0.179955 0.000001
v -0.049742 0.179955 0.008001
v -0.018903 -0.267439 0.000001
v -0.018903 -0.267439 0.008001
v -0.139318 0.320912 0.000001
v -0.139318 0.320912 0.008001
v -0.187615 0.257971 0.000001
v -0.187615 0.257971 0.008001
v -0.126377 0.319208 0.000001
v -0.126377 0.319208 0.008001
v -0.189318 0.270912 0.000001
v -0.189318 0.270912 0.008001
v -0.114318 0.314213 0.000001
v -0.114318 0.314213 0.008001
v -0.187615 0.283853 0.000001
v -0.187615 0.283853 0.008001
v -0.103963 0.306267 0.000001
v -0.103963 0.306267 0.008001
v -0.182620 0.295912 0.000001
v -0.182620 0.295912 0.008001
v -0.096017 0.295912 0.000001
v -0.096017 0.295912 0.008001
v -0.174674 0.306267 0.000001
v -0.174674 0.306267 0.008001
v -0.091022 0.283853 0.000001
v -0.091022 0.283853 0.008001
v -0.164318 0.314213 0.000001
v -0.164318 0.314213 0.008001
v -0.089318 0.270912 0.000001
v -0.089318 0.270912 0.008001
v -0.152259 0.319208 0.000001
v -0.152259 0.319208 0.008001
v -0.091022 0.257971 0.000001
v -0.091022 0.257971 0.008001
v -0.096017 0.245912 0.000001
v -0.096017 0.245912 0.008001
v -0.103963 0.235557 0.000001
v -0.103963 0.235557 0.008001
v -0.114318 0.227611 0.000001
v -0.114318 0.227611 0.008001
v -0.126377 0.222616 0.000001
v -0.126377 0.222616 0.008001
v -0.174674 0.235557 0.000001
v -0.164318 0.227611 0.000001
v -0.152259 0.222616 0.000001
v -0.139318 0.220912 0.000001
v -0.139318 0.220912 0.008001
v -0.152259 0.222616 0.008001
v -0.164318 0.227611 0.008001
v -0.174674 0.235557 0.008001
v -0.182620 0.245912 0.000001
v -0.182620 0.245912 0.008001
v -0.138502 -0.220708 0.000001
v -0.138502 -0.220708 0.008001
v -0.188502 -0.270708 0.000001
v -0.188502 -0.270708 0.008001
v -0.125561 -0.222411 0.000001
v -0.125561 -0.222411 0.008001
v -0.186798 -0.257767 0.000001
v -0.186798 -0.257767 0.008001
v -0.113502 -0.227406 0.000001
v -0.113502 -0.227406 0.008001
v -0.181803 -0.245708 0.000001
v -0.181803 -0.245708 0.008001
v -0.103147 -0.235352 0.000001
v -0.103147 -0.235352 0.008001
v -0.173857 -0.235352 0.000001
v -0.173857 -0.235352 0.008001
v -0.163502 -0.227406 0.000001
v -0.163502 -0.227406 0.008001
v -0.095201 -0.245708 0.000001
v -0.095201 -0.245708 0.008001
v -0.090206 -0.257767 0.000001
v -0.090206 -0.257767 0.008001
v -0.151443 -0.222411 0.000001
v -0.151443 -0.222411 0.008001
v -0.088502 -0.270708 0.000001
v -0.088502 -0.270708 0.008001
v -0.090206 -0.283649 0.000001
v -0.090206 -0.283649 0.008001
v -0.095201 -0.295708 0.000001
v -0.095201 -0.295708 0.008001
v -0.071385 0.342975 0.000001
v -0.071385 0.342975 0.008001
v -0.103147 -0.306063 0.000001
v -0.103147 -0.306063 0.008001
v -0.113502 -0.314009 0.000001
v -0.113502 -0.314009 0.008001
v -0.125561 -0.319004 0.000001
v -0.125561 -0.319004 0.008001
v -0.181803 -0.295708 0.000001
v -0.138502 -0.320708 0.000001
v -0.138502 -0.320708 0.008001
v -0.151443 -0.319004 0.000001
v -0.151443 -0.319004 0.008001
v -0.163502 -0.314009 0.000001
v -0.163502 -0.314009 0.008001
v -0.173857 -0.306063 0.000001
v -0.173857 -0.306063 0.008001
v -0.181803 -0.295708 0.008001
v -0.186798 -0.283649 0.000001
v -0.186798 -0.283649 0.008001
v -0.096295 0.342975 0.008001
v -0.096295 0.342975 0.000001
v -0.118287 0.342975 0.000001
v -0.118287 0.342975 0.008001
v -0.139318 0.188684 0.000001
v -0.139318 0.188684 0.008001
v -0.126377 0.188684 0.000001
v -0.126377 0.188684 0.008001
v -0.114318 0.188684 0.008001
v -0.114318 0.188684 0.000001
v -0.103963 0.188684 0.000001
v -0.152259 0.188684 0.008001
v -0.152259 0.188684 0.000001
v -0.164318 0.188684 0.000001
v -0.164318 0.188684 0.008001
v -0.125561 -0.342025 0.008001
v -0.125561 -0.342025 0.000001
v -0.113502 -0.342025 0.000001
v -0.113502 -0.342025 0.008001
v -0.074041 -0.245708 0.000001
v -0.074041 -0.245708 0.008001
v -0.074041 -0.257767 0.000001
v -0.074041 -0.257767 0.008001
v -0.074041 -0.270708 0.008001
v -0.074041 -0.270708 0.000001
v -0.074041 -0.283649 0.008001
v -0.074041 -0.283649 0.000001
v -0.189250 0.124218 0.000001
v -0.177312 0.118230 0.000001
v -0.188665 0.120052 0.000001
v -0.186970 0.117165 0.000001
v -0.184329 0.115840 0.000001
v -0.181001 0.116207 0.000001
v -0.177312 0.118230 0.008001
v -0.189250 0.124218 0.008001
v -0.181001 0.116207 0.008001
v -0.184329 0.115840 0.008001
v -0.186970 0.117165 0.008001
v -0.188665 0.120052 0.008001
v -0.102983 0.173674 0.000001
v -0.088485 0.213149 0.000001
v -0.072586 0.180086 0.000001
v -0.097798 0.178313 0.000001
v -0.095186 0.182497 0.000001
v -0.095402 0.185817 0.000001
v -0.098427 0.187949 0.000001
v -0.103963 0.188684 0.008001
v -0.102983 0.173674 0.008001
v -0.088485 0.213149 0.008001
v -0.098427 0.187949 0.008001
v -0.095402 0.185817 0.008001
v -0.095186 0.182497 0.008001
v -0.097798 0.178313 0.008001
v -0.068170 0.163788 0.000001
v -0.078082 0.168760 0.000001
v -0.039807 0.095851 0.000001
v -0.068656 0.167247 0.000001
v -0.070063 0.169644 0.000001
v -0.072256 0.170744 0.000001
v -0.075019 0.170440 0.000001
v -0.078082 0.168760 0.008001
v -0.068170 0.163788 0.008001
v -0.039807 0.095851 0.008001
v -0.072548 0.180053 0.008001
v -0.075019 0.170440 0.008001
v -0.072256 0.170744 0.008001
v -0.070063 0.169644 0.008001
v -0.068656 0.167247 0.008001
v -0.156869 0.109991 0.000001
v -0.152489 0.096796 0.000001
v -0.213926 0.124218 0.000001
v -0.177881 0.099629 0.000001
v -0.161255 0.105914 0.000001
v -0.163052 0.102235 0.000001
v -0.162083 0.099316 0.000001
v -0.158444 0.097441 0.000001
v -0.152489 0.096796 0.008001
v -0.156869 0.109991 0.008001
v -0.177881 0.099629 0.008001
v -0.213926 0.124218 0.008001
v -0.158444 0.097441 0.008001
v -0.162083 0.099316 0.008001
v -0.163052 0.102235 0.008001
v -0.161255 0.105914 0.008001
v -0.184968 0.188684 0.000001
v -0.189250 0.184402 0.000001
v -0.193523 0.188949 0.000001
v -0.187978 0.192772 0.000001
v -0.187109 0.188110 0.000001
v -0.188676 0.186543 0.000001
v -0.189250 0.184402 0.008001
v -0.184968 0.188684 0.008001
v -0.187978 0.192772 0.008001
v -0.193523 0.188949 0.008001
v -0.188676 0.186543 0.008001
v -0.187109 0.188110 0.008001
v -0.068170 0.101077 0.008001
v -0.072452 0.096795 0.008001
v -0.068744 0.098936 0.008001
v -0.070311 0.097369 0.008001
v -0.072452 0.096795 0.000001
v -0.068170 0.101077 0.000001
v -0.070311 0.097369 0.000001
v -0.068744 0.098936 0.000001
v -0.182613 -0.062046 0.008001
v -0.190141 -0.069574 0.008001
v -0.184352 -0.072914 0.008001
v -0.175085 -0.065527 0.008001
v -0.183621 -0.065810 0.008001
v -0.186377 -0.068566 0.008001
v -0.190141 0.071726 0.008001
v -0.182613 0.064198 0.008001
v -0.175085 0.064552 0.008001
v -0.180782 0.071973 0.008001
v -0.186377 0.070717 0.008001
v -0.183621 0.067962 0.008001
v -0.182613 0.064198 0.000001
v -0.190141 0.071726 0.000001
v -0.180782 0.071973 0.000001
v -0.175085 0.064552 0.000001
v -0.183621 0.067962 0.000001
v -0.186377 0.070717 0.000001
v -0.190141 -0.069574 0.000001
v -0.182613 -0.062046 0.000001
v -0.175085 -0.065527 0.000001
v -0.184352 -0.072914 0.000001
v -0.186377 -0.068566 0.000001
v -0.183621 -0.065810 0.000001
v -0.040251 -0.064592 0.008001
v -0.063467 -0.041376 0.008001
v -0.086682 -0.064786 0.008001
v -0.047269 -0.081223 0.008001
v -0.049136 -0.062825 0.008001
v -0.056667 -0.057792 0.008001
v -0.061700 -0.050260 0.008001
v -0.063467 0.039578 0.008001
v -0.040251 0.062793 0.008001
v -0.086680 0.063159 0.008001
v -0.061700 0.048462 0.008001
v -0.056667 0.055994 0.008001
v -0.049136 0.061026 0.008001
v -0.040251 0.062793 0.000001
v -0.063467 0.039578 0.000001
v -0.086680 0.063159 0.000001
v -0.049136 0.061026 0.000001
v -0.056667 0.055994 0.000001
v -0.061700 0.048462 0.000001
v -0.063467 -0.041376 0.000001
v -0.040251 -0.064592 0.000001
v -0.047269 -0.081223 0.000001
v -0.086682 -0.064786 0.000001
v -0.061700 -0.050260 0.000001
v -0.056667 -0.057792 0.000001
v -0.049136 -0.062825 0.000001
v -0.127046 -0.194146 0.000001
v -0.117129 -0.184229 0.000001
v -0.107220 -0.194549 0.000001
v -0.119964 -0.203649 0.000001
v -0.122087 -0.192817 0.000001
v -0.118457 -0.189188 0.000001
v -0.117129 -0.098862 0.000001
v -0.127046 -0.088945 0.000001
v -0.111550 -0.086195 0.000001
v -0.118457 -0.093903 0.000001
v -0.122087 -0.090273 0.000001
v -0.117129 -0.184229 0.008001
v -0.127046 -0.194146 0.008001
v -0.119964 -0.203649 0.008001
v -0.107220 -0.194549 0.008001
v -0.118457 -0.189188 0.008001
v -0.122087 -0.192817 0.008001
v -0.127046 -0.088945 0.008001
v -0.117129 -0.098862 0.008001
v -0.111550 -0.086195 0.008001
v -0.122087 -0.090273 0.008001
v -0.118457 -0.093903 0.008001
v -0.188158 -0.098862 0.008001
v -0.178241 -0.088945 0.008001
v -0.185867 -0.079296 0.008001
v -0.198075 -0.089036 0.008001
v -0.186829 -0.093903 0.008001
v -0.183199 -0.090273 0.008001
v -0.178241 -0.088945 0.000001
v -0.188158 -0.098862 0.000001
v -0.198075 -0.089036 0.000001
v -0.185867 -0.079296 0.000001
v -0.183199 -0.090273 0.000001
v -0.186829 -0.093903 0.000001
v -0.188158 -0.184229 0.000001
v -0.178241 -0.194146 0.000001
v -0.179413 -0.198824 0.000001
v -0.198075 -0.194238 0.000001
v -0.186829 -0.189188 0.000001
v -0.183199 -0.192817 0.000001
v -0.178241 -0.194146 0.008001
v -0.188158 -0.184229 0.008001
v -0.198075 -0.194238 0.008001
v -0.179413 -0.198824 0.008001
v -0.183199 -0.192817 0.008001
v -0.186829 -0.189188 0.008001
v -0.083695 -0.314811 0.000001
v -0.085968 -0.317085 0.000001
v -0.087586 -0.316410 0.000001
v -0.087995 -0.313780 0.000001
v -0.085957 -0.306222 0.000001
v -0.085303 -0.315477 0.000001
v -0.083695 -0.330831 0.008001
v -0.085968 -0.328544 0.008001
v -0.088075 -0.331675 0.008001
v -0.085968 -0.333092 0.008001
v -0.085303 -0.330156 0.008001
v -0.085968 -0.317085 0.008001
v -0.083695 -0.314811 0.008001
v -0.085957 -0.306222 0.008001
v -0.087995 -0.313780 0.008001
v -0.087586 -0.316410 0.008001
v -0.085303 -0.315477 0.008001
v -0.085968 -0.328544 0.000001
v -0.083695 -0.330831 0.000001
v -0.085968 -0.333092 0.000001
v -0.088075 -0.331675 0.000001
v -0.085303 -0.330156 0.000001
v -0.062850 -0.239672 0.000001
v -0.087167 -0.230873 0.000001
v -0.067132 -0.237963 0.000001
v -0.070763 -0.238510 0.000001
v -0.073189 -0.241230 0.000001
v -0.062850 -0.239672 0.008001
v -0.087167 -0.230873 0.008001
v -0.073189 -0.241230 0.008001
v -0.070763 -0.238510 0.008001
v -0.067132 -0.237963 0.008001
v -0.074041 -0.288475 0.000001
v -0.062798 -0.294724 0.000001
v -0.086777 -0.298099 0.000001
v -0.073186 -0.293009 0.000001
v -0.070748 -0.295789 0.000001
v -0.067101 -0.296391 0.000001
v -0.062798 -0.294724 0.008001
v -0.074041 -0.288475 0.008001
v -0.086777 -0.298099 0.008001
v -0.067101 -0.296391 0.008001
v -0.070748 -0.295789 0.008001
v -0.073186 -0.293009 0.008001
v -0.008845 -0.108206 0.000001
v -0.020988 -0.120350 0.000001
v -0.031697 -0.108308 0.000001
v -0.020940 -0.099277 0.000001
v -0.013492 -0.109131 0.000001
v -0.017431 -0.111763 0.000001
v -0.020064 -0.115703 0.000001
v -0.020988 -0.185916 0.000001
v -0.008845 -0.198060 0.000001
v -0.021835 -0.207207 0.000001
v -0.033121 -0.197566 0.000001
v -0.020064 -0.190563 0.000001
v -0.017431 -0.194503 0.000001
v -0.013492 -0.197135 0.000001
v -0.008845 -0.198060 0.008001
v -0.020988 -0.185916 0.008001
v -0.033121 -0.197566 0.008001
v -0.021835 -0.207207 0.008001
v -0.013492 -0.197135 0.008001
v -0.017431 -0.194503 0.008001
v -0.020064 -0.190563 0.008001
v -0.020988 -0.120350 0.008001
v -0.008845 -0.108206 0.008001
v -0.020940 -0.099277 0.008001
v -0.031697 -0.108308 0.008001
v -0.020064 -0.115703 0.008001
v -0.017431 -0.111763 0.008001
v -0.013492 -0.109131 0.008001
v -0.033220 -0.222653 0.000001
v -0.036109 -0.232488 0.000001
v -0.056145 -0.232603 0.000001
v -0.069586 -0.222594 0.000001
v -0.038090 -0.223134 0.000001
v -0.040987 -0.224531 0.000001
v -0.041626 -0.226707 0.000001
v -0.039945 -0.229449 0.000001
v -0.036109 -0.232488 0.008001
v -0.033220 -0.222653 0.008001
v -0.069586 -0.222594 0.008001
v -0.056145 -0.232603 0.008001
v -0.039945 -0.229449 0.008001
v -0.041626 -0.226707 0.008001
v -0.040987 -0.224531 0.008001
v -0.038090 -0.223134 0.008001
v -0.038475 0.213316 0.000001
v -0.049742 0.210016 0.000001
v -0.062632 0.214469 0.000001
v -0.067205 0.242352 0.000001
v -0.041957 0.217728 0.000001
v -0.045097 0.219663 0.000001
v -0.047590 0.218933 0.000001
v -0.049190 0.215609 0.000001
v -0.049742 0.210016 0.008001
v -0.038475 0.213316 0.008001
v -0.067205 0.242352 0.008001
v -0.062632 0.214469 0.008001
v -0.049190 0.215609 0.008001
v -0.047590 0.218933 0.008001
v -0.045097 0.219663 0.008001
v -0.041957 0.217728 0.008001
v -0.049742 0.137025 0.000001
v -0.038080 0.133466 0.000001
v -0.049171 0.131420 0.000001
v -0.047514 0.128059 0.000001
v -0.044934 0.127271 0.000001
v -0.041683 0.129134 0.000001
v -0.038080 0.133466 0.008001
v -0.049742 0.137025 0.008001
v -0.041683 0.129134 0.008001
v -0.044934 0.127271 0.008001
v -0.047514 0.128059 0.008001
v -0.049171 0.131420 0.008001
v -0.025741 0.097026 0.008001
v -0.031242 0.107145 0.008001
v -0.029145 0.097522 0.008001
v -0.031575 0.098959 0.008001
v -0.032792 0.101198 0.008001
v -0.032677 0.104018 0.008001
v -0.031242 0.107145 0.000001
v -0.025741 0.097026 0.000001
v -0.032677 0.104018 0.000001
v -0.032792 0.101198 0.000001
v -0.031575 0.098959 0.000001
v -0.029145 0.097522 0.000001
v -0.032116 0.239087 0.008001
v -0.027018 0.248534 0.008001
v -0.040701 0.259582 0.008001
v -0.048669 0.253075 0.008001
v -0.049371 0.246169 0.008001
v -0.038370 0.237232 0.008001
v -0.033630 0.242702 0.008001
v -0.033193 0.245767 0.008001
v -0.030871 0.247815 0.008001
v -0.027018 0.248534 0.000001
v -0.032116 0.239087 0.000001
v -0.038370 0.237232 0.000001
v -0.049371 0.246169 0.000001
v -0.048669 0.253075 0.000001
v -0.040701 0.259582 0.000001
v -0.030871 0.247815 0.000001
v -0.033193 0.245767 0.000001
v -0.033630 0.242702 0.000001
v -0.047383 0.296026 0.000001
v -0.041930 0.290574 0.000001
v -0.046234 0.285245 0.000001
v -0.052771 0.289744 0.000001
v -0.046652 0.293300 0.000001
v -0.044656 0.291305 0.000001
v -0.041930 0.290574 0.008001
v -0.047383 0.296026 0.008001
v -0.052771 0.289744 0.008001
v -0.046234 0.285245 0.008001
v -0.044656 0.291305 0.008001
v -0.046652 0.293300 0.008001
v -0.213926 -0.236196 0.008001
v -0.213926 -0.236196 0.000001
v -0.213926 -0.216003 0.008001
v -0.213926 -0.216003 0.000001
v -0.187808 -0.208363 0.008001
v -0.187808 -0.208363 0.000001
v 0.085968 -0.342025 0.008001
v -0.000000 -0.314811 0.000001
v -0.000000 -0.342025 0.008001
v -0.000000 -0.342025 0.000001
v 0.133738 0.342975 0.008001
v 0.213926 0.262787 0.008001
v 0.154492 0.340243 0.008001
v 0.173832 0.332232 0.008001
v 0.190439 0.319489 0.008001
v 0.203183 0.302881 0.008001
v 0.211193 0.283541 0.008001
v 0.213926 0.262787 0.000001
v 0.133738 0.342975 0.000001
v 0.211193 0.283541 0.000001
v 0.203183 0.302881 0.000001
v 0.190439 0.319489 0.000001
v 0.173832 0.332232 0.000001
v 0.154492 0.340243 0.000001
v 0.213926 -0.261837 0.008001
v 0.133738 -0.342025 0.008001
v 0.211193 -0.282591 0.008001
v 0.203183 -0.301931 0.008001
v 0.190439 -0.318538 0.008001
v 0.173832 -0.331282 0.008001
v 0.154492 -0.339292 0.008001
v 0.133738 -0.342025 0.000001
v 0.213926 -0.261837 0.000001
v 0.154492 -0.339292 0.000001
v 0.173832 -0.331282 0.000001
v 0.190439 -0.318538 0.000001
v 0.203183 -0.301931 0.000001
v 0.211193 -0.282591 0.000001
v 0.213926 0.097026 0.000001
v -0.000000 0.097026 0.008001
v -0.000000 0.097026 0.000001
v 0.213926 0.097026 0.008001
v -0.000000 0.155335 0.000001
v -0.000000 0.155335 0.008001
v 0.213926 0.257971 0.000001
v -0.000000 0.248534 0.008001
v 0.213926 0.257971 0.008001
v -0.000000 0.248534 0.000001
v 0.213926 0.190213 0.000001
v -0.000000 0.190213 0.008001
v 0.213926 0.190213 0.008001
v -0.000000 0.190213 0.000001
v 0.047383 0.342975 0.008001
v 0.213926 -0.257767 0.008001
v 0.047383 0.342975 0.000001
v -0.000000 0.290574 0.000001
v -0.000000 0.290574 0.008001
v 0.213926 -0.257767 0.000001
v -0.000000 -0.255697 0.008001
v -0.000000 -0.064592 0.008001
v 0.213926 -0.069574 0.008001
v -0.000000 -0.255697 0.000001
v -0.000000 -0.222653 0.008001
v -0.000000 -0.222653 0.000001
v 0.213926 -0.069574 0.000001
v -0.000000 -0.064592 0.000001
v 0.213926 0.071726 0.008001
v -0.000000 0.062793 0.000001
v 0.213926 0.071726 0.000001
v 0.063467 -0.000020 0.000001
v 0.063467 -0.000020 0.008001
v 0.182613 -0.000020 0.000001
v 0.182613 -0.000020 0.008001
v -0.000000 -0.198060 0.008001
v 0.213926 -0.194384 0.000001
v -0.000000 -0.198060 0.000001
v 0.213926 -0.194384 0.008001
v -0.000000 -0.108206 0.008001
v 0.213926 -0.089182 0.008001
v -0.000000 -0.108206 0.000001
v 0.213926 -0.089182 0.000001
v -0.000000 -0.314811 0.008001
v 0.085968 -0.342025 0.000001
v -0.000000 -0.331333 0.000001
v -0.000000 -0.331333 0.008001
v 0.012070 0.172105 0.000001
v 0.012070 0.172105 0.008001
v 0.049742 0.179955 0.000001
v 0.049742 0.179955 0.008001
v 0.018903 -0.267439 0.000001
v 0.018903 -0.267439 0.008001
v 0.139318 0.320912 0.000001
v 0.139318 0.320912 0.008001
v 0.187615 0.257971 0.000001
v 0.187615 0.257971 0.008001
v 0.126377 0.319208 0.000001
v 0.126377 0.319208 0.008001
v 0.189318 0.270912 0.000001
v 0.189318 0.270912 0.008001
v 0.114318 0.314213 0.000001
v 0.114318 0.314213 0.008001
v 0.187615 0.283853 0.000001
v 0.187615 0.283853 0.008001
v 0.103963 0.306267 0.000001
v 0.103963 0.306267 0.008001
v 0.182620 0.295912 0.000001
v 0.182620 0.295912 0.008001
v 0.096017 0.295912 0.000001
v 0.096017 0.295912 0.008001
v 0.174674 0.306267 0.000001
v 0.174674 0.306267 0.008001
v 0.091022 0.283853 0.000001
v 0.091022 0.283853 0.008001
v 0.164318 0.314213 0.000001
v 0.164318 0.314213 0.008001
v 0.089318 0.270912 0.000001
v 0.089318 0.270912 0.008001
v 0.152259 0.319208 0.000001
v 0.152259 0.319208 0.008001
v 0.091022 0.257971 0.000001
v 0.091022 0.257971 0.008001
v 0.096017 0.245912 0.000001
v 0.096017 0.245912 0.008001
v 0.103963 0.235557 0.000001
v 0.103963 0.235557 0.008001
v 0.114318 0.227611 0.000001
v 0.114318 0.227611 0.008001
v 0.126377 0.222616 0.000001
v 0.126377 0.222616 0.008001
v 0.174674 0.235557 0.000001
v 0.164318 0.227611 0.000001
v 0.152259 0.222616 0.000001
v 0.139318 0.220912 0.000001
v 0.139318 0.220912 0.008001
v 0.152259 0.222616 0.008001
v 0.164318 0.227611 0.008001
v 0.174674 0.235557 0.008001
v 0.182620 0.245912 0.000001
v 0.182620 0.245912 0.008001
v 0.138502 -0.220708 0.000001
v 0.138502 -0.220708 0.008001
v 0.188502 -0.270708 0.000001
v 0.188502 -0.270708 0.008001
v 0.125561 -0.222411 0.000001
v 0.125561 -0.222411 0.008001
v 0.186798 -0.257767 0.000001
v 0.186798 -0.257767 0.008001
v 0.113502 -0.227406 0.000001
v 0.113502 -0.227406 0.008001
v 0.181803 -0.245708 0.000001
v 0.181803 -0.245708 0.008001
v 0.103147 -0.235352 0.000001
v 0.103147 -0.235352 0.008001
v 0.173857 -0.235352 0.000001
v 0.173857 -0.235352 0.008001
v 0.163502 -0.227406 0.000001
v 0.163502 -0.227406 0.008001
v 0.095201 -0.245708 0.000001
v 0.095201 -0.245708 0.008001
v 0.090206 -0.257767 0.000001
v 0.090206 -0.257767 0.008001
v 0.151443 -0.222411 0.000001
v 0.151443 -0.222411 0.008001
v 0.088502 -0.270708 0.000001
v 0.088502 -0.270708 0.008001
v 0.090206 -0.283649 0.000001
v 0.090206 -0.283649 0.008001
v 0.095201 -0.295708 0.000001
v 0.095201 -0.295708 0.008001
v 0.071385 0.342975 0.000001
v 0.071385 0.342975 0.008001
v 0.103147 -0.306063 0.000001
v 0.103147 -0.306063 0.008001
v 0.113502 -0.314009 0.000001
v 0.113502 -0.314009 0.008001
v 0.125561 -0.319004 0.000001
v 0.125561 -0.319004 0.008001
v 0.181803 -0.295708 0.000001
v 0.138502 -0.320708 0.000001
v 0.138502 -0.320708 0.008001
v 0.151443 -0.319004 0.000001
v 0.151443 -0.319004 0.008001
v 0.163502 -0.314009 0.000001
v 0.163502 -0.314009 0.008001
v 0.173857 -0.306063 0.000001
v 0.173857 -0.306063 0.008001
v 0.181803 -0.295708 0.008001
v 0.186798 -0.283649 0.000001
v 0.186798 -0.283649 0.008001
v 0.096295 0.342975 0.008001
v 0.096295 0.342975 0.000001
v 0.118287 0.342975 0.000001
v 0.118287 0.342975 0.008001
v 0.139318 0.188684 0.000001
v 0.139318 0.188684 0.008001
v 0.126377 0.188684 0.000001
v 0.126377 0.188684 0.008001
v 0.114318 0.188684 0.008001
v 0.114318 0.188684 0.000001
v 0.103963 0.188684 0.000001
v 0.152259 0.188684 0.008001
v 0.152259 0.188684 0.000001
v 0.164318 0.188684 0.000001
v 0.164318 0.188684 0.008001
v 0.125561 -0.342025 0.008001
v 0.125561 -0.342025 0.000001
v 0.113502 -0.342025 0.000001
v 0.113502 -0.342025 0.008001
v 0.074041 -0.245708 0.000001
v 0.074041 -0.245708 0.008001
v 0.074041 -0.257767 0.000001
v 0.074041 -0.257767 0.008001
v 0.074041 -0.270708 0.008001
v 0.074041 -0.270708 0.000001
v 0.074041 -0.283649 0.008001
v 0.074041 -0.283649 0.000001
v 0.189250 0.124218 0.000001
v 0.177312 0.118230 0.000001
v 0.188665 0.120052 0.000001
v 0.186970 0.117165 0.000001
v 0.184329 0.115840 0.000001
v 0.181001 0.116207 0.000001
v 0.177312 0.118230 0.008001
v 0.189250 0.124218 0.008001
v 0.181001 0.116207 0.008001
v 0.184329 0.115840 0.008001
v 0.186970 0.117165 0.008001
v 0.188665 0.120052 0.008001
v 0.102983 0.173674 0.000001
v 0.088485 0.213149 0.000001
v 0.072586 0.180086 0.000001
v 0.097798 0.178313 0.000001
v 0.095186 0.182497 0.000001
v 0.095402 0.185817 0.000001
v 0.098427 0.187949 0.000001
v 0.103963 0.188684 0.008001
v 0.102983 0.173674 0.008001
v 0.088485 0.213149 0.008001
v 0.098427 0.187949 0.008001
v 0.095402 0.185817 0.008001
v 0.095186 0.182497 0.008001
v 0.097798 0.178313 0.008001
v 0.068170 0.163788 0.000001
v 0.078082 0.168760 0.000001
v 0.039807 0.095851 0.000001
v 0.068656 0.167247 0.000001
v 0.070063 0.169644 0.000001
v 0.072256 0.170744 0.000001
v 0.075019 0.170440 0.000001
v 0.078082 0.168760 0.008001
v 0.068170 0.163788 0.008001
v 0.039807 0.095851 0.008001
v 0.072548 0.180053 0.008001
v 0.075019 0.170440 0.008001
v 0.072256 0.170744 0.008001
v 0.070063 0.169644 0.008001
v 0.068656 0.167247 0.008001
v 0.156869 0.109991 0.000001
v 0.152489 0.096796 0.000001
v 0.213926 0.124218 0.000001
v 0.177881 0.099629 0.000001
v 0.161255 0.105914 0.000001
v 0.163052 0.102235 0.000001
v 0.162083 0.099316 0.000001
v 0.158444 0.097441 0.000001
v 0.152489 0.096796 0.008001
v 0.156869 0.109991 0.008001
v 0.177881 0.099629 0.008001
v 0.213926 0.124218 0.008001
v 0.158444 0.097441 0.008001
v 0.162083 0.099316 0.008001
v 0.163052 0.102235 0.008001
v 0.161255 0.105914 0.008001
v 0.184968 0.188684 0.000001
v 0.189250 0.184402 0.000001
v 0.193523 0.188949 0.000001
v 0.187978 0.192772 0.000001
v 0.187109 0.188110 0.000001
v 0.188676 0.186543 0.000001
v 0.189250 0.184402 0.008001
v 0.184968 0.188684 0.008001
v 0.187978 0.192772 0.008001
v 0.193523 0.188949 0.008001
v 0.188676 0.186543 0.008001
v 0.187109 0.188110 0.008001
v 0.068170 0.101077 0.008001
v 0.072452 0.096795 0.008001
v 0.068744 0.098936 0.008001
v 0.070311 0.097369 0.008001
v 0.072452 0.096795 0.000001
v 0.068170 0.101077 0.000001
v -0.000000 0.062793 0.008001
v 0.070311 0.097369 0.000001
v 0.068744 0.098936 0.000001
v 0.182613 -0.062046 0.008001
v 0.190141 -0.069574 0.008001
v 0.184352 -0.072914 0.008001
v 0.175085 -0.065527 0.008001
v 0.183621 -0.065810 0.008001
v 0.186377 -0.068566 0.008001
v 0.190141 0.071726 0.008001
v 0.182613 0.064198 0.008001
v 0.175085 0.064552 0.008001
v 0.180782 0.071973 0.008001
v 0.186377 0.070717 0.008001
v 0.183621 0.067962 0.008001
v 0.182613 0.064198 0.000001
v 0.190141 0.071726 0.000001
v 0.180782 0.071973 0.000001
v 0.175085 0.064552 0.000001
v 0.183621 0.067962 0.000001
v 0.186377 0.070717 0.000001
v 0.190141 -0.069574 0.000001
v 0.182613 -0.062046 0.000001
v 0.175085 -0.065527 0.000001
v 0.184352 -0.072914 0.000001
v 0.186377 -0.068566 0.000001
v 0.183621 -0.065810 0.000001
v 0.040251 -0.064592 0.008001
v 0.063467 -0.041376 0.008001
v 0.086682 -0.064786 0.008001
v 0.047269 -0.081223 0.008001
v 0.049136 -0.062825 0.008001
v 0.056667 -0.057792 0.008001
v 0.061700 -0.050260 0.008001
v 0.063467 0.039578 0.008001
v 0.040251 0.062793 0.008001
v 0.086680 0.063159 0.008001
v 0.061700 0.048462 0.008001
v 0.056667 0.055994 0.008001
v 0.049136 0.061026 0.008001
v 0.040251 0.062793 0.000001
v 0.063467 0.039578 0.000001
v 0.086680 0.063159 0.000001
v 0.049136 0.061026 0.000001
v 0.056667 0.055994 0.000001
v 0.061700 0.048462 0.000001
v 0.063467 -0.041376 0.000001
v 0.040251 -0.064592 0.000001
v 0.047269 -0.081223 0.000001
v 0.086682 -0.064786 0.000001
v 0.061700 -0.050260 0.000001
v 0.056667 -0.057792 0.000001
v 0.049136 -0.062825 0.000001
v 0.127046 -0.194146 0.000001
v 0.117129 -0.184229 0.000001
v 0.107220 -0.194549 0.000001
v 0.119964 -0.203649 0.000001
v 0.122087 -0.192817 0.000001
v 0.118457 -0.189188 0.000001
v 0.117129 -0.098862 0.000001
v 0.127046 -0.088945 0.000001
v 0.111550 -0.086195 0.000001
v 0.118457 -0.093903 0.000001
v 0.122087 -0.090273 0.000001
v 0.117129 -0.184229 0.008001
v 0.127046 -0.194146 0.008001
v 0.119964 -0.203649 0.008001
v 0.107220 -0.194549 0.008001
v 0.118457 -0.189188 0.008001
v 0.122087 -0.192817 0.008001
v 0.127046 -0.088945 0.008001
v 0.117129 -0.098862 0.008001
v 0.111550 -0.086195 0.008001
v 0.122087 -0.090273 0.008001
v 0.118457 -0.093903 0.008001
v 0.188158 -0.098862 0.008001
v 0.178241 -0.088945 0.008001
v 0.185867 -0.079296 0.008001
v 0.198075 -0.089036 0.008001
v 0.186829 -0.093903 0.008001
v 0.183199 -0.090273 0.008001
v 0.178241 -0.088945 0.000001
v 0.188158 -0.098862 0.000001
v 0.198075 -0.089036 0.000001
v 0.185867 -0.079296 0.000001
v 0.183199 -0.090273 0.000001
v 0.186829 -0.093903 0.000001
v 0.188158 -0.184229 0.000001
v 0.178241 -0.194146 0.000001
v 0.179413 -0.198824 0.000001
v 0.198075 -0.194238 0.000001
v 0.186829 -0.189188 0.000001
v 0.183199 -0.192817 0.000001
v 0.178241 -0.194146 0.008001
v 0.188158 -0.184229 0.008001
v 0.198075 -0.194238 0.008001
v 0.179413 -0.198824 0.008001
v 0.183199 -0.192817 0.008001
v 0.186829 -0.189188 0.008001
v 0.083695 -0.314811 0.000001
v 0.085968 -0.317085 0.000001
v 0.087586 -0.316410 0.000001
v 0.087995 -0.313780 0.000001
v 0.085957 -0.306222 0.000001
v 0.085303 -0.315477 0.000001
v 0.083695 -0.330831 0.008001
v 0.085968 -0.328544 0.008001
v 0.088075 -0.331675 0.008001
v 0.085968 -0.333092 0.008001
v 0.085303 -0.330156 0.008001
v 0.085968 -0.317085 0.008001
v 0.083695 -0.314811 0.008001
v 0.085957 -0.306222 0.008001
v 0.087995 -0.313780 0.008001
v 0.087586 -0.316410 0.008001
v 0.085303 -0.315477 0.008001
v 0.085968 -0.328544 0.000001
v 0.083695 -0.330831 0.000001
v 0.085968 -0.333092 0.000001
v 0.088075 -0.331675 0.000001
v 0.085303 -0.330156 0.000001
v 0.062850 -0.239672 0.000001
v 0.087167 -0.230873 0.000001
v 0.067132 -0.237963 0.000001
v 0.070763 -0.238510 0.000001
v 0.073189 -0.241230 0.000001
v 0.062850 -0.239672 0.008001
v 0.087167 -0.230873 0.008001
v 0.073189 -0.241230 0.008001
v 0.070763 -0.238510 0.008001
v 0.067132 -0.237963 0.008001
v 0.074041 -0.288475 0.000001
v 0.062798 -0.294724 0.000001
v 0.086777 -0.298099 0.000001
v 0.073186 -0.293009 0.000001
v 0.070748 -0.295789 0.000001
v 0.067101 -0.296391 0.000001
v 0.062798 -0.294724 0.008001
v 0.074041 -0.288475 0.008001
v 0.086777 -0.298099 0.008001
v 0.067101 -0.296391 0.008001
v 0.070748 -0.295789 0.008001
v 0.073186 -0.293009 0.008001
v 0.061263 -0.108206 0.000001
v 0.073406 -0.120350 0.000001
v 0.084115 -0.108308 0.000001
v 0.064741 -0.103106 0.000001
v 0.065910 -0.109131 0.000001
v 0.069850 -0.111763 0.000001
v 0.072482 -0.115703 0.000001
v 0.073406 -0.185916 0.000001
v 0.061263 -0.198060 0.000001
v 0.074253 -0.207207 0.000001
v 0.085540 -0.197566 0.000001
v 0.072482 -0.190563 0.000001
v 0.069850 -0.194503 0.000001
v 0.065910 -0.197135 0.000001
v 0.061263 -0.198060 0.008001
v 0.073406 -0.185916 0.008001
v 0.085540 -0.197566 0.008001
v 0.074253 -0.207207 0.008001
v 0.065910 -0.197135 0.008001
v 0.069850 -0.194503 0.008001
v 0.072482 -0.190563 0.008001
v 0.073406 -0.120350 0.008001
v 0.061263 -0.108206 0.008001
v 0.064741 -0.103106 0.008001
v 0.084115 -0.108308 0.008001
v 0.072482 -0.115703 0.008001
v 0.069850 -0.111763 0.008001
v 0.065910 -0.109131 0.008001
v 0.033220 -0.222653 0.000001
v 0.036109 -0.232488 0.000001
v 0.056145 -0.232603 0.000001
v 0.069586 -0.222594 0.000001
v 0.038090 -0.223134 0.000001
v 0.040987 -0.224531 0.000001
v 0.041626 -0.226707 0.000001
v 0.039945 -0.229449 0.000001
v 0.036109 -0.232488 0.008001
v 0.033220 -0.222653 0.008001
v 0.069586 -0.222594 0.008001
v 0.056145 -0.232603 0.008001
v 0.039945 -0.229449 0.008001
v 0.041626 -0.226707 0.008001
v 0.040987 -0.224531 0.008001
v 0.038090 -0.223134 0.008001
v 0.038475 0.213316 0.000001
v 0.049742 0.210016 0.000001
v 0.062632 0.214469 0.000001
v 0.067205 0.242352 0.000001
v 0.041957 0.217728 0.000001
v 0.045097 0.219663 0.000001
v 0.047590 0.218933 0.000001
v 0.049190 0.215609 0.000001
v 0.049742 0.210016 0.008001
v 0.038475 0.213316 0.008001
v 0.067205 0.242352 0.008001
v 0.062632 0.214469 0.008001
v 0.049190 0.215609 0.008001
v 0.047590 0.218933 0.008001
v 0.045097 0.219663 0.008001
v 0.041957 0.217728 0.008001
v 0.049742 0.137025 0.000001
v 0.038080 0.133466 0.000001
v 0.049171 0.131420 0.000001
v 0.047514 0.128059 0.000001
v 0.044934 0.127271 0.000001
v 0.041683 0.129134 0.000001
v 0.038080 0.133466 0.008001
v 0.049742 0.137025 0.008001
v 0.041683 0.129134 0.008001
v 0.044934 0.127271 0.008001
v 0.047514 0.128059 0.008001
v 0.049171 0.131420 0.008001
v 0.025741 0.097026 0.008001
v 0.031242 0.107145 0.008001
v 0.029145 0.097522 0.008001
v 0.031575 0.098959 0.008001
v 0.032792 0.101198 0.008001
v 0.032677 0.104018 0.008001
v 0.031242 0.107145 0.000001
v 0.025741 0.097026 0.000001
v 0.032677 0.104018 0.000001
v 0.032792 0.101198 0.000001
v 0.031575 0.098959 0.000001
v 0.029145 0.097522 0.000001
v 0.032116 0.239087 0.008001
v 0.027018 0.248534 0.008001
v 0.040701 0.259582 0.008001
v 0.048669 0.253075 0.008001
v 0.049371 0.246169 0.008001
v 0.038370 0.237232 0.008001
v 0.033630 0.242702 0.008001
v 0.033193 0.245767 0.008001
v 0.030871 0.247815 0.008001
v 0.027018 0.248534 0.000001
v 0.032116 0.239087 0.000001
v 0.038370 0.237232 0.000001
v 0.049371 0.246169 0.000001
v 0.048669 0.253075 0.000001
v 0.040701 0.259582 0.000001
v 0.030871 0.247815 0.000001
v 0.033193 0.245767 0.000001
v 0.033630 0.242702 0.000001
v 0.047383 0.296026 0.000001
v 0.041930 0.290574 0.000001
v 0.046234 0.285245 0.000001
v 0.052771 0.289744 0.000001
v 0.046652 0.293300 0.000001
v 0.044656 0.291305 0.000001
v 0.041930 0.290574 0.008001
v 0.047383 0.296026 0.008001
v 0.052771 0.289744 0.008001
v 0.046234 0.285245 0.008001
v 0.044656 0.291305 0.008001
v 0.046652 0.293300 0.008001
v 0.213926 -0.236196 0.008001
v 0.213926 -0.236196 0.000001
v 0.213926 -0.216003 0.008001
v 0.213926 -0.216003 0.000001
v 0.187808 -0.208363 0.008001
v 0.187808 -0.208363 0.000001
vn 0.7071 0.7071 -0.0000
vn 0.5000 0.8660 -0.0000
vn -0.7066 -0.7066 0.0368
vn -0.8651 -0.5004 0.0355
vn -0.0670 -0.9972 0.0321
vn -0.2601 -0.9650 0.0321
vn -0.0648 -0.9974 0.0315
vn -0.0000 -0.9996 0.0272
vn -0.0000 -0.9997 0.0263
vn -0.0000 -0.0000 1.0000
vn -0.0465 -0.0884 0.9950
vn -0.0455 -0.1347 0.9898
vn -0.4997 -0.8655 0.0357
vn -0.5003 -0.8651 0.0357
vn -0.0834 -0.0335 0.9960
vn -0.0832 -0.0084 0.9965
vn -0.7073 -0.3365 0.6217
vn -0.5243 -0.4398 0.7292
vn -0.6456 -0.2391 0.7253
vn -0.9654 -0.2587 0.0317
vn -0.9974 -0.0664 0.0275
vn -0.9650 -0.2602 0.0317
vn -0.3367 -0.7248 0.6010
vn -0.3300 -0.6277 0.7051
vn -0.3531 -0.7198 0.5977
vn -0.9975 -0.0654 0.0274
vn -0.9997 -0.0000 0.0258
vn -0.0816 -0.0763 0.9937
vn -0.0703 -0.0900 0.9935
vn -0.0497 -0.0892 0.9948
vn -0.3385 -0.6259 0.7026
vn -0.0000 -0.0761 0.9971
vn -0.8655 -0.4997 0.0355
vn -0.3519 -0.6308 0.6915
vn -0.3220 -0.6939 0.6441
vn -0.3363 -0.6558 0.6759
vn -0.0379 -0.9444 0.3267
vn 0.0001 -0.9947 0.1031
vn -0.0000 -0.9447 0.3279
vn -0.0000 -0.3044 0.9525
vn -0.0099 -0.6161 0.7876
vn -0.0000 -0.5785 0.8157
vn -0.0000 -0.8009 0.5988
vn -0.0210 -0.8239 0.5663
vn -0.4168 -0.6828 0.6000
vn -0.3976 -0.5828 0.7087
vn -0.5271 -0.5748 0.6259
vn -0.7169 -0.0679 0.6938
vn -0.8388 -0.0007 0.5444
vn -0.8132 -0.0967 0.5739
vn -0.0273 -0.3366 0.9413
vn -0.2868 -0.0002 0.9580
vn -0.2886 -0.0266 0.9571
vn -0.5407 -0.0003 0.8412
vn -0.5336 -0.0483 0.8444
vn -0.7342 -0.0005 0.6789
vn -0.8958 -0.0947 0.4342
vn -0.8083 -0.3373 0.4827
vn -0.9637 -0.0852 0.2531
vn -0.9046 -0.3159 0.2861
vn -0.9928 -0.0729 0.0948
vn -0.9535 -0.2810 0.1087
vn -0.2763 -0.1030 0.9555
vn -0.4924 -0.1778 0.8520
vn -0.2723 -0.8443 0.4616
vn -0.3386 -0.8190 0.4632
vn -0.1870 -0.9435 0.2736
vn -0.3108 -0.9091 0.2773
vn -0.1056 -0.9892 0.1017
vn -0.2066 -0.2823 0.9368
vn -0.1601 -0.2927 0.9427
vn -0.3284 -0.4663 0.8214
vn -0.2685 -0.4955 0.8260
vn -0.7638 -0.5714 0.3002
vn -0.6397 -0.5878 0.4953
vn -0.2537 -0.2134 0.9434
vn -0.4236 -0.3443 0.8378
vn -0.1549 -0.2936 0.9433
vn -0.2616 -0.4966 0.8276
vn -0.3848 -0.7052 0.5955
vn -0.5158 -0.7175 0.4681
vn -0.4307 -0.7743 0.4637
vn -0.6195 -0.7321 0.2832
vn -0.4735 -0.8348 0.2808
vn -0.6873 -0.7183 0.1075
vn -0.4957 -0.8620 0.1056
vn -0.2762 -0.9556 0.1023
vn -0.8410 -0.5285 0.1161
vn -0.9962 -0.0000 0.0867
vn -0.9720 -0.0003 0.2349
vn -0.9720 -0.0000 0.2350
vn -0.9137 -0.0006 0.4064
vn -0.9136 -0.0000 0.4066
vn -0.8387 -0.0007 0.5446
vn -0.8386 -0.0000 0.5447
vn -0.1566 -0.3171 0.9354
vn -0.2663 -0.5035 0.8219
vn -0.3378 -0.6224 0.7061
vn -0.2639 -0.5562 0.7880
vn -0.2003 -0.6553 0.7283
vn -0.1357 -0.4384 0.8885
vn -0.0899 -0.6383 0.7645
vn -0.2058 -0.7584 0.6185
vn -0.0987 -0.8026 0.5883
vn -0.2432 -0.8089 0.5352
vn -0.1336 -0.8962 0.4230
vn -0.3315 -0.7093 0.6221
vn -0.2578 -0.8391 0.4790
vn -0.1493 -0.9384 0.3115
vn -0.0493 -0.9862 0.1581
vn -0.3377 -0.7203 0.6058
vn -0.0792 -0.0001 0.9969
vn 0.2588 0.9659 -0.0000
vn -0.8651 0.5004 0.0355
vn -0.7066 0.7066 0.0368
vn -0.2601 0.9650 0.0321
vn -0.0670 0.9972 0.0321
vn -0.0648 0.9974 0.0315
vn -0.0000 0.9996 0.0272
vn -0.0000 0.9997 0.0263
vn -0.0465 0.0884 0.9950
vn -0.0455 0.1347 0.9898
vn -0.4997 0.8655 0.0357
vn -0.2587 0.9654 0.0321
vn -0.5003 0.8651 0.0357
vn -0.0834 0.0335 0.9960
vn -0.5243 0.4398 0.7292
vn -0.7073 0.3365 0.6217
vn -0.6456 0.2391 0.7253
vn -0.9974 0.0664 0.0275
vn -0.9654 0.2587 0.0317
vn -0.9650 0.2602 0.0317
vn -0.3300 0.6277 0.7051
vn -0.3367 0.7248 0.6010
vn -0.3531 0.7198 0.5977
vn -0.9997 0.0001 0.0258
vn -0.9975 0.0654 0.0274
vn -0.0816 0.0763 0.9937
vn -0.0703 0.0900 0.9935
vn -0.0497 0.0892 0.9948
vn -0.3385 0.6259 0.7026
vn -0.3848 0.7052 0.5955
vn -0.8655 0.4997 0.0355
vn -0.3519 0.6308 0.6915
vn -0.3220 0.6939 0.6441
vn -0.3315 0.7093 0.6221
vn 0.0001 0.9946 0.1033
vn -0.0379 0.9444 0.3267
vn -0.0000 0.9447 0.3279
vn -0.0000 0.3044 0.9525
vn -0.0099 0.6161 0.7876
vn -0.0273 0.3366 0.9413
vn -0.0000 0.8009 0.5988
vn -0.0000 0.5785 0.8157
vn -0.0210 0.8239 0.5663
vn -0.4168 0.6828 0.6000
vn -0.3976 0.5828 0.7087
vn -0.5271 0.5748 0.6259
vn -0.7169 0.0679 0.6938
vn -0.8388 0.0007 0.5444
vn -0.7342 0.0005 0.6789
vn -0.8132 0.0967 0.5739
vn 0.9659 -0.2588 -0.0000
vn 0.9979 -0.0654 -0.0000
vn -0.0000 0.0761 0.9971
vn -0.0832 0.0084 0.9965
vn -0.2868 0.0002 0.9580
vn -0.0792 0.0001 0.9969
vn -0.2886 0.0266 0.9571
vn -0.5407 0.0003 0.8412
vn -0.5336 0.0483 0.8444
vn -0.8958 0.0947 0.4342
vn -0.8083 0.3373 0.4827
vn -0.9637 0.0852 0.2531
vn -0.9046 0.3159 0.2861
vn -0.9928 0.0729 0.0948
vn -0.2763 0.1030 0.9555
vn -0.4923 0.1778 0.8520
vn -0.2723 0.8443 0.4616
vn -0.1870 0.9435 0.2736
vn -0.3386 0.8190 0.4632
vn -0.1075 0.9889 0.1025
vn -0.3108 0.9091 0.2773
vn -0.2066 0.2823 0.9368
vn -0.1601 0.2927 0.9427
vn -0.3284 0.4663 0.8214
vn -0.2685 0.4955 0.8260
vn -0.9535 0.2810 0.1087
vn -0.7638 0.5714 0.3002
vn -0.8410 0.5285 0.1161
vn -0.6397 0.5878 0.4953
vn -0.2537 0.2134 0.9434
vn -0.4236 0.3443 0.8378
vn -0.1549 0.2936 0.9433
vn -0.2616 0.4966 0.8276
vn -0.5158 0.7175 0.4681
vn -0.4307 0.7743 0.4637
vn -0.6195 0.7321 0.2832
vn -0.4735 0.8348 0.2808
vn -0.6873 0.7183 0.1075
vn -0.2762 0.9556 0.1023
vn -0.9720 0.0003 0.2349
vn -0.9962 0.0001 0.0866
vn -0.9137 0.0006 0.4064
vn -0.8387 0.0007 0.5446
vn -0.1566 0.3171 0.9354
vn -0.2664 0.5035 0.8219
vn -0.3378 0.6224 0.7061
vn -0.2639 0.5562 0.7880
vn -0.3363 0.6558 0.6759
vn -0.1357 0.4384 0.8885
vn -0.2003 0.6553 0.7283
vn -0.0899 0.6383 0.7645
vn -0.2058 0.7584 0.6185
vn -0.0987 0.8026 0.5883
vn -0.2432 0.8089 0.5352
vn -0.1336 0.8962 0.4230
vn -0.2578 0.8391 0.4790
vn -0.3377 0.7203 0.6058
vn -0.1493 0.9384 0.3115
vn -0.0494 0.9860 0.1593
vn 0.8660 0.5000 -0.0000
vn -0.0000 -0.0000 -1.0000
vn 0.0654 0.9979 -0.0000
vn -0.0000 1.0000 -0.0000
vn 0.0654 -0.9979 -0.0000
vn 0.2588 -0.9659 -0.0000
vn -0.0000 -1.0000 -0.0000
vn 0.5000 -0.8660 -0.0000
vn 1.0000 -0.0000 -0.0000
vn 0.9659 0.2588 -0.0000
vn 0.9979 0.0654 -0.0000
vn 0.7071 -0.7071 -0.0000
vn 0.8660 -0.5000 -0.0000
vn -0.0000 0.0085 -1.0000
vn -0.0000 0.2583 -0.9661
vn -0.0000 0.2594 -0.9658
vn -0.0000 0.9979 -0.0643
vn -0.0000 -0.8669 -0.4984
vn -0.0000 -0.9239 -0.3827
vn -0.0000 -0.8651 -0.5016
vn -0.0000 -0.2512 -0.9679
vn -0.0000 -0.4991 -0.8666
vn -0.0000 -0.2501 -0.9682
vn -0.0000 0.8669 -0.4984
vn -0.0000 0.9654 -0.2608
vn -0.0000 0.9665 -0.2568
vn -0.0000 0.0084 -1.0000
vn -0.0000 -0.5009 -0.8655
vn -0.0000 -0.7060 -0.7082
vn -0.0000 0.4991 -0.8666
vn -0.0000 0.5009 -0.8655
vn -0.0000 -0.9914 -0.1305
vn -0.0000 -0.9978 -0.0665
vn -0.0000 0.7082 -0.7060
vn -0.0000 0.8651 -0.5016
vn -0.0000 0.9978 -0.0665
vn -0.0000 -0.7082 -0.7060
vn -0.9997 -0.0000 0.0254
vn -0.9997 -0.0000 0.0256
vn -0.0000 0.7060 -0.7082
vn -0.7253 -0.0000 0.6884
vn -0.5925 -0.0000 0.8055
vn -0.9997 -0.0001 0.0255
vn -0.2587 -0.9654 0.0321
vn -0.0676 -0.9972 0.0321
vn -0.0000 -0.9996 0.0267
vn -0.0676 0.9972 0.0321
vn -0.0000 0.9996 0.0267
vn -0.0680 0.9972 0.0321
vn -0.0000 0.9996 0.0266
vn -0.0680 -0.9972 0.0321
vn -0.0000 -0.9996 0.0266
vn -0.0683 -0.9971 0.0322
vn 0.0001 -0.9996 0.0269
vn -0.0692 0.9971 0.0313
vn -0.9962 -0.0001 0.0866
vn -0.4957 0.8620 0.1056
vn -0.7341 0.0005 0.6790
vn -0.9720 0.0003 0.2348
vn -0.0793 -0.0000 0.9969
vn -0.9137 0.0006 0.4063
vn -0.2869 0.0002 0.9580
vn -0.7341 -0.0000 0.6790
vn -0.2870 -0.0000 0.9579
vn -0.8388 0.0007 0.5445
vn -0.0793 -0.0000 0.9968
vn -0.5408 -0.0000 0.8412
vn -0.9720 -0.0003 0.2348
vn -0.7341 -0.0005 0.6790
vn -0.2869 -0.0002 0.9580
vn -0.8387 -0.0007 0.5445
vn -0.9137 -0.0006 0.4063
vn -0.5000 0.8660 -0.0000
vn -0.7071 0.7071 -0.0000
vn 0.8651 -0.5004 0.0355
vn 0.7066 -0.7066 0.0368
vn 0.2601 -0.9650 0.0321
vn 0.0670 -0.9972 0.0321
vn 0.0648 -0.9974 0.0315
vn 0.0465 -0.0884 0.9950
vn 0.0455 -0.1347 0.9898
vn 0.4997 -0.8655 0.0357
vn 0.2587 -0.9654 0.0321
vn 0.5003 -0.8651 0.0357
vn 0.0834 -0.0335 0.9960
vn 0.5243 -0.4398 0.7292
vn 0.7073 -0.3365 0.6217
vn 0.6456 -0.2391 0.7253
vn 0.9974 -0.0664 0.0275
vn 0.9654 -0.2587 0.0317
vn 0.9650 -0.2602 0.0317
vn 0.3300 -0.6277 0.7051
vn 0.3367 -0.7248 0.6010
vn 0.3531 -0.7198 0.5977
vn 0.9997 -0.0001 0.0258
vn 0.9975 -0.0654 0.0274
vn 0.0816 -0.0763 0.9937
vn 0.0703 -0.0900 0.9935
vn 0.0497 -0.0892 0.9948
vn 0.3385 -0.6259 0.7026
vn 0.3848 -0.7052 0.5955
vn 0.8655 -0.4997 0.0355
vn 0.3519 -0.6308 0.6915
vn 0.3220 -0.6939 0.6441
vn 0.3315 -0.7093 0.6221
vn 0.0379 -0.9444 0.3267
vn 0.0099 -0.6161 0.7876
vn 0.0273 -0.3366 0.9413
vn 0.0210 -0.8239 0.5663
vn 0.4168 -0.6828 0.6000
vn 0.3976 -0.5828 0.7087
vn 0.5271 -0.5748 0.6259
vn 0.7169 -0.0679 0.6938
vn 0.8388 -0.0007 0.5444
vn 0.7342 -0.0005 0.6789
vn 0.8132 -0.0967 0.5739
vn 0.0832 -0.0084 0.9965
vn 0.2868 -0.0002 0.9580
vn 0.0792 -0.0001 0.9969
vn 0.2886 -0.0266 0.9571
vn 0.5407 -0.0003 0.8412
vn 0.5336 -0.0483 0.8444
vn 0.8958 -0.0947 0.4342
vn 0.8083 -0.3373 0.4827
vn 0.9637 -0.0852 0.2531
vn 0.9046 -0.3159 0.2861
vn 0.9928 -0.0729 0.0948
vn 0.2763 -0.1030 0.9555
vn 0.4924 -0.1778 0.8520
vn 0.2723 -0.8443 0.4616
vn 0.1870 -0.9435 0.2736
vn 0.3386 -0.8190 0.4632
vn 0.1055 -0.9892 0.1017
vn 0.3108 -0.9091 0.2773
vn 0.2066 -0.2823 0.9368
vn 0.1601 -0.2927 0.9427
vn 0.3284 -0.4663 0.8214
vn 0.2685 -0.4955 0.8260
vn 0.9535 -0.2810 0.1087
vn 0.7638 -0.5714 0.3002
vn 0.8410 -0.5285 0.1161
vn 0.6397 -0.5878 0.4953
vn 0.2537 -0.2134 0.9434
vn 0.4236 -0.3443 0.8378
vn 0.1549 -0.2936 0.9433
vn 0.2616 -0.4966 0.8276
vn 0.5158 -0.7175 0.4681
vn 0.4307 -0.7743 0.4637
vn 0.6195 -0.7321 0.2832
vn 0.4735 -0.8348 0.2808
vn 0.6873 -0.7183 0.1075
vn 0.2762 -0.9556 0.1023
vn 0.9962 -0.0000 0.0867
vn 0.9720 -0.0003 0.2349
vn 0.9962 -0.0001 0.0866
vn 0.9720 -0.0000 0.2350
vn 0.9137 -0.0006 0.4064
vn 0.9136 -0.0000 0.4066
vn 0.8387 -0.0007 0.5446
vn 0.1566 -0.3171 0.9354
vn 0.2664 -0.5035 0.8219
vn 0.3378 -0.6224 0.7061
vn 0.2639 -0.5562 0.7880
vn 0.3363 -0.6558 0.6759
vn 0.1357 -0.4384 0.8885
vn 0.2003 -0.6553 0.7283
vn 0.0899 -0.6383 0.7645
vn 0.2058 -0.7584 0.6185
vn 0.0987 -0.8026 0.5883
vn 0.2432 -0.8089 0.5352
vn 0.1336 -0.8962 0.4230
vn 0.2578 -0.8391 0.4790
vn 0.3377 -0.7203 0.6058
vn 0.1493 -0.9384 0.3115
vn 0.0492 -0.9863 0.1576
vn -0.2588 0.9659 -0.0000
vn 0.7066 0.7066 0.0368
vn 0.8651 0.5004 0.0355
vn 0.0670 0.9972 0.0321
vn 0.2601 0.9650 0.0321
vn 0.0648 0.9974 0.0315
vn 0.0465 0.0884 0.9950
vn 0.0455 0.1347 0.9898
vn 0.4997 0.8655 0.0357
vn 0.5003 0.8651 0.0357
vn 0.0834 0.0335 0.9960
vn 0.0832 0.0084 0.9965
vn 0.7073 0.3365 0.6217
vn 0.5243 0.4398 0.7292
vn 0.6456 0.2391 0.7253
vn 0.9654 0.2587 0.0317
vn 0.9974 0.0664 0.0275
vn 0.9650 0.2602 0.0317
vn 0.3367 0.7248 0.6010
vn 0.3300 0.6277 0.7051
vn 0.3531 0.7198 0.5977
vn 0.9975 0.0654 0.0274
vn 0.9997 -0.0000 0.0256
vn 0.9997 0.0001 0.0255
vn 0.0816 0.0763 0.9937
vn 0.0703 0.0900 0.9935
vn 0.0497 0.0892 0.9948
vn 0.3385 0.6259 0.7026
vn 0.8655 0.4997 0.0355
vn 0.3519 0.6308 0.6915
vn 0.3220 0.6939 0.6441
vn 0.3363 0.6558 0.6759
vn 0.0379 0.9444 0.3267
vn 0.0099 0.6161 0.7876
vn 0.0210 0.8239 0.5663
vn 0.4168 0.6828 0.6000
vn 0.3976 0.5828 0.7087
vn 0.5271 0.5748 0.6259
vn 0.7169 0.0679 0.6938
vn 0.8388 0.0007 0.5444
vn 0.8132 0.0967 0.5739
vn -0.9979 -0.0654 -0.0000
vn -0.9659 -0.2588 -0.0000
vn 0.0273 0.3366 0.9413
vn 0.2868 0.0002 0.9580
vn 0.2886 0.0266 0.9571
vn 0.5407 0.0003 0.8412
vn 0.5336 0.0483 0.8444
vn 0.7342 0.0005 0.6789
vn 0.8958 0.0947 0.4342
vn 0.8083 0.3373 0.4827
vn 0.9637 0.0852 0.2531
vn 0.9046 0.3159 0.2861
vn 0.9928 0.0729 0.0948
vn 0.9535 0.2810 0.1087
vn 0.2763 0.1030 0.9555
vn 0.4923 0.1778 0.8520
vn 0.2723 0.8443 0.4616
vn 0.3386 0.8190 0.4632
vn 0.1870 0.9435 0.2736
vn 0.3108 0.9091 0.2773
vn 0.1064 0.9891 0.1022
vn 0.2066 0.2823 0.9368
vn 0.1601 0.2927 0.9427
vn 0.3284 0.4663 0.8214
vn 0.2685 0.4955 0.8260
vn 0.7638 0.5714 0.3002
vn 0.6397 0.5878 0.4953
vn 0.2537 0.2134 0.9434
vn 0.4236 0.3443 0.8378
vn 0.1549 0.2936 0.9433
vn 0.2616 0.4966 0.8276
vn 0.3848 0.7052 0.5955
vn 0.5158 0.7175 0.4681
vn 0.4307 0.7743 0.4637
vn 0.6195 0.7321 0.2832
vn 0.4735 0.8348 0.2808
vn 0.6873 0.7183 0.1075
vn 0.4957 0.8620 0.1056
vn 0.2762 0.9556 0.1023
vn 0.8410 0.5285 0.1161
vn 0.9720 0.0003 0.2349
vn 0.9137 0.0006 0.4064
vn 0.8387 0.0007 0.5446
vn 0.8386 -0.0000 0.5447
vn 0.1566 0.3171 0.9354
vn 0.2663 0.5035 0.8219
vn 0.3378 0.6224 0.7061
vn 0.2639 0.5562 0.7880
vn 0.2003 0.6553 0.7283
vn 0.1357 0.4384 0.8885
vn 0.0899 0.6383 0.7645
vn 0.2058 0.7584 0.6185
vn 0.0987 0.8026 0.5883
vn 0.2432 0.8089 0.5352
vn 0.1336 0.8962 0.4230
vn 0.3315 0.7093 0.6221
vn 0.2578 0.8391 0.4790
vn 0.1493 0.9384 0.3115
vn 0.0492 0.9863 0.1576
vn 0.3377 0.7203 0.6058
vn 0.0792 0.0001 0.9969
vn -0.8660 0.5000 -0.0000
vn -0.0654 0.9979 -0.0000
vn -0.2588 -0.9659 -0.0000
vn -0.0654 -0.9979 -0.0000
vn -0.5000 -0.8660 -0.0000
vn -1.0000 -0.0000 -0.0000
vn -0.9659 0.2588 -0.0000
vn -0.9979 0.0654 -0.0000
vn -0.7071 -0.7071 -0.0000
vn -0.8660 -0.5000 -0.0000
vn -0.0000 -0.9979 -0.0643
vn 0.9997 -0.0000 0.0254
vn 0.9997 -0.0000 0.0258
vn 0.8682 -0.0000 0.4961
vn 0.9997 -0.0000 0.0259
vn 0.0676 -0.9972 0.0321
vn 0.2587 0.9654 0.0321
vn 0.0676 0.9972 0.0321
vn 0.0680 0.9972 0.0321
vn 0.0680 -0.9972 0.0321
vn 0.0683 -0.9971 0.0322
vn 0.0689 0.9971 0.0316
vn 0.4957 -0.8620 0.1056
vn 0.8388 0.0007 0.5445
vn 0.9962 0.0001 0.0866
vn 0.9720 0.0003 0.2348
vn 0.0793 -0.0000 0.9969
vn 0.9137 0.0006 0.4063
vn 0.2869 0.0002 0.9580
vn 0.7341 0.0005 0.6790
vn 0.2870 -0.0000 0.9579
vn 0.0793 -0.0000 0.9968
vn 0.5408 -0.0000 0.8412
vn 0.9720 -0.0003 0.2348
vn 0.7341 -0.0005 0.6790
vn 0.2869 -0.0002 0.9580
vn 0.8387 -0.0007 0.5445
vn 0.9137 -0.0006 0.4063
vn 0.8828 0.4697 -0.0000
vn 0.8357 0.5492 -0.0000
vn 0.0980 -0.9952 -0.0000
vn -0.1305 -0.9914 -0.0000
vn 0.0492 -0.9988 -0.0000
vn -0.9914 -0.1305 -0.0000
vn -0.9914 0.1305 -0.0000
vn 0.9952 0.0980 -0.0000
vn 0.1305 0.9914 -0.0000
vn -0.1305 0.9914 -0.0000
vn 0.9914 0.1305 -0.0000
vn 0.9914 -0.1305 -0.0000
vn 0.8391 -0.5440 -0.0000
vn 0.8762 -0.4819 -0.0000
vn 0.1951 -0.9808 -0.0000
vn 0.9988 -0.0491 -0.0000
vn 0.5407 -0.8412 -0.0000
vn 0.6403 -0.7681 -0.0000
vn 0.9976 0.0696 -0.0000
vn -0.9976 -0.0696 -0.0000
vn -0.8145 -0.5802 -0.0000
vn -0.8420 -0.5395 -0.0000
vn -0.0659 -0.9978 -0.0000
vn 0.0540 0.9985 -0.0000
vn -0.8002 0.5998 -0.0000
vn -0.8296 0.5584 -0.0000
vn 0.2005 0.9797 -0.0000
vn 0.1305 -0.9914 -0.0000
vn 0.9952 -0.0980 -0.0000
vn -0.5342 -0.8454 -0.0000
vn -0.4542 -0.8909 -0.0000
vn -0.4465 0.8948 -0.0000
vn -0.5279 0.8493 -0.0000
vn 0.9956 -0.0939 -0.0000
vn 0.9957 0.0931 -0.0000
vn 0.0980 0.9952 -0.0000
vn -0.5407 0.8412 -0.0000
vn -0.3010 0.9536 -0.0000
vn -0.1096 0.9940 -0.0000
vn 0.4484 0.8938 -0.0000
vn 0.8623 0.5065 -0.0000
vn 0.9443 0.3290 -0.0000
vn -0.6329 0.7742 -0.0000
vn -0.7651 0.6439 -0.0000
vn -0.8483 0.5295 -0.0000
vn -0.9979 -0.0652 -0.0000
vn -0.5761 -0.8174 -0.0000
vn -0.3644 -0.9313 -0.0000
vn 0.3009 -0.9536 -0.0000
vn 0.3010 -0.9536 -0.0000
vn 0.1096 -0.9940 -0.0000
vn -0.4484 -0.8938 -0.0000
vn -0.8623 -0.5065 -0.0000
vn -0.9443 -0.3290 -0.0000
vn 0.8032 -0.5957 -0.0000
vn 0.8985 -0.4389 -0.0000
vn 0.9491 0.3150 -0.0000
vn 0.4578 0.8890 -0.0000
vn 0.2877 0.9577 -0.0000
vn 0.9239 -0.3827 -0.0000
vn 0.3827 -0.9239 -0.0000
vn 0.3827 0.9239 -0.0000
vn 0.9239 0.3827 -0.0000
vn 0.9809 0.1947 -0.0000
vn 0.9242 0.3819 -0.0000
vn 0.3874 0.9219 -0.0000
vn 0.9808 -0.1951 -0.0000
vn 0.9824 -0.1869 -0.0000
vn 0.7462 -0.6657 -0.0000
vn 0.1490 -0.9888 -0.0000
vn -0.3705 -0.9288 -0.0000
vn 0.9826 0.1855 -0.0000
vn 0.7519 0.6592 -0.0000
vn 0.1629 0.9866 -0.0000
vn -0.3612 0.9325 -0.0000
vn 0.2705 -0.9627 -0.0000
vn 0.4344 -0.9007 -0.0000
vn 0.9594 -0.2819 -0.0000
vn 0.8526 0.5226 -0.0000
vn 0.7483 0.6634 -0.0000
vn 0.5816 0.8135 -0.0000
vn 0.5407 0.8412 -0.0000
vn 0.9628 -0.2701 -0.0000
vn 0.9010 -0.4338 -0.0000
vn 0.2811 -0.9597 -0.0000
vn -0.5246 -0.8513 -0.0000
vn -0.6650 -0.7468 -0.0000
vn 0.9987 0.0507 -0.0000
vn 0.9611 0.2761 -0.0000
vn 0.8970 0.4421 -0.0000
vn 0.2919 0.9564 -0.0000
vn -0.4972 0.8676 -0.0000
vn -0.6432 0.7657 -0.0000
vn 0.0722 0.9974 -0.0000
vn 0.3328 0.9430 -0.0000
vn 0.5091 0.8607 -0.0000
vn 0.8786 0.4776 -0.0000
vn 0.9992 -0.0407 -0.0000
vn 0.9724 -0.2334 -0.0000
vn 0.9224 0.3862 -0.0000
vn 0.9900 -0.1413 -0.0000
vn 0.6615 -0.7500 -0.0000
vn 0.1835 -0.9830 -0.0000
vn 0.0921 -0.9957 -0.0000
vn -0.8357 0.5492 -0.0000
vn -0.8828 0.4697 -0.0000
vn -0.0980 -0.9952 -0.0000
vn -0.0492 -0.9988 -0.0000
vn -0.9952 0.0980 -0.0000
vn -0.8762 -0.4819 -0.0000
vn -0.8391 -0.5440 -0.0000
vn -0.1951 -0.9808 -0.0000
vn -0.9988 -0.0491 -0.0000
vn -0.6403 -0.7681 -0.0000
vn -0.5407 -0.8412 -0.0000
vn -0.9976 0.0696 -0.0000
vn 0.9976 -0.0696 -0.0000
vn 0.8145 -0.5802 -0.0000
vn 0.8420 -0.5395 -0.0000
vn 0.0659 -0.9978 -0.0000
vn -0.0540 0.9985 -0.0000
vn 0.8296 0.5584 -0.0000
vn 0.8002 0.5998 -0.0000
vn -0.2005 0.9797 -0.0000
vn -0.9952 -0.0980 -0.0000
vn 0.4542 -0.8909 -0.0000
vn 0.5342 -0.8454 -0.0000
vn 0.5279 0.8493 -0.0000
vn 0.4465 0.8948 -0.0000
vn -0.9956 -0.0939 -0.0000
vn -0.9957 0.0931 -0.0000
vn -0.0980 0.9952 -0.0000
vn 0.3010 0.9536 -0.0000
vn 0.1096 0.9940 -0.0000
vn -0.4484 0.8938 -0.0000
vn -0.9443 0.3290 -0.0000
vn -0.8623 0.5065 -0.0000
vn 0.7651 0.6439 -0.0000
vn 0.6329 0.7742 -0.0000
vn 0.8483 0.5295 -0.0000
vn 0.9979 -0.0652 -0.0000
vn 0.3644 -0.9313 -0.0000
vn 0.5761 -0.8174 -0.0000
vn -0.3009 -0.9536 -0.0000
vn -0.1096 -0.9940 -0.0000
vn -0.3010 -0.9536 -0.0000
vn 0.4484 -0.8938 -0.0000
vn 0.9443 -0.3290 -0.0000
vn 0.8623 -0.5065 -0.0000
vn -0.8032 -0.5957 -0.0000
vn -0.8985 -0.4389 -0.0000
vn -0.9491 0.3150 -0.0000
vn -0.2877 0.9577 -0.0000
vn -0.4578 0.8890 -0.0000
vn -0.9239 -0.3827 -0.0000
vn -0.3827 -0.9239 -0.0000
vn -0.3827 0.9239 -0.0000
vn -0.9239 0.3827 -0.0000
vn -0.9242 0.3819 -0.0000
vn -0.9809 0.1947 -0.0000
vn -0.3874 0.9219 -0.0000
vn -0.9808 -0.1951 -0.0000
vn -0.9824 -0.1869 -0.0000
vn -0.7462 -0.6657 -0.0000
vn -0.1490 -0.9888 -0.0000
vn 0.3705 -0.9288 -0.0000
vn -0.9826 0.1855 -0.0000
vn -0.7519 0.6592 -0.0000
vn -0.1629 0.9866 -0.0000
vn 0.3612 0.9325 -0.0000
vn -0.2705 -0.9627 -0.0000
vn -0.4344 -0.9007 -0.0000
vn -0.9594 -0.2819 -0.0000
vn -0.7483 0.6634 -0.0000
vn -0.8526 0.5226 -0.0000
vn -0.5816 0.8135 -0.0000
vn -0.9628 -0.2701 -0.0000
vn -0.9010 -0.4338 -0.0000
vn -0.2811 -0.9597 -0.0000
vn 0.6650 -0.7468 -0.0000
vn 0.5246 -0.8513 -0.0000
vn -0.9611 0.2761 -0.0000
vn -0.9987 0.0507 -0.0000
vn -0.8970 0.4421 -0.0000
vn -0.2919 0.9564 -0.0000
vn 0.4972 0.8676 -0.0000
vn 0.6432 0.7657 -0.0000
vn -0.3328 0.9430 -0.0000
vn -0.0722 0.9974 -0.0000
vn -0.5091 0.8607 -0.0000
vn -0.8786 0.4776 -0.0000
vn -0.9724 -0.2334 -0.0000
vn -0.9992 -0.0407 -0.0000
vn -0.9224 0.3862 -0.0000
vn -0.9900 -0.1413 -0.0000
vn -0.6615 -0.7500 -0.0000
vn -0.0921 -0.9957 -0.0000
vn -0.1835 -0.9830 -0.0000
vn 0.7341 -0.0000 0.6790
vt 0.581699 0.485516
vt 0.587308 0.497563
vt 0.582070 0.497587
vt 0.693418 0.875535
vt 0.722122 0.863431
vt 0.721746 0.876370
vt 0.962947 0.508841
vt 0.991260 0.495903
vt 0.991278 0.509991
vt 0.962949 0.597605
vt 0.991278 0.597605
vt 0.689160 0.059565
vt 0.675478 0.039831
vt 0.697245 0.028215
vt 0.962878 0.483505
vt 0.991206 0.482775
vt 0.962794 0.472232
vt 0.991122 0.471502
vt 0.636958 0.066908
vt 0.644784 0.076029
vt 0.635022 0.075898
vt 0.632709 0.844891
vt 0.605032 0.839635
vt 0.605127 0.830529
vt 0.694030 0.848579
vt 0.722435 0.835271
vt 0.722357 0.849413
vt 0.909766 0.510647
vt 0.874840 0.524213
vt 0.914286 0.500388
vt 0.682616 0.834098
vt 0.694070 0.709952
vt 0.694107 0.834437
vt 0.641476 0.058928
vt 0.645091 0.067016
vt 0.655811 0.059120
vt 0.645484 0.055486
vt 0.655939 0.049531
vt 0.675217 0.059379
vt 0.874779 0.505331
vt 0.746411 0.060329
vt 0.746827 0.029104
vt 0.693795 0.862597
vt 0.700784 0.017248
vt 0.703398 0.011113
vt 0.703703 0.013537
vt 0.888085 0.558927
vt 0.895508 0.597605
vt 0.888082 0.597605
vt 0.746927 0.021658
vt 0.715069 0.013609
vt 0.747017 0.014880
vt 0.876010 0.565643
vt 0.881360 0.597605
vt 0.876001 0.597605
vt 0.881366 0.564986
vt 0.686915 0.227753
vt 0.744308 0.217830
vt 0.744165 0.228518
vt 0.913344 0.475497
vt 0.874728 0.494877
vt 0.616385 0.032498
vt 0.643834 0.048249
vt 0.634317 0.056208
vt 0.655584 0.076173
vt 0.643174 0.196578
vt 0.605194 0.820928
vt 0.630360 0.697636
vt 0.630608 0.831169
vt 0.674990 0.076432
vt 0.653974 0.196722
vt 0.688933 0.076618
vt 0.746303 0.068367
vt 0.746183 0.077383
vt 0.673380 0.196981
vt 0.689053 0.067602
vt 0.675110 0.067417
vt 0.655704 0.067157
vt 0.645365 0.058980
vt 0.710107 0.019636
vt 0.630470 0.196408
vt 0.632159 0.075590
vt 0.627690 0.196371
vt 0.629389 0.074816
vt 0.625738 0.196345
vt 0.627456 0.073784
vt 0.633111 0.831941
vt 0.635257 0.845907
vt 0.636210 0.832544
vt 0.638388 0.846687
vt 0.639073 0.832816
vt 0.641264 0.847024
vt 0.634096 0.066548
vt 0.631373 0.065631
vt 0.629518 0.064403
vt 0.912781 0.508787
vt 0.917056 0.499066
vt 0.916138 0.507472
vt 0.920298 0.498067
vt 0.918936 0.507054
vt 0.645321 0.052812
vt 0.655751 0.046915
vt 0.644717 0.050163
vt 0.655176 0.044293
vt 0.654368 0.042369
vt 0.643316 0.860805
vt 0.640102 0.859880
vt 0.637437 0.858668
vt 0.638631 0.058539
vt 0.636010 0.057543
vt 0.675218 0.037316
vt 0.674448 0.034837
vt 0.673376 0.033060
vt 0.916128 0.486524
vt 0.916059 0.474432
vt 0.918859 0.485547
vt 0.919297 0.473620
vt 0.922092 0.484800
vt 0.922191 0.473279
vt 0.924962 0.484483
vt 0.923145 0.497659
vt 0.909024 0.466059
vt 0.646655 0.873021
vt 0.649915 0.873949
vt 0.646218 0.861195
vt 0.652817 0.874339
vt 0.638765 0.667284
vt 0.635922 0.677763
vt 0.635902 0.667352
vt 0.632825 0.677968
vt 0.632806 0.667557
vt 0.630324 0.678254
vt 0.630304 0.667843
vt 0.693043 0.027871
vt 0.689227 0.027069
vt 0.686820 0.026025
vt 0.702914 0.018303
vt 0.706883 0.013473
vt 0.706326 0.019177
vt 0.711044 0.013500
vt 0.878271 0.554277
vt 0.881175 0.556956
vt 0.877141 0.557456
vt 0.881315 0.560999
vt 0.876314 0.561617
vt 0.880983 0.553939
vt 0.887055 0.551526
vt 0.887809 0.555063
vt 0.886024 0.549265
vt 0.896977 0.536667
vt 0.895904 0.543071
vt 0.895511 0.548124
vt 0.898443 0.530630
vt 0.633334 0.196446
vt 0.874895 0.537562
vt 0.587530 0.510982
vt 0.582292 0.511006
vt 0.722006 0.475080
vt 0.693296 0.466676
vt 0.721623 0.466059
vt 0.522024 0.718759
vt 0.494039 0.705676
vt 0.522395 0.705079
vt 0.495875 0.617857
vt 0.524197 0.618363
vt 0.670465 0.415303
vt 0.684669 0.395941
vt 0.691914 0.427497
vt 0.493208 0.729750
vt 0.493717 0.717530
vt 0.521515 0.730979
vt 0.492596 0.739678
vt 0.632682 0.387208
vt 0.640748 0.378299
vt 0.640815 0.387317
vt 0.629756 0.397833
vt 0.606355 0.408061
vt 0.625177 0.389513
vt 0.722334 0.499937
vt 0.693922 0.487253
vt 0.722249 0.486635
vt 0.668183 0.422016
vt 0.654262 0.448507
vt 0.644019 0.447216
vt 0.722371 0.623589
vt 0.694044 0.623480
vt 0.694007 0.500555
vt 0.636985 0.395305
vt 0.640874 0.395357
vt 0.640900 0.398854
vt 0.651320 0.395496
vt 0.651192 0.405085
vt 0.670726 0.395755
vt 0.649430 0.412202
vt 0.630232 0.441425
vt 0.741920 0.396706
vt 0.693679 0.475698
vt 0.695159 0.438553
vt 0.697608 0.444757
vt 0.692904 0.447022
vt 0.428449 0.616653
vt 0.420189 0.654619
vt 0.420985 0.616353
vt 0.741403 0.435377
vt 0.709342 0.442573
vt 0.704543 0.436416
vt 0.414148 0.615749
vt 0.407989 0.646654
vt 0.408608 0.614900
vt 0.413493 0.648076
vt 0.744001 0.240806
vt 0.619320 0.432660
vt 0.639058 0.406043
vt 0.611197 0.421056
vt 0.642336 0.259351
vt 0.651548 0.378443
vt 0.605105 0.522574
vt 0.630344 0.636491
vt 0.605151 0.640381
vt 0.653136 0.259495
vt 0.670954 0.378702
vt 0.742027 0.388668
vt 0.684897 0.378888
vt 0.742147 0.379653
vt 0.672542 0.259754
vt 0.651428 0.387459
vt 0.684777 0.387905
vt 0.630510 0.504515
vt 0.605032 0.513850
vt 0.632603 0.491596
vt 0.895072 0.302371
vt 0.900333 0.316216
vt 0.895094 0.316246
vt 0.670834 0.387717
vt 0.741503 0.427931
vt 0.630987 0.378169
vt 0.629633 0.259181
vt 0.632497 0.259219
vt 0.628116 0.378400
vt 0.626853 0.259144
vt 0.625327 0.379100
vt 0.624901 0.259118
vt 0.633013 0.503172
vt 0.635150 0.490037
vt 0.636110 0.502162
vt 0.638281 0.488869
vt 0.638974 0.501754
vt 0.629812 0.387491
vt 0.627065 0.388335
vt 0.623367 0.380081
vt 0.443825 0.704590
vt 0.445069 0.712564
vt 0.440804 0.702510
vt 0.447187 0.706088
vt 0.447856 0.714112
vt 0.449988 0.706604
vt 0.451111 0.715298
vt 0.640666 0.401522
vt 0.650934 0.407696
vt 0.639991 0.404154
vt 0.650289 0.410301
vt 0.641157 0.488403
vt 0.643201 0.477235
vt 0.646103 0.476735
vt 0.639987 0.478498
vt 0.605032 0.409365
vt 0.610016 0.422530
vt 0.634130 0.395618
vt 0.631485 0.396544
vt 0.670138 0.417811
vt 0.669303 0.420268
vt 0.446431 0.725515
vt 0.445869 0.736467
vt 0.443129 0.735166
vt 0.449191 0.726737
vt 0.449125 0.737474
vt 0.452445 0.727685
vt 0.452024 0.737917
vt 0.453961 0.715804
vt 0.438277 0.743026
vt 0.435623 0.741628
vt 0.441483 0.744104
vt 0.649793 0.468050
vt 0.635917 0.655382
vt 0.638780 0.655314
vt 0.632821 0.655587
vt 0.630319 0.655873
vt 0.687705 0.427728
vt 0.683869 0.428427
vt 0.681435 0.429408
vt 0.697317 0.437556
vt 0.697978 0.442342
vt 0.700751 0.436774
vt 0.701156 0.442490
vt 0.705315 0.442575
vt 0.410011 0.657924
vt 0.413094 0.655843
vt 0.412796 0.658640
vt 0.408951 0.654777
vt 0.413349 0.651976
vt 0.408211 0.650651
vt 0.418949 0.661687
vt 0.417814 0.663668
vt 0.419818 0.658374
vt 0.428605 0.676744
vt 0.429899 0.682549
vt 0.427699 0.670533
vt 0.427424 0.665581
vt 0.674246 0.448614
vt 0.581203 0.475614
vt 0.586937 0.485491
vt 0.011898 0.516288
vt 0.008722 0.530023
vt 0.010577 0.515934
vt 0.017200 0.503490
vt 0.016015 0.502806
vt 0.024666 0.491533
vt 0.025633 0.492500
vt 0.035939 0.482883
vt 0.036623 0.484067
vt 0.049421 0.478766
vt 0.049067 0.477445
vt 0.063156 0.475590
vt 0.063244 0.476946
vt 0.191711 0.475590
vt 0.191711 0.476946
vt 0.010078 0.530111
vt 0.008722 0.617637
vt 0.582349 0.524947
vt 0.587414 0.611569
vt 0.582176 0.611593
vt 0.548926 0.513201
vt 0.543700 0.499378
vt 0.548944 0.499378
vt 0.387368 0.516288
vt 0.390544 0.530023
vt 0.389188 0.530111
vt 0.382067 0.503490
vt 0.388689 0.515934
vt 0.374601 0.491533
vt 0.383251 0.502806
vt 0.362644 0.484067
vt 0.373634 0.492500
vt 0.349845 0.478766
vt 0.363327 0.482883
vt 0.336111 0.475590
vt 0.350199 0.477445
vt 0.336022 0.476946
vt 0.209156 0.475590
vt 0.390544 0.617637
vt 0.389188 0.617637
vt 0.548926 0.600727
vt 0.543683 0.513201
vt 0.543752 0.486580
vt 0.548996 0.486580
vt 0.899817 0.439780
vt 0.894578 0.439810
vt 0.008932 0.915367
vt 0.013961 0.926569
vt 0.008722 0.926632
vt 0.008985 0.902315
vt 0.014171 0.915303
vt 0.543834 0.475590
vt 0.549078 0.475590
vt 0.008722 0.777191
vt 0.014223 0.902252
vt 0.894578 0.276089
vt 0.900135 0.288674
vt 0.894896 0.288704
vt 0.587587 0.524923
vt 0.900311 0.302340
vt 0.075620 0.807717
vt 0.054652 0.797028
vt 0.075656 0.797028
vt 0.172280 0.807886
vt 0.192357 0.831194
vt 0.172776 0.830947
vt 0.930253 0.919231
vt 0.940916 0.939960
vt 0.930253 0.940236
vt 0.075656 0.820007
vt 0.054767 0.830713
vt 0.054652 0.820007
vt 0.172122 0.785990
vt 0.193212 0.796730
vt 0.172420 0.796481
vt 0.054616 0.807717
vt 0.369244 0.812246
vt 0.367887 0.817443
vt 0.368022 0.812201
vt 0.075771 0.830713
vt 0.054948 0.839907
vt 0.054767 0.786322
vt 0.075771 0.786322
vt 0.369242 0.777670
vt 0.348245 0.788606
vt 0.348245 0.777128
vt 0.171406 0.777128
vt 0.192914 0.786239
vt 0.193072 0.808135
vt 0.921129 0.919468
vt 0.921129 0.940473
vt 0.480609 0.848138
vt 0.475377 0.761644
vt 0.480609 0.761666
vt 0.054948 0.777128
vt 0.075953 0.777128
vt 0.475377 0.848116
vt 0.452282 0.761549
vt 0.452282 0.848021
vt 0.440791 0.762975
vt 0.440791 0.846501
vt 0.430083 0.767250
vt 0.420888 0.835228
vt 0.430083 0.842137
vt 0.413832 0.783008
vt 0.420888 0.774083
vt 0.413832 0.826244
vt 0.409396 0.793418
vt 0.407989 0.805382
vt 0.409396 0.815798
vt 0.171565 0.830945
vt 0.172748 0.836185
vt 0.171406 0.836169
vt 0.348245 0.816937
vt 0.348247 0.811704
vt 0.192198 0.836418
vt 0.717165 0.710041
vt 0.722397 0.710061
vt 0.682304 0.862258
vt 0.682539 0.848240
vt 0.962931 0.496633
vt 0.951386 0.483802
vt 0.681927 0.875197
vt 0.951302 0.472528
vt 0.951454 0.508374
vt 0.951439 0.496930
vt 0.951457 0.597605
vt 0.682188 0.475948
vt 0.682430 0.487503
vt 0.481725 0.729252
vt 0.482234 0.717031
vt 0.681804 0.466927
vt 0.481113 0.739180
vt 0.682516 0.500805
vt 0.482535 0.705918
vt 0.484386 0.617652
vt 0.682553 0.624909
vt 0.671808 0.501039
vt 0.471816 0.706144
vt 0.473680 0.617461
vt 0.671480 0.476181
vt 0.671722 0.487737
vt 0.471025 0.728787
vt 0.471533 0.716567
vt 0.671096 0.467160
vt 0.549078 0.743308
vt 0.470413 0.738715
vt 0.940593 0.472804
vt 0.671595 0.861943
vt 0.671830 0.847925
vt 0.940745 0.507940
vt 0.940731 0.497206
vt 0.671908 0.833783
vt 0.940749 0.597605
vt 0.940678 0.484078
vt 0.682578 0.708435
vt 0.671869 0.704075
vt 0.671219 0.874881
vt 0.931548 0.507566
vt 0.931535 0.497443
vt 0.662023 0.874610
vt 0.662400 0.861672
vt 0.662635 0.847654
vt 0.662712 0.833512
vt 0.931553 0.597605
vt 0.931398 0.473041
vt 0.931482 0.484315
vt 0.662672 0.697169
vt 0.464486 0.617296
vt 0.662284 0.476382
vt 0.461224 0.738316
vt 0.461836 0.728388
vt 0.662527 0.487937
vt 0.671846 0.629188
vt 0.662613 0.501239
vt 0.462345 0.716168
vt 0.462612 0.706338
vt 0.661901 0.467360
vt 0.638820 0.697077
vt 0.662653 0.636023
vt 0.455321 0.728106
vt 0.652695 0.467561
vt 0.605154 0.649334
vt 0.605158 0.659760
vt 0.638793 0.644886
vt 0.635942 0.636000
vt 0.638804 0.635932
vt 0.629750 0.249988
vt 0.632749 0.239321
vt 0.632613 0.250026
vt 0.635931 0.644955
vt 0.632845 0.636205
vt 0.651168 0.655362
vt 0.626970 0.249951
vt 0.629886 0.239283
vt 0.632834 0.645159
vt 0.625017 0.249925
vt 0.627106 0.239246
vt 0.649764 0.667326
vt 0.605163 0.671728
vt 0.630042 0.226994
vt 0.630332 0.645446
vt 0.632905 0.227032
vt 0.625153 0.239220
vt 0.627262 0.226957
vt 0.638784 0.677695
vt 0.635941 0.688191
vt 0.605165 0.682141
vt 0.651174 0.677742
vt 0.630192 0.216306
vt 0.632844 0.688396
vt 0.627411 0.216269
vt 0.630343 0.688682
vt 0.625459 0.216243
vt 0.625309 0.226931
vt 0.605167 0.692570
vt 0.638803 0.688123
vt 0.655613 0.688187
vt 0.630341 0.205601
vt 0.633055 0.216344
vt 0.627561 0.205564
vt 0.632861 0.697350
vt 0.635958 0.697145
vt 0.625609 0.205538
vt 0.605169 0.701526
vt 0.633205 0.205639
vt 0.655600 0.644951
vt 0.643052 0.205771
vt 0.687323 0.197167
vt 0.744574 0.197931
vt 0.653851 0.205915
vt 0.673257 0.206174
vt 0.653708 0.216620
vt 0.687200 0.206360
vt 0.744451 0.207124
vt 0.642909 0.216476
vt 0.673114 0.216879
vt 0.687058 0.217065
vt 0.642766 0.227164
vt 0.672972 0.227567
vt 0.653566 0.227308
vt 0.686608 0.250747
vt 0.686751 0.240042
vt 0.653402 0.239597
vt 0.672808 0.239856
vt 0.642602 0.239452
vt 0.743858 0.251512
vt 0.686485 0.259940
vt 0.653259 0.250302
vt 0.672665 0.250561
vt 0.642459 0.250158
vt 0.743735 0.260705
vt 0.586856 0.723563
vt 0.581203 0.733275
vt 0.581618 0.723587
vt 0.740192 0.854410
vt 0.768896 0.866514
vt 0.740569 0.867348
vt 0.991260 0.699308
vt 0.962947 0.686370
vt 0.991278 0.685220
vt 0.817865 0.041732
vt 0.803661 0.061094
vt 0.796416 0.029539
vt 0.962878 0.711706
vt 0.962931 0.698577
vt 0.991206 0.712436
vt 0.962794 0.722979
vt 0.855648 0.069828
vt 0.847582 0.078736
vt 0.847516 0.069719
vt 0.857283 0.830614
vt 0.829605 0.835870
vt 0.857188 0.821508
vt 0.739880 0.826250
vt 0.768285 0.839557
vt 0.739957 0.840392
vt 0.874840 0.670998
vt 0.909766 0.684564
vt 0.914286 0.694823
vt 0.768245 0.700931
vt 0.779699 0.825077
vt 0.768207 0.825415
vt 0.851345 0.061730
vt 0.847456 0.061678
vt 0.847430 0.058182
vt 0.837010 0.061539
vt 0.837138 0.051950
vt 0.817604 0.061280
vt 0.874779 0.689880
vt 0.916128 0.708687
vt 0.768520 0.853575
vt 0.793171 0.018482
vt 0.790722 0.012278
vt 0.795427 0.010013
vt 0.888085 0.636284
vt 0.778988 0.014462
vt 0.783787 0.020619
vt 0.876010 0.629568
vt 0.881366 0.630225
vt 0.801415 0.229282
vt 0.913344 0.719714
vt 0.874728 0.700334
vt 0.849273 0.050992
vt 0.877133 0.035979
vt 0.858574 0.059202
vt 0.845973 0.199285
vt 0.836782 0.078592
vt 0.857120 0.811907
vt 0.831955 0.688615
vt 0.857145 0.692504
vt 0.835173 0.199141
vt 0.817376 0.078333
vt 0.803433 0.078147
vt 0.815767 0.198882
vt 0.836903 0.069577
vt 0.803554 0.069130
vt 0.831706 0.822148
vt 0.817497 0.069318
vt 0.857343 0.078867
vt 0.858677 0.199455
vt 0.855813 0.199416
vt 0.860215 0.078635
vt 0.861457 0.199492
vt 0.863004 0.077935
vt 0.863409 0.199518
vt 0.829203 0.822920
vt 0.827057 0.836885
vt 0.826105 0.823523
vt 0.823926 0.837666
vt 0.823242 0.823794
vt 0.858519 0.069544
vt 0.861266 0.068700
vt 0.864963 0.076955
vt 0.912781 0.686424
vt 0.916138 0.687739
vt 0.917056 0.696145
vt 0.918936 0.688157
vt 0.920298 0.697143
vt 0.847665 0.055513
vt 0.837396 0.049340
vt 0.848339 0.052881
vt 0.838041 0.046735
vt 0.821050 0.838003
vt 0.818999 0.851784
vt 0.816097 0.852173
vt 0.822213 0.850859
vt 0.824878 0.849646
vt 0.854200 0.061417
vt 0.856846 0.060491
vt 0.863153 0.067522
vt 0.818192 0.039225
vt 0.820147 0.035019
vt 0.819028 0.036768
vt 0.916059 0.720779
vt 0.918859 0.709664
vt 0.919297 0.721591
vt 0.922092 0.710411
vt 0.922191 0.721932
vt 0.923145 0.697552
vt 0.909024 0.729152
vt 0.906393 0.727991
vt 0.815660 0.863999
vt 0.812399 0.864928
vt 0.823550 0.658262
vt 0.826393 0.668742
vt 0.823531 0.668673
vt 0.826412 0.658331
vt 0.829490 0.668946
vt 0.829509 0.658536
vt 0.831991 0.669233
vt 0.800626 0.029307
vt 0.804461 0.028608
vt 0.806895 0.027628
vt 0.791014 0.019479
vt 0.790352 0.014694
vt 0.787579 0.020261
vt 0.787174 0.014545
vt 0.783015 0.014461
vt 0.878271 0.640934
vt 0.881175 0.638255
vt 0.880983 0.641272
vt 0.877141 0.637754
vt 0.881315 0.634212
vt 0.876314 0.633594
vt 0.887055 0.643685
vt 0.886024 0.645946
vt 0.887809 0.640148
vt 0.896977 0.658543
vt 0.898443 0.664581
vt 0.895904 0.652140
vt 0.895511 0.647087
vt 0.874895 0.657648
vt 0.587128 0.711642
vt 0.581890 0.711666
vt 0.497753 0.491503
vt 0.525772 0.481122
vt 0.526089 0.491286
vt 0.497689 0.529968
vt 0.526207 0.517440
vt 0.525999 0.531648
vt 0.799170 0.397470
vt 0.812852 0.417204
vt 0.791086 0.428821
vt 0.497901 0.503891
vt 0.526238 0.503674
vt 0.851372 0.390127
vt 0.843547 0.381006
vt 0.853308 0.381137
vt 0.877133 0.411676
vt 0.854013 0.400827
vt 0.858813 0.392632
vt 0.768393 0.478231
vt 0.739980 0.490916
vt 0.740066 0.477614
vt 0.444381 0.530377
vt 0.408303 0.539522
vt 0.449067 0.520123
vt 0.768307 0.491533
vt 0.745175 0.614547
vt 0.739943 0.614567
vt 0.846854 0.398107
vt 0.843239 0.390019
vt 0.832519 0.397915
vt 0.842846 0.401550
vt 0.832391 0.407504
vt 0.813113 0.397656
vt 0.408303 0.519475
vt 0.768636 0.466676
vt 0.740309 0.466059
vt 0.409813 0.568757
vt 0.414592 0.572204
vt 0.411793 0.572156
vt 0.421780 0.578056
vt 0.773261 0.443426
vt 0.741313 0.442156
vt 0.409304 0.583385
vt 0.414834 0.583506
vt 0.448151 0.493454
vt 0.408261 0.508273
vt 0.440985 0.483531
vt 0.407989 0.497808
vt 0.832747 0.380862
vt 0.845135 0.262058
vt 0.857210 0.513553
vt 0.831971 0.627470
vt 0.831804 0.495494
vt 0.813341 0.380603
vt 0.834335 0.261914
vt 0.799398 0.380417
vt 0.814929 0.261655
vt 0.799277 0.389434
vt 0.857283 0.504829
vt 0.874727 0.786755
vt 0.879988 0.772909
vt 0.879966 0.786785
vt 0.813220 0.389618
vt 0.832626 0.389878
vt 0.842965 0.398055
vt 0.778223 0.437400
vt 0.857838 0.262228
vt 0.856172 0.381445
vt 0.860618 0.262265
vt 0.858941 0.382219
vt 0.862570 0.262291
vt 0.860874 0.383251
vt 0.829711 0.482574
vt 0.829302 0.494151
vt 0.827164 0.481016
vt 0.826204 0.493140
vt 0.824033 0.479847
vt 0.823341 0.492733
vt 0.821158 0.479382
vt 0.854234 0.390488
vt 0.856957 0.391405
vt 0.447478 0.528775
vt 0.451909 0.519055
vt 0.450894 0.527670
vt 0.455205 0.518264
vt 0.453713 0.527359
vt 0.843009 0.404224
vt 0.832580 0.410121
vt 0.843613 0.406872
vt 0.833155 0.412742
vt 0.844496 0.408786
vt 0.833963 0.414666
vt 0.819114 0.468213
vt 0.822327 0.469476
vt 0.438152 0.475590
vt 0.435577 0.476659
vt 0.849700 0.398496
vt 0.852320 0.399492
vt 0.813112 0.419719
vt 0.813882 0.422198
vt 0.814955 0.423975
vt 0.451000 0.505631
vt 0.450935 0.492647
vt 0.453800 0.504919
vt 0.454225 0.492047
vt 0.457084 0.504388
vt 0.457138 0.491814
vt 0.459973 0.504181
vt 0.458072 0.517962
vt 0.443688 0.482630
vt 0.446929 0.481961
vt 0.449842 0.481703
vt 0.826397 0.646361
vt 0.829494 0.646566
vt 0.831995 0.646852
vt 0.832010 0.658822
vt 0.795288 0.429164
vt 0.799103 0.429966
vt 0.801510 0.431011
vt 0.784627 0.443498
vt 0.785416 0.438732
vt 0.787546 0.439787
vt 0.781447 0.443562
vt 0.782004 0.437859
vt 0.777286 0.443535
vt 0.414766 0.575377
vt 0.410603 0.575302
vt 0.414855 0.579514
vt 0.409692 0.579412
vt 0.420844 0.570473
vt 0.421568 0.574162
vt 0.419803 0.567980
vt 0.431111 0.556118
vt 0.429942 0.562582
vt 0.429459 0.567632
vt 0.432653 0.549973
vt 0.854974 0.262190
vt 0.408330 0.553760
vt 0.918319 0.434295
vt 0.923225 0.425574
vt 0.923558 0.434370
vt 0.011898 0.718985
vt 0.008722 0.705251
vt 0.010078 0.705162
vt 0.017200 0.731783
vt 0.010577 0.719339
vt 0.024666 0.743740
vt 0.025633 0.742773
vt 0.036623 0.751206
vt 0.049421 0.756508
vt 0.035939 0.752391
vt 0.063156 0.759683
vt 0.063244 0.758327
vt 0.191711 0.759683
vt 0.191711 0.758327
vt 0.010078 0.617637
vt 0.582002 0.698239
vt 0.543700 0.702075
vt 0.548926 0.688252
vt 0.548944 0.702075
vt 0.390544 0.705251
vt 0.387368 0.718985
vt 0.389188 0.705162
vt 0.388689 0.719339
vt 0.382067 0.731783
vt 0.374601 0.743740
vt 0.373634 0.742773
vt 0.362644 0.751206
vt 0.363327 0.752391
vt 0.349845 0.756508
vt 0.336111 0.759683
vt 0.336022 0.758327
vt 0.209156 0.759683
vt 0.209156 0.758327
vt 0.543683 0.688252
vt 0.543752 0.714873
vt 0.548996 0.714873
vt 0.875244 0.910318
vt 0.880483 0.910349
vt 0.917986 0.425499
vt 0.923040 0.414308
vt 0.917802 0.414233
vt 0.923017 0.401256
vt 0.543834 0.725863
vt 0.549078 0.725863
vt 0.917778 0.401181
vt 0.923558 0.276134
vt 0.874926 0.759212
vt 0.880483 0.746628
vt 0.880165 0.759243
vt 0.587241 0.698215
vt 0.874749 0.772879
vt 0.114698 0.797028
vt 0.093730 0.807717
vt 0.093694 0.797028
vt 0.151889 0.832289
vt 0.133067 0.807992
vt 0.153818 0.809312
vt 0.219781 0.927747
vt 0.230444 0.907019
vt 0.230444 0.928023
vt 0.093694 0.820007
vt 0.114584 0.830713
vt 0.093580 0.830713
vt 0.133209 0.796572
vt 0.153658 0.787365
vt 0.153961 0.797893
vt 0.114698 0.820007
vt 0.348245 0.870041
vt 0.349602 0.875238
vt 0.348247 0.875273
vt 0.114402 0.839907
vt 0.093398 0.839907
vt 0.114584 0.786322
vt 0.093580 0.786322
vt 0.348247 0.835465
vt 0.369244 0.846401
vt 0.348246 0.846943
vt 0.132907 0.786045
vt 0.152931 0.778448
vt 0.210657 0.927510
vt 0.219781 0.906743
vt 0.503286 0.761644
vt 0.498054 0.848138
vt 0.498054 0.761666
vt 0.114402 0.777128
vt 0.093398 0.777128
vt 0.526382 0.761549
vt 0.503286 0.848116
vt 0.537873 0.762975
vt 0.526382 0.848021
vt 0.548581 0.767250
vt 0.537873 0.846501
vt 0.548581 0.842137
vt 0.557776 0.774083
vt 0.557776 0.835228
vt 0.564832 0.783008
vt 0.569267 0.793418
vt 0.564832 0.826244
vt 0.570675 0.805382
vt 0.569267 0.815798
vt 0.349467 0.869996
vt 0.151591 0.837519
vt 0.153097 0.832379
vt 0.152931 0.837604
vt 0.369244 0.874732
vt 0.132179 0.836284
vt 0.739917 0.701039
vt 0.780011 0.853236
vt 0.779776 0.839219
vt 0.951386 0.711409
vt 0.780388 0.866175
vt 0.951302 0.722683
vt 0.951454 0.686836
vt 0.780127 0.466927
vt 0.779884 0.478482
vt 0.497870 0.517657
vt 0.486406 0.503979
vt 0.486257 0.491591
vt 0.497435 0.481339
vt 0.779799 0.491784
vt 0.768271 0.614459
vt 0.486206 0.529287
vt 0.790507 0.492017
vt 0.779761 0.615888
vt 0.475504 0.528652
vt 0.486375 0.517745
vt 0.790835 0.467160
vt 0.790592 0.478715
vt 0.475694 0.504061
vt 0.475546 0.491673
vt 0.485940 0.481427
vt 0.854321 0.884793
vt 0.940593 0.722407
vt 0.790719 0.852921
vt 0.951439 0.698281
vt 0.940745 0.687271
vt 0.790484 0.838903
vt 0.940678 0.711133
vt 0.779736 0.699414
vt 0.790407 0.824761
vt 0.791096 0.865860
vt 0.940731 0.698005
vt 0.931548 0.687645
vt 0.800291 0.865589
vt 0.799680 0.838632
vt 0.931398 0.722169
vt 0.931482 0.710896
vt 0.799914 0.852650
vt 0.790446 0.695053
vt 0.799602 0.824491
vt 0.800030 0.467360
vt 0.466347 0.491744
vt 0.799787 0.478916
vt 0.799702 0.492218
vt 0.790468 0.620166
vt 0.475663 0.517827
vt 0.466496 0.504131
vt 0.466315 0.528107
vt 0.475228 0.481509
vt 0.924962 0.710728
vt 0.931535 0.697768
vt 0.809497 0.865318
vt 0.799643 0.688147
vt 0.799661 0.627002
vt 0.466465 0.517897
vt 0.816212 0.467713
vt 0.466030 0.481579
vt 0.857160 0.640312
vt 0.831982 0.636424
vt 0.823522 0.635865
vt 0.826373 0.626979
vt 0.826384 0.635933
vt 0.855253 0.242291
vt 0.857966 0.253035
vt 0.855103 0.252997
vt 0.829469 0.627183
vt 0.829481 0.636138
vt 0.811147 0.646340
vt 0.806715 0.635929
vt 0.858116 0.242330
vt 0.860747 0.253072
vt 0.860896 0.242367
vt 0.862699 0.253098
vt 0.823535 0.646293
vt 0.812551 0.658305
vt 0.857156 0.650739
vt 0.858288 0.230041
vt 0.855425 0.230003
vt 0.861068 0.230078
vt 0.862849 0.242393
vt 0.826373 0.679169
vt 0.857149 0.673119
vt 0.811140 0.668721
vt 0.858424 0.219353
vt 0.855561 0.219315
vt 0.829470 0.679374
vt 0.861204 0.219390
vt 0.831972 0.679660
vt 0.863157 0.219416
vt 0.857147 0.683548
vt 0.823511 0.679101
vt 0.806702 0.679166
vt 0.858560 0.208648
vt 0.855697 0.208609
vt 0.861340 0.208685
vt 0.829454 0.688329
vt 0.826357 0.688124
vt 0.863293 0.208711
vt 0.823495 0.688056
vt 0.857164 0.631359
vt 0.823510 0.626911
vt 0.845850 0.208478
vt 0.801824 0.198696
vt 0.835050 0.208334
vt 0.815644 0.208075
vt 0.834907 0.219039
vt 0.801701 0.207889
vt 0.845707 0.219183
vt 0.815501 0.218780
vt 0.801558 0.218594
vt 0.845564 0.229871
vt 0.815359 0.229468
vt 0.834765 0.229727
vt 0.801108 0.252276
vt 0.801251 0.241571
vt 0.834601 0.242016
vt 0.815194 0.241757
vt 0.845400 0.242160
vt 0.800986 0.261469
vt 0.834458 0.252721
vt 0.815052 0.252462
vt 0.845257 0.252865
vt 0.086081 0.427267
vt 0.117990 0.427343
vt 0.117990 0.458145
vt 0.894728 0.133668
vt 0.899977 0.077265
vt 0.899977 0.133668
vt 0.149077 0.423765
vt 0.131351 0.396183
vt 0.149077 0.396183
vt 0.898429 0.866855
vt 0.903684 0.869486
vt 0.898440 0.869456
vt 0.894728 0.045924
vt 0.899959 0.032307
vt 0.899977 0.045924
vt 0.894711 0.032307
vt 0.899908 0.019618
vt 0.091613 0.025528
vt 0.091292 0.015513
vt 0.092674 0.017567
vt 0.898243 0.896674
vt 0.903662 0.883155
vt 0.903487 0.896704
vt 0.898418 0.883124
vt 0.279525 0.811861
vt 0.284746 0.798558
vt 0.284767 0.811785
vt 0.279504 0.798634
vt 0.284898 0.786737
vt 0.279656 0.786813
vt 0.285214 0.777128
vt 0.926372 0.746673
vt 0.921458 0.755318
vt 0.921129 0.746597
vt 0.926702 0.755394
vt 0.921641 0.766488
vt 0.926884 0.766563
vt 0.921663 0.779344
vt 0.279605 0.821896
vt 0.025746 0.359598
vt 0.029262 0.394463
vt 0.008722 0.357919
vt 0.926443 0.885343
vt 0.921276 0.867892
vt 0.926519 0.867967
vt 0.921650 0.782422
vt 0.926907 0.779420
vt 0.926893 0.782497
vt 0.121567 0.423765
vt 0.122374 0.403431
vt 0.921460 0.825721
vt 0.926704 0.825796
vt 0.473936 0.403431
vt 0.474742 0.423765
vt 0.447232 0.423765
vt 0.230444 0.951227
vt 0.225009 0.977901
vt 0.225204 0.951424
vt 0.472475 0.373077
vt 0.468303 0.389985
vt 0.447232 0.357919
vt 0.491958 0.299438
vt 0.473349 0.296009
vt 0.492335 0.298033
vt 0.097848 0.343844
vt 0.099858 0.344946
vt 0.101479 0.351254
vt 0.745128 0.896230
vt 0.739880 0.890427
vt 0.745128 0.890427
vt 0.470923 0.080588
vt 0.447232 0.065361
vt 0.459634 0.057658
vt 0.430933 0.962424
vt 0.436187 0.946821
vt 0.436182 0.962426
vt 0.285202 0.912283
vt 0.279953 0.890488
vt 0.285202 0.890488
vt 0.100499 0.043856
vt 0.100499 0.047023
vt 0.089894 0.047023
vt 0.302696 0.822890
vt 0.307903 0.781901
vt 0.307940 0.822938
vt 0.926372 0.901510
vt 0.921200 0.885268
vt 0.029267 0.233109
vt 0.034205 0.275474
vt 0.029267 0.275242
vt 0.092206 0.190616
vt 0.107437 0.233109
vt 0.027132 0.181097
vt 0.024327 0.187475
vt 0.019122 0.174706
vt 0.302732 0.862526
vt 0.008722 0.296780
vt 0.024327 0.280181
vt 0.030468 0.280343
vt 0.567043 0.233109
vt 0.562104 0.275474
vt 0.504102 0.274560
vt 0.128281 0.162062
vt 0.135339 0.167987
vt 0.118065 0.179833
vt 0.160516 0.918281
vt 0.155273 0.891906
vt 0.160516 0.891853
vt 0.969185 0.282096
vt 0.963942 0.315382
vt 0.963942 0.282131
vt 0.898260 0.826352
vt 0.903224 0.759157
vt 0.903504 0.826383
vt 0.538102 0.088318
vt 0.564175 0.105744
vt 0.530586 0.105744
vt 0.546593 0.087200
vt 0.564944 0.102675
vt 0.897980 0.759127
vt 0.903172 0.746628
vt 0.587587 0.061333
vt 0.569789 0.064003
vt 0.570907 0.055513
vt 0.058207 0.088318
vt 0.070370 0.099509
vt 0.065724 0.105744
vt 0.100386 0.918172
vt 0.105720 0.863577
vt 0.105630 0.918128
vt 0.521700 0.027103
vt 0.504696 0.025528
vt 0.521700 0.008722
vt 0.072230 0.168260
vt 0.135307 0.154162
vt 0.880079 0.968585
vt 0.874727 0.933073
vt 0.879971 0.933138
vt 0.122960 0.296009
vt 0.104351 0.299438
vt 0.103975 0.298033
vt 0.492887 0.087080
vt 0.521700 0.083923
vt 0.529612 0.087200
vt 0.103423 0.087080
vt 0.127347 0.103501
vt 0.078731 0.105480
vt 0.524079 0.168260
vt 0.468028 0.162062
vt 0.461002 0.154162
vt 0.917422 0.195006
vt 0.922755 0.249601
vt 0.917511 0.249557
vt 0.571982 0.187475
vt 0.569178 0.181097
vt 0.587587 0.174610
vt 0.505017 0.015513
vt 0.503635 0.025085
vt 0.897928 0.909180
vt 0.903172 0.909211
vt 0.894659 0.019618
vt 0.899826 0.008722
vt 0.894728 0.077265
vt 0.899977 0.059200
vt 0.210657 0.778183
vt 0.215905 0.833094
vt 0.210657 0.833094
vt 0.105053 0.038662
vt 0.094166 0.026577
vt 0.107876 0.039756
vt 0.447232 0.026577
vt 0.092674 0.008722
vt 0.149077 0.008722
vt 0.149077 0.015737
vt 0.092674 0.014583
vt 0.084913 0.350111
vt 0.081511 0.347068
vt 0.505287 0.372967
vt 0.515441 0.387669
vt 0.510228 0.394463
vt 0.504103 0.190616
vt 0.488872 0.233109
vt 0.488872 0.205976
vt 0.570681 0.168260
vt 0.570681 0.112251
vt 0.494855 0.351275
vt 0.498461 0.343844
vt 0.511396 0.350111
vt 0.302722 0.907554
vt 0.307965 0.888292
vt 0.307966 0.907501
vt 0.479867 0.323023
vt 0.491958 0.340582
vt 0.479867 0.351189
vt 0.479867 0.370912
vt 0.762626 0.890090
vt 0.767844 0.941747
vt 0.762596 0.941782
vt 0.104351 0.340582
vt 0.116442 0.323023
vt 0.116442 0.351189
vt 0.517578 0.105480
vt 0.506415 0.047023
vt 0.495810 0.047023
vt 0.495810 0.043856
vt 0.514906 0.032317
vt 0.503628 0.032213
vt 0.504965 0.027254
vt 0.502144 0.026577
vt 0.491256 0.038662
vt 0.488433 0.039756
vt 0.134752 0.097175
vt 0.127282 0.087041
vt 0.149077 0.087041
vt 0.674938 0.917011
vt 0.680176 0.908521
vt 0.680187 0.917011
vt 0.680144 0.900609
vt 0.674927 0.908521
vt 0.674895 0.900609
vt 0.680093 0.893815
vt 0.949789 0.817130
vt 0.944774 0.809280
vt 0.950018 0.809332
vt 0.944401 0.825526
vt 0.949644 0.825578
vt 0.949595 0.834101
vt 0.949644 0.842117
vt 0.944352 0.834048
vt 0.949789 0.849081
vt 0.944401 0.842065
vt 0.950018 0.854518
vt 0.944545 0.849029
vt 0.372021 0.938781
vt 0.376983 0.944766
vt 0.371740 0.944769
vt 0.372220 0.931412
vt 0.377264 0.938778
vt 0.372323 0.923166
vt 0.377463 0.931410
vt 0.372323 0.914602
vt 0.377566 0.923163
vt 0.372220 0.906306
vt 0.377566 0.914600
vt 0.372021 0.898843
vt 0.377463 0.906304
vt 0.376983 0.892718
vt 0.377264 0.898840
vt 0.572781 0.972519
vt 0.567353 0.979505
vt 0.567537 0.972542
vt 0.572877 0.964503
vt 0.567633 0.964526
vt 0.572877 0.955981
vt 0.572781 0.947532
vt 0.567633 0.956003
vt 0.567537 0.947554
vt 0.572597 0.939733
vt 0.674844 0.940207
vt 0.680144 0.933413
vt 0.680093 0.940207
vt 0.680176 0.925502
vt 0.674895 0.933413
vt 0.674927 0.925502
vt 0.580539 0.431840
vt 0.534976 0.458145
vt 0.555040 0.439275
vt 0.587587 0.405535
vt 0.570325 0.419356
vt 0.025985 0.419356
vt 0.015771 0.431840
vt 0.010515 0.419151
vt 0.047717 0.456353
vt 0.024132 0.442736
vt 0.034475 0.434062
vt 0.697725 0.917011
vt 0.702963 0.908521
vt 0.702974 0.917011
vt 0.697714 0.908521
vt 0.702931 0.900609
vt 0.697682 0.900609
vt 0.702880 0.893815
vt 0.946440 0.347746
vt 0.941425 0.339896
vt 0.946669 0.339949
vt 0.946295 0.356194
vt 0.941196 0.347694
vt 0.946246 0.364717
vt 0.941052 0.356142
vt 0.946295 0.372733
vt 0.941003 0.364664
vt 0.946440 0.379697
vt 0.941052 0.372681
vt 0.946669 0.385134
vt 0.941196 0.379645
vt 0.633827 0.939875
vt 0.628303 0.945866
vt 0.628584 0.939878
vt 0.634026 0.932506
vt 0.628783 0.932509
vt 0.628886 0.924262
vt 0.628886 0.915699
vt 0.634129 0.924259
vt 0.628783 0.907403
vt 0.634129 0.915696
vt 0.628584 0.899940
vt 0.634026 0.907400
vt 0.633546 0.893815
vt 0.633827 0.899937
vt 0.100343 0.978359
vt 0.105771 0.971374
vt 0.105587 0.978337
vt 0.105867 0.963358
vt 0.100527 0.971396
vt 0.100623 0.963380
vt 0.105867 0.954835
vt 0.105771 0.946387
vt 0.100623 0.954858
vt 0.100527 0.946409
vt 0.105587 0.938588
vt 0.697631 0.940207
vt 0.702931 0.933413
vt 0.702880 0.940207
vt 0.702963 0.925502
vt 0.697682 0.933413
vt 0.697714 0.925502
vt 0.561282 0.015771
vt 0.561298 0.032317
vt 0.554504 0.027103
vt 0.031366 0.102675
vt 0.049717 0.087200
vt 0.081404 0.078709
vt 0.091888 0.081649
vt 0.074610 0.083923
vt 0.061333 0.008722
vt 0.066698 0.023826
vt 0.058207 0.022708
vt 0.057672 0.443670
vt 0.049181 0.442552
vt 0.025985 0.402375
vt 0.008722 0.405535
vt 0.008722 0.402375
vt 0.570325 0.402375
vt 0.571442 0.410865
vt 0.102242 0.458145
vt 0.080868 0.434062
vt 0.510228 0.427267
vt 0.494067 0.458145
vt 0.478319 0.458145
vt 0.116685 0.394631
vt 0.090476 0.410865
vt 0.089359 0.402375
vt 0.479505 0.374581
vt 0.488324 0.373834
vt 0.491325 0.392127
vt 0.123903 0.388768
vt 0.121550 0.375971
vt 0.123834 0.373077
vt 0.116442 0.370912
vt 0.493200 0.344424
vt 0.494639 0.345146
vt 0.141159 0.346039
vt 0.149077 0.335036
vt 0.149077 0.357919
vt 0.506951 0.402375
vt 0.104985 0.392127
vt 0.086081 0.394463
vt 0.091023 0.372967
vt 0.455151 0.346039
vt 0.447232 0.335036
vt 0.121729 0.317846
vt 0.128580 0.303419
vt 0.124094 0.320688
vt 0.963476 0.011463
vt 0.968723 0.049869
vt 0.963479 0.049922
vt 0.963605 0.923027
vt 0.958394 0.963052
vt 0.958361 0.922979
vt 0.481855 0.423221
vt 0.478319 0.427343
vt 0.573355 0.868971
vt 0.567353 0.899177
vt 0.568111 0.868919
vt 0.080868 0.387669
vt 0.080868 0.356916
vt 0.117146 0.399162
vt 0.118744 0.420269
vt 0.089359 0.419356
vt 0.479163 0.399162
vt 0.506951 0.419356
vt 0.477566 0.420269
vt 0.085899 0.458145
vt 0.074074 0.439275
vt 0.515441 0.434062
vt 0.510410 0.458145
vt 0.285090 0.852282
vt 0.279971 0.867947
vt 0.279847 0.852358
vt 0.071470 0.458145
vt 0.066162 0.442552
vt 0.522236 0.439275
vt 0.524839 0.458145
vt 0.284961 0.836103
vt 0.279718 0.836180
vt 0.530147 0.442552
vt 0.284847 0.821820
vt 0.061333 0.458145
vt 0.521938 0.896938
vt 0.527189 0.888449
vt 0.527187 0.896940
vt 0.567047 0.394463
vt 0.587587 0.402375
vt 0.521936 0.905429
vt 0.527184 0.905430
vt 0.066162 0.356916
vt 0.057672 0.378061
vt 0.057672 0.356916
vt 0.530147 0.356916
vt 0.538638 0.378061
vt 0.530147 0.379178
vt 0.521934 0.913341
vt 0.527183 0.913342
vt 0.074074 0.356916
vt 0.066162 0.379178
vt 0.522236 0.356916
vt 0.522236 0.382456
vt 0.527181 0.920136
vt 0.074074 0.382456
vt 0.515441 0.356916
vt 0.555040 0.356916
vt 0.570563 0.359598
vt 0.555040 0.382456
vt 0.049181 0.356916
vt 0.547128 0.356916
vt 0.547128 0.379178
vt 0.587587 0.357919
vt 0.049181 0.379178
vt 0.041269 0.356916
vt 0.521940 0.888448
vt 0.527191 0.880537
vt 0.008722 0.314621
vt 0.024912 0.314621
vt 0.571397 0.314621
vt 0.587587 0.314621
vt 0.041269 0.382456
vt 0.034475 0.387669
vt 0.032371 0.298488
vt 0.453698 0.924066
vt 0.458951 0.872048
vt 0.458941 0.924033
vt 0.025628 0.168260
vt 0.008722 0.174610
vt 0.025628 0.112251
vt 0.496452 0.344946
vt 0.468747 0.299517
vt 0.467949 0.298048
vt 0.568107 0.920004
vt 0.572597 0.899228
vt 0.573350 0.920056
vt 0.028126 0.185284
vt 0.032135 0.174766
vt 0.034206 0.190131
vt 0.478245 0.179833
vt 0.460971 0.167987
vt 0.136676 0.057658
vt 0.149077 0.065361
vt 0.125386 0.080588
vt 0.029798 0.039111
vt 0.024132 0.024132
vt 0.035011 0.032317
vt 0.025858 0.096417
vt 0.041805 0.083923
vt 0.122669 0.190744
vt 0.149077 0.190744
vt 0.026521 0.064003
vt 0.008722 0.061333
vt 0.025403 0.055513
vt 0.587587 0.078156
vt 0.566512 0.071915
vt 0.903615 0.853101
vt 0.903673 0.866885
vt 0.585794 0.047717
vt 0.569789 0.047023
vt 0.010515 0.047717
vt 0.026521 0.047023
vt 0.580539 0.035028
vt 0.566512 0.039111
vt 0.015771 0.035028
vt 0.572178 0.024132
vt 0.035028 0.015771
vt 0.041805 0.027103
vt 0.546593 0.023826
vt 0.538102 0.022708
vt 0.548593 0.010515
vt 0.049717 0.023826
vt 0.233391 0.832676
vt 0.238618 0.778235
vt 0.238634 0.832641
vt 0.047717 0.010515
vt 0.504422 0.081649
vt 0.514906 0.078709
vt 0.092681 0.032213
vt 0.086617 0.039111
vt 0.081404 0.032317
vt 0.074610 0.008722
vt 0.074610 0.027103
vt 0.453035 0.103177
vt 0.447232 0.087041
vt 0.461558 0.097175
vt 0.894728 0.051289
vt 0.899977 0.051289
vt 0.529612 0.023826
vt 0.534976 0.008722
vt 0.503635 0.008722
vt 0.502144 0.016066
vt 0.447232 0.015737
vt 0.894728 0.059200
vt 0.149077 0.026577
vt 0.082749 0.941781
vt 0.077501 0.975370
vt 0.077501 0.941781
vt 0.155273 0.866602
vt 0.160516 0.866550
vt 0.495810 0.071915
vt 0.509693 0.071915
vt 0.499239 0.977679
vt 0.504467 0.948874
vt 0.504487 0.977707
vt 0.155294 0.952321
vt 0.160317 0.978155
vt 0.155077 0.978315
vt 0.506415 0.064003
vt 0.086617 0.071915
vt 0.100499 0.071915
vt 0.495810 0.064003
vt 0.505298 0.055513
vt 0.008792 0.956911
vt 0.014051 0.949164
vt 0.014035 0.956870
vt 0.089894 0.064003
vt 0.008775 0.965181
vt 0.014019 0.965139
vt 0.091012 0.055513
vt 0.100499 0.064003
vt 0.008753 0.976534
vt 0.014003 0.973409
vt 0.013996 0.976492
vt 0.008759 0.973450
vt 0.813394 0.890700
vt 0.808151 0.896479
vt 0.808151 0.890735
vt 0.563938 0.298488
vt 0.565986 0.309365
vt 0.563565 0.310692
vt 0.025296 0.311887
vt 0.940812 0.085487
vt 0.946033 0.083054
vt 0.946050 0.085263
vt 0.940730 0.081151
vt 0.945968 0.080928
vt 0.945861 0.079092
vt 0.963414 0.054090
vt 0.968706 0.052444
vt 0.968658 0.054037
vt 0.963463 0.052497
vt 0.514798 0.347068
vt 0.086627 0.352857
vt 0.945898 0.128437
vt 0.940623 0.131602
vt 0.940660 0.128661
vt 0.544901 0.943311
vt 0.547186 0.948456
vt 0.544901 0.948555
vt 0.547186 0.943213
vt 0.549340 0.948441
vt 0.521949 0.925751
vt 0.527185 0.923768
vt 0.527198 0.925753
vt 0.521936 0.923767
vt 0.492277 0.342852
vt 0.101671 0.345146
vt 0.103109 0.344424
vt 0.767871 0.888045
vt 0.767874 0.890054
vt 0.762623 0.888080
vt 0.767861 0.886232
vt 0.762613 0.886267
vt 0.767844 0.884793
vt 0.963656 0.919003
vt 0.958373 0.920696
vt 0.958412 0.918955
vt 0.963617 0.920744
vt 0.587587 0.296780
vt 0.571982 0.280181
vt 0.587587 0.280181
vt 0.042736 0.298282
vt 0.045124 0.297053
vt 0.042100 0.300198
vt 0.032744 0.310692
vt 0.674906 0.965250
vt 0.680088 0.962043
vt 0.680150 0.965302
vt 0.674844 0.961991
vt 0.680088 0.959425
vt 0.674844 0.959373
vt 0.680150 0.957704
vt 0.458875 0.865583
vt 0.453689 0.868155
vt 0.453632 0.865617
vt 0.458932 0.868121
vt 0.453708 0.872082
vt 0.574201 0.357090
vt 0.571021 0.355511
vt 0.571397 0.354107
vt 0.026317 0.356540
vt 0.027721 0.356916
vt 0.476713 0.316624
vt 0.478406 0.317140
vt 0.119596 0.316624
vt 0.127638 0.301368
vt 0.521945 0.866988
vt 0.527198 0.865585
vt 0.527194 0.866989
vt 0.968658 0.008722
vt 0.963459 0.010010
vt 0.963414 0.008775
vt 0.968703 0.009957
vt 0.453680 0.925404
vt 0.458923 0.925370
vt 0.453632 0.926276
vt 0.958412 0.964335
vt 0.963638 0.963100
vt 0.963656 0.964383
vt 0.521942 0.880536
vt 0.026797 0.188137
vt 0.028605 0.277711
vt 0.565842 0.280343
vt 0.569513 0.279519
vt 0.562104 0.190131
vt 0.567705 0.189945
vt 0.567043 0.192414
vt 0.302659 0.781854
vt 0.307929 0.779346
vt 0.302686 0.779298
vt 0.308007 0.777176
vt 0.430939 0.964894
vt 0.436187 0.964896
vt 0.949687 0.887411
vt 0.944427 0.889829
vt 0.944444 0.887477
vt 0.949670 0.889762
vt 0.944352 0.891363
vt 0.302763 0.864781
vt 0.307976 0.862574
vt 0.308007 0.864829
vt 0.949594 0.871963
vt 0.944352 0.872029
vt 0.108597 0.200147
vt 0.107437 0.205976
vt 0.107437 0.259089
vt 0.108597 0.264918
vt 0.092208 0.274560
vt 0.111899 0.269859
vt 0.116840 0.273161
vt 0.473641 0.274320
vt 0.479470 0.273161
vt 0.484411 0.269859
vt 0.487713 0.264918
vt 0.488872 0.259089
vt 0.479470 0.191903
vt 0.473641 0.190744
vt 0.155222 0.860662
vt 0.160465 0.860610
vt 0.155077 0.855102
vt 0.160320 0.855049
vt 0.187964 0.853863
vt 0.193180 0.858805
vt 0.187931 0.858805
vt 0.187920 0.864634
vt 0.132389 0.866376
vt 0.137577 0.860407
vt 0.137632 0.866342
vt 0.132179 0.855084
vt 0.137422 0.855049
vt 0.160320 0.927761
vt 0.155222 0.923748
vt 0.160465 0.923695
vt 0.155273 0.918333
vt 0.137632 0.892485
vt 0.132389 0.892520
vt 0.524951 0.108998
vt 0.524079 0.112251
vt 0.524951 0.171513
vt 0.520419 0.176570
vt 0.075890 0.176570
vt 0.071358 0.171513
vt 0.527333 0.173895
vt 0.530586 0.174766
vt 0.068977 0.106616
vt 0.068977 0.173895
vt 0.028882 0.173895
vt 0.577187 0.174706
vt 0.569809 0.171513
vt 0.567428 0.106616
vt 0.019122 0.105684
vt 0.026500 0.108998
vt 0.100476 0.863621
vt 0.105687 0.860211
vt 0.100443 0.860255
vt 0.105587 0.857352
vt 0.082758 0.938528
vt 0.077509 0.938528
vt 0.082749 0.975370
vt 0.077509 0.978623
vt 0.922798 0.188825
vt 0.917454 0.191640
vt 0.917554 0.188781
vt 0.922698 0.191684
vt 0.917554 0.252529
vt 0.963790 0.320501
vt 0.969144 0.318445
vt 0.969033 0.320466
vt 0.963902 0.318480
vt 0.969185 0.315348
vt 0.100343 0.921143
vt 0.969033 0.276059
vt 0.963902 0.278787
vt 0.963790 0.276093
vt 0.969144 0.278753
vt 0.940346 0.194849
vt 0.945589 0.236695
vt 0.940346 0.236747
vt 0.503198 0.026140
vt 0.093111 0.016510
vt 0.091345 0.027254
vt 0.093111 0.026140
vt 0.503198 0.016510
vt 0.503635 0.014583
vt 0.285216 0.965068
vt 0.279953 0.966051
vt 0.279973 0.965120
vt 0.238598 0.777128
vt 0.233375 0.778270
vt 0.233355 0.777163
vt 0.215905 0.778183
vt 0.210661 0.777128
vt 0.215910 0.777128
vt 0.285197 0.956619
vt 0.279973 0.957798
vt 0.279953 0.956671
vt 0.285216 0.957745
vt 0.495251 0.074853
vt 0.112241 0.080513
vt 0.105032 0.076996
vt 0.107842 0.075876
vt 0.493650 0.039057
vt 0.504166 0.037542
vt 0.008807 0.949206
vt 0.014032 0.946176
vt 0.008788 0.946217
vt 0.013966 0.944077
vt 0.504487 0.943681
vt 0.499223 0.946035
vt 0.499239 0.943653
vt 0.504471 0.946064
vt 0.499218 0.948845
vt 0.008722 0.979305
vt 0.160317 0.945258
vt 0.155206 0.947256
vt 0.155077 0.945418
vt 0.160447 0.947096
vt 0.155283 0.949680
vt 0.160523 0.949520
vt 0.460396 0.157211
vt 0.456084 0.103783
vt 0.135914 0.108095
vt 0.135307 0.111144
vt 0.140226 0.161522
vt 0.143274 0.162129
vt 0.745134 0.887378
vt 0.739886 0.887378
vt 0.745151 0.884793
vt 0.945487 0.188781
vt 0.940319 0.191742
vt 0.940243 0.188833
vt 0.945563 0.191690
vt 0.940319 0.239580
vt 0.945563 0.239527
vt 0.940243 0.241706
vt 0.813285 0.884793
vt 0.808123 0.887631
vt 0.808042 0.884828
vt 0.813366 0.887596
vt 0.447232 0.190744
vt 0.484068 0.080513
vt 0.473440 0.082583
vt 0.124087 0.086726
vt 0.285205 0.887293
vt 0.279956 0.887293
vt 0.285214 0.885392
vt 0.386689 0.845302
vt 0.388174 0.850542
vt 0.386689 0.850546
vt 0.388174 0.845298
vt 0.389676 0.850605
vt 0.353488 0.892718
vt 0.348338 0.895526
vt 0.348245 0.892753
vt 0.353581 0.895491
vt 0.349052 0.921130
vt 0.479624 0.394631
vt 0.505833 0.410865
vt 0.476480 0.868937
vt 0.481723 0.896136
vt 0.476480 0.896171
vt 0.119779 0.424245
vt 0.116817 0.319345
vt 0.302721 0.888344
vt 0.307949 0.884636
vt 0.302705 0.884688
vt 0.307902 0.882274
vt 0.390385 0.827845
vt 0.388749 0.822592
vt 0.390385 0.822597
vt 0.388749 0.827841
vt 0.386689 0.822604
vt 0.573455 0.865635
vt 0.568211 0.865583
vt 0.307967 0.934934
vt 0.302707 0.938484
vt 0.302723 0.934987
vt 0.307950 0.938432
vt 0.302659 0.940386
vt 0.386689 0.777141
vt 0.388438 0.782371
vt 0.386689 0.782384
vt 0.390376 0.777198
vt 0.390376 0.782441
vt 0.568211 0.922237
vt 0.573455 0.922288
vt 0.479493 0.319345
vt 0.129955 0.297105
vt 0.128361 0.298048
vt 0.898441 0.930659
vt 0.903669 0.928367
vt 0.903684 0.930625
vt 0.898426 0.928402
vt 0.903624 0.926656
vt 0.880079 0.927859
vt 0.874773 0.929042
vt 0.874836 0.927794
vt 0.880016 0.929107
vt 0.874735 0.930862
vt 0.879979 0.930927
vt 0.903684 0.947343
vt 0.128823 0.395711
vt 0.469296 0.392357
vt 0.472406 0.388768
vt 0.230430 0.949141
vt 0.225190 0.949338
vt 0.230362 0.947119
vt 0.225121 0.947316
vt 0.230249 0.945468
vt 0.972716 0.746597
vt 0.967463 0.749125
vt 0.967467 0.746597
vt 0.972711 0.766851
vt 0.972711 0.749125
vt 0.476531 0.424245
vt 0.114455 0.423221
vt 0.118469 0.425554
vt 0.481701 0.867064
vt 0.481723 0.868903
vt 0.476458 0.867099
vt 0.481639 0.865583
vt 0.132179 0.977830
vt 0.137443 0.976141
vt 0.137423 0.977775
vt 0.132179 0.946196
vt 0.132199 0.976197
vt 0.104033 0.342852
vt 0.474580 0.317846
vt 0.468672 0.301368
vt 0.049030 0.296629
vt 0.547279 0.296629
vt 0.477840 0.425554
vt 0.493363 0.297005
vt 0.494767 0.296629
vt 0.122669 0.274320
vt 0.132189 0.296780
vt 0.447232 0.274320
vt 0.464120 0.296780
vt 0.447232 0.296780
vt 0.102947 0.297005
vt 0.464959 0.396183
vt 0.447232 0.396183
vt 0.026797 0.279519
vt 0.567705 0.277711
vt 0.567043 0.275242
vt 0.553574 0.298282
vt 0.551186 0.297053
vt 0.554209 0.300198
vt 0.550153 0.305286
vt 0.553030 0.302611
vt 0.043279 0.302611
vt 0.046157 0.305286
vt 0.568169 0.309124
vt 0.030324 0.309365
vt 0.571014 0.311887
vt 0.026408 0.309993
vt 0.028141 0.309124
vt 0.569902 0.309993
vt 0.024912 0.354107
vt 0.025289 0.355511
vt 0.022109 0.357090
vt 0.569993 0.356540
vt 0.568588 0.356916
vt 0.511809 0.356434
vt 0.509683 0.352857
vt 0.084500 0.356434
vt 0.509825 0.355035
vt 0.086485 0.355035
vt 0.127563 0.299517
vt 0.107985 0.373834
vt 0.117904 0.317140
vt 0.466354 0.297105
vt 0.187920 0.891042
vt 0.193169 0.864634
vt 0.193169 0.891042
vt 0.149077 0.274320
vt 0.149077 0.296780
vt 0.472216 0.320688
vt 0.065724 0.174766
vt 0.135914 0.157211
vt 0.458669 0.159795
vt 0.137641 0.159795
vt 0.456084 0.161522
vt 0.453035 0.162129
vt 0.116840 0.191903
vt 0.484411 0.195205
vt 0.487713 0.200147
vt 0.111899 0.195205
vt 0.149077 0.162129
vt 0.447232 0.162129
vt 0.029267 0.192414
vt 0.028605 0.189945
vt 0.568184 0.185284
vt 0.569513 0.188137
vt 0.564175 0.174766
vt 0.026500 0.171513
vt 0.008722 0.187475
vt 0.567428 0.173895
vt 0.028882 0.106616
vt 0.032135 0.105744
vt 0.569809 0.108998
vt 0.577187 0.105684
vt 0.071358 0.108998
vt 0.072230 0.112251
vt 0.527333 0.106616
vt 0.525939 0.099509
vt 0.066698 0.087200
vt 0.468963 0.103501
vt 0.137641 0.105510
vt 0.140226 0.103783
vt 0.461002 0.111144
vt 0.460396 0.108095
vt 0.458669 0.105510
vt 0.143274 0.103177
vt 0.008722 0.105588
vt 0.587587 0.105588
vt 0.561299 0.078709
vt 0.008722 0.078156
vt 0.029798 0.071915
vt 0.898318 0.840167
vt 0.903562 0.840197
vt 0.035011 0.078709
vt 0.587587 0.091405
vt 0.570452 0.096417
vt 0.554505 0.083923
vt 0.008722 0.091405
vt 0.092674 0.025085
vt 0.509693 0.039111
vt 0.094166 0.016066
vt 0.503635 0.017567
vt 0.447232 0.008722
vt 0.092144 0.037542
vt 0.102660 0.039057
vt 0.101061 0.040881
vt 0.102650 0.076637
vt 0.101058 0.074853
vt 0.495249 0.040881
vt 0.491277 0.076996
vt 0.488467 0.075876
vt 0.122870 0.082583
vt 0.493659 0.076637
vt 0.121767 0.084381
vt 0.474543 0.084381
vt 0.474123 0.085809
vt 0.122186 0.085809
vt 0.472223 0.086726
vt 0.469027 0.087041
vt 0.149077 0.103177
vt 0.116804 0.374581
vt 0.478456 0.376762
vt 0.119489 0.377241
vt 0.474760 0.375971
vt 0.117854 0.376762
vt 0.476820 0.377241
vt 0.127013 0.392357
vt 0.128006 0.389985
vt 0.127300 0.394368
vt 0.467486 0.395711
vt 0.469010 0.394368
vt 0.467730 0.303419
vt 0.561834 0.387669
vt 0.212073 0.427267
vt 0.180165 0.458145
vt 0.180165 0.427343
vt 0.899977 0.190071
vt 0.166804 0.396183
vt 0.917422 0.131611
vt 0.922676 0.128980
vt 0.922665 0.131581
vt 0.899959 0.235029
vt 0.894728 0.221412
vt 0.899977 0.221412
vt 0.899908 0.247718
vt 0.894711 0.235029
vt 0.205481 0.017567
vt 0.223545 0.008722
vt 0.206542 0.025528
vt 0.917443 0.145280
vt 0.922862 0.158799
vt 0.917618 0.158829
vt 0.922687 0.145249
vt 0.256816 0.812226
vt 0.261981 0.825985
vt 0.256738 0.825959
vt 0.256726 0.798920
vt 0.262059 0.812252
vt 0.256474 0.786949
vt 0.261969 0.798947
vt 0.256079 0.777128
vt 0.261717 0.786976
vt 0.036963 0.788297
vt 0.031927 0.777192
vt 0.037171 0.777128
vt 0.036912 0.801154
vt 0.031720 0.788361
vt 0.261863 0.836020
vt 0.289432 0.357919
vt 0.263679 0.387669
vt 0.272408 0.359598
vt 0.031893 0.907141
vt 0.037100 0.889702
vt 0.037137 0.907078
vt 0.031668 0.801217
vt 0.036918 0.804231
vt 0.031675 0.804295
vt 0.175781 0.403431
vt 0.176588 0.423765
vt 0.037010 0.847530
vt 0.031767 0.847594
vt 0.420528 0.403431
vt 0.419722 0.423765
vt 0.416899 0.420269
vt 0.193355 0.978098
vt 0.187920 0.951425
vt 0.193160 0.951622
vt 0.421989 0.373077
vt 0.426161 0.389985
vt 0.422058 0.388768
vt 0.402506 0.299438
vt 0.421115 0.296009
vt 0.425793 0.301368
vt 0.200307 0.343844
vt 0.196675 0.351254
vt 0.198297 0.344946
vt 0.739880 0.936424
vt 0.745128 0.936424
vt 0.423541 0.080588
vt 0.434830 0.057658
vt 0.054616 0.947562
vt 0.059870 0.963165
vt 0.054621 0.963167
vt 0.279953 0.934078
vt 0.285202 0.934078
vt 0.197655 0.043856
vt 0.208261 0.047023
vt 0.197655 0.047023
vt 0.330763 0.822890
vt 0.325556 0.781901
vt 0.330800 0.781854
vt 0.031927 0.923309
vt 0.037171 0.923245
vt 0.268888 0.233109
vt 0.263949 0.275474
vt 0.205947 0.274560
vt 0.205948 0.190616
vt 0.190717 0.233109
vt 0.190717 0.205976
vt 0.273827 0.187475
vt 0.271023 0.181097
vt 0.279033 0.174706
vt 0.330727 0.862526
vt 0.325519 0.822938
vt 0.273827 0.280181
vt 0.289432 0.296780
vt 0.267687 0.280343
vt 0.327421 0.233109
vt 0.332360 0.275474
vt 0.327421 0.275242
vt 0.204265 0.162062
vt 0.180090 0.179833
vt 0.191553 0.165475
vt 0.054616 0.920583
vt 0.059860 0.894208
vt 0.059860 0.920636
vt 0.964266 0.345969
vt 0.969509 0.379185
vt 0.964266 0.379220
vt 0.917882 0.021283
vt 0.922845 0.088478
vt 0.917601 0.088508
vt 0.356362 0.088318
vt 0.330290 0.105744
vt 0.329521 0.102675
vt 0.347872 0.087200
vt 0.324013 0.096417
vt 0.917934 0.008753
vt 0.923125 0.021252
vt 0.324675 0.064003
vt 0.306877 0.061333
vt 0.323558 0.055513
vt 0.239947 0.088318
vt 0.227785 0.099509
vt 0.231457 0.087200
vt 0.407989 0.871808
vt 0.413322 0.926403
vt 0.408079 0.926360
vt 0.372765 0.027103
vt 0.372765 0.008722
vt 0.389768 0.025528
vt 0.225925 0.168260
vt 0.197239 0.154162
vt 0.969466 0.407859
vt 0.964114 0.443370
vt 0.964222 0.407924
vt 0.193803 0.299438
vt 0.175195 0.296009
vt 0.194180 0.298033
vt 0.372764 0.083923
vt 0.401578 0.087080
vt 0.364853 0.087200
vt 0.194732 0.087080
vt 0.205199 0.103501
vt 0.197794 0.097175
vt 0.370385 0.168260
vt 0.392045 0.162062
vt 0.374045 0.176570
vt 0.430854 0.926403
vt 0.436187 0.871808
vt 0.436097 0.926360
vt 0.306877 0.174610
vt 0.325286 0.181097
vt 0.322482 0.187475
vt 0.390829 0.025085
vt 0.389447 0.015513
vt 0.923178 0.171306
vt 0.917934 0.171336
vt 0.899826 0.258614
vt 0.894659 0.247718
vt 0.899977 0.208136
vt 0.894728 0.190071
vt 0.210657 0.888006
vt 0.203989 0.026577
vt 0.193102 0.038662
vt 0.190279 0.039756
vt 0.205481 0.008722
vt 0.206862 0.015513
vt 0.205481 0.014583
vt 0.216644 0.347068
vt 0.213242 0.350111
vt 0.389178 0.372967
vt 0.379023 0.387669
vt 0.379023 0.356916
vt 0.390361 0.190616
vt 0.405592 0.233109
vt 0.323783 0.168260
vt 0.317277 0.174706
vt 0.399609 0.351275
vt 0.383068 0.350111
vt 0.396003 0.343844
vt 0.325412 0.907501
vt 0.330657 0.888344
vt 0.330656 0.907554
vt 0.414597 0.323023
vt 0.402506 0.340582
vt 0.414597 0.370912
vt 0.414597 0.351189
vt 0.785348 0.941747
vt 0.790567 0.890090
vt 0.790597 0.941782
vt 0.181712 0.323023
vt 0.193803 0.340582
vt 0.181712 0.351189
vt 0.376886 0.105480
vt 0.388049 0.047023
vt 0.398654 0.043856
vt 0.398654 0.047023
vt 0.379559 0.032317
vt 0.389500 0.027254
vt 0.390836 0.032213
vt 0.392321 0.026577
vt 0.403208 0.038662
vt 0.170873 0.087041
vt 0.261410 0.931201
vt 0.256172 0.922711
vt 0.261421 0.922711
vt 0.256162 0.931201
vt 0.261378 0.939113
vt 0.256130 0.939113
vt 0.261327 0.945907
vt 0.527176 0.943197
vt 0.522117 0.951018
vt 0.521932 0.943219
vt 0.527456 0.959445
vt 0.522212 0.959467
vt 0.522212 0.967990
vt 0.527456 0.967967
vt 0.522117 0.976006
vt 0.527360 0.975984
vt 0.521932 0.982969
vt 0.610275 0.893815
vt 0.605313 0.899940
vt 0.605032 0.893818
vt 0.610556 0.899937
vt 0.605512 0.907403
vt 0.610755 0.907400
vt 0.605615 0.915699
vt 0.610858 0.915696
vt 0.605615 0.924262
vt 0.610858 0.924260
vt 0.605512 0.932509
vt 0.610755 0.932506
vt 0.605313 0.939878
vt 0.610556 0.939875
vt 0.605032 0.945866
vt 0.944545 0.786346
vt 0.950018 0.791835
vt 0.944774 0.791783
vt 0.949789 0.786398
vt 0.944401 0.779382
vt 0.949644 0.779434
vt 0.944352 0.771365
vt 0.944401 0.762843
vt 0.949595 0.771418
vt 0.949644 0.762895
vt 0.944545 0.754395
vt 0.949789 0.754447
vt 0.944774 0.746597
vt 0.261378 0.906309
vt 0.256079 0.899514
vt 0.261327 0.899514
vt 0.256130 0.906309
vt 0.261410 0.914220
vt 0.256162 0.914220
vt 0.347336 0.442552
vt 0.359488 0.458145
vt 0.313926 0.431840
vt 0.324140 0.419356
vt 0.306877 0.405535
vt 0.287640 0.419151
vt 0.268893 0.427267
vt 0.272170 0.419356
vt 0.263679 0.434062
vt 0.274023 0.442736
vt 0.250438 0.456353
vt 0.946334 0.307745
vt 0.941096 0.299255
vt 0.946345 0.299255
vt 0.946302 0.315657
vt 0.941085 0.307745
vt 0.946251 0.322451
vt 0.941053 0.315657
vt 0.972707 0.804550
vt 0.967647 0.812371
vt 0.967463 0.804572
vt 0.972891 0.812349
vt 0.967743 0.820820
vt 0.972986 0.820798
vt 0.967743 0.829343
vt 0.972986 0.829320
vt 0.967647 0.837359
vt 0.972891 0.837337
vt 0.967463 0.844322
vt 0.656817 0.893815
vt 0.651855 0.899940
vt 0.651574 0.893818
vt 0.657297 0.907400
vt 0.652053 0.907403
vt 0.657399 0.915696
vt 0.652156 0.915699
vt 0.652156 0.924262
vt 0.657399 0.924259
vt 0.652053 0.932509
vt 0.657297 0.932506
vt 0.651855 0.939878
vt 0.657098 0.939875
vt 0.651574 0.945866
vt 0.941196 0.442328
vt 0.946669 0.447817
vt 0.941425 0.447765
vt 0.941052 0.435364
vt 0.946440 0.442380
vt 0.946295 0.435416
vt 0.941003 0.427347
vt 0.946246 0.427400
vt 0.941052 0.418825
vt 0.946295 0.418877
vt 0.941196 0.410377
vt 0.946440 0.410429
vt 0.941425 0.402579
vt 0.946302 0.282853
vt 0.941003 0.276059
vt 0.946251 0.276059
vt 0.941053 0.282853
vt 0.946334 0.290764
vt 0.941085 0.290764
vt 0.333166 0.032317
vt 0.333183 0.015771
vt 0.339960 0.027103
vt 0.248438 0.087200
vt 0.266789 0.102675
vt 0.216751 0.078709
vt 0.206267 0.081649
vt 0.197655 0.071915
vt 0.231457 0.023826
vt 0.236822 0.008722
vt 0.239947 0.022708
vt 0.240483 0.443670
vt 0.236822 0.458145
vt 0.289432 0.405535
vt 0.272170 0.402375
vt 0.289432 0.402375
vt 0.324140 0.402375
vt 0.306877 0.402375
vt 0.195912 0.458145
vt 0.400397 0.458145
vt 0.384236 0.427267
vt 0.416145 0.458145
vt 0.208796 0.402375
vt 0.181009 0.399162
vt 0.181469 0.394631
vt 0.406140 0.373834
vt 0.414959 0.374581
vt 0.403139 0.392127
vt 0.174251 0.388768
vt 0.174321 0.373077
vt 0.176605 0.375971
vt 0.181712 0.370912
vt 0.399825 0.345146
vt 0.401264 0.344424
vt 0.156996 0.346039
vt 0.387513 0.402375
vt 0.207132 0.372967
vt 0.193170 0.392127
vt 0.439313 0.346039
vt 0.169575 0.303419
vt 0.176426 0.317846
vt 0.174061 0.320688
vt 0.963495 0.120238
vt 0.968742 0.081832
vt 0.968739 0.120291
vt 0.968296 0.232878
vt 0.963086 0.192853
vt 0.968329 0.192805
vt 0.412609 0.423221
vt 0.416145 0.427343
vt 0.836177 0.888130
vt 0.831633 0.918430
vt 0.830933 0.888171
vt 0.217287 0.387669
vt 0.217287 0.356916
vt 0.208796 0.419356
vt 0.179411 0.420269
vt 0.387513 0.419356
vt 0.415301 0.399162
vt 0.217287 0.434062
vt 0.212256 0.458145
vt 0.384054 0.458145
vt 0.379023 0.434062
vt 0.261322 0.882070
vt 0.256262 0.866454
vt 0.261505 0.866481
vt 0.224081 0.439275
vt 0.226685 0.458145
vt 0.369625 0.458145
vt 0.372229 0.439275
vt 0.256452 0.850276
vt 0.261695 0.850303
vt 0.364317 0.442552
vt 0.256620 0.835993
vt 0.231993 0.442552
vt 0.544652 0.888449
vt 0.549903 0.896938
vt 0.544654 0.896940
vt 0.268893 0.394463
vt 0.327417 0.394463
vt 0.306877 0.357919
vt 0.549905 0.905429
vt 0.544656 0.905430
vt 0.231993 0.356916
vt 0.240483 0.378061
vt 0.231993 0.379178
vt 0.355827 0.378061
vt 0.364317 0.356916
vt 0.364317 0.379178
vt 0.549907 0.913341
vt 0.544658 0.913342
vt 0.224081 0.356916
vt 0.224081 0.382456
vt 0.372229 0.356916
vt 0.372229 0.382456
vt 0.544660 0.920136
vt 0.549908 0.920135
vt 0.323901 0.359598
vt 0.339424 0.356916
vt 0.339424 0.382456
vt 0.248973 0.356916
vt 0.240483 0.356916
vt 0.347336 0.356916
vt 0.355827 0.356916
vt 0.320263 0.357090
vt 0.256885 0.356916
vt 0.248973 0.379178
vt 0.544650 0.880537
vt 0.549900 0.888448
vt 0.347336 0.379178
vt 0.273243 0.314621
vt 0.289432 0.314621
vt 0.323067 0.314621
vt 0.306877 0.314621
vt 0.256885 0.382456
vt 0.265784 0.298488
vt 0.504487 0.920174
vt 0.499234 0.868226
vt 0.504477 0.868190
vt 0.289432 0.174610
vt 0.272526 0.168260
vt 0.272526 0.112251
vt 0.398013 0.344946
vt 0.425717 0.299517
vt 0.426516 0.298048
vt 0.836083 0.939215
vt 0.830839 0.939256
vt 0.266020 0.174766
vt 0.270029 0.185284
vt 0.263949 0.190131
vt 0.404756 0.165475
vt 0.416219 0.179833
vt 0.161479 0.057658
vt 0.172768 0.080588
vt 0.268357 0.039111
vt 0.274023 0.024132
vt 0.282384 0.035028
vt 0.256350 0.083923
vt 0.272297 0.096417
vt 0.175486 0.190744
vt 0.271634 0.064003
vt 0.289432 0.061333
vt 0.289432 0.064003
vt 0.306877 0.078156
vt 0.306877 0.064003
vt 0.917490 0.115226
vt 0.917432 0.129011
vt 0.308670 0.047717
vt 0.324675 0.047023
vt 0.272752 0.055513
vt 0.287640 0.047717
vt 0.313926 0.035028
vt 0.327953 0.039111
vt 0.271634 0.047023
vt 0.322287 0.024132
vt 0.263144 0.032317
vt 0.263127 0.015771
vt 0.347872 0.023826
vt 0.345871 0.010515
vt 0.356362 0.022708
vt 0.359488 0.008722
vt 0.248438 0.023826
vt 0.256350 0.027103
vt 0.238618 0.886955
vt 0.250438 0.010515
vt 0.379559 0.078709
vt 0.390043 0.081649
vt 0.211538 0.039111
vt 0.205473 0.032213
vt 0.216751 0.032317
vt 0.231457 0.008722
vt 0.407038 0.103177
vt 0.398515 0.097175
vt 0.894728 0.216048
vt 0.899977 0.216048
vt 0.364853 0.023826
vt 0.364853 0.008722
vt 0.390829 0.008722
vt 0.223545 0.027103
vt 0.392321 0.016066
vt 0.390829 0.014583
vt 0.894728 0.208136
vt 0.031668 0.944007
vt 0.036917 0.977596
vt 0.031668 0.977596
vt 0.059860 0.868904
vt 0.054616 0.894156
vt 0.054616 0.868852
vt 0.384772 0.071915
vt 0.398654 0.071915
vt 0.453653 0.948942
vt 0.458880 0.977747
vt 0.453632 0.977775
vt 0.476490 0.979975
vt 0.481639 0.949017
vt 0.481732 0.980066
vt 0.388049 0.064003
vt 0.211538 0.071915
vt 0.389167 0.055513
vt 0.398654 0.064003
vt 0.967463 0.866853
vt 0.972707 0.874611
vt 0.967463 0.874559
vt 0.208261 0.064003
vt 0.197655 0.064003
vt 0.398654 0.055513
vt 0.972707 0.882881
vt 0.967463 0.882828
vt 0.207143 0.055513
vt 0.197655 0.055513
vt 0.967463 0.891098
vt 0.972706 0.894234
vt 0.967463 0.894182
vt 0.972706 0.891150
vt 0.813394 0.936235
vt 0.808151 0.936270
vt 0.223545 0.083923
vt 0.330526 0.298488
vt 0.330899 0.310692
vt 0.328479 0.309365
vt 0.272859 0.311887
vt 0.077515 0.861137
vt 0.082742 0.863842
vt 0.077501 0.863721
vt 0.082810 0.859063
vt 0.082757 0.861258
vt 0.077656 0.857352
vt 0.077569 0.858943
vt 0.963512 0.122814
vt 0.968804 0.124460
vt 0.963561 0.124407
vt 0.968755 0.122867
vt 0.379666 0.347068
vt 0.211528 0.352857
vt 0.082898 0.921083
vt 0.077626 0.917163
vt 0.082868 0.917283
vt 0.328434 0.963090
vt 0.330719 0.957944
vt 0.330719 0.963188
vt 0.326280 0.963075
vt 0.328434 0.957846
vt 0.544656 0.923768
vt 0.549891 0.925751
vt 0.544643 0.925753
vt 0.549904 0.923767
vt 0.402188 0.342852
vt 0.196484 0.345146
vt 0.195045 0.344424
vt 0.785322 0.888045
vt 0.785319 0.890054
vt 0.785332 0.886232
vt 0.790570 0.888080
vt 0.785348 0.884793
vt 0.790580 0.886267
vt 0.968317 0.190522
vt 0.963034 0.188829
vt 0.968278 0.188781
vt 0.963074 0.190570
vt 0.306877 0.296780
vt 0.322482 0.280181
vt 0.328623 0.280343
vt 0.255419 0.298282
vt 0.265411 0.310692
vt 0.256055 0.300198
vt 0.697694 0.962043
vt 0.702875 0.965250
vt 0.697632 0.965302
vt 0.697694 0.959425
vt 0.702937 0.961991
vt 0.697632 0.957704
vt 0.702937 0.959373
vt 0.499225 0.924018
vt 0.504411 0.926172
vt 0.499168 0.926208
vt 0.499244 0.920210
vt 0.504468 0.923982
vt 0.323067 0.354107
vt 0.323443 0.355511
vt 0.271838 0.356540
vt 0.270433 0.356916
vt 0.417751 0.316624
vt 0.416058 0.317140
vt 0.170517 0.301368
vt 0.178559 0.316624
vt 0.544643 0.865585
vt 0.549895 0.866988
vt 0.544647 0.866989
vt 0.968759 0.080379
vt 0.963561 0.079092
vt 0.968804 0.079145
vt 0.963515 0.080326
vt 0.499216 0.866782
vt 0.499168 0.865619
vt 0.504459 0.866746
vt 0.963052 0.232926
vt 0.968278 0.234161
vt 0.963034 0.234209
vt 0.549899 0.880536
vt 0.271358 0.188137
vt 0.269550 0.277711
vt 0.268888 0.275242
vt 0.324952 0.279519
vt 0.332361 0.190131
vt 0.327421 0.192414
vt 0.326760 0.189945
vt 0.325529 0.779346
vt 0.325452 0.777176
vt 0.330773 0.779298
vt 0.059864 0.965635
vt 0.054616 0.965637
vt 0.940696 0.153350
vt 0.945955 0.155884
vt 0.940712 0.155888
vt 0.940623 0.151304
vt 0.945939 0.153345
vt 0.325483 0.862573
vt 0.330696 0.864781
vt 0.325452 0.864829
vt 0.945866 0.171332
vt 0.940623 0.171336
vt 0.189558 0.200147
vt 0.190717 0.259089
vt 0.189558 0.264918
vt 0.186256 0.269859
vt 0.181315 0.273161
vt 0.420824 0.274320
vt 0.414995 0.273161
vt 0.390363 0.274560
vt 0.410053 0.269859
vt 0.406752 0.264918
vt 0.405592 0.259089
vt 0.420824 0.190744
vt 0.414995 0.191903
vt 0.054667 0.862912
vt 0.060056 0.857404
vt 0.059911 0.862965
vt 0.187964 0.928221
vt 0.193180 0.923279
vt 0.193212 0.928221
vt 0.187920 0.917451
vt 0.187931 0.923279
vt 0.137577 0.924235
vt 0.132389 0.918663
vt 0.137632 0.918628
vt 0.132179 0.928695
vt 0.132334 0.924269
vt 0.054812 0.930063
vt 0.059911 0.926050
vt 0.060056 0.930116
vt 0.054667 0.925998
vt 0.369513 0.108998
vt 0.370385 0.112251
vt 0.369513 0.171513
vt 0.226796 0.171513
vt 0.222264 0.176570
vt 0.367132 0.173895
vt 0.363878 0.174766
vt 0.232431 0.105744
vt 0.229178 0.106616
vt 0.229178 0.173895
vt 0.269273 0.173895
vt 0.324655 0.171513
vt 0.327037 0.106616
vt 0.279033 0.105684
vt 0.271655 0.108998
vt 0.408022 0.868442
vt 0.413233 0.871852
vt 0.408122 0.865583
vt 0.413265 0.868486
vt 0.036925 0.980849
vt 0.031677 0.980849
vt 0.031677 0.940754
vt 0.036917 0.944007
vt 0.436154 0.868442
vt 0.430811 0.865627
vt 0.436054 0.865583
vt 0.430911 0.868486
vt 0.436054 0.929331
vt 0.969469 0.342590
vt 0.964114 0.339931
vt 0.969357 0.339896
vt 0.969509 0.345934
vt 0.964226 0.342625
vt 0.413366 0.929375
vt 0.964226 0.382317
vt 0.969357 0.384304
vt 0.964114 0.384339
vt 0.969469 0.382283
vt 0.940623 0.056636
vt 0.945866 0.014790
vt 0.945866 0.056689
vt 0.391266 0.026140
vt 0.205044 0.016510
vt 0.206810 0.027254
vt 0.205044 0.026140
vt 0.391266 0.016510
vt 0.836102 0.966133
vt 0.830839 0.965150
vt 0.836083 0.965202
vt 0.233375 0.886990
vt 0.238598 0.887937
vt 0.233355 0.887971
vt 0.215905 0.888006
vt 0.210661 0.889061
vt 0.836083 0.957880
vt 0.830858 0.956701
vt 0.836102 0.956753
vt 0.830839 0.957827
vt 0.399213 0.074853
vt 0.185914 0.080513
vt 0.190312 0.075876
vt 0.193122 0.076996
vt 0.400815 0.039057
vt 0.390298 0.037542
vt 0.399216 0.040881
vt 0.967488 0.863865
vt 0.972707 0.866905
vt 0.967558 0.861767
vt 0.972731 0.863917
vt 0.458897 0.946103
vt 0.453632 0.943750
vt 0.458880 0.943721
vt 0.458901 0.948913
vt 0.453649 0.946132
vt 0.972731 0.897004
vt 0.972802 0.898419
vt 0.967488 0.896952
vt 0.481658 0.946068
vt 0.476490 0.943664
vt 0.481732 0.943755
vt 0.476396 0.948926
vt 0.476416 0.945976
vt 0.399071 0.154162
vt 0.399677 0.157211
vt 0.403989 0.103783
vt 0.197239 0.111144
vt 0.196632 0.108095
vt 0.192320 0.161522
vt 0.189272 0.162129
vt 0.745134 0.939473
vt 0.745151 0.942058
vt 0.739886 0.939473
vt 0.945893 0.011683
vt 0.940725 0.008722
vt 0.945969 0.008775
vt 0.940649 0.011631
vt 0.945893 0.059521
vt 0.945969 0.061647
vt 0.940649 0.059469
vt 0.808123 0.939203
vt 0.813285 0.941483
vt 0.808042 0.941517
vt 0.813366 0.939168
vt 0.410396 0.080513
vt 0.421024 0.082583
vt 0.174068 0.086726
vt 0.285205 0.937274
vt 0.285214 0.939174
vt 0.279956 0.937274
vt 0.388191 0.873294
vt 0.389676 0.868054
vt 0.389676 0.873298
vt 0.386689 0.873358
vt 0.388191 0.868050
vt 0.348338 0.942432
vt 0.353488 0.944607
vt 0.348245 0.944642
vt 0.353581 0.942398
vt 0.388631 0.410865
vt 0.414840 0.394631
vt 0.476480 0.923405
vt 0.178376 0.424245
vt 0.181338 0.319345
vt 0.325429 0.884636
vt 0.325413 0.888292
vt 0.325476 0.882274
vt 0.330673 0.884688
vt 0.388324 0.799886
vt 0.386689 0.805139
vt 0.386689 0.799891
vt 0.390385 0.799899
vt 0.388324 0.805135
vt 0.830839 0.884835
vt 0.836083 0.884793
vt 0.330671 0.938484
vt 0.325411 0.934934
vt 0.330655 0.934987
vt 0.330719 0.940386
vt 0.325428 0.938432
vt 0.307965 0.957928
vt 0.302659 0.959433
vt 0.302723 0.957831
vt 0.307901 0.959529
vt 0.302659 0.961717
vt 0.307901 0.961814
vt 0.302723 0.964462
vt 0.414972 0.319345
vt 0.168199 0.297105
vt 0.169794 0.298048
vt 0.903669 0.966227
vt 0.898441 0.964097
vt 0.903684 0.964062
vt 0.903624 0.967672
vt 0.898426 0.966262
vt 0.969420 0.403828
vt 0.964114 0.402644
vt 0.969357 0.402579
vt 0.969458 0.405647
vt 0.964177 0.403893
vt 0.964214 0.405712
vt 0.169331 0.395711
vt 0.425168 0.392357
vt 0.187934 0.949339
vt 0.188003 0.947317
vt 0.193174 0.949536
vt 0.188115 0.945666
vt 0.193243 0.947514
vt 0.967463 0.784578
vt 0.972716 0.787105
vt 0.967467 0.787105
vt 0.972711 0.784578
vt 0.417933 0.424245
vt 0.183700 0.423221
vt 0.179685 0.425554
vt 0.481701 0.925073
vt 0.481723 0.923370
vt 0.481639 0.926185
vt 0.476458 0.925108
vt 0.407989 0.976821
vt 0.413253 0.978510
vt 0.408009 0.978454
vt 0.413253 0.946875
vt 0.413233 0.976876
vt 0.194122 0.342852
vt 0.419884 0.317846
vt 0.249124 0.296629
vt 0.347185 0.296629
vt 0.416624 0.425554
vt 0.401102 0.297005
vt 0.165966 0.296780
vt 0.175486 0.274320
vt 0.430344 0.296780
vt 0.195208 0.297005
vt 0.429506 0.396183
vt 0.271358 0.279519
vt 0.326760 0.277711
vt 0.196613 0.296629
vt 0.399697 0.296629
vt 0.340891 0.298282
vt 0.340255 0.300198
vt 0.344312 0.305286
vt 0.341434 0.302611
vt 0.253031 0.297053
vt 0.251998 0.305286
vt 0.254876 0.302611
vt 0.343279 0.297053
vt 0.326295 0.309124
vt 0.267831 0.309365
vt 0.031856 0.889765
vt 0.323450 0.311887
vt 0.271747 0.309993
vt 0.270014 0.309124
vt 0.324563 0.309993
vt 0.273243 0.354107
vt 0.276046 0.357090
vt 0.272866 0.355511
vt 0.324472 0.356540
vt 0.325876 0.356916
vt 0.180251 0.317140
vt 0.382655 0.356434
vt 0.384782 0.352857
vt 0.213654 0.356434
vt 0.384639 0.355035
vt 0.211670 0.355035
vt 0.170592 0.299517
vt 0.402130 0.298033
vt 0.428110 0.297105
vt 0.193168 0.917451
vt 0.422248 0.320688
vt 0.426735 0.303419
vt 0.232431 0.174766
vt 0.196632 0.157211
vt 0.401404 0.159795
vt 0.194905 0.159795
vt 0.403989 0.161522
vt 0.407038 0.162129
vt 0.181315 0.191903
vt 0.410053 0.195205
vt 0.406752 0.200147
vt 0.186256 0.195205
vt 0.405592 0.205976
vt 0.268888 0.192414
vt 0.269550 0.189945
vt 0.326280 0.185284
vt 0.324952 0.188137
vt 0.330290 0.174766
vt 0.271655 0.171513
vt 0.289432 0.187475
vt 0.327037 0.173895
vt 0.269273 0.106616
vt 0.266020 0.105744
vt 0.323783 0.112251
vt 0.317277 0.105684
vt 0.324655 0.108998
vt 0.219423 0.105480
vt 0.226796 0.108998
vt 0.225925 0.112251
vt 0.363878 0.105744
vt 0.368525 0.099509
vt 0.367132 0.106616
vt 0.391110 0.103501
vt 0.194905 0.105510
vt 0.192320 0.103783
vt 0.399071 0.111144
vt 0.399677 0.108095
vt 0.401404 0.105510
vt 0.189272 0.103177
vt 0.289432 0.105588
vt 0.306877 0.105588
vt 0.333166 0.078709
vt 0.327953 0.071915
vt 0.289432 0.078156
vt 0.268357 0.071915
vt 0.922788 0.102292
vt 0.922734 0.115196
vt 0.917544 0.102323
vt 0.263144 0.078709
vt 0.289432 0.091405
vt 0.306877 0.091405
vt 0.339960 0.083923
vt 0.205481 0.025085
vt 0.384772 0.039111
vt 0.203989 0.016066
vt 0.390829 0.017567
vt 0.206011 0.037542
vt 0.197094 0.040881
vt 0.195495 0.039057
vt 0.406031 0.039756
vt 0.195505 0.076637
vt 0.197096 0.074853
vt 0.403187 0.076996
vt 0.400805 0.076637
vt 0.405997 0.075876
vt 0.175285 0.082583
vt 0.176388 0.084381
vt 0.419922 0.084381
vt 0.420341 0.085809
vt 0.175968 0.085809
vt 0.422242 0.086726
vt 0.425437 0.087041
vt 0.190170 0.373834
vt 0.181351 0.374581
vt 0.416009 0.376762
vt 0.178665 0.377241
vt 0.419705 0.375971
vt 0.180301 0.376762
vt 0.417644 0.377241
vt 0.171142 0.392357
vt 0.170149 0.389985
vt 0.170855 0.394368
vt 0.426978 0.395711
vt 0.425455 0.394368
vt 0.332630 0.387669
vt 0.698755 0.008722
vt 0.624814 0.021115
vt 0.906393 0.467220
vt 0.876358 0.551408
vt 0.520903 0.740907
vt 0.717139 0.623568
vt 0.586441 0.475590
vt 0.209156 0.476946
vt 0.543683 0.600727
vt 0.013961 0.777128
vt 0.899817 0.276059
vt 0.940916 0.918955
vt 0.369242 0.817478
vt 0.075953 0.839907
vt 0.369242 0.789148
vt 0.192197 0.777377
vt 0.586441 0.733251
vt 0.991122 0.723709
vt 0.869010 0.024375
vt 0.838900 0.044833
vt 0.876358 0.643803
vt 0.871946 0.424537
vt 0.016015 0.732467
vt 0.049067 0.757828
vt 0.383251 0.732467
vt 0.350199 0.757829
vt 0.918319 0.276059
vt 0.875244 0.746597
vt 0.114735 0.807717
vt 0.132345 0.831059
vt 0.369244 0.834923
vt 0.132179 0.777128
vt 0.210657 0.906506
vt 0.369242 0.869499
vt 0.745149 0.701019
vt 0.857152 0.662707
vt 0.863021 0.230104
vt 0.279971 0.777205
vt 0.230249 0.977703
vt 0.739880 0.896230
vt 0.430939 0.946819
vt 0.279953 0.912283
vt 0.921129 0.901435
vt 0.008722 0.280181
vt 0.897928 0.746597
vt 0.587587 0.064003
vt 0.874836 0.968520
vt 0.922665 0.195050
vt 0.587587 0.187475
vt 0.894578 0.008722
vt 0.674844 0.893815
vt 0.944545 0.817078
vt 0.944774 0.854466
vt 0.371740 0.892721
vt 0.572597 0.979482
vt 0.567353 0.939755
vt 0.561834 0.434062
vt 0.567047 0.427267
vt 0.572178 0.442736
vt 0.561282 0.451097
vt 0.548593 0.456353
vt 0.538638 0.443670
vt 0.547128 0.442552
vt 0.585794 0.419151
vt 0.024867 0.410865
vt 0.029262 0.427267
vt 0.041269 0.439275
vt 0.035028 0.451097
vt 0.697631 0.893815
vt 0.941425 0.385082
vt 0.633546 0.945863
vt 0.628303 0.893817
vt 0.100343 0.938610
vt 0.066698 0.008722
vt 0.968720 0.011410
vt 0.285214 0.867871
vt 0.538638 0.356916
vt 0.521932 0.920135
vt 0.008722 0.064003
vt 0.898372 0.853071
vt 0.447232 0.103177
vt 0.529612 0.008722
vt 0.160535 0.952160
vt 0.495810 0.055513
vt 0.100499 0.055513
vt 0.813394 0.896445
vt 0.940795 0.083277
vt 0.940623 0.079316
vt 0.945861 0.131378
vt 0.549340 0.943197
vt 0.762596 0.884829
vt 0.674906 0.957653
vt 0.521949 0.865583
vt 0.458875 0.926242
vt 0.302763 0.777128
vt 0.949594 0.891297
vt 0.193212 0.853863
vt 0.132334 0.860442
vt 0.155077 0.927813
vt 0.100343 0.857396
vt 0.082758 0.978623
vt 0.922798 0.252572
vt 0.105587 0.921099
vt 0.945589 0.194796
vt 0.285197 0.965999
vt 0.008722 0.944119
vt 0.013966 0.979263
vt 0.739903 0.884793
vt 0.945487 0.241654
vt 0.279965 0.885392
vt 0.389676 0.845361
vt 0.354295 0.921095
vt 0.302659 0.882326
vt 0.386689 0.827853
vt 0.307902 0.940333
vt 0.388438 0.777128
vt 0.898381 0.926691
vt 0.898441 0.947378
vt 0.225009 0.945665
vt 0.967463 0.766851
vt 0.476396 0.865618
vt 0.137423 0.946140
vt 0.101542 0.296629
vt 0.261322 0.777155
vt 0.188115 0.977901
vt 0.059864 0.947560
vt 0.289432 0.280181
vt 0.923178 0.008722
vt 0.969357 0.443305
vt 0.430943 0.871852
vt 0.306877 0.187475
vt 0.894578 0.258614
vt 0.384236 0.394463
vt 0.256079 0.945907
vt 0.527360 0.950996
vt 0.527176 0.982947
vt 0.610275 0.945863
vt 0.950018 0.746650
vt 0.327417 0.427267
vt 0.332630 0.434062
vt 0.339424 0.439275
vt 0.333183 0.451097
vt 0.322287 0.442736
vt 0.345871 0.456353
vt 0.355827 0.443670
vt 0.323022 0.410865
vt 0.308670 0.419151
vt 0.273288 0.410865
vt 0.282384 0.431840
vt 0.248974 0.442552
vt 0.256885 0.439275
vt 0.263127 0.451097
vt 0.941003 0.322451
vt 0.972707 0.844300
vt 0.657098 0.899937
vt 0.656817 0.945863
vt 0.946669 0.402631
vt 0.207678 0.410865
vt 0.212073 0.394463
vt 0.963499 0.081780
vt 0.836876 0.918389
vt 0.256079 0.882043
vt 0.082898 0.857472
vt 0.077656 0.920963
vt 0.326280 0.957831
vt 0.790597 0.884829
vt 0.306877 0.280181
vt 0.702875 0.957652
vt 0.549891 0.865583
vt 0.504411 0.865583
vt 0.330696 0.777128
vt 0.945866 0.151300
vt 0.054812 0.857352
vt 0.137422 0.928660
vt 0.413366 0.865627
vt 0.036925 0.940754
vt 0.430811 0.929375
vt 0.408122 0.929331
vt 0.940623 0.014738
vt 0.830858 0.966081
vt 0.215910 0.889061
vt 0.972802 0.861819
vt 0.967558 0.898366
vt 0.739903 0.942058
vt 0.940725 0.061595
vt 0.279965 0.939174
vt 0.386689 0.868114
vt 0.330719 0.882326
vt 0.390385 0.805147
vt 0.325476 0.940333
vt 0.307965 0.964558
vt 0.898381 0.967707
vt 0.193355 0.945863
vt 0.476396 0.926219
vt 0.408009 0.946819
s 1
usemtl Aluminium_Plastic_4K
f 8/1/1 228/2/2 7/3/2
f 300/4/3 233/5/4 232/6/3
f 295/7/5 229/8/6 230/9/7
f 294/10/8 230/9/7 1/11/9
f 36/12/10 94/13/11 98/14/12
f 229/8/6 297/15/13 231/16/14
f 231/16/14 300/17/3 232/18/3
f 54/19/15 23/20/10 42/21/16
f 70/22/17 58/23/18 53/24/19
f 299/25/20 235/26/21 234/27/22
f 74/28/23 93/29/24 85/30/25
f 322/31/26 270/32/27 296/33/26
f 57/34/28 31/35/10 54/19/15
f 32/36/10 65/37/29 62/38/30
f 34/39/10 62/38/30 94/13/11
f 61/40/31 85/30/25 93/29/24
f 33/41/10 98/14/12 13/42/32
f 298/43/33 234/27/22 233/5/4
f 117/44/34 109/45/35 113/46/36
f 106/47/37 14/48/38 18/49/39
f 15/50/40 114/51/41 16/52/42
f 114/53/41 17/54/43 16/55/42
f 110/56/44 18/49/39 17/54/43
f 12/57/10 419/58/10 2/59/10
f 77/60/45 61/40/31 66/61/46
f 90/62/47 66/63/46 58/64/18
f 22/65/10 408/66/10 23/20/10
f 41/67/48 393/68/49 49/69/50
f 21/70/10 411/71/10 22/65/10
f 25/72/10 26/73/10 24/74/10
f 25/72/10 410/75/10 21/70/10
f 31/35/10 22/65/10 23/20/10
f 28/76/10 33/41/10 26/73/10
f 49/69/50 53/24/19 41/67/48
f 27/77/10 22/65/10 29/78/10
f 27/77/10 25/72/10 21/70/10
f 35/79/10 29/78/10 31/35/10
f 65/37/29 35/79/10 57/34/28
f 34/39/10 29/78/10 32/36/10
f 13/42/32 118/80/51 15/50/40
f 34/39/10 28/76/10 27/77/10
f 42/21/16 396/81/52 44/82/53
f 44/82/53 395/83/54 43/84/55
f 43/84/55 394/85/56 41/86/48
f 70/22/17 51/87/57 72/88/58
f 72/88/58 52/89/59 71/90/60
f 71/90/60 50/91/61 69/92/62
f 42/21/16 56/93/63 54/19/15
f 56/93/63 43/84/55 55/94/64
f 55/94/64 41/86/48 53/95/19
f 85/30/25 76/96/65 74/28/23
f 87/97/66 75/98/67 76/96/65
f 88/99/68 73/100/69 75/98/67
f 62/38/30 67/101/70 64/102/71
f 64/102/71 68/103/72 63/104/73
f 63/104/73 66/63/46 61/105/31
f 69/92/62 91/106/74 71/90/60
f 71/90/60 92/107/75 72/88/58
f 72/88/58 90/108/47 70/22/17
f 57/34/28 67/101/70 65/37/29
f 59/109/76 68/103/72 67/101/70
f 68/103/72 58/64/18 66/63/46
f 54/19/15 59/109/76 57/34/28
f 56/93/63 60/110/77 59/109/76
f 60/110/77 53/95/19 58/64/18
f 94/13/11 64/102/71 96/111/78
f 96/111/78 63/104/73 95/112/79
f 63/104/73 93/113/24 95/112/79
f 82/114/80 79/115/81 84/116/82
f 84/116/82 80/117/83 83/118/84
f 83/118/84 78/119/85 81/120/86
f 82/114/80 87/97/66 85/30/25
f 84/116/82 88/99/68 87/97/66
f 83/118/84 86/121/87 88/99/68
f 77/60/45 92/122/75 79/115/81
f 79/123/81 91/106/74 80/124/83
f 80/124/83 89/125/88 78/126/85
f 45/127/89 378/128/90 47/129/91
f 47/129/91 376/130/92 48/131/93
f 48/131/93 382/132/94 46/133/95
f 94/13/11 100/134/96 98/14/12
f 96/111/78 99/135/97 100/134/96
f 95/112/79 97/136/98 99/135/97
f 113/46/36 119/137/99 117/44/34
f 115/138/100 120/139/101 119/137/99
f 116/140/102 118/80/51 120/139/101
f 113/141/36 111/142/103 115/143/100
f 115/143/100 112/144/104 116/145/102
f 116/145/102 110/56/44 114/53/41
f 109/146/35 107/147/105 111/142/103
f 111/142/103 108/148/106 112/144/104
f 112/144/104 106/47/37 110/56/44
f 105/149/107 103/150/108 107/147/105
f 107/147/105 104/151/109 108/148/106
f 108/148/106 102/152/110 106/47/37
f 101/153/111 76/96/65 103/150/108
f 103/150/108 75/98/67 104/151/109
f 104/151/109 73/100/69 102/152/110
f 117/44/34 99/135/97 97/136/98
f 119/137/99 100/134/96 99/135/97
f 120/139/101 98/14/12 100/134/96
f 42/21/16 408/66/10 398/154/112
f 105/149/107 97/155/98 101/153/111
f 74/28/23 101/153/111 97/155/98
f 7/3/2 30/156/113 6/157/113
f 242/158/114 302/159/115 241/160/115
f 238/161/116 303/162/117 239/163/118
f 239/163/118 307/164/119 121/165/120
f 200/166/121 150/167/10 204/168/122
f 238/161/116 305/169/123 309/170/124
f 240/171/125 302/172/115 305/169/123
f 160/173/126 137/174/10 145/175/10
f 164/176/127 176/177/128 159/178/129
f 244/179/130 308/180/131 243/181/132
f 199/182/133 180/183/134 191/184/135
f 272/185/27 267/186/136 304/187/137
f 163/188/138 145/175/10 149/189/10
f 171/190/139 146/191/10 168/192/140
f 168/192/140 148/193/10 200/166/121
f 167/194/141 191/184/135 188/195/142
f 147/196/10 204/168/122 150/167/10
f 243/181/132 306/197/143 242/158/114
f 223/198/144 215/199/145 211/200/146
f 130/201/147 212/202/148 134/203/149
f 131/204/150 220/205/151 224/206/152
f 133/207/153 220/208/151 132/209/154
f 134/203/149 216/210/155 133/207/153
f 424/211/10 12/57/10 2/59/10
f 167/194/141 183/212/156 172/213/157
f 172/213/157 196/214/158 164/176/127
f 434/215/10 136/216/10 137/174/10
f 151/217/159 406/218/160 402/219/161
f 432/220/10 135/221/10 136/216/10
f 140/222/10 139/223/10 138/224/10
f 433/225/10 139/223/10 135/221/10
f 145/175/10 136/216/10 143/226/10
f 147/196/10 142/227/10 140/222/10
f 155/228/162 159/229/129 176/230/128
f 128/231/163 248/232/164 123/233/164
f 136/216/10 141/234/10 143/226/10
f 141/234/10 139/223/10 142/227/10
f 149/189/10 143/226/10 146/191/10
f 171/190/139 163/188/138 149/189/10
f 143/226/10 148/193/10 146/191/10
f 129/235/165 224/206/152 204/168/122
f 148/193/10 142/227/10 150/167/10
f 152/236/166 399/237/167 401/238/168
f 154/239/169 405/240/170 399/237/167
f 153/241/171 402/242/161 405/240/170
f 176/230/128 157/243/172 155/228/162
f 178/244/173 158/245/174 157/243/172
f 177/246/175 156/247/176 158/245/174
f 162/248/177 152/236/166 160/173/126
f 162/248/177 153/241/171 154/239/169
f 161/249/178 151/250/159 153/241/171
f 182/251/179 191/252/135 180/253/134
f 181/254/180 193/255/181 182/251/179
f 179/256/182 194/257/183 181/254/180
f 168/192/140 173/258/184 171/190/139
f 170/259/185 174/260/186 173/258/184
f 169/261/187 172/213/157 174/260/186
f 175/262/188 197/263/189 195/264/190
f 177/246/175 198/265/191 197/263/189
f 178/266/173 196/214/158 198/267/191
f 173/258/184 163/188/138 171/190/139
f 174/260/186 165/268/192 173/258/184
f 174/260/186 164/176/127 166/269/193
f 165/268/192 160/173/126 163/188/138
f 166/269/193 162/248/177 165/268/192
f 166/269/193 159/178/129 161/249/178
f 200/166/121 170/259/185 168/192/140
f 202/270/194 169/261/187 170/259/185
f 199/182/133 169/261/187 201/271/195
f 188/272/142 185/273/196 183/274/156
f 190/275/197 186/276/198 185/273/196
f 189/277/199 184/278/200 186/276/198
f 193/255/181 188/272/142 191/252/135
f 194/257/183 190/275/197 193/255/181
f 192/279/201 189/277/199 194/257/183
f 183/274/156 198/280/191 196/281/158
f 185/273/196 197/282/189 198/280/191
f 186/283/198 195/264/190 197/263/189
f 45/127/89 367/284/202 368/285/203
f 47/129/91 369/286/204 367/284/202
f 48/131/93 372/287/205 369/286/204
f 206/288/206 200/166/121 204/168/122
f 205/289/207 202/270/194 206/288/206
f 203/290/208 201/271/195 205/289/207
f 225/291/209 219/292/210 223/198/144
f 226/293/211 221/294/212 225/291/209
f 224/206/152 222/295/213 226/293/211
f 219/296/210 217/297/214 215/298/145
f 221/299/212 218/300/215 217/297/214
f 222/301/213 216/210/155 218/300/215
f 215/298/145 213/302/216 211/303/146
f 217/297/214 214/304/217 213/302/216
f 218/300/215 212/202/148 214/304/217
f 211/303/146 209/305/218 207/306/219
f 213/302/216 210/307/220 209/305/218
f 214/304/217 208/308/221 210/307/220
f 207/306/219 182/251/179 180/253/134
f 209/305/218 181/254/180 182/251/179
f 210/307/220 179/256/182 181/254/180
f 205/289/207 223/198/144 203/290/208
f 206/288/206 225/291/209 205/289/207
f 204/168/122 226/293/211 206/288/206
f 152/236/166 434/215/10 137/174/10
f 203/290/208 211/200/146 207/309/219
f 180/183/134 203/290/208 207/309/219
f 9/310/222 227/311/1 8/1/1
f 6/312/223 230/313/223 229/314/223
f 7/315/223 229/314/223 231/316/223
f 7/315/223 232/317/223 8/318/223
f 8/318/223 233/319/223 9/320/223
f 10/321/223 233/319/223 234/322/223
f 10/321/223 235/323/223 5/324/223
f 5/324/223 274/325/223 273/326/223
f 4/327/223 1/328/223 230/313/223
f 4/329/224 254/330/225 245/331/225
f 122/332/226 249/333/227 124/334/227
f 124/335/223 239/336/223 122/337/223
f 125/338/223 238/339/223 124/335/223
f 125/338/223 241/340/223 240/341/223
f 127/342/223 241/340/223 126/343/223
f 128/344/223 242/345/223 127/342/223
f 128/344/223 244/346/223 243/347/223
f 123/348/223 272/349/223 244/346/223
f 122/337/223 121/350/223 246/351/223
f 246/352/228 247/353/226 122/332/226
f 124/334/227 250/354/229 125/355/229
f 123/233/164 269/356/230 271/357/230
f 10/358/231 236/359/222 9/360/222
f 5/361/232 237/362/231 10/358/231
f 125/355/229 251/363/233 126/364/233
f 273/365/230 3/366/232 5/361/232
f 126/367/233 252/368/234 127/369/234
f 6/157/113 144/370/224 4/329/224
f 127/369/234 253/371/163 128/231/163
f 257/372/235 278/373/236 258/374/237
f 270/375/238 293/376/225 275/377/225
f 263/378/239 310/379/240 283/380/241
f 260/381/242 279/382/243 280/383/244
f 266/384/245 288/385/246 268/386/247
f 257/372/235 280/383/244 277/387/248
f 276/388/228 271/389/228 269/390/228
f 259/391/249 284/392/250 279/382/243
f 258/374/237 281/393/251 261/394/252
f 265/395/253 287/396/254 285/397/253
f 262/398/255 286/399/256 266/384/245
f 268/386/247 289/400/257 270/375/238
f 264/401/258 283/380/241 284/402/250
f 291/403/259 292/404/260 290/405/259
f 261/394/252 282/406/261 262/407/255
f 293/408/260 287/409/27 292/404/260
f 289/410/27 285/411/262 287/409/27
f 288/412/27 283/413/27 310/411/263
f 282/414/27 283/413/27 286/415/27
f 282/414/27 279/416/27 284/417/27
f 281/418/27 280/419/27 279/416/27
f 277/420/27 280/419/27 278/421/27
f 276/388/228 269/390/228 287/396/254
f 256/422/225 273/423/225 274/424/225
f 269/390/228 290/425/228 292/426/228
f 275/377/225 291/427/225 273/423/225
f 296/33/26 256/428/260 274/429/264
f 299/25/20 324/430/33 325/431/20
f 296/33/26 325/431/20 322/31/26
f 301/432/265 323/433/13 297/15/13
f 298/43/33 326/434/3 324/430/33
f 297/15/13 326/435/3 300/17/3
f 301/432/265 320/436/266 321/437/265
f 295/7/5 319/438/267 320/436/266
f 308/180/131 317/439/143 306/197/143
f 304/187/137 313/440/131 308/180/131
f 309/170/124 316/441/123 314/442/124
f 306/197/143 315/443/115 302/159/115
f 305/169/123 315/444/115 316/441/123
f 267/186/136 312/445/137 304/187/137
f 309/170/124 311/446/268 303/162/117
f 303/162/117 318/447/269 307/164/119
f 265/448/27 338/449/137 312/445/137
f 314/442/124 337/450/270 311/446/268
f 311/446/268 341/451/271 318/447/269
f 313/440/131 340/452/143 317/439/143
f 312/445/137 342/453/131 313/440/131
f 314/442/124 339/454/123 335/455/124
f 317/439/143 336/456/115 315/443/115
f 310/457/10 265/457/10 285/457/10
f 316/441/123 336/458/115 339/454/123
f 323/433/13 327/459/3 326/435/3
f 325/431/20 331/460/33 332/461/20
f 321/437/265 328/462/272 329/463/265
f 322/31/26 332/461/20 333/464/26
f 320/436/266 334/465/273 328/462/272
f 321/437/265 330/466/13 323/433/13
f 268/467/27 333/464/26 266/468/27
f 324/430/33 327/469/3 331/460/33
f 329/463/265 344/470/274 345/471/265
f 331/460/33 350/472/3 348/473/33
f 333/464/26 349/474/20 346/475/26
f 328/462/272 343/476/275 344/470/274
f 330/466/13 350/477/3 327/459/3
f 329/463/265 347/478/13 330/466/13
f 332/461/20 348/473/33 349/474/20
f 266/468/27 346/475/26 262/479/27
f 337/450/270 356/480/271 341/451/271
f 342/453/131 355/481/143 340/452/143
f 339/454/123 351/482/115 354/483/123
f 338/449/137 358/484/131 342/453/131
f 263/485/27 353/486/137 338/449/137
f 335/455/124 354/483/123 357/487/124
f 335/455/124 352/488/276 337/450/270
f 340/452/143 351/489/115 336/456/115
f 343/476/275 102/152/110 73/100/69
f 350/477/3 81/120/86 78/119/85
f 344/470/274 86/121/87 345/471/265
f 345/471/265 81/120/86 347/478/13
f 348/473/33 78/126/85 89/125/88
f 349/474/20 89/125/88 69/92/62
f 346/475/26 69/92/62 50/91/61
f 262/479/27 50/91/61 391/490/277
f 264/491/27 156/247/176 353/486/137
f 352/488/276 208/308/221 130/201/147
f 357/487/124 187/492/278 192/279/201
f 358/484/131 195/264/190 355/481/143
f 352/488/276 192/279/201 179/256/182
f 351/482/115 187/492/278 354/483/123
f 355/481/143 184/493/200 351/489/115
f 353/486/137 175/262/188 358/484/131
f 362/494/161 372/287/205 371/495/279
f 364/496/203 403/497/280 404/498/203
f 360/499/167 373/500/281 366/501/281
f 359/502/280 400/503/282 403/497/280
f 364/496/203 260/504/27 368/285/203
f 365/505/170 374/506/283 360/499/167
f 361/507/204 406/218/160 400/503/282
f 362/508/161 370/509/170 365/505/170
f 368/285/203 257/510/27 45/127/89
f 368/285/203 359/502/280 364/496/203
f 371/495/279 46/133/95 37/511/284
f 370/509/170 40/512/285 374/506/283
f 367/284/202 361/507/204 359/502/280
f 369/286/204 363/513/286 361/507/204
f 374/506/283 38/514/287 373/500/281
f 371/515/279 39/516/288 370/509/170
f 377/517/277 385/518/289 378/128/90
f 379/519/290 46/133/95 382/132/94
f 377/517/277 257/510/27 258/520/27
f 381/521/291 38/514/287 40/512/285
f 378/128/90 390/522/92 376/130/92
f 380/523/54 40/512/285 39/516/288
f 376/130/92 389/524/292 382/132/94
f 379/525/290 39/516/288 37/526/284
f 390/522/92 393/68/49 389/524/292
f 386/527/56 382/132/94 389/524/292
f 383/528/277 258/520/27 261/529/27
f 388/530/52 375/531/281 381/521/291
f 384/532/54 381/521/291 380/523/54
f 385/518/289 397/533/293 390/522/92
f 383/528/277 392/534/289 385/518/289
f 386/535/56 380/523/54 379/525/290
f 394/536/56 389/524/292 393/68/49
f 395/83/54 388/530/52 384/532/54
f 396/81/52 387/537/281 388/530/52
f 397/533/293 49/69/50 393/68/49
f 392/534/289 51/87/57 397/533/293
f 391/490/277 261/529/27 262/479/27
f 391/490/277 52/89/59 392/534/289
f 394/85/56 384/532/54 386/535/56
f 403/497/280 157/243/172 158/245/174
f 402/219/161 363/513/286 362/494/161
f 400/503/282 155/228/162 157/243/172
f 404/498/203 158/245/174 156/247/176
f 404/498/203 259/538/27 364/496/203
f 405/240/170 360/499/167 399/237/167
f 399/237/167 366/501/281 401/238/168
f 402/242/161 365/505/170 405/240/170
f 411/71/10 413/539/10 408/66/10
f 407/540/10 24/74/10 409/541/10
f 410/75/10 416/542/10 411/71/10
f 398/154/112 413/539/10 387/537/281
f 407/540/10 415/543/10 410/75/10
f 415/543/10 421/544/10 416/542/10
f 412/545/10 409/541/10 414/546/10
f 387/537/281 418/547/10 375/531/281
f 412/545/10 420/548/10 415/543/10
f 416/542/10 418/547/10 413/539/10
f 417/549/10 414/546/10 419/58/10
f 375/531/281 20/550/10 38/514/287
f 417/549/10 11/551/10 420/548/10
f 421/544/10 20/550/10 418/547/10
f 420/548/10 19/552/10 421/544/10
f 424/211/10 428/553/10 423/554/10
f 425/555/10 11/551/10 426/556/10
f 373/500/281 20/550/10 422/557/10
f 426/556/10 12/57/10 423/554/10
f 422/557/10 19/552/10 425/555/10
f 429/558/10 435/559/10 428/553/10
f 430/560/10 426/556/10 427/561/10
f 366/501/281 422/557/10 431/562/10
f 427/561/10 423/554/10 428/553/10
f 431/562/10 425/555/10 430/560/10
f 436/563/10 139/223/10 435/559/10
f 432/220/10 427/561/10 433/225/10
f 401/238/168 431/562/10 434/215/10
f 433/225/10 428/553/10 435/559/10
f 434/215/10 430/560/10 432/220/10
f 643/564/294 442/565/295 441/566/294
f 648/567/296 710/568/297 647/569/297
f 644/570/298 705/571/299 645/572/300
f 645/572/300 294/10/8 1/11/9
f 519/573/301 461/574/10 523/575/302
f 644/570/298 707/576/303 711/577/304
f 646/578/305 710/579/297 707/576/303
f 479/580/306 451/581/10 457/582/10
f 483/583/307 495/584/308 478/585/309
f 650/586/310 709/587/311 649/588/312
f 518/589/313 499/590/314 510/591/315
f 681/592/316 729/593/317 706/594/317
f 482/595/318 457/582/10 460/596/10
f 490/597/319 458/598/10 487/599/320
f 487/599/320 459/600/10 519/573/301
f 486/601/321 510/591/315 507/602/322
f 33/41/10 523/575/302 461/574/10
f 649/588/312 708/603/323 648/567/296
f 542/604/324 534/605/325 530/606/326
f 14/48/38 531/607/327 18/49/39
f 15/50/40 539/608/328 543/609/329
f 17/54/43 539/610/328 16/55/42
f 18/49/39 535/611/330 17/54/43
f 419/58/10 446/612/10 2/59/10
f 486/601/321 502/613/331 491/614/332
f 491/615/332 515/616/333 483/617/307
f 811/618/10 450/619/10 451/581/10
f 466/620/334 796/621/335 797/622/336
f 813/623/10 449/624/10 450/619/10
f 26/73/10 452/625/10 24/74/10
f 812/626/10 452/625/10 449/624/10
f 457/582/10 450/619/10 455/627/10
f 33/41/10 454/628/10 26/73/10
f 474/629/337 478/585/309 495/584/308
f 450/619/10 453/630/10 455/627/10
f 453/630/10 452/625/10 454/628/10
f 460/596/10 455/627/10 458/598/10
f 490/597/319 482/595/318 460/596/10
f 455/627/10 459/600/10 458/598/10
f 13/42/32 543/609/329 523/575/302
f 459/600/10 454/628/10 461/574/10
f 467/631/338 799/632/339 801/633/340
f 469/634/341 798/635/342 799/632/339
f 468/636/343 797/637/336 798/635/342
f 495/584/308 476/638/344 474/629/337
f 497/639/345 477/640/346 476/638/344
f 496/641/347 475/642/348 477/640/346
f 481/643/349 467/631/338 479/580/306
f 481/643/349 468/636/343 469/634/341
f 480/644/350 466/645/334 468/636/343
f 501/646/351 510/591/315 499/590/314
f 500/647/352 512/648/353 501/646/351
f 498/649/354 513/650/355 500/647/352
f 487/599/320 492/651/356 490/597/319
f 489/652/357 493/653/358 492/651/356
f 488/654/359 491/615/332 493/653/358
f 494/655/360 516/656/361 514/657/362
f 496/641/347 517/658/363 516/656/361
f 497/639/345 515/659/333 517/658/363
f 492/651/356 482/595/318 490/597/319
f 493/653/358 484/660/364 492/651/356
f 493/653/358 483/617/307 485/661/365
f 484/660/364 479/580/306 482/595/318
f 485/661/365 481/643/349 484/660/364
f 485/661/365 478/662/309 480/644/350
f 519/573/301 489/652/357 487/599/320
f 521/663/366 488/654/359 489/652/357
f 518/664/313 488/654/359 520/665/367
f 507/602/322 504/666/368 502/613/331
f 509/667/369 505/668/370 504/666/368
f 508/669/371 503/670/372 505/668/370
f 512/648/353 507/602/322 510/591/315
f 513/650/355 509/667/369 512/648/353
f 511/671/373 508/669/371 513/650/355
f 502/613/331 517/672/363 515/673/333
f 504/674/368 516/656/361 517/658/363
f 505/675/370 514/657/362 516/656/361
f 470/676/374 781/677/375 780/678/376
f 472/679/377 779/680/378 781/677/375
f 473/681/379 785/682/380 779/680/378
f 525/683/381 519/573/301 523/575/302
f 524/684/382 521/663/366 525/683/381
f 522/685/383 520/665/367 524/684/382
f 544/686/384 538/687/385 542/604/324
f 545/688/386 540/689/387 544/686/384
f 543/609/329 541/690/388 545/688/386
f 538/691/385 536/692/389 534/693/325
f 540/694/387 537/695/390 536/692/389
f 541/696/388 535/611/330 537/695/390
f 534/693/325 532/697/391 530/698/326
f 536/692/389 533/699/392 532/697/391
f 537/695/390 531/607/327 533/699/392
f 530/698/326 528/700/393 526/701/394
f 532/697/391 529/702/395 528/700/393
f 533/699/392 527/703/396 529/702/395
f 526/701/394 501/646/351 499/590/314
f 528/700/393 500/647/352 501/646/351
f 529/702/395 498/649/354 500/647/352
f 524/684/382 542/604/324 522/685/383
f 525/683/381 544/686/384 524/684/382
f 523/575/302 545/688/386 525/683/381
f 467/631/338 811/618/10 451/581/10
f 522/704/383 530/698/326 526/701/394
f 499/590/314 522/704/383 526/701/394
f 456/705/397 441/566/294 440/706/397
f 712/707/398 657/708/399 656/709/398
f 713/710/400 653/711/401 654/712/402
f 307/164/119 654/712/402 121/165/120
f 565/713/10 615/714/403 619/715/404
f 653/711/401 715/716/405 655/717/406
f 655/717/406 712/707/398 656/709/398
f 575/718/407 555/719/10 567/720/408
f 591/721/409 579/722/410 574/723/411
f 717/724/412 659/725/413 658/726/414
f 595/727/415 614/728/416 606/729/417
f 714/730/418 687/731/419 683/732/420
f 578/733/421 561/734/10 575/718/407
f 562/735/10 586/736/422 583/737/423
f 563/738/10 583/737/423 615/714/403
f 582/739/424 606/729/417 614/728/416
f 147/196/10 619/715/404 129/235/165
f 716/740/425 658/726/414 657/741/399
f 638/742/426 630/743/427 634/744/428
f 627/745/429 130/201/147 134/203/149
f 131/204/150 635/746/430 132/747/154
f 635/748/430 133/207/153 132/209/154
f 631/749/431 134/203/149 133/207/153
f 446/612/10 424/211/10 2/59/10
f 598/750/432 582/739/424 587/751/433
f 611/752/434 587/751/433 579/753/410
f 554/754/10 832/755/10 555/719/10
f 566/756/435 809/757/436 570/758/437
f 553/759/10 830/760/10 554/754/10
f 556/761/10 140/222/10 138/224/10
f 556/761/10 831/762/10 553/759/10
f 561/734/10 554/754/10 555/719/10
f 558/763/10 147/196/10 140/222/10
f 570/758/437 574/764/411 566/756/435
f 661/765/438 552/766/439 547/767/438
f 557/768/10 554/754/10 559/769/10
f 557/768/10 556/761/10 553/759/10
f 564/770/10 559/769/10 561/734/10
f 586/736/422 564/770/10 578/733/421
f 563/738/10 559/769/10 562/735/10
f 129/235/165 639/771/440 131/204/150
f 563/738/10 558/763/10 557/768/10
f 567/720/408 802/772/441 569/773/442
f 569/773/442 808/774/443 568/775/444
f 568/775/444 805/776/445 566/777/435
f 591/778/409 572/779/446 593/780/447
f 593/780/447 573/781/448 592/782/449
f 592/782/449 571/783/450 590/784/451
f 567/720/408 577/785/452 575/718/407
f 577/785/452 568/775/444 576/786/453
f 576/786/453 566/777/435 574/723/411
f 606/729/417 597/787/454 595/727/415
f 608/788/455 596/789/456 597/787/454
f 609/790/457 594/791/458 596/789/456
f 583/737/423 588/792/459 585/793/460
f 585/793/460 589/794/461 584/795/462
f 584/795/462 587/796/433 582/797/424
f 590/784/451 612/798/463 592/782/449
f 592/782/449 613/799/464 593/780/447
f 593/800/447 611/752/434 591/801/409
f 578/733/421 588/792/459 586/736/422
f 580/802/465 589/794/461 588/792/459
f 589/794/461 579/722/410 587/796/433
f 575/718/407 580/802/465 578/733/421
f 577/785/452 581/803/466 580/802/465
f 581/803/466 574/723/411 579/722/410
f 615/714/403 585/793/460 617/804/467
f 617/804/467 584/795/462 616/805/468
f 584/795/462 614/806/416 616/805/468
f 603/807/469 600/808/470 605/809/471
f 605/809/471 601/810/472 604/811/473
f 604/811/473 599/812/474 602/813/475
f 603/807/469 608/788/455 606/729/417
f 605/809/471 609/790/457 608/788/455
f 604/811/473 607/814/476 609/790/457
f 598/750/432 613/815/464 600/808/470
f 600/808/470 612/816/463 601/810/472
f 601/810/472 610/817/477 599/812/474
f 470/676/374 770/818/478 472/679/377
f 472/679/377 772/819/479 473/681/379
f 473/681/379 775/820/480 471/821/481
f 615/714/403 621/822/482 619/715/404
f 617/804/467 620/823/483 621/822/482
f 616/805/468 618/824/484 620/823/483
f 634/825/428 640/826/485 638/827/426
f 636/828/486 641/829/487 640/826/485
f 637/830/488 639/771/440 641/829/487
f 634/744/428 632/831/489 636/832/486
f 636/832/486 633/833/490 637/834/488
f 637/834/488 631/749/431 635/748/430
f 630/743/427 628/835/491 632/831/489
f 632/831/489 629/836/492 633/833/490
f 633/833/490 627/745/429 631/749/431
f 626/837/493 624/838/494 628/835/491
f 628/835/491 625/839/495 629/836/492
f 629/836/492 623/840/496 627/745/429
f 622/841/497 597/787/454 624/838/494
f 624/838/494 596/789/456 625/839/495
f 625/839/495 594/791/458 623/840/496
f 638/827/426 620/823/483 618/824/484
f 640/826/485 621/822/482 620/823/483
f 641/829/487 619/715/404 621/822/482
f 567/720/408 832/755/10 804/842/498
f 626/837/493 618/843/484 622/841/497
f 595/727/415 622/841/497 618/843/484
f 642/844/295 443/845/499 442/846/295
f 440/847/223 645/848/223 438/849/223
f 441/850/223 644/851/223 440/847/223
f 647/852/223 441/850/223 442/853/223
f 443/854/223 647/852/223 442/853/223
f 444/855/223 648/856/223 443/854/223
f 650/857/223 444/855/223 439/858/223
f 685/859/223 439/858/223 684/860/223
f 438/849/223 1/328/223 245/861/223
f 254/330/225 438/862/500 245/331/225
f 662/863/501 546/864/502 548/865/501
f 654/866/223 548/867/223 546/868/223
f 653/869/223 549/870/223 548/867/223
f 549/870/223 656/871/223 550/872/223
f 656/871/223 551/873/223 550/872/223
f 657/874/223 552/875/223 551/873/223
f 552/875/223 659/876/223 547/877/223
f 547/877/223 683/878/223 682/879/223
f 121/350/223 546/868/223 246/351/223
f 660/880/502 246/352/228 546/864/502
f 663/881/503 548/865/501 549/882/503
f 680/883/504 547/767/438 682/884/504
f 651/885/499 444/886/505 443/845/499
f 652/887/505 439/888/506 444/886/505
f 664/889/507 549/882/503 550/890/507
f 437/891/506 684/892/504 439/888/506
f 665/893/508 550/894/507 551/895/508
f 560/896/500 440/706/397 438/862/500
f 666/897/439 551/895/508 552/766/439
f 689/898/236 668/899/235 669/900/237
f 686/901/225 700/902/257 681/903/238
f 674/904/239 719/905/240 676/906/240
f 671/907/242 690/908/243 670/909/249
f 699/910/246 677/911/245 679/912/247
f 668/899/235 691/913/244 671/907/242
f 687/914/228 682/915/228 683/916/228
f 670/909/249 695/917/250 675/918/258
f 692/919/251 669/900/237 672/920/252
f 676/921/253 698/922/254 678/923/509
f 697/924/256 673/925/255 677/911/245
f 700/902/257 679/912/247 681/903/238
f 675/926/258 694/927/241 674/904/239
f 703/928/419 702/929/510 701/930/510
f 693/931/261 672/920/252 673/932/255
f 698/933/511 704/934/419 703/928/419
f 696/935/512 700/936/511 698/933/511
f 696/935/512 694/937/513 699/938/511
f 697/939/511 695/940/511 693/941/511
f 690/942/511 693/941/511 695/940/511
f 691/943/511 692/944/511 690/942/511
f 688/945/511 689/946/511 691/943/511
f 698/922/254 680/947/228 687/914/228
f 684/948/225 667/949/225 685/950/225
f 680/947/228 701/951/228 682/915/228
f 702/952/225 686/901/225 684/948/225
f 685/953/511 681/592/316 706/594/317
f 709/587/311 731/954/323 708/603/323
f 706/594/317 732/955/311 709/587/311
f 730/956/303 711/577/304 707/576/303
f 708/603/323 733/957/297 710/568/297
f 733/958/297 707/576/303 710/579/297
f 711/577/304 727/959/514 705/571/299
f 705/571/299 319/438/267 294/10/8
f 726/960/425 717/724/412 716/740/425
f 722/961/412 714/730/418 717/724/412
f 718/962/515 725/963/405 715/716/405
f 724/964/398 716/965/425 712/707/398
f 715/716/405 724/964/398 712/707/398
f 721/966/418 678/967/511 714/730/418
f 720/968/516 718/962/515 713/710/400
f 318/447/269 713/710/400 307/164/119
f 744/969/418 676/970/511 721/966/418
f 743/971/517 723/972/515 720/968/516
f 341/451/271 720/968/516 318/447/269
f 746/973/425 722/961/412 726/960/425
f 747/974/412 721/966/418 722/961/412
f 723/972/515 745/975/405 725/963/405
f 742/976/398 726/977/425 724/964/398
f 719/978/10 696/978/10 676/978/10
f 725/963/405 742/976/398 724/964/398
f 734/979/297 730/956/303 733/958/297
f 732/955/311 738/980/323 731/954/323
f 728/981/304 735/982/518 727/959/514
f 729/593/317 739/983/311 732/955/311
f 727/959/514 334/465/273 319/438/267
f 737/984/303 728/981/304 730/956/303
f 679/985/511 740/986/317 729/593/317
f 731/954/323 734/987/297 733/957/297
f 736/988/304 748/989/519 735/982/518
f 738/980/323 754/990/297 734/987/297
f 740/986/317 753/991/311 739/983/311
f 735/982/518 343/476/275 334/465/273
f 754/992/297 737/984/303 734/979/297
f 751/993/303 736/988/304 737/984/303
f 739/983/311 752/994/323 738/980/323
f 677/995/511 750/996/317 740/986/317
f 356/480/271 743/971/517 341/451/271
f 759/997/425 747/974/412 746/973/425
f 745/975/405 755/998/398 742/976/398
f 761/999/412 744/969/418 747/974/412
f 757/1000/418 674/1001/511 744/969/418
f 741/1002/515 758/1003/405 745/975/405
f 756/1004/520 741/1002/515 743/971/517
f 755/998/398 746/1005/425 742/976/398
f 498/649/354 14/48/38 343/476/275
f 754/992/297 506/1006/521 751/993/303
f 511/671/373 748/989/519 749/1007/304
f 506/1006/521 749/1007/304 751/993/303
f 752/994/323 503/1008/372 754/990/297
f 753/991/311 514/657/362 752/994/323
f 750/996/317 494/655/360 753/991/311
f 673/1009/511 475/642/348 750/996/317
f 571/783/450 675/1010/511 757/1000/418
f 130/201/147 594/791/458 756/1004/520
f 760/1011/515 602/813/475 758/1003/405
f 610/1012/477 761/999/412 759/997/425
f 756/1004/520 607/814/476 760/1011/515
f 602/813/475 755/998/398 758/1003/405
f 599/812/474 759/1013/425 755/998/398
f 590/784/451 757/1000/418 761/999/412
f 765/1014/445 775/820/480 766/1015/522
f 767/1016/523 806/1017/524 762/1018/524
f 776/1019/525 763/1020/441 769/1021/525
f 762/1018/524 803/1022/526 764/1023/479
f 767/1016/523 671/1024/511 670/1025/511
f 777/1026/527 768/1027/443 763/1020/441
f 764/1023/479 809/757/436 766/1015/522
f 773/1028/443 765/1029/445 768/1027/443
f 771/1030/523 668/1031/511 671/1024/511
f 771/1030/523 762/1018/524 770/818/478
f 774/1032/528 471/821/481 775/820/480
f 465/1033/529 773/1028/443 777/1026/527
f 770/818/478 764/1023/479 772/819/479
f 772/819/479 766/1015/522 775/820/480
f 463/1034/530 777/1026/527 776/1019/525
f 464/1035/531 774/1036/528 773/1028/443
f 788/1037/532 780/678/376 781/677/375
f 471/821/481 782/1038/533 785/682/380
f 668/1031/511 780/678/376 669/1039/511
f 784/1040/534 463/1034/530 778/1041/525
f 793/1042/378 781/677/375 779/680/378
f 783/1043/342 465/1033/529 784/1040/534
f 792/1044/535 779/680/378 785/682/380
f 782/1045/533 464/1035/531 783/1043/342
f 796/621/335 793/1042/378 792/1044/535
f 785/682/380 789/1046/336 792/1044/535
f 669/1039/511 786/1047/376 672/1048/511
f 791/1049/339 778/1041/525 790/1050/525
f 787/1051/342 784/1040/534 791/1049/339
f 800/1052/536 788/1037/532 793/1042/378
f 795/1053/532 786/1047/376 788/1037/532
f 789/1054/336 783/1043/342 787/1051/342
f 792/1044/535 797/622/336 796/621/335
f 798/635/342 791/1049/339 799/632/339
f 799/632/339 790/1050/525 801/633/340
f 474/629/337 800/1052/536 796/621/335
f 476/638/344 795/1053/532 800/1052/536
f 794/1055/376 672/1048/511 786/1047/376
f 477/640/346 794/1055/376 795/1053/532
f 797/637/336 787/1051/342 798/635/342
f 806/1017/524 572/779/446 803/1022/526
f 805/1056/445 766/1015/522 809/757/436
f 803/1022/526 570/758/437 809/757/436
f 807/1057/523 573/781/448 806/1017/524
f 807/1057/523 670/1025/511 675/1010/511
f 763/1020/441 808/774/443 802/772/441
f 769/1021/525 802/772/441 804/842/498
f 768/1027/443 805/776/445 808/774/443
f 815/1058/10 813/623/10 811/618/10
f 24/74/10 810/1059/10 409/541/10
f 817/1060/10 812/626/10 813/623/10
f 801/633/340 815/1058/10 811/618/10
f 816/1061/10 810/1059/10 812/626/10
f 821/1062/10 816/1061/10 817/1060/10
f 409/541/10 814/1063/10 414/546/10
f 790/1050/525 819/1064/10 815/1058/10
f 820/1065/10 814/1063/10 816/1061/10
f 819/1064/10 817/1060/10 815/1058/10
f 414/546/10 818/1066/10 419/58/10
f 778/1041/525 448/1067/10 819/1064/10
f 445/1068/10 818/1066/10 820/1065/10
f 448/1067/10 821/1062/10 819/1064/10
f 447/1069/10 820/1065/10 821/1062/10
f 827/1070/10 424/211/10 823/1071/10
f 445/1068/10 824/1072/10 825/1073/10
f 448/1067/10 776/1019/525 822/1074/10
f 446/612/10 825/1073/10 823/1071/10
f 447/1069/10 822/1074/10 824/1072/10
f 833/1075/10 429/558/10 827/1070/10
f 825/1073/10 828/1076/10 826/1077/10
f 822/1074/10 769/1021/525 829/1078/10
f 823/1071/10 826/1077/10 827/1070/10
f 824/1072/10 829/1078/10 828/1076/10
f 556/761/10 436/563/10 833/1075/10
f 826/1077/10 830/760/10 831/762/10
f 829/1078/10 804/842/498 832/755/10
f 827/1070/10 831/762/10 833/1075/10
f 828/1076/10 832/755/10 830/760/10
f 909/1079/10 1343/1080/10 869/1081/10
f 1356/1082/228 885/1083/228 1357/1084/228
f 1404/1085/10 1319/1086/10 1393/1087/10
f 870/1088/504 857/1089/438 849/1090/438
f 850/1091/502 858/1092/501 856/1093/502
f 855/1094/501 859/1095/503 858/1092/501
f 1205/1096/10 1198/1097/10 1197/1098/10
f 852/1099/508 862/1100/439 861/1101/508
f 851/1102/439 857/1089/438 862/1100/439
f 843/1103/500 837/1104/397 835/1105/500
f 848/1106/397 838/1107/294 837/1104/397
f 847/1108/294 839/1109/295 838/1107/294
f 846/1110/295 840/1111/499 839/1112/295
f 845/1113/499 841/1114/505 840/1111/499
f 844/1115/505 836/1116/506 841/1114/505
f 835/1105/500 992/1117/225 843/1103/500
f 1082/1118/10 939/1119/10 868/1120/10
f 863/1121/504 1069/1122/504 1060/1123/504
f 866/1124/504 842/1125/506 865/1126/504
f 1342/1127/10 1320/1128/10 1404/1085/10
f 868/1129/504 865/1126/504 867/1130/504
f 1332/1131/223 1337/1132/223 1403/1133/223
f 1318/1134/537 1399/1135/538 1328/1136/537
f 1278/1137/223 1328/1138/223 1399/1139/223
f 1091/1140/223 1045/1141/223 1093/1142/223
f 1050/1143/10 1054/1144/10 1053/1145/10
f 1427/1146/228 1256/1147/539 1234/1148/539
f 1263/1149/223 1409/1150/223 890/1151/223
f 1100/1152/540 876/1153/228 1107/1154/540
f 1411/1155/228 1271/1156/541 1262/1157/541
f 1229/1158/10 1015/1159/10 967/1160/10
f 880/1161/504 1106/1162/542 879/1163/504
f 876/1164/504 864/1165/504 863/1121/504
f 880/1166/10 1102/1167/10 1101/1168/10
f 1120/1169/10 878/1170/10 880/1166/10
f 1168/1171/10 1095/1172/10 1169/1173/10
f 879/1163/504 1094/1174/543 880/1161/504
f 864/1175/10 1100/1176/10 1103/1177/10
f 879/1178/223 1109/1179/223 1133/1180/223
f 1258/1181/10 1257/1182/10 1121/1183/10
f 1119/1184/544 877/1185/230 878/1186/230
f 1184/1187/545 1144/1188/546 1179/1189/545
f 882/1190/504 884/1191/504 881/1192/504
f 940/1193/223 1179/1194/223 1144/1195/223
f 962/1196/223 1180/1197/223 940/1193/223
f 883/1198/504 874/1199/504 884/1191/504
f 857/1200/223 946/1201/223 942/1202/223
f 941/1203/10 1157/1204/10 1156/1205/10
f 1178/1206/547 1166/1207/548 1185/1208/547
f 974/1209/223 1192/1210/223 1007/1211/223
f 1258/1181/10 1162/1212/10 1255/1213/10
f 1390/1214/549 1307/1215/550 1312/1216/550
f 1052/1217/10 1086/1218/10 1088/1219/10
f 1265/1220/223 948/1221/223 944/1222/223
f 1272/1223/10 1250/1224/10 1158/1225/10
f 1150/1226/223 1236/1227/223 1235/1228/223
f 1162/1229/542 1145/1230/543 1155/1231/543
f 1112/1232/223 1175/1233/223 884/1234/223
f 1210/1235/223 1192/1210/223 1191/1236/223
f 853/1237/507 861/1101/508 860/1238/507
f 854/1239/503 860/1240/507 859/1095/503
f 834/1241/228 1007/1242/228 885/1083/228
f 1202/1243/551 1355/1244/228 1429/1245/228
f 1231/1246/10 1202/1247/10 1228/1248/10
f 1409/1150/223 1355/1249/223 890/1151/223
f 834/1250/10 1356/1251/10 1432/1252/10
f 1198/1097/10 834/1250/10 1199/1253/10
f 1050/1143/10 1042/1254/10 1037/1255/10
f 1030/1256/223 924/1257/223 922/1258/223
f 1140/1259/223 877/1260/223 1137/1261/223
f 884/1234/223 1173/1262/223 1178/1263/223
f 1031/1264/223 1044/1265/223 1032/1266/223
f 888/1267/230 1286/1268/552 889/1269/230
f 1294/1270/223 1043/1271/223 888/1272/223
f 1031/1264/223 1279/1273/223 888/1272/223
f 1044/1274/553 1067/1275/554 1058/1276/554
f 1051/1277/10 1301/1278/10 889/1279/10
f 944/1222/223 1146/1280/223 1265/1220/223
f 966/1281/223 1016/1282/223 1222/1283/223
f 972/1284/223 1194/1285/223 1193/1286/223
f 1190/1287/223 1227/1288/223 1223/1289/223
f 1251/1290/10 1271/1291/10 1410/1292/10
f 892/1293/228 897/1294/501 893/1295/228
f 901/1296/503 896/1297/501 900/1298/503
f 900/1298/503 905/1299/507 901/1296/503
f 908/1300/508 905/1301/507 904/1302/507
f 913/1303/439 908/1300/508 912/1304/439
f 916/1305/504 913/1303/439 912/1304/439
f 920/1306/505 917/1307/504 916/1305/504
f 922/1308/499 921/1309/505 920/1306/505
f 924/1310/295 923/1311/499 922/1308/499
f 926/1312/294 925/1313/295 924/1314/295
f 928/1315/397 927/1316/294 926/1312/294
f 933/1317/225 929/1318/397 928/1315/397
f 932/1319/113 934/1320/225 933/1317/225
f 931/1321/2 935/1322/113 932/1319/113
f 930/1323/1 936/1324/2 931/1321/2
f 930/1323/1 939/1325/222 937/1326/1
f 895/1327/231 938/1328/222 894/1329/231
f 894/1329/231 899/1330/230 895/1327/231
f 898/1331/230 903/1332/163 899/1330/230
f 907/1333/234 902/1334/163 906/1335/234
f 906/1335/234 911/1336/233 907/1333/234
f 910/1337/233 915/1338/229 911/1339/233
f 919/1340/227 914/1341/229 918/1342/227
f 918/1342/227 893/1295/228 919/1340/227
f 845/1343/223 843/1344/223 914/1345/223
f 842/1346/223 845/1343/223 902/1347/223
f 903/1348/10 840/1349/10 841/1350/10
f 837/1351/10 839/1352/10 911/1353/10
f 940/1354/228 945/1355/501 941/1356/228
f 944/1357/501 949/1358/503 945/1355/501
f 948/1359/503 953/1360/507 949/1358/503
f 958/1361/508 953/1362/507 952/1363/507
f 960/1364/439 959/1365/508 958/1361/508
f 964/1366/504 961/1367/439 960/1364/439
f 966/1368/505 965/1369/504 964/1366/504
f 968/1370/499 967/1371/505 966/1368/505
f 972/1372/295 969/1373/499 968/1370/499
f 975/1374/294 972/1375/295 974/1376/294
f 977/1377/397 974/1376/294 976/1378/397
f 979/1379/225 977/1377/397 976/1378/397
f 981/1380/113 980/1381/225 979/1379/225
f 983/1382/2 982/1383/113 981/1380/113
f 985/1384/1 984/1385/2 983/1382/2
f 985/1384/1 987/1386/222 986/1387/1
f 978/1388/222 989/1389/231 987/1390/222
f 943/1391/230 988/1392/231 942/1393/230
f 942/1393/230 947/1394/163 943/1391/230
f 951/1395/234 946/1396/163 950/1397/234
f 950/1397/234 955/1398/233 951/1395/234
f 954/1399/233 957/1400/229 955/1401/233
f 963/1402/227 956/1403/229 962/1404/227
f 962/1404/227 941/1356/228 963/1402/227
f 859/1405/223 985/1406/223 983/1407/223
f 1187/1408/10 963/1409/10 941/1203/10
f 953/1410/10 1218/1411/10 949/1412/10
f 850/1413/10 977/1414/10 980/1415/10
f 893/1416/10 837/1351/10 919/1417/10
f 895/1418/10 836/1419/10 866/1420/10
f 894/1421/223 842/1346/223 898/1422/223
f 909/1079/10 971/1423/10 905/1424/10
f 908/1425/223 970/1426/223 871/1427/223
f 1322/1428/10 917/1429/10 921/1430/10
f 1285/1431/223 1280/1432/223 1281/1433/223
f 1323/1434/10 1293/1435/10 1287/1436/10
f 1286/1437/10 1053/1145/10 889/1279/10
f 1031/1264/223 1047/1438/223 1048/1439/223
f 887/1440/10 1391/1441/10 1397/1442/10
f 1280/1432/223 922/1258/223 920/1443/223
f 1288/1444/10 923/1445/10 1038/1446/10
f 886/1447/223 1399/1139/223 1390/1448/223
f 1302/1449/10 1307/1450/10 1300/1451/10
f 1075/1452/548 1024/1453/555 1017/1454/555
f 1043/1455/556 1086/1456/543 1051/1457/556
f 1339/1458/223 908/1425/223 1336/1459/223
f 1397/1442/10 1287/1436/10 887/1440/10
f 1278/1460/557 887/1461/558 1287/1462/557
f 1038/1446/10 925/1463/10 1036/1464/10
f 1321/1465/10 1345/1466/10 913/1467/10
f 1331/1468/223 912/1469/223 1338/1470/223
f 905/1424/10 990/1471/10 901/1472/10
f 904/1473/223 991/1474/223 970/1426/223
f 971/1475/225 871/1476/225 970/1477/225
f 901/1472/10 993/1478/10 897/1479/10
f 900/1480/223 992/1481/223 991/1474/223
f 990/1482/225 970/1477/225 991/1483/225
f 896/1484/223 843/1344/223 992/1481/223
f 993/1485/225 991/1483/225 992/1117/225
f 897/1479/10 835/1486/10 893/1416/10
f 995/1487/228 1002/1488/228 994/1489/228
f 939/1119/10 866/1420/10 868/1120/10
f 938/1490/223 865/1491/223 894/1421/223
f 997/1492/228 994/1489/228 996/1493/228
f 997/1494/10 934/1495/10 995/1496/10
f 996/1497/223 933/1498/223 928/1499/223
f 998/1500/228 996/1493/228 999/1501/228
f 998/1502/10 929/1503/10 997/1494/10
f 999/1504/223 928/1499/223 926/1505/223
f 1000/1506/559 998/1500/228 999/1501/228
f 1036/1464/10 927/1507/10 998/1502/10
f 1000/1508/223 926/1505/223 924/1257/223
f 1003/1509/223 1077/1510/223 931/1511/223
f 934/1495/10 1001/1512/10 995/1496/10
f 933/1498/223 1002/1513/223 932/1514/223
f 1077/1510/223 867/1515/223 938/1490/223
f 935/1516/10 1004/1517/10 1001/1512/10
f 1001/1518/228 1003/1519/228 1002/1488/228
f 932/1514/223 1003/1509/223 931/1511/223
f 868/1120/10 1069/1520/10 1024/1521/10
f 1017/1522/223 1060/1523/223 867/1515/223
f 936/1524/10 937/1525/10 1082/1118/10
f 864/1175/10 1068/1526/10 1069/1520/10
f 1090/1527/546 1066/1528/560 1087/1529/546
f 1166/1530/10 883/1531/10 1185/1532/10
f 1031/1264/223 1048/1439/223 1049/1533/223
f 1315/1534/223 1316/1535/223 1045/1141/223
f 1300/1536/561 886/1537/562 1295/1538/561
f 1096/1539/10 1167/1540/10 1097/1541/10
f 1236/1227/223 1139/1542/223 1237/1543/223
f 891/1544/10 1406/1545/10 1270/1546/10
f 987/1547/10 853/1548/10 986/1549/10
f 963/1409/10 1352/1550/10 957/1551/10
f 1118/1552/10 1257/1182/10 1407/1553/10
f 947/1554/10 849/1555/10 943/1556/10
f 946/1201/223 1349/1557/223 950/1558/223
f 870/1088/504 1349/1559/504 872/1560/504
f 862/1561/223 942/1202/223 988/1562/223
f 943/1556/10 851/1563/10 989/1564/10
f 861/1565/223 988/1562/223 978/1566/223
f 989/1564/10 852/1567/10 987/1547/10
f 860/1568/223 978/1566/223 985/1406/223
f 986/1549/10 854/1569/10 984/1570/10
f 981/1571/223 859/1405/223 983/1407/223
f 979/1572/223 858/1573/223 981/1571/223
f 854/1569/10 982/1574/10 984/1570/10
f 1431/1575/225 1196/1576/563 1432/1577/225
f 855/1578/10 980/1415/10 982/1574/10
f 1213/1579/223 952/1580/223 948/1221/223
f 1203/1581/10 969/1582/10 973/1583/10
f 977/1414/10 1008/1584/10 975/1585/10
f 1242/1586/223 1411/1587/223 1243/1588/223
f 1005/1589/228 856/1093/502 1006/1590/228
f 976/1591/223 856/1592/223 979/1572/223
f 1210/1235/223 885/1593/223 1007/1211/223
f 975/1585/10 1008/1584/10 1205/1096/10
f 885/1593/223 1208/1594/223 1431/1595/223
f 1008/1596/228 1006/1590/228 1007/1242/228
f 1007/1211/223 976/1591/223 974/1209/223
f 891/1544/10 1429/1597/10 1406/1545/10
f 1172/1598/564 1161/1599/540 1167/1600/564
f 878/1186/230 1132/1601/565 1125/1602/565
f 952/1580/223 1009/1603/223 958/1604/223
f 891/1605/566 1212/1606/567 890/1607/566
f 1223/1608/568 891/1609/569 890/1610/569
f 1009/1603/223 960/1611/223 958/1604/223
f 959/1612/10 1010/1613/10 953/1410/10
f 1011/1614/223 964/1615/223 960/1611/223
f 1011/1616/230 1010/1617/570 1012/1618/230
f 961/1619/10 1010/1613/10 959/1612/10
f 964/1615/223 1016/1282/223 966/1281/223
f 1014/1620/230 1012/1618/230 1013/1621/230
f 965/1622/10 1012/1623/10 961/1619/10
f 1222/1624/571 1015/1625/230 1229/1626/571
f 1016/1627/230 1013/1621/230 1015/1625/230
f 1015/1159/10 965/1622/10 967/1160/10
f 1248/1628/572 1423/1629/225 1242/1630/572
f 1272/1223/10 949/1412/10 1218/1411/10
f 1061/1631/223 1022/1632/223 1018/1633/223
f 1069/1520/10 1028/1634/10 1024/1521/10
f 1018/1635/573 1025/1636/574 1023/1637/573
f 1025/1636/574 1021/1638/575 1026/1639/575
f 1021/1638/576 1027/1640/576 1026/1639/576
f 1020/1641/577 1028/1642/578 1027/1643/577
f 1019/1644/578 1024/1453/555 1028/1642/578
f 1032/1266/223 1044/1265/223 1029/1645/223
f 1053/1145/10 1041/1646/10 1042/1254/10
f 1037/1647/579 1032/1648/580 1029/1649/579
f 1042/1650/580 1033/1651/581 1032/1652/580
f 1041/1653/582 1034/1654/582 1033/1651/582
f 1040/1655/583 1035/1656/584 1034/1657/583
f 1039/1658/584 1000/1506/559 1035/1656/584
f 1029/1649/579 1023/1637/573 1037/1647/579
f 1047/1438/223 888/1272/223 1046/1659/223
f 1055/1660/10 1056/1661/10 1053/1145/10
f 1044/1274/553 1054/1662/585 1050/1663/553
f 1049/1664/586 1055/1665/587 1054/1662/585
f 1048/1666/588 1056/1667/588 1055/1665/588
f 1047/1668/589 1057/1669/590 1056/1670/589
f 1046/1671/590 1051/1457/556 1057/1669/590
f 863/1672/223 1107/1673/223 876/1674/223
f 1071/1675/10 1103/1177/10 1070/1676/10
f 1072/1677/10 1023/1678/10 1068/1526/10
f 1067/1679/554 1062/1680/591 1058/1681/554
f 1073/1682/591 1063/1683/592 1062/1680/591
f 1072/1684/593 1064/1685/593 1063/1683/593
f 1071/1686/594 1065/1687/595 1064/1688/594
f 1070/1689/595 1059/1690/560 1065/1687/595
f 1061/1631/223 863/1672/223 1060/1523/223
f 1076/1691/223 1079/1692/223 1075/1693/223
f 1085/1694/10 1081/1695/10 1082/1118/10
f 1298/1696/223 1091/1140/223 1297/1697/223
f 1302/1449/10 1303/1698/10 1311/1699/10
f 1081/1700/564 1078/1701/227 1074/1702/564
f 1085/1703/233 1079/1704/233 1078/1705/233
f 1084/1706/163 1075/1452/548 1079/1704/163
f 1087/1529/546 1092/1707/294 1090/1527/546
f 1089/1708/294 1093/1709/295 1092/1707/294
f 1088/1710/505 1091/1711/543 1093/1712/505
f 1004/1713/228 1074/1702/564 1003/1519/228
f 1099/1714/10 1095/1172/10 1096/1539/10
f 1105/1715/10 1101/1168/10 1102/1167/10
f 1108/1716/223 1111/1717/223 1107/1673/223
f 1114/1718/223 1117/1719/223 1113/1720/223
f 1101/1721/542 1110/1722/508 1106/1162/542
f 1105/1723/508 1111/1724/503 1110/1722/508
f 1104/1725/503 1107/1154/540 1111/1726/503
f 1095/1727/546 1116/1728/294 1112/1729/546
f 1099/1730/294 1117/1731/295 1116/1728/294
f 1098/1732/505 1113/1733/543 1117/1734/505
f 873/1735/225 1112/1729/546 874/1736/225
f 1124/1737/10 1119/1738/10 1120/1169/10
f 1125/1739/10 1128/1740/10 1127/1741/10
f 1128/1740/10 1129/1742/10 1127/1741/10
f 1129/1742/10 1130/1743/10 1127/1741/10
f 1130/1743/10 1052/1217/10 1127/1741/10
f 1131/1744/223 1134/1745/223 1045/1141/223
f 1134/1745/223 1135/1746/223 1133/1180/223
f 1135/1746/223 1136/1747/223 1133/1180/223
f 1136/1747/223 1132/1748/223 1133/1180/223
f 1139/1542/223 1143/1749/223 1138/1750/223
f 1125/1602/565 1136/1751/596 1128/1752/596
f 1128/1752/596 1135/1753/233 1129/1754/233
f 1129/1755/233 1134/1756/597 1130/1757/597
f 1134/1756/597 1126/1758/539 1130/1757/597
f 1138/1759/572 1122/1760/598 1118/1761/572
f 1122/1760/598 1142/1762/1 1123/1763/1
f 1123/1764/1 1141/1765/599 1124/1766/599
f 1124/1766/599 1137/1767/544 1119/1184/544
f 1138/1759/572 1407/1768/225 1413/1769/225
f 1149/1770/223 1145/1771/223 1146/1280/223
f 1150/1226/223 1153/1772/223 1152/1773/223
f 1162/1212/10 1163/1774/10 1165/1775/10
f 1154/1776/223 1151/1777/223 1152/1773/223
f 1157/1204/10 1160/1778/10 1156/1205/10
f 1163/1774/10 1164/1779/10 1165/1775/10
f 1168/1171/10 1171/1780/10 1167/1540/10
f 1174/1781/223 1177/1782/223 1173/1262/223
f 1183/1783/223 1179/1194/223 1180/1197/223
f 1186/1784/10 1189/1785/10 1185/1532/10
f 1173/1786/548 1170/1787/163 1166/1207/548
f 1177/1788/233 1171/1789/233 1170/1787/233
f 1176/1790/227 1167/1600/564 1171/1791/227
f 1151/1792/540 1164/1793/501 1161/1599/540
f 1154/1794/507 1165/1795/507 1164/1796/507
f 1153/1797/439 1162/1229/542 1165/1795/439
f 1145/1230/543 1159/1798/505 1155/1231/543
f 1149/1799/295 1160/1800/295 1159/1801/295
f 1148/1802/397 1156/1803/546 1160/1800/397
f 1185/1208/547 1182/1804/231 1178/1206/547
f 1189/1805/1 1183/1806/1 1182/1807/1
f 1188/1808/113 1179/1189/545 1183/1806/113
f 1235/1809/565 1249/1810/544 1241/1811/544
f 1195/1812/223 1192/1210/223 1193/1286/223
f 1200/1813/10 1198/1097/10 1199/1253/10
f 1202/1247/10 1204/1814/10 1206/1815/10
f 1211/1816/223 1208/1594/223 1209/1817/223
f 1197/1818/600 1211/1819/601 1207/1820/600
f 1200/1821/602 1208/1822/563 1211/1823/602
f 1190/1824/551 1206/1825/597 1195/1826/597
f 1206/1827/596 1191/1828/603 1195/1829/596
f 1207/1820/600 1201/1830/603 1197/1818/600
f 1213/1579/223 1216/1831/223 1009/1603/223
f 1273/1832/10 1221/1833/10 1217/1834/10
f 1226/1835/223 1194/1285/223 1224/1836/223
f 1222/1283/223 1224/1836/223 966/1281/223
f 1009/1837/570 1219/1838/604 1010/1617/570
f 1216/1839/605 1220/1840/605 1219/1838/605
f 1215/1841/606 1221/1842/606 1220/1843/606
f 1214/1844/607 1217/1845/567 1221/1842/607
f 1229/1626/571 1225/1846/608 1222/1624/571
f 1233/1847/609 1226/1848/609 1225/1849/609
f 1232/1850/610 1227/1851/610 1226/1848/610
f 1231/1852/611 1223/1608/568 1227/1851/611
f 1236/1227/223 1240/1853/223 1235/1228/223
f 1247/1854/223 1242/1586/223 1243/1588/223
f 1250/1224/10 1254/1855/10 1249/1856/10
f 1261/1857/10 1256/1858/10 1257/1182/10
f 1256/1147/539 1238/1859/597 1234/1148/539
f 1261/1860/597 1239/1861/233 1238/1859/597
f 1260/1862/233 1240/1863/596 1239/1864/233
f 1259/1865/596 1235/1809/565 1240/1863/596
f 1249/1810/544 1245/1866/599 1241/1811/544
f 1254/1867/599 1246/1868/1 1245/1866/599
f 1253/1869/1 1247/1870/598 1246/1871/1
f 1252/1872/598 1242/1630/572 1247/1870/598
f 1237/1543/223 1138/1750/223 1413/1873/223
f 1264/1874/223 1269/1875/223 1263/1149/223
f 1277/1876/10 1271/1291/10 1251/1290/10
f 1271/1156/541 1266/1877/612 1262/1157/541
f 1277/1878/612 1267/1879/613 1266/1877/612
f 1276/1880/614 1268/1881/614 1267/1882/614
f 1275/1883/615 1269/1884/616 1268/1881/615
f 1274/1885/616 1263/1886/617 1269/1887/616
f 1270/1888/617 1409/1889/618 1263/1886/617
f 1330/1890/223 920/1443/223 916/1891/223
f 1337/1892/545 1404/1893/225 1403/1894/225
f 1342/1127/10 1346/1895/10 1345/1466/10
f 1086/1218/10 1305/1896/10 1301/1278/10
f 1279/1897/552 1290/1898/619 1286/1268/552
f 1285/1899/619 1291/1900/620 1290/1898/619
f 1284/1901/621 1292/1902/621 1291/1903/621
f 1283/1904/622 1293/1905/623 1292/1902/622
f 1282/1906/623 1287/1462/557 1293/1907/623
f 1301/1908/624 1296/1909/625 1294/1910/624
f 1305/1911/625 1297/1912/626 1296/1909/625
f 1304/1913/627 1298/1914/627 1297/1915/627
f 1298/1914/628 1302/1916/629 1299/1917/629
f 1302/1918/629 1295/1538/561 1299/1919/629
f 1296/1920/223 1297/1697/223 1091/1140/223
f 1308/1921/10 1309/1922/10 1052/1217/10
f 1313/1923/630 1308/1924/631 1306/1925/630
f 1317/1926/631 1309/1927/632 1308/1924/631
f 1316/1928/633 1310/1929/633 1309/1930/633
f 1315/1931/634 1311/1932/635 1310/1929/634
f 1314/1933/635 1307/1215/550 1311/1932/635
f 1387/1934/225 1313/1923/630 1306/1925/630
f 1320/1128/10 1326/1935/10 1319/1086/10
f 1335/1936/223 1329/1937/223 1330/1890/223
f 1328/1136/537 1324/1938/636 1318/1134/537
f 1335/1939/637 1325/1940/637 1324/1938/637
f 1334/1941/638 1326/1942/638 1325/1940/638
f 1333/1943/639 1319/1944/640 1326/1945/639
f 1395/1946/228 1319/1944/640 1327/1947/640
f 1341/1948/223 1337/1132/223 1338/1470/223
f 1344/1949/10 1347/1950/10 1343/1080/10
f 1337/1892/545 1346/1951/2 1342/1952/545
f 1341/1953/2 1347/1954/1 1346/1951/2
f 1340/1955/231 1343/1956/547 1347/1957/231
f 871/1958/230 1343/1956/547 1336/1959/547
f 1054/1144/10 1055/1660/10 1053/1145/10
f 1043/1271/223 1046/1659/223 888/1272/223
f 1056/1661/10 889/1279/10 1053/1145/10
f 1031/1264/223 1049/1533/223 1044/1265/223
f 889/1279/10 1057/1960/10 1051/1277/10
f 1298/1696/223 1299/1961/223 1314/1962/223
f 1102/1167/10 1066/1963/10 1103/1177/10
f 1059/1964/223 1109/1179/223 1108/1716/223
f 1336/1459/223 1340/1965/223 1339/1458/223
f 1092/1966/223 1133/1180/223 1090/1967/223
f 1045/1141/223 1134/1745/223 1133/1180/223
f 1126/1968/10 1306/1969/10 1052/1217/10
f 1415/1970/223 1313/1971/223 1388/1972/223
f 1052/1217/10 1130/1743/10 1126/1968/10
f 1089/1973/10 1127/1741/10 1052/1217/10
f 1327/1974/223 1403/1133/223 1395/1975/223
f 1100/1176/10 1104/1976/10 1103/1177/10
f 1110/1977/223 1108/1716/223 1109/1179/223
f 1105/1715/10 1103/1177/10 1104/1976/10
f 1106/1978/223 1110/1977/223 1109/1179/223
f 1127/1741/10 1066/1963/10 1102/1167/10
f 1133/1180/223 1059/1964/223 1090/1967/223
f 1108/1716/223 1064/1979/223 1065/1980/223
f 1061/1631/223 1063/1981/223 1064/1979/223
f 1071/1675/10 1072/1677/10 1068/1526/10
f 1058/1982/223 1062/1983/223 1018/1633/223
f 864/1175/10 1103/1177/10 1068/1526/10
f 863/1672/223 1061/1631/223 1108/1716/223
f 1070/1676/10 1103/1177/10 1066/1963/10
f 1018/1633/223 1063/1981/223 1061/1631/223
f 1023/1678/10 1073/1984/10 1067/1985/10
f 1059/1964/223 1108/1716/223 1065/1980/223
f 1061/1631/223 1021/1986/223 1022/1632/223
f 1023/1678/10 1025/1987/10 1068/1526/10
f 1069/1122/504 867/1130/504 1060/1123/504
f 1017/1522/223 1019/1988/223 1060/1523/223
f 1027/1989/10 1028/1634/10 1069/1520/10
f 1025/1987/10 1026/1990/10 1068/1526/10
f 1020/1991/223 1061/1631/223 1060/1523/223
f 1027/1989/10 1068/1526/10 1026/1990/10
f 1019/1988/223 1020/1991/223 1060/1523/223
f 1080/1992/10 1084/1993/10 1083/1994/10
f 1078/1995/223 1076/1691/223 1077/1510/223
f 1085/1694/10 1083/1994/10 1084/1993/10
f 1074/1996/223 1078/1995/223 1077/1510/223
f 1303/1698/10 1086/1218/10 1311/1699/10
f 1058/1982/223 1029/1645/223 1044/1265/223
f 1030/1256/223 1035/1997/223 1000/1508/223
f 1042/1254/10 1050/1143/10 1053/1145/10
f 1067/1985/10 1037/1255/10 1023/1678/10
f 1032/1266/223 1033/1998/223 1031/1264/223
f 1036/1464/10 1039/1999/10 1038/1446/10
f 1034/2000/223 1030/1256/223 1280/1432/223
f 1040/2001/10 1038/1446/10 1039/1999/10
f 1052/1217/10 1310/2002/10 1311/1699/10
f 1040/2001/10 1053/1145/10 1289/2003/10
f 1034/2000/223 1031/1264/223 1033/1998/223
f 1294/1270/223 1296/1920/223 1091/1140/223
f 1086/1218/10 1304/2004/10 1305/1896/10
f 1314/1962/223 1315/1534/223 1045/1141/223
f 1300/1451/10 1391/1441/10 887/1440/10
f 1045/1141/223 1092/1966/223 1093/1142/223
f 1309/1922/10 1310/2002/10 1052/1217/10
f 1308/1921/10 1052/1217/10 1306/1969/10
f 1316/1535/223 1317/2005/223 1045/1141/223
f 1089/1973/10 1052/1217/10 1088/1219/10
f 1313/1971/223 1045/1141/223 1317/2005/223
f 1313/1971/223 1131/1744/223 1045/1141/223
f 1346/1895/10 1344/1949/10 1345/1466/10
f 1639/2006/228 1131/2007/539 1415/2008/228
f 1306/1969/10 1639/2009/10 1387/2010/10
f 1390/1448/223 1295/2011/223 886/1447/223
f 1140/1259/223 1151/1777/223 1114/1718/223
f 1161/2012/10 1164/1779/10 1163/1774/10
f 1153/1772/223 1154/1776/223 1152/1773/223
f 1255/1213/10 1259/2013/10 1258/1181/10
f 1236/1227/223 1239/2014/223 1240/1853/223
f 1259/2013/10 1260/2015/10 1258/1181/10
f 1239/2014/223 1237/1543/223 1238/2016/223
f 1260/2015/10 1257/1182/10 1258/1181/10
f 1234/2017/223 1238/2016/223 1237/1543/223
f 1118/1552/10 1122/2018/10 1121/1183/10
f 1142/2019/223 1139/1542/223 1140/1259/223
f 1141/2020/223 1142/2019/223 1140/1259/223
f 1123/2021/10 1121/1183/10 1122/2018/10
f 1137/1261/223 1141/2020/223 1140/1259/223
f 1123/2021/10 1124/1737/10 1120/1169/10
f 1425/2022/10 1257/1182/10 1256/1858/10
f 1237/1543/223 1427/2023/223 1234/2017/223
f 1163/1774/10 1121/1183/10 1120/1169/10
f 1152/1773/223 1139/1542/223 1236/1227/223
f 1094/2024/10 1098/2025/10 1097/1541/10
f 1117/1719/223 1115/2026/223 1116/2027/223
f 1098/2025/10 1096/1539/10 1097/1541/10
f 1112/1232/223 1116/2027/223 1115/2026/223
f 1097/1541/10 1167/1540/10 1161/2012/10
f 1115/2026/223 1172/2028/223 1175/1233/223
f 1171/1780/10 1169/1173/10 1170/2029/10
f 1169/1173/10 873/2030/10 883/1531/10
f 1166/1530/10 1170/2029/10 1169/1173/10
f 1176/2031/223 1174/1781/223 1175/1233/223
f 1120/1169/10 1161/2012/10 1163/1774/10
f 1172/2028/223 1114/1718/223 1151/1777/223
f 1188/2032/10 1186/1784/10 1187/1408/10
f 1184/2033/10 1188/2032/10 1187/1408/10
f 1178/1263/223 1182/2034/223 1181/2035/223
f 1183/1783/223 1181/2035/223 1182/2034/223
f 1160/1778/10 1158/1225/10 1159/2036/10
f 1155/2037/10 1159/2036/10 1158/1225/10
f 1144/1195/223 1148/2038/223 1147/2039/223
f 1148/2038/223 1146/1280/223 1147/2039/223
f 945/2040/10 1158/1225/10 1157/1204/10
f 1265/1220/223 1244/2041/223 1243/1588/223
f 1250/1224/10 1253/2042/10 1254/1855/10
f 1253/2042/10 1251/1290/10 1252/2043/10
f 1241/2044/223 1245/2045/223 1244/2041/223
f 1245/2045/223 1246/2046/223 1244/2041/223
f 1248/2047/10 1252/2043/10 1251/1290/10
f 1246/2046/223 1243/1588/223 1244/2041/223
f 1249/1856/10 1158/1225/10 1250/1224/10
f 1146/1280/223 1241/2044/223 1244/2041/223
f 1255/1213/10 1155/2037/10 1249/1856/10
f 1145/1771/223 1235/1228/223 1241/2044/223
f 1185/1532/10 882/2048/10 1186/1784/10
f 881/2049/223 1178/1263/223 1181/2035/223
f 941/1203/10 1184/2033/10 1187/1408/10
f 1349/1557/223 954/2050/223 950/1558/223
f 1348/2051/10 947/1554/10 951/2052/10
f 1349/1559/504 1350/2053/504 1351/2054/504
f 1351/2054/504 882/1190/504 881/1192/504
f 955/2055/10 1348/2051/10 951/2052/10
f 1351/2056/223 1353/2057/223 954/2050/223
f 956/2058/223 1353/2057/223 962/1196/223
f 1353/2057/223 1181/2035/223 1180/1197/223
f 1352/1550/10 1350/2059/10 955/2055/10
f 1352/1550/10 1186/1784/10 882/2048/10
f 940/1193/223 1147/2039/223 944/1222/223
f 957/1551/10 1352/1550/10 955/2055/10
f 956/2058/223 954/2050/223 1353/2057/223
f 1206/1815/10 1205/1096/10 1201/2060/10
f 1190/1287/223 1193/1286/223 1194/1285/223
f 1204/1814/10 1203/1581/10 973/1583/10
f 968/2061/223 1194/1285/223 972/1284/223
f 973/1583/10 1205/1096/10 1204/1814/10
f 972/1284/223 1192/1210/223 974/1209/223
f 1196/2062/10 1200/1813/10 1199/1253/10
f 1211/1816/223 1210/1235/223 1207/2063/223
f 834/1250/10 1196/2062/10 1199/1253/10
f 1357/2064/223 885/1593/223 1431/1595/223
f 1230/2065/10 1232/2066/10 1233/2067/10
f 1355/1249/223 1190/1287/223 1223/1289/223
f 1220/2068/10 1218/1411/10 1219/2069/10
f 1225/2070/223 1226/1835/223 1224/1836/223
f 891/1544/10 1228/1248/10 1429/1597/10
f 890/1151/223 1355/1249/223 1223/1289/223
f 966/1281/223 1224/1836/223 968/2061/223
f 1230/2065/10 1229/1158/10 967/1160/10
f 1429/1597/10 1228/1248/10 1202/1247/10
f 969/1582/10 1230/2065/10 967/1160/10
f 1232/2066/10 1203/1581/10 1231/1246/10
f 1010/1613/10 1219/2069/10 1218/1411/10
f 1214/2071/223 1265/1220/223 1264/1874/223
f 1212/2072/223 1214/2071/223 1264/1874/223
f 1270/1546/10 1274/2073/10 1273/1832/10
f 1215/2074/223 1213/1579/223 1265/1220/223
f 1272/1223/10 1221/1833/10 1273/1832/10
f 877/1260/223 1133/1180/223 1132/1748/223
f 878/1170/10 1127/1741/10 880/1166/10
f 1274/2073/10 1275/2075/10 1273/1832/10
f 1264/1874/223 1268/2076/223 1269/1875/223
f 1267/2077/223 1264/1874/223 1265/1220/223
f 1276/2078/10 1273/1832/10 1275/2075/10
f 1266/2079/223 1265/1220/223 1243/1588/223
f 1277/1876/10 1272/1223/10 1276/2078/10
f 1262/2080/223 1266/2079/223 1243/1588/223
f 1248/2047/10 1410/1292/10 1421/2081/10
f 1262/2080/223 1243/1588/223 1411/1587/223
f 1217/1834/10 1270/1546/10 1273/1832/10
f 1263/1149/223 1212/2072/223 1264/1874/223
f 1097/1541/10 880/1166/10 1094/2024/10
f 1114/1718/223 879/1178/223 1140/1259/223
f 1290/2082/10 1289/2003/10 1286/1437/10
f 1284/2083/223 1281/1433/223 1330/1890/223
f 1323/1434/10 1292/2084/10 1293/1435/10
f 1278/1137/223 1282/2085/223 1329/1937/223
f 1291/2086/10 1323/1434/10 1322/1428/10
f 1282/2085/223 1283/2087/223 1329/1937/223
f 1291/2086/10 1288/1444/10 1290/2082/10
f 1284/2083/223 1329/1937/223 1283/2087/223
f 1324/2088/10 1323/1434/10 1318/2089/10
f 1325/2090/10 1320/1128/10 1321/1465/10
f 1327/1974/223 1333/2091/223 1332/1131/223
f 1334/2092/223 1330/1890/223 1331/1468/223
f 1325/2090/10 1322/1428/10 1324/2088/10
f 1334/2092/223 1332/1131/223 1333/2091/223
f 1318/2089/10 1287/1436/10 1397/1442/10
f 886/1447/223 1278/1137/223 1399/1139/223
f 1299/1961/223 1312/2093/223 1314/1962/223
f 1341/1948/223 1339/1458/223 1340/1965/223
f 1344/1949/10 909/1079/10 913/1467/10
f 871/1427/223 1336/1459/223 908/1425/223
f 1004/1517/10 1082/1118/10 1081/1695/10
f 930/2094/223 931/1511/223 1077/1510/223
f 868/1120/10 1080/1992/10 1083/1994/10
f 1075/1693/223 867/1515/223 1076/1691/223
f 1456/2095/10 1400/2096/10 1891/2097/10
f 1430/2098/228 1356/1082/228 1357/1084/228
f 1867/2099/10 1404/1085/10 1393/1087/10
f 1380/2100/164 1401/2101/230 1372/2102/164
f 1381/2103/227 1373/2104/226 1379/2105/226
f 1382/2106/229 1378/2107/227 1381/2103/227
f 1745/2108/10 1555/2109/10 1753/2110/10
f 1385/2111/163 1375/2112/234 1384/2113/234
f 1380/2100/164 1374/2114/163 1385/2111/163
f 1360/2115/113 1366/2116/224 1358/2117/224
f 1361/2118/2 1371/2119/113 1360/2115/113
f 1362/2120/1 1370/2121/2 1361/2118/2
f 1363/2122/222 1369/2123/1 1362/2120/1
f 1364/2124/231 1368/2125/222 1363/2126/222
f 1359/2127/232 1367/2128/231 1364/2124/231
f 1539/2129/225 1358/2117/224 1366/2116/224
f 1398/2130/10 1484/2131/10 1629/2132/10
f 1386/2133/230 1616/2134/230 1389/2135/230
f 1365/2136/232 1394/2137/230 1392/2138/230
f 1868/2139/10 1890/2140/10 1404/1085/10
f 1392/2138/230 1398/2141/230 1396/2142/230
f 1880/2143/223 1885/2144/223 1886/2145/223
f 1399/2146/641 1866/2147/642 1876/2148/642
f 1826/2149/223 1876/2150/223 1877/2151/223
f 1638/2152/223 1592/2153/223 1862/2154/223
f 1597/2155/10 1600/2156/10 1601/2157/10
f 1804/2158/643 1427/1146/228 1782/2159/643
f 1811/2160/223 1437/2161/223 1409/1150/223
f 1416/2162/228 1648/2163/564 1655/2164/564
f 1819/2165/644 1411/1155/228 1810/2166/644
f 1777/2167/10 1514/2168/10 1562/2169/10
f 1420/2170/230 1654/2171/548 1649/2172/548
f 1416/2173/230 1389/2135/230 1414/2174/230
f 1420/2175/10 1650/2176/10 1675/2177/10
f 1668/2178/10 1418/2179/10 1667/2180/10
f 1643/2181/10 1716/2182/10 1717/2183/10
f 1642/2184/547 1419/2185/230 1420/2170/230
f 1648/2186/10 1389/2187/10 1651/2188/10
f 1419/2189/223 1657/2190/223 1654/2191/223
f 1806/2192/10 1669/2193/10 1805/2194/10
f 1667/2195/645 1417/2196/504 1685/2197/645
f 1692/2198/545 1732/2199/546 1727/2200/546
f 1428/2201/230 1424/2202/230 1422/2203/230
f 1487/2204/223 1727/2205/223 1728/2206/223
f 1509/2207/223 1728/2206/223 1901/2208/223
f 1412/2209/230 1426/2210/230 1428/2201/230
f 1493/2211/223 1380/2212/223 1489/2213/223
f 1488/2214/10 1705/2215/10 1492/2216/10
f 1714/2217/542 1726/2218/543 1733/2219/543
f 1521/2220/223 1554/2221/223 1740/2222/223
f 1710/2223/10 1806/2192/10 1803/2224/10
f 1855/2225/646 1390/2226/647 1860/2227/646
f 1633/2228/10 1599/2229/10 1635/2230/10
f 1495/2231/223 1813/2232/223 1491/2233/223
f 1820/2234/10 1798/2235/10 1799/2236/10
f 1698/2237/223 1784/2238/223 1700/2239/223
f 1693/2240/547 1710/2241/548 1703/2242/547
f 1428/2243/223 1723/2244/223 1660/2245/223
f 1739/2246/223 1554/2221/223 1758/2247/223
f 1384/2113/234 1376/2248/233 1383/2249/233
f 1383/2250/233 1377/2251/229 1382/2106/229
f 1554/2252/228 1354/2253/228 1430/2098/228
f 1355/1244/228 1750/2254/648 1429/1245/228
f 1750/2255/10 1779/2256/10 1776/2257/10
f 1409/1150/223 1437/2161/223 1355/1249/223
f 1354/2258/10 1432/1252/10 1356/1251/10
f 1354/2258/10 1746/2259/10 1747/2260/10
f 1597/2155/10 1584/2261/10 1589/2262/10
f 1577/2263/223 1471/2264/223 1547/2265/223
f 1688/2266/223 1417/2267/223 1419/2189/223
f 1428/2243/223 1721/2268/223 1722/2269/223
f 1578/2270/223 1579/2271/223 1591/2272/223
f 1436/2273/504 1827/2274/649 1435/2275/504
f 1842/2276/223 1590/2277/223 1638/2152/223
f 1827/2278/223 1578/2270/223 1435/2279/223
f 1614/2280/650 1591/2281/651 1605/2282/650
f 1849/2283/10 1598/2284/10 1436/2285/10
f 1694/2286/223 1491/2233/223 1813/2232/223
f 1513/2287/223 1770/2288/223 1563/2289/223
f 1519/2290/223 1741/2291/223 1742/2292/223
f 1738/2293/223 1775/2294/223 1742/2292/223
f 1799/2236/10 1410/1292/10 1819/2295/10
f 1444/2296/227 1439/2297/228 1440/2298/228
f 1443/2299/227 1448/2300/229 1447/2301/229
f 1452/2302/233 1447/2301/229 1448/2300/229
f 1452/2303/233 1455/2304/234 1451/2305/233
f 1455/2304/234 1460/2306/163 1459/2307/163
f 1460/2306/163 1463/2308/230 1459/2307/163
f 1464/2309/230 1467/2310/231 1463/2308/230
f 1468/2311/231 1469/2312/222 1467/2310/231
f 1470/2313/222 1471/2314/1 1469/2315/222
f 1472/2316/1 1473/2317/2 1471/2314/1
f 1474/2318/2 1475/2319/113 1473/2317/2
f 1476/2320/113 1480/2321/225 1475/2319/113
f 1481/2322/225 1479/2323/397 1480/2321/225
f 1482/2324/397 1478/2325/294 1479/2323/397
f 1483/2326/294 1477/2327/295 1478/2325/294
f 1486/2328/499 1477/2329/295 1484/2330/295
f 1485/2331/499 1442/2332/505 1441/2333/505
f 1446/2334/504 1441/2333/505 1442/2332/505
f 1450/2335/439 1445/2336/504 1446/2334/504
f 1449/2337/439 1454/2338/508 1453/2339/508
f 1458/2340/507 1453/2339/508 1454/2338/508
f 1462/2341/503 1457/2342/507 1458/2343/507
f 1461/2344/503 1466/2345/501 1465/2346/501
f 1440/2298/228 1465/2346/501 1466/2345/501
f 1465/2347/223 1366/2348/223 1368/2349/223
f 1449/2350/223 1368/2349/223 1365/2351/223
f 1364/2352/10 1454/2353/10 1450/2354/10
f 1458/2355/10 1362/2356/10 1360/2357/10
f 1492/2358/227 1487/2359/228 1488/2360/228
f 1496/2361/229 1491/2362/227 1492/2358/227
f 1500/2363/233 1495/2364/229 1496/2361/229
f 1500/2365/233 1505/2366/234 1499/2367/233
f 1506/2368/234 1507/2369/163 1505/2366/234
f 1508/2370/163 1511/2371/230 1507/2369/163
f 1512/2372/230 1513/2373/231 1511/2371/230
f 1514/2374/231 1515/2375/222 1513/2373/231
f 1516/2376/222 1519/2377/1 1515/2378/222
f 1519/2377/1 1522/2379/2 1521/2380/2
f 1521/2380/2 1524/2381/113 1523/2382/113
f 1524/2381/113 1526/2383/225 1523/2382/113
f 1527/2384/225 1528/2385/397 1526/2383/225
f 1529/2386/397 1530/2387/294 1528/2385/397
f 1531/2388/294 1532/2389/295 1530/2387/294
f 1534/2390/499 1532/2391/295 1533/2392/295
f 1536/2393/505 1525/2394/499 1534/2390/499
f 1535/2395/505 1490/2396/504 1489/2397/504
f 1494/2398/439 1489/2397/504 1490/2396/504
f 1493/2399/439 1498/2400/508 1497/2401/508
f 1502/2402/507 1497/2401/508 1498/2400/508
f 1504/2403/503 1501/2404/507 1502/2405/507
f 1503/2406/503 1510/2407/501 1509/2408/501
f 1488/2360/228 1509/2408/501 1510/2407/501
f 1532/2409/223 1382/2410/223 1530/2411/223
f 1510/2412/10 1735/2413/10 1488/2214/10
f 1500/2414/10 1766/2415/10 1557/2416/10
f 1524/2417/10 1373/2418/10 1527/2419/10
f 1440/2420/10 1360/2357/10 1358/2421/10
f 1359/2422/10 1442/2423/10 1394/2424/10
f 1441/2425/223 1365/2351/223 1392/2426/223
f 1456/2095/10 1518/2427/10 1400/2096/10
f 1517/2428/223 1455/2429/223 1402/2430/223
f 1468/2431/10 1869/2432/10 1870/2433/10
f 1828/2434/223 1833/2435/223 1829/2436/223
f 1871/2437/10 1835/2438/10 1841/2439/10
f 1600/2156/10 1834/2440/10 1436/2285/10
f 1578/2270/223 1595/2441/223 1594/2442/223
f 1434/2443/10 1397/1442/10 1391/1441/10
f 1467/2444/223 1577/2263/223 1828/2434/223
f 1585/2445/10 1468/2431/10 1836/2446/10
f 1433/2447/223 1390/1448/223 1399/1139/223
f 1855/2448/10 1850/2449/10 1848/2450/10
f 1571/2451/652 1622/2452/542 1564/2453/652
f 1633/2454/547 1590/2455/653 1598/2456/653
f 1455/2429/223 1887/2457/223 1884/2458/223
f 1397/1442/10 1434/2443/10 1835/2438/10
f 1835/2459/654 1433/2460/655 1826/2461/654
f 1472/2462/10 1585/2445/10 1583/2463/10
f 1460/2464/10 1893/2465/10 1869/2432/10
f 1886/2145/223 1459/2466/223 1879/2467/223
f 1452/2468/10 1537/2469/10 1518/2427/10
f 1538/2470/223 1451/2471/223 1517/2428/223
f 1402/2472/225 1518/2473/225 1517/2474/225
f 1448/2475/10 1540/2476/10 1537/2469/10
f 1539/2477/223 1447/2478/223 1538/2470/223
f 1517/2474/225 1537/2479/225 1538/2480/225
f 1366/2348/223 1443/2481/223 1539/2477/223
f 1538/2480/225 1540/2482/225 1539/2129/225
f 1444/2483/10 1358/2421/10 1540/2476/10
f 1549/2484/228 1542/2485/228 1541/2486/228
f 1394/2424/10 1486/2487/10 1398/2130/10
f 1485/2488/223 1392/2426/223 1396/2489/223
f 1541/2486/228 1544/2490/228 1543/2491/228
f 1544/2492/10 1481/2493/10 1476/2494/10
f 1480/2495/223 1543/2496/223 1475/2497/223
f 1543/2491/228 1545/2498/228 1546/2499/228
f 1545/2500/10 1476/2494/10 1474/2501/10
f 1475/2497/223 1546/2502/223 1473/2503/223
f 1547/2504/656 1545/2498/228 1583/2505/656
f 1583/2463/10 1474/2501/10 1472/2462/10
f 1473/2503/223 1547/2265/223 1471/2264/223
f 1624/2506/223 1550/2507/223 1478/2508/223
f 1548/2509/10 1481/2493/10 1542/2510/10
f 1480/2495/223 1549/2511/223 1541/2512/223
f 1485/2488/223 1623/2513/223 1624/2506/223
f 1551/2514/10 1482/2515/10 1548/2509/10
f 1550/2516/228 1548/2517/228 1549/2484/228
f 1479/2518/223 1550/2507/223 1549/2511/223
f 1398/2130/10 1571/2519/10 1616/2520/10
f 1564/2521/223 1396/2489/223 1607/2522/223
f 1483/2523/10 1629/2132/10 1484/2131/10
f 1389/2187/10 1616/2520/10 1615/2524/10
f 1613/2525/657 1637/2526/545 1634/2527/545
f 1426/2528/10 1714/2529/10 1733/2530/10
f 1578/2270/223 1596/2531/223 1595/2441/223
f 1863/2532/223 1592/2153/223 1864/2533/223
f 1433/2460/658 1848/2534/659 1843/2535/659
f 1715/2536/10 1644/2537/10 1645/2538/10
f 1784/2238/223 1785/2539/223 1687/2540/223
f 1438/2541/10 1818/2542/10 1406/1545/10
f 1534/2543/10 1376/2544/10 1375/2545/10
f 1510/2412/10 1504/2546/10 1900/2547/10
f 1407/1553/10 1669/2193/10 1666/2548/10
f 1494/2549/10 1372/2550/10 1401/2551/10
f 1493/2211/223 1897/2552/223 1405/2553/223
f 1897/2554/230 1401/2101/230 1405/2555/230
f 1489/2213/223 1385/2556/223 1535/2557/223
f 1490/2558/10 1374/2559/10 1372/2550/10
f 1535/2557/223 1384/2560/223 1525/2561/223
f 1536/2562/10 1375/2545/10 1374/2559/10
f 1525/2561/223 1383/2563/223 1532/2409/223
f 1533/2564/10 1377/2565/10 1376/2544/10
f 1528/2566/223 1382/2410/223 1381/2567/223
f 1526/2568/223 1381/2567/223 1379/2569/223
f 1529/2570/10 1377/2565/10 1531/2571/10
f 1744/2572/660 1431/1575/225 1432/1577/225
f 1527/2419/10 1378/2573/10 1529/2570/10
f 1499/2574/223 1761/2575/223 1495/2231/223
f 1516/2576/10 1751/2577/10 1520/2578/10
f 1524/2417/10 1555/2109/10 1552/2579/10
f 1411/1587/223 1790/2580/223 1791/2581/223
f 1379/2105/226 1552/2582/228 1553/2583/228
f 1523/2584/223 1379/2569/223 1553/2585/223
f 1430/2586/223 1758/2247/223 1554/2221/223
f 1522/2587/10 1753/2110/10 1555/2109/10
f 1430/2586/223 1756/2588/223 1757/2589/223
f 1553/2583/228 1555/2590/228 1554/2252/228
f 1523/2584/223 1554/2221/223 1521/2220/223
f 1438/2541/10 1406/1545/10 1429/1597/10
f 1709/2591/564 1720/2592/540 1715/2593/540
f 1680/2594/661 1418/2595/504 1673/2596/661
f 1499/2574/223 1505/2597/223 1556/2598/223
f 1760/2599/662 1438/2600/663 1437/2601/663
f 1438/2602/664 1771/2603/665 1437/2604/664
f 1507/2605/223 1556/2598/223 1505/2597/223
f 1506/2606/10 1500/2414/10 1557/2416/10
f 1511/2607/223 1558/2608/223 1507/2605/223
f 1557/2609/666 1558/2610/504 1559/2611/504
f 1508/2612/10 1557/2416/10 1559/2613/10
f 1511/2607/223 1563/2289/223 1561/2614/223
f 1559/2611/504 1561/2615/504 1560/2616/504
f 1512/2617/10 1559/2613/10 1560/2618/10
f 1562/2619/504 1770/2620/667 1777/2621/667
f 1560/2616/504 1563/2622/504 1562/2619/504
f 1512/2617/10 1562/2169/10 1514/2168/10
f 1423/1629/225 1796/2623/668 1790/2624/668
f 1496/2625/10 1820/2234/10 1766/2415/10
f 1608/2626/223 1565/2627/223 1569/2628/223
f 1616/2520/10 1571/2519/10 1575/2629/10
f 1572/2630/669 1565/2631/618 1570/2632/618
f 1572/2630/669 1568/2633/670 1569/2634/669
f 1574/2635/671 1568/2633/671 1573/2636/671
f 1575/2637/672 1567/2638/673 1574/2639/673
f 1571/2451/652 1566/2640/672 1575/2637/672
f 1579/2271/223 1576/2641/223 1591/2272/223
f 1600/2156/10 1589/2262/10 1588/2642/10
f 1579/2643/674 1584/2644/675 1576/2645/675
f 1580/2646/676 1589/2647/674 1579/2648/674
f 1581/2649/677 1588/2650/677 1580/2646/677
f 1582/2651/678 1587/2652/679 1581/2653/679
f 1547/2504/656 1586/2654/678 1582/2651/678
f 1570/2632/618 1576/2645/675 1584/2644/675
f 1435/2279/223 1594/2442/223 1593/2655/223
f 1602/2656/10 1600/2156/10 1603/2657/10
f 1601/2658/680 1591/2281/651 1597/2659/651
f 1602/2660/681 1596/2661/682 1601/2658/680
f 1603/2662/683 1595/2663/683 1602/2660/683
f 1604/2664/684 1594/2665/685 1603/2666/685
f 1598/2456/653 1593/2667/684 1604/2664/684
f 1386/2668/223 1655/2669/223 1656/2670/223
f 1618/2671/10 1651/2188/10 1615/2524/10
f 1570/2672/10 1619/2673/10 1615/2524/10
f 1609/2674/686 1614/2675/650 1605/2676/650
f 1610/2677/687 1620/2678/686 1609/2674/686
f 1611/2679/688 1619/2680/688 1610/2677/688
f 1612/2681/689 1618/2682/690 1611/2683/690
f 1606/2684/657 1617/2685/689 1612/2681/689
f 1608/2626/223 1607/2522/223 1386/2668/223
f 1623/2513/223 1622/2686/223 1626/2687/223
f 1632/2688/10 1629/2132/10 1628/2689/10
f 1638/2152/223 1846/2690/223 1845/2691/223
f 1850/2449/10 1859/2692/10 1851/2693/10
f 1625/2694/501 1628/2695/540 1621/2696/540
f 1626/2697/507 1632/2698/507 1625/2699/507
f 1622/2452/542 1631/2700/439 1626/2697/439
f 1640/2701/2 1634/2527/545 1637/2526/545
f 1641/2702/1 1636/2703/2 1640/2701/2
f 1638/2704/547 1635/2705/231 1641/2706/231
f 1621/2696/540 1551/2707/228 1550/2516/228
f 1647/2708/10 1644/2537/10 1643/2181/10
f 1653/2709/10 1650/2176/10 1649/2710/10
f 1656/2670/223 1655/2669/223 1659/2711/223
f 1662/2712/223 1661/2713/223 1665/2714/223
f 1658/2715/234 1649/2172/548 1654/2171/548
f 1659/2716/229 1653/2717/234 1658/2715/234
f 1655/2164/564 1652/2718/229 1659/2719/229
f 1664/2720/2 1643/2721/545 1660/2722/545
f 1665/2723/1 1647/2724/2 1664/2720/2
f 1661/2725/547 1646/2726/231 1665/2727/231
f 1660/2722/545 1408/2728/225 1412/2729/225
f 1672/2730/10 1668/2178/10 1667/2180/10
f 1673/2731/10 1675/2177/10 1676/2732/10
f 1676/2732/10 1675/2177/10 1677/2733/10
f 1677/2733/10 1675/2177/10 1678/2734/10
f 1678/2734/10 1675/2177/10 1599/2229/10
f 1679/2735/223 1592/2153/223 1682/2736/223
f 1682/2736/223 1681/2737/223 1683/2738/223
f 1683/2738/223 1681/2737/223 1684/2739/223
f 1684/2739/223 1681/2737/223 1680/2740/223
f 1687/2540/223 1686/2741/223 1691/2742/223
f 1676/2743/691 1680/2594/661 1673/2596/661
f 1676/2743/691 1683/2744/507 1684/2745/691
f 1677/2746/507 1682/2747/692 1683/2748/507
f 1674/2749/643 1682/2747/692 1678/2750/692
f 1670/2751/693 1686/2752/668 1666/2753/668
f 1670/2751/693 1690/2754/295 1691/2755/693
f 1671/2756/295 1689/2757/694 1690/2758/295
f 1672/2759/694 1685/2197/645 1689/2757/694
f 1407/1768/225 1686/2752/668 1413/1769/225
f 1697/2760/223 1694/2286/223 1693/2761/223
f 1698/2237/223 1700/2239/223 1701/2762/223
f 1710/2223/10 1713/2763/10 1711/2764/10
f 1702/2765/223 1700/2239/223 1699/2766/223
f 1705/2215/10 1704/2767/10 1708/2768/10
f 1711/2764/10 1713/2763/10 1712/2769/10
f 1716/2182/10 1715/2536/10 1719/2770/10
f 1722/2269/223 1721/2268/223 1725/2771/223
f 1731/2772/223 1728/2206/223 1727/2205/223
f 1734/2773/10 1733/2530/10 1737/2774/10
f 1718/2775/439 1721/2776/542 1714/2217/542
f 1719/2777/507 1725/2778/507 1718/2775/507
f 1715/2593/540 1724/2779/501 1719/2780/501
f 1712/2781/227 1699/2782/564 1709/2591/564
f 1713/2783/233 1702/2784/233 1712/2785/233
f 1710/2241/548 1701/2786/163 1713/2783/163
f 1707/2787/231 1693/2240/547 1703/2242/547
f 1708/2788/1 1697/2789/1 1707/2790/1
f 1704/2791/545 1696/2792/113 1708/2788/113
f 1730/2793/505 1733/2219/543 1726/2218/543
f 1731/2794/295 1737/2795/295 1730/2796/295
f 1727/2200/546 1736/2797/397 1731/2794/397
f 1797/2798/645 1783/2799/661 1789/2800/645
f 1743/2801/223 1740/2222/223 1739/2246/223
f 1748/2802/10 1746/2259/10 1745/2108/10
f 1752/2803/10 1750/2255/10 1754/2804/10
f 1759/2805/223 1757/2589/223 1756/2588/223
f 1759/2806/695 1745/2807/696 1755/2808/696
f 1756/2809/660 1748/2810/697 1759/2811/697
f 1738/2812/648 1754/2813/692 1750/2254/648
f 1739/2814/698 1754/2815/691 1743/2816/691
f 1749/2817/698 1755/2808/696 1745/2807/696
f 1761/2575/223 1556/2598/223 1764/2818/223
f 1821/2819/10 1765/2820/10 1769/2821/10
f 1774/2822/223 1742/2292/223 1775/2294/223
f 1770/2288/223 1772/2823/223 1773/2824/223
f 1767/2825/699 1556/2826/666 1557/2609/666
f 1768/2827/700 1764/2828/700 1767/2825/700
f 1769/2829/701 1763/2830/701 1768/2831/701
f 1765/2832/662 1762/2833/702 1769/2829/702
f 1773/2834/703 1777/2621/667 1770/2620/667
f 1774/2835/704 1781/2836/704 1773/2834/704
f 1775/2837/705 1780/2838/705 1774/2839/705
f 1775/2837/706 1776/2840/665 1779/2841/706
f 1784/2238/223 1783/2842/223 1788/2843/223
f 1795/2844/223 1791/2581/223 1790/2580/223
f 1798/2235/10 1797/2845/10 1802/2846/10
f 1809/2847/10 1805/2194/10 1804/2848/10
f 1786/2849/692 1804/2158/643 1782/2159/643
f 1787/2850/507 1809/2851/692 1786/2849/692
f 1788/2852/691 1808/2853/507 1787/2854/507
f 1783/2799/661 1807/2855/691 1788/2852/691
f 1793/2856/694 1797/2798/645 1789/2800/645
f 1794/2857/295 1802/2858/694 1793/2856/694
f 1795/2859/693 1801/2860/295 1794/2861/295
f 1790/2624/668 1800/2862/693 1795/2859/693
f 1413/1873/223 1687/2540/223 1785/2539/223
f 1812/2863/223 1811/2160/223 1817/2864/223
f 1825/2865/10 1799/2236/10 1819/2295/10
f 1814/2866/707 1819/2165/644 1810/2166/644
f 1815/2867/708 1825/2868/707 1814/2866/707
f 1816/2869/709 1824/2870/709 1815/2871/709
f 1817/2872/710 1823/2873/711 1816/2869/711
f 1811/2874/712 1822/2875/710 1817/2876/710
f 1409/1889/573 1818/2877/712 1811/2874/712
f 1463/2878/223 1829/2436/223 1878/2879/223
f 1404/1893/225 1885/2880/546 1403/1894/225
f 1890/2140/10 1893/2465/10 1894/2881/10
f 1633/2228/10 1849/2283/10 1853/2882/10
f 1838/2883/713 1827/2274/649 1834/2884/649
f 1839/2885/714 1833/2886/713 1838/2883/713
f 1840/2887/715 1832/2888/715 1839/2889/715
f 1841/2890/716 1831/2891/717 1840/2887/717
f 1835/2459/654 1830/2892/716 1841/2893/716
f 1844/2894/718 1849/2895/719 1842/2896/719
f 1845/2897/720 1853/2898/718 1844/2894/718
f 1845/2899/721 1851/2900/721 1852/2901/721
f 1846/2902/722 1850/2903/723 1851/2900/722
f 1847/2904/723 1848/2905/659 1850/2903/723
f 1844/2906/223 1638/2152/223 1845/2691/223
f 1856/2907/10 1599/2229/10 1857/2908/10
f 1856/2909/724 1861/2910/725 1854/2911/725
f 1857/2912/726 1865/2913/724 1856/2909/724
f 1858/2914/727 1864/2915/727 1857/2916/727
f 1859/2917/728 1863/2918/729 1858/2914/729
f 1855/2225/646 1862/2919/728 1859/2917/728
f 1861/2910/725 1387/1934/225 1854/2911/725
f 1868/2139/10 1867/2099/10 1874/2920/10
f 1877/2151/223 1883/2921/223 1878/2879/223
f 1872/2922/730 1876/2148/642 1866/2147/642
f 1873/2923/731 1883/2924/731 1872/2922/731
f 1874/2925/732 1882/2926/732 1873/2923/732
f 1867/2927/733 1881/2928/734 1874/2929/734
f 1867/2927/733 1395/1946/228 1875/2930/733
f 1889/2931/223 1886/2145/223 1885/2144/223
f 1892/2932/10 1891/2097/10 1895/2933/10
f 1894/2934/294 1885/2880/546 1890/2935/546
f 1895/2936/295 1889/2937/294 1894/2934/294
f 1891/2938/543 1888/2939/505 1895/2940/505
f 1891/2938/543 1402/2941/504 1884/2942/543
f 1601/2157/10 1600/2156/10 1602/2656/10
f 1590/2277/223 1435/2279/223 1593/2655/223
f 1436/2285/10 1603/2657/10 1600/2156/10
f 1578/2270/223 1591/2272/223 1596/2531/223
f 1436/2285/10 1598/2284/10 1604/2943/10
f 1846/2690/223 1862/2154/223 1847/2944/223
f 1650/2176/10 1651/2188/10 1613/2945/10
f 1606/2946/223 1656/2670/223 1657/2190/223
f 1884/2458/223 1887/2457/223 1888/2947/223
f 1640/2948/223 1681/2737/223 1592/2153/223
f 1592/2153/223 1681/2737/223 1682/2736/223
f 1854/2949/10 1674/2950/10 1599/2229/10
f 1415/1970/223 1388/1972/223 1861/2951/223
f 1599/2229/10 1674/2950/10 1678/2734/10
f 1675/2177/10 1636/2952/10 1599/2229/10
f 1875/2953/223 1403/1133/223 1880/2143/223
f 1648/2186/10 1651/2188/10 1652/2954/10
f 1658/2955/223 1656/2670/223 1659/2711/223
f 1651/2188/10 1653/2709/10 1652/2954/10
f 1654/2191/223 1657/2190/223 1658/2955/223
f 1675/2177/10 1613/2945/10 1634/2956/10
f 1606/2946/223 1681/2737/223 1637/2957/223
f 1656/2670/223 1611/2958/223 1608/2626/223
f 1608/2626/223 1611/2958/223 1610/2959/223
f 1618/2671/10 1615/2524/10 1619/2673/10
f 1605/2960/223 1565/2627/223 1609/2961/223
f 1389/2187/10 1615/2524/10 1651/2188/10
f 1386/2668/223 1656/2670/223 1608/2626/223
f 1617/2962/10 1613/2945/10 1651/2188/10
f 1565/2627/223 1610/2959/223 1609/2961/223
f 1570/2672/10 1614/2963/10 1620/2964/10
f 1606/2946/223 1612/2965/223 1656/2670/223
f 1608/2626/223 1569/2628/223 1568/2966/223
f 1570/2672/10 1615/2524/10 1572/2967/10
f 1396/2142/230 1616/2134/230 1607/2968/230
f 1564/2521/223 1607/2522/223 1566/2969/223
f 1574/2970/10 1616/2520/10 1575/2629/10
f 1572/2967/10 1615/2524/10 1573/2971/10
f 1567/2972/223 1608/2626/223 1568/2966/223
f 1615/2524/10 1574/2970/10 1573/2971/10
f 1566/2969/223 1607/2522/223 1567/2972/223
f 1627/2973/10 1630/2974/10 1631/2975/10
f 1625/2976/223 1623/2513/223 1626/2687/223
f 1630/2974/10 1632/2688/10 1631/2975/10
f 1621/2977/223 1624/2506/223 1625/2976/223
f 1851/2693/10 1633/2228/10 1852/2978/10
f 1576/2641/223 1605/2960/223 1591/2272/223
f 1577/2263/223 1547/2265/223 1582/2979/223
f 1589/2262/10 1600/2156/10 1597/2155/10
f 1614/2963/10 1584/2261/10 1597/2155/10
f 1579/2271/223 1578/2270/223 1580/2980/223
f 1583/2463/10 1585/2445/10 1586/2981/10
f 1581/2982/223 1577/2263/223 1582/2979/223
f 1585/2445/10 1587/2983/10 1586/2981/10
f 1599/2229/10 1859/2692/10 1858/2984/10
f 1587/2983/10 1600/2156/10 1588/2642/10
f 1578/2270/223 1581/2982/223 1580/2980/223
f 1842/2276/223 1638/2152/223 1844/2906/223
f 1633/2228/10 1853/2882/10 1852/2978/10
f 1862/2154/223 1592/2153/223 1863/2532/223
f 1391/1441/10 1848/2450/10 1434/2443/10
f 1592/2153/223 1641/2985/223 1640/2948/223
f 1857/2908/10 1599/2229/10 1858/2984/10
f 1856/2907/10 1854/2949/10 1599/2229/10
f 1864/2533/223 1592/2153/223 1865/2986/223
f 1636/2952/10 1635/2230/10 1599/2229/10
f 1861/2951/223 1865/2986/223 1592/2153/223
f 1861/2951/223 1679/2735/223 1415/1970/223
f 1894/2881/10 1892/2932/10 1895/2933/10
f 1679/2987/643 1639/2006/228 1415/2008/228
f 1854/2949/10 1387/2010/10 1639/2009/10
f 1390/1448/223 1843/2988/223 1860/2989/223
f 1699/2766/223 1688/2266/223 1662/2712/223
f 1709/2990/10 1711/2764/10 1712/2769/10
f 1701/2762/223 1700/2239/223 1702/2765/223
f 1803/2224/10 1806/2192/10 1807/2991/10
f 1784/2238/223 1788/2843/223 1787/2992/223
f 1807/2991/10 1806/2192/10 1808/2993/10
f 1785/2539/223 1787/2992/223 1786/2994/223
f 1808/2993/10 1805/2194/10 1809/2847/10
f 1782/2995/223 1785/2539/223 1786/2994/223
f 1666/2548/10 1669/2193/10 1670/2996/10
f 1687/2540/223 1690/2997/223 1688/2266/223
f 1689/2998/223 1688/2266/223 1690/2997/223
f 1669/2193/10 1671/2999/10 1670/2996/10
f 1685/3000/223 1688/2266/223 1689/2998/223
f 1671/2999/10 1668/2178/10 1672/2730/10
f 1804/2848/10 1407/1553/10 1425/2022/10
f 1782/2995/223 1413/1873/223 1785/2539/223
f 1668/2178/10 1806/2192/10 1711/2764/10
f 1784/2238/223 1688/2266/223 1700/2239/223
f 1642/3001/10 1645/2538/10 1646/3002/10
f 1663/3003/223 1665/2714/223 1664/3004/223
f 1646/3002/10 1644/2537/10 1647/2708/10
f 1660/2245/223 1663/3003/223 1664/3004/223
f 1645/2538/10 1709/2990/10 1715/2536/10
f 1663/3003/223 1720/3005/223 1662/2712/223
f 1717/2183/10 1719/2770/10 1718/3006/10
f 1408/3007/10 1717/2183/10 1426/2528/10
f 1714/2529/10 1717/2183/10 1718/3006/10
f 1723/2244/223 1725/2771/223 1724/3008/223
f 1668/2178/10 1709/2990/10 1645/2538/10
f 1720/3005/223 1699/2766/223 1662/2712/223
f 1736/3009/10 1734/2773/10 1737/2774/10
f 1732/3010/10 1735/2413/10 1736/3009/10
f 1726/3011/223 1729/3012/223 1730/3013/223
f 1729/3012/223 1731/2772/223 1730/3013/223
f 1706/3014/10 1708/2768/10 1707/3015/10
f 1703/3016/10 1706/3014/10 1707/3015/10
f 1692/3017/223 1695/3018/223 1696/3019/223
f 1696/3019/223 1694/2286/223 1697/2760/223
f 1492/2216/10 1706/3014/10 1820/2234/10
f 1792/3020/223 1813/2232/223 1791/2581/223
f 1798/2235/10 1802/2846/10 1801/3021/10
f 1799/2236/10 1801/3021/10 1800/3022/10
f 1789/3023/223 1792/3020/223 1793/3024/223
f 1793/3024/223 1792/3020/223 1794/3025/223
f 1796/3026/10 1799/2236/10 1800/3022/10
f 1794/3025/223 1791/2581/223 1795/2844/223
f 1706/3014/10 1797/2845/10 1798/2235/10
f 1694/2286/223 1789/3023/223 1693/2761/223
f 1703/3016/10 1803/2224/10 1797/2845/10
f 1693/2761/223 1783/2842/223 1698/2237/223
f 1424/3027/10 1733/2530/10 1734/2773/10
f 1422/3028/223 1726/3011/223 1428/2243/223
f 1732/3010/10 1488/2214/10 1735/2413/10
f 1501/3029/223 1897/2552/223 1497/3030/223
f 1494/2549/10 1896/3031/10 1498/3032/10
f 1897/2554/230 1898/3033/230 1896/3034/230
f 1899/3035/230 1424/2202/230 1898/3033/230
f 1502/3036/10 1896/3031/10 1898/3037/10
f 1901/2208/223 1899/3038/223 1501/3029/223
f 1503/3039/223 1509/2207/223 1901/2208/223
f 1729/3012/223 1901/2208/223 1728/2206/223
f 1900/2547/10 1898/3037/10 1424/3027/10
f 1900/2547/10 1734/2773/10 1735/2413/10
f 1695/3018/223 1487/2204/223 1491/2233/223
f 1504/2546/10 1502/3036/10 1900/2547/10
f 1503/3039/223 1901/2208/223 1501/3029/223
f 1753/2110/10 1754/2804/10 1749/3040/10
f 1738/2293/223 1741/2291/223 1743/2801/223
f 1752/2803/10 1520/2578/10 1751/2577/10
f 1515/3041/223 1742/2292/223 1772/2823/223
f 1520/2578/10 1753/2110/10 1522/2587/10
f 1519/2290/223 1740/2222/223 1741/2291/223
f 1744/3042/10 1747/2260/10 1748/2802/10
f 1758/2247/223 1759/2805/223 1755/3043/223
f 1744/3042/10 1354/2258/10 1747/2260/10
f 1357/2064/223 1431/1595/223 1430/2586/223
f 1778/3044/10 1781/3045/10 1780/3046/10
f 1355/1249/223 1771/3047/223 1738/2293/223
f 1766/2415/10 1768/3048/10 1767/3049/10
f 1773/2824/223 1772/2823/223 1774/2822/223
f 1438/2541/10 1429/1597/10 1776/2257/10
f 1437/2161/223 1771/3047/223 1355/1249/223
f 1513/2287/223 1515/3041/223 1772/2823/223
f 1778/3044/10 1777/2167/10 1781/3045/10
f 1429/1597/10 1750/2255/10 1776/2257/10
f 1516/2576/10 1514/2168/10 1778/3044/10
f 1751/2577/10 1780/3046/10 1779/2256/10
f 1557/2416/10 1766/2415/10 1767/3049/10
f 1762/3050/223 1813/2232/223 1763/3051/223
f 1760/3052/223 1812/2863/223 1762/3050/223
f 1818/2542/10 1821/2819/10 1822/3053/10
f 1761/2575/223 1763/3051/223 1813/2232/223
f 1820/2234/10 1769/2821/10 1768/3048/10
f 1417/2267/223 1681/2737/223 1419/2189/223
f 1418/2179/10 1675/2177/10 1673/2731/10
f 1822/3053/10 1821/2819/10 1823/3054/10
f 1812/2863/223 1817/2864/223 1816/3055/223
f 1812/2863/223 1815/3056/223 1813/2232/223
f 1821/2819/10 1824/3057/10 1823/3054/10
f 1791/2581/223 1815/3056/223 1814/3058/223
f 1824/3057/10 1799/2236/10 1825/2865/10
f 1810/3059/223 1791/2581/223 1814/3058/223
f 1796/3026/10 1410/1292/10 1799/2236/10
f 1810/3059/223 1411/1587/223 1791/2581/223
f 1765/2820/10 1818/2542/10 1438/2541/10
f 1760/3052/223 1811/2160/223 1812/2863/223
f 1645/2538/10 1420/2175/10 1668/2178/10
f 1662/2712/223 1419/2189/223 1661/2713/223
f 1837/3060/10 1838/3061/10 1834/2440/10
f 1832/3062/223 1829/2436/223 1833/2435/223
f 1871/2437/10 1841/2439/10 1840/3063/10
f 1826/2149/223 1877/2151/223 1830/3064/223
f 1839/3065/10 1871/2437/10 1840/3063/10
f 1830/3064/223 1877/2151/223 1831/3066/223
f 1836/2446/10 1839/3065/10 1838/3061/10
f 1877/2151/223 1832/3062/223 1831/3066/223
f 1871/2437/10 1872/3067/10 1866/3068/10
f 1873/3069/10 1868/2139/10 1874/2920/10
f 1875/2953/223 1880/2143/223 1881/3070/223
f 1882/3071/223 1878/2879/223 1883/2921/223
f 1870/2433/10 1873/3069/10 1872/3067/10
f 1880/2143/223 1882/3071/223 1881/3070/223
f 1866/3068/10 1835/2438/10 1871/2437/10
f 1433/2447/223 1399/1139/223 1826/2149/223
f 1860/2989/223 1847/2944/223 1862/2154/223
f 1887/2457/223 1889/2931/223 1888/2947/223
f 1456/2095/10 1892/2932/10 1460/2464/10
f 1402/2430/223 1455/2429/223 1884/2458/223
f 1551/2514/10 1629/2132/10 1483/2523/10
f 1477/3072/223 1624/2506/223 1478/2508/223
f 1627/2973/10 1398/2130/10 1630/2974/10
f 1622/2686/223 1396/2489/223 1564/2521/223
f 8/1/1 227/311/1 228/2/2
f 300/4/3 298/43/33 233/5/4
f 295/7/5 301/432/265 229/8/6
f 294/10/8 295/7/5 230/9/7
f 36/12/10 34/39/10 94/13/11
f 229/8/6 301/432/265 297/15/13
f 231/16/14 297/15/13 300/17/3
f 54/19/15 31/35/10 23/20/10
f 70/22/17 90/108/47 58/23/18
f 299/25/20 296/33/26 235/26/21
f 74/28/23 97/155/98 93/29/24
f 322/31/26 268/467/27 270/32/27
f 57/34/28 35/79/10 31/35/10
f 32/36/10 35/79/10 65/37/29
f 34/39/10 32/36/10 62/38/30
f 61/40/31 82/114/80 85/30/25
f 33/41/10 36/12/10 98/14/12
f 298/43/33 299/25/20 234/27/22
f 117/44/34 105/3073/107 109/45/35
f 106/47/37 102/152/110 14/48/38
f 15/50/40 118/80/51 114/51/41
f 114/53/41 110/56/44 17/54/43
f 110/56/44 106/47/37 18/49/39
f 12/57/10 417/549/10 419/58/10
f 77/60/45 82/114/80 61/40/31
f 90/62/47 77/3074/45 66/63/46
f 22/65/10 411/71/10 408/66/10
f 41/67/48 394/536/56 393/68/49
f 21/70/10 410/75/10 411/71/10
f 25/72/10 28/76/10 26/73/10
f 25/72/10 407/540/10 410/75/10
f 31/35/10 29/78/10 22/65/10
f 28/76/10 36/12/10 33/41/10
f 49/69/50 70/22/17 53/24/19
f 27/77/10 21/70/10 22/65/10
f 27/77/10 28/76/10 25/72/10
f 35/79/10 32/36/10 29/78/10
f 34/39/10 27/77/10 29/78/10
f 13/42/32 98/14/12 118/80/51
f 34/39/10 36/12/10 28/76/10
f 42/21/16 398/154/112 396/81/52
f 44/82/53 396/81/52 395/83/54
f 43/84/55 395/83/54 394/85/56
f 70/22/17 49/69/50 51/87/57
f 72/88/58 51/87/57 52/89/59
f 71/90/60 52/89/59 50/91/61
f 42/21/16 44/82/53 56/93/63
f 56/93/63 44/82/53 43/84/55
f 55/94/64 43/84/55 41/86/48
f 85/30/25 87/97/66 76/96/65
f 87/97/66 88/99/68 75/98/67
f 88/99/68 86/121/87 73/100/69
f 62/38/30 65/37/29 67/101/70
f 64/102/71 67/101/70 68/103/72
f 63/104/73 68/103/72 66/63/46
f 69/92/62 89/125/88 91/106/74
f 71/90/60 91/106/74 92/107/75
f 72/88/58 92/107/75 90/108/47
f 57/34/28 59/109/76 67/101/70
f 59/109/76 60/110/77 68/103/72
f 68/103/72 60/110/77 58/64/18
f 54/19/15 56/93/63 59/109/76
f 56/93/63 55/94/64 60/110/77
f 60/110/77 55/94/64 53/95/19
f 94/13/11 62/38/30 64/102/71
f 96/111/78 64/102/71 63/104/73
f 63/104/73 61/105/31 93/113/24
f 82/114/80 77/60/45 79/115/81
f 84/116/82 79/115/81 80/117/83
f 83/118/84 80/117/83 78/119/85
f 82/114/80 84/116/82 87/97/66
f 84/116/82 83/118/84 88/99/68
f 83/118/84 81/120/86 86/121/87
f 77/60/45 90/3075/47 92/122/75
f 79/123/81 92/107/75 91/106/74
f 80/124/83 91/106/74 89/125/88
f 45/127/89 377/517/277 378/128/90
f 47/129/91 378/128/90 376/130/92
f 48/131/93 376/130/92 382/132/94
f 94/13/11 96/111/78 100/134/96
f 96/111/78 95/112/79 99/135/97
f 95/112/79 93/113/24 97/136/98
f 113/46/36 115/138/100 119/137/99
f 115/138/100 116/140/102 120/139/101
f 116/140/102 114/51/41 118/80/51
f 113/141/36 109/146/35 111/142/103
f 115/143/100 111/142/103 112/144/104
f 116/145/102 112/144/104 110/56/44
f 109/146/35 105/149/107 107/147/105
f 111/142/103 107/147/105 108/148/106
f 112/144/104 108/148/106 106/47/37
f 105/149/107 101/153/111 103/150/108
f 107/147/105 103/150/108 104/151/109
f 108/148/106 104/151/109 102/152/110
f 101/153/111 74/28/23 76/96/65
f 103/150/108 76/96/65 75/98/67
f 104/151/109 75/98/67 73/100/69
f 117/44/34 119/137/99 99/135/97
f 119/137/99 120/139/101 100/134/96
f 120/139/101 118/80/51 98/14/12
f 42/21/16 23/20/10 408/66/10
f 105/149/107 117/3076/34 97/155/98
f 7/3/2 228/2/2 30/156/113
f 242/158/114 306/197/143 302/159/115
f 238/161/116 309/170/124 303/162/117
f 239/163/118 303/162/117 307/164/119
f 200/166/121 148/193/10 150/167/10
f 238/161/116 240/171/125 305/169/123
f 240/171/125 241/3077/115 302/172/115
f 160/173/126 152/236/166 137/174/10
f 164/176/127 196/214/158 176/177/128
f 244/179/130 304/187/137 308/180/131
f 199/182/133 203/290/208 180/183/134
f 304/187/137 244/179/130 272/185/27
f 272/185/27 276/3078/225 267/186/136
f 163/188/138 160/173/126 145/175/10
f 171/190/139 149/189/10 146/191/10
f 168/192/140 146/191/10 148/193/10
f 167/194/141 199/182/133 191/184/135
f 147/196/10 129/235/165 204/168/122
f 243/181/132 308/180/131 306/197/143
f 223/198/144 219/292/210 215/199/145
f 130/201/147 208/308/221 212/202/148
f 131/204/150 132/747/154 220/205/151
f 133/207/153 216/210/155 220/208/151
f 134/203/149 212/202/148 216/210/155
f 424/211/10 423/554/10 12/57/10
f 167/194/141 188/195/142 183/212/156
f 172/213/157 183/212/156 196/214/158
f 434/215/10 432/220/10 136/216/10
f 151/217/159 155/228/162 406/218/160
f 432/220/10 433/225/10 135/221/10
f 140/222/10 142/227/10 139/223/10
f 433/225/10 435/559/10 139/223/10
f 145/175/10 137/174/10 136/216/10
f 147/196/10 150/167/10 142/227/10
f 155/228/162 151/217/159 159/229/129
f 128/231/163 253/371/163 248/232/164
f 136/216/10 135/221/10 141/234/10
f 141/234/10 135/221/10 139/223/10
f 149/189/10 145/175/10 143/226/10
f 143/226/10 141/234/10 148/193/10
f 129/235/165 131/204/150 224/206/152
f 148/193/10 141/234/10 142/227/10
f 152/236/166 154/239/169 399/237/167
f 154/239/169 153/241/171 405/240/170
f 153/241/171 151/250/159 402/242/161
f 176/230/128 178/244/173 157/243/172
f 178/244/173 177/246/175 158/245/174
f 177/246/175 175/262/188 156/247/176
f 162/248/177 154/239/169 152/236/166
f 162/248/177 161/249/178 153/241/171
f 161/249/178 159/178/129 151/250/159
f 182/251/179 193/255/181 191/252/135
f 181/254/180 194/257/183 193/255/181
f 179/256/182 192/279/201 194/257/183
f 168/192/140 170/259/185 173/258/184
f 170/259/185 169/261/187 174/260/186
f 169/261/187 167/194/141 172/213/157
f 175/262/188 177/246/175 197/263/189
f 177/246/175 178/244/173 198/265/191
f 178/266/173 176/177/128 196/214/158
f 173/258/184 165/268/192 163/188/138
f 174/260/186 166/269/193 165/268/192
f 174/260/186 172/213/157 164/176/127
f 165/268/192 162/248/177 160/173/126
f 166/269/193 161/249/178 162/248/177
f 166/269/193 164/176/127 159/178/129
f 200/166/121 202/270/194 170/259/185
f 202/270/194 201/271/195 169/261/187
f 199/182/133 167/194/141 169/261/187
f 188/272/142 190/275/197 185/273/196
f 190/275/197 189/277/199 186/276/198
f 189/277/199 187/492/278 184/278/200
f 193/255/181 190/275/197 188/272/142
f 194/257/183 189/277/199 190/275/197
f 192/279/201 187/492/278 189/277/199
f 183/274/156 185/273/196 198/280/191
f 185/273/196 186/276/198 197/282/189
f 186/283/198 184/493/200 195/264/190
f 45/127/89 47/129/91 367/284/202
f 47/129/91 48/131/93 369/286/204
f 48/131/93 46/133/95 372/287/205
f 206/288/206 202/270/194 200/166/121
f 205/289/207 201/271/195 202/270/194
f 203/290/208 199/182/133 201/271/195
f 225/291/209 221/294/212 219/292/210
f 226/293/211 222/295/213 221/294/212
f 224/206/152 220/205/151 222/295/213
f 219/296/210 221/299/212 217/297/214
f 221/299/212 222/301/213 218/300/215
f 222/301/213 220/208/151 216/210/155
f 215/298/145 217/297/214 213/302/216
f 217/297/214 218/300/215 214/304/217
f 218/300/215 216/210/155 212/202/148
f 211/303/146 213/302/216 209/305/218
f 213/302/216 214/304/217 210/307/220
f 214/304/217 212/202/148 208/308/221
f 207/306/219 209/305/218 182/251/179
f 209/305/218 210/307/220 181/254/180
f 210/307/220 208/308/221 179/256/182
f 205/289/207 225/291/209 223/198/144
f 206/288/206 226/293/211 225/291/209
f 204/168/122 224/206/152 226/293/211
f 152/236/166 401/238/168 434/215/10
f 203/290/208 223/198/144 211/200/146
f 9/310/222 236/3079/222 227/311/1
f 6/312/223 4/327/223 230/313/223
f 7/315/223 6/312/223 229/314/223
f 7/315/223 231/316/223 232/317/223
f 8/318/223 232/317/223 233/319/223
f 10/321/223 9/320/223 233/319/223
f 10/321/223 234/322/223 235/323/223
f 5/324/223 235/323/223 274/325/223
f 4/327/223 245/861/223 1/328/223
f 4/329/224 144/370/224 254/330/225
f 122/332/226 247/353/226 249/333/227
f 124/335/223 238/339/223 239/336/223
f 125/338/223 240/341/223 238/339/223
f 125/338/223 126/343/223 241/340/223
f 127/342/223 242/345/223 241/340/223
f 128/344/223 243/347/223 242/345/223
f 128/344/223 123/348/223 244/346/223
f 123/348/223 271/3080/223 272/349/223
f 122/337/223 239/336/223 121/350/223
f 246/352/228 255/3081/228 247/353/226
f 124/334/227 249/333/227 250/354/229
f 123/233/164 248/232/164 269/356/230
f 10/358/231 237/362/231 236/359/222
f 5/361/232 3/366/232 237/362/231
f 125/355/229 250/354/229 251/363/233
f 273/365/230 275/3082/230 3/366/232
f 126/367/233 251/3083/233 252/368/234
f 6/157/113 30/156/113 144/370/224
f 127/369/234 252/368/234 253/371/163
f 257/372/235 277/387/248 278/373/236
f 275/377/225 256/422/225 270/375/238
f 270/375/238 289/400/257 293/376/225
f 263/378/239 265/3084/240 310/379/240
f 260/381/242 259/391/249 279/382/243
f 266/384/245 286/399/256 288/385/246
f 257/372/235 260/381/242 280/383/244
f 276/388/228 272/3085/228 271/389/228
f 259/391/249 264/3086/258 284/392/250
f 258/374/237 278/373/236 281/393/251
f 265/395/253 267/3087/509 287/396/254
f 262/398/255 282/3088/261 286/399/256
f 268/386/247 288/385/246 289/400/257
f 264/401/258 263/378/239 283/380/241
f 291/403/259 293/408/260 292/404/260
f 261/394/252 281/393/251 282/406/261
f 293/408/260 289/410/27 287/409/27
f 289/410/27 288/412/27 285/411/262
f 288/412/27 286/415/27 283/413/27
f 310/411/263 285/411/262 288/412/27
f 282/414/27 284/417/27 283/413/27
f 282/414/27 281/418/27 279/416/27
f 281/418/27 278/421/27 280/419/27
f 287/396/254 267/3087/509 276/388/228
f 269/390/228 292/426/228 287/396/254
f 256/422/225 275/377/225 273/423/225
f 269/390/228 271/389/228 290/425/228
f 275/377/225 293/376/225 291/427/225
f 274/429/264 235/26/21 296/33/26
f 296/33/26 270/32/27 256/428/260
f 299/25/20 298/43/33 324/430/33
f 296/33/26 299/25/20 325/431/20
f 301/432/265 321/437/265 323/433/13
f 298/43/33 300/4/3 326/434/3
f 297/15/13 323/433/13 326/435/3
f 301/432/265 295/7/5 320/436/266
f 295/7/5 294/10/8 319/438/267
f 308/180/131 313/440/131 317/439/143
f 304/187/137 312/445/137 313/440/131
f 309/170/124 305/169/123 316/441/123
f 306/197/143 317/439/143 315/443/115
f 305/169/123 302/172/115 315/444/115
f 267/186/136 265/448/27 312/445/137
f 309/170/124 314/442/124 311/446/268
f 303/162/117 311/446/268 318/447/269
f 265/448/27 263/485/27 338/449/137
f 314/442/124 335/455/124 337/450/270
f 311/446/268 337/450/270 341/451/271
f 313/440/131 342/453/131 340/452/143
f 312/445/137 338/449/137 342/453/131
f 314/442/124 316/441/123 339/454/123
f 317/439/143 340/452/143 336/456/115
f 316/441/123 315/444/115 336/458/115
f 323/433/13 330/466/13 327/459/3
f 325/431/20 324/430/33 331/460/33
f 321/437/265 320/436/266 328/462/272
f 322/31/26 325/431/20 332/461/20
f 320/436/266 319/438/267 334/465/273
f 321/437/265 329/463/265 330/466/13
f 268/467/27 322/31/26 333/464/26
f 324/430/33 326/434/3 327/469/3
f 329/463/265 328/462/272 344/470/274
f 331/460/33 327/469/3 350/472/3
f 333/464/26 332/461/20 349/474/20
f 328/462/272 334/465/273 343/476/275
f 330/466/13 347/478/13 350/477/3
f 329/463/265 345/471/265 347/478/13
f 332/461/20 331/460/33 348/473/33
f 266/468/27 333/464/26 346/475/26
f 337/450/270 352/488/276 356/480/271
f 342/453/131 358/484/131 355/481/143
f 339/454/123 336/458/115 351/482/115
f 338/449/137 353/486/137 358/484/131
f 263/485/27 264/491/27 353/486/137
f 335/455/124 339/454/123 354/483/123
f 335/455/124 357/487/124 352/488/276
f 340/452/143 355/481/143 351/489/115
f 73/100/69 344/470/274 343/476/275
f 343/476/275 14/48/38 102/152/110
f 350/477/3 347/478/13 81/120/86
f 344/470/274 73/100/69 86/121/87
f 345/471/265 86/121/87 81/120/86
f 348/473/33 350/472/3 78/126/85
f 349/474/20 348/473/33 89/125/88
f 346/475/26 349/474/20 69/92/62
f 262/479/27 346/475/26 50/91/61
f 264/491/27 404/498/203 156/247/176
f 130/201/147 356/480/271 352/488/276
f 352/488/276 179/256/182 208/308/221
f 357/487/124 354/483/123 187/492/278
f 358/484/131 175/262/188 195/264/190
f 352/488/276 357/487/124 192/279/201
f 351/482/115 184/278/200 187/492/278
f 355/481/143 195/264/190 184/493/200
f 353/486/137 156/247/176 175/262/188
f 362/494/161 363/513/286 372/287/205
f 364/496/203 359/502/280 403/497/280
f 360/499/167 374/506/283 373/500/281
f 359/502/280 361/507/204 400/503/282
f 364/496/203 259/538/27 260/504/27
f 365/505/170 370/509/170 374/506/283
f 361/507/204 363/513/286 406/218/160
f 362/508/161 371/515/279 370/509/170
f 368/285/203 260/504/27 257/510/27
f 368/285/203 367/284/202 359/502/280
f 371/495/279 372/287/205 46/133/95
f 370/509/170 39/516/288 40/512/285
f 367/284/202 369/286/204 361/507/204
f 369/286/204 372/287/205 363/513/286
f 374/506/283 40/512/285 38/514/287
f 371/515/279 37/526/284 39/516/288
f 377/517/277 383/528/277 385/518/289
f 379/519/290 37/511/284 46/133/95
f 377/517/277 45/127/89 257/510/27
f 381/521/291 375/531/281 38/514/287
f 378/128/90 385/518/289 390/522/92
f 380/523/54 381/521/291 40/512/285
f 376/130/92 390/522/92 389/524/292
f 379/525/290 380/523/54 39/516/288
f 390/522/92 397/533/293 393/68/49
f 386/527/56 379/519/290 382/132/94
f 383/528/277 377/517/277 258/520/27
f 388/530/52 387/537/281 375/531/281
f 384/532/54 388/530/52 381/521/291
f 385/518/289 392/534/289 397/533/293
f 383/528/277 391/490/277 392/534/289
f 386/535/56 384/532/54 380/523/54
f 394/536/56 386/527/56 389/524/292
f 395/83/54 396/81/52 388/530/52
f 396/81/52 398/154/112 387/537/281
f 397/533/293 51/87/57 49/69/50
f 392/534/289 52/89/59 51/87/57
f 391/490/277 383/528/277 261/529/27
f 391/490/277 50/91/61 52/89/59
f 394/85/56 395/83/54 384/532/54
f 403/497/280 400/503/282 157/243/172
f 402/219/161 406/218/160 363/513/286
f 400/503/282 406/218/160 155/228/162
f 404/498/203 403/497/280 158/245/174
f 404/498/203 264/491/27 259/538/27
f 405/240/170 365/505/170 360/499/167
f 399/237/167 360/499/167 366/501/281
f 402/242/161 362/508/161 365/505/170
f 411/71/10 416/542/10 413/539/10
f 407/540/10 25/72/10 24/74/10
f 410/75/10 415/543/10 416/542/10
f 398/154/112 408/66/10 413/539/10
f 407/540/10 412/545/10 415/543/10
f 415/543/10 420/548/10 421/544/10
f 412/545/10 407/540/10 409/541/10
f 387/537/281 413/539/10 418/547/10
f 412/545/10 417/549/10 420/548/10
f 416/542/10 421/544/10 418/547/10
f 417/549/10 412/545/10 414/546/10
f 375/531/281 418/547/10 20/550/10
f 417/549/10 12/57/10 11/551/10
f 421/544/10 19/552/10 20/550/10
f 420/548/10 11/551/10 19/552/10
f 424/211/10 429/558/10 428/553/10
f 425/555/10 19/552/10 11/551/10
f 373/500/281 38/514/287 20/550/10
f 426/556/10 11/551/10 12/57/10
f 422/557/10 20/550/10 19/552/10
f 429/558/10 436/563/10 435/559/10
f 430/560/10 425/555/10 426/556/10
f 366/501/281 373/500/281 422/557/10
f 427/561/10 426/556/10 423/554/10
f 431/562/10 422/557/10 425/555/10
f 436/563/10 138/224/10 139/223/10
f 432/220/10 430/560/10 427/561/10
f 401/238/168 366/501/281 431/562/10
f 433/225/10 427/561/10 428/553/10
f 434/215/10 431/562/10 430/560/10
f 643/564/294 642/3089/295 442/565/295
f 648/567/296 708/603/323 710/568/297
f 644/570/298 711/577/304 705/571/299
f 645/572/300 705/571/299 294/10/8
f 519/573/301 459/600/10 461/574/10
f 644/570/298 646/578/305 707/576/303
f 646/578/305 647/3090/297 710/579/297
f 479/580/306 467/631/338 451/581/10
f 483/583/307 515/659/333 495/584/308
f 650/586/310 706/594/317 709/587/311
f 518/589/313 522/704/383 499/590/314
f 681/592/316 679/985/511 729/593/317
f 482/595/318 479/580/306 457/582/10
f 490/597/319 460/596/10 458/598/10
f 487/599/320 458/598/10 459/600/10
f 486/601/321 518/589/313 510/591/315
f 33/41/10 13/42/32 523/575/302
f 649/588/312 709/587/311 708/603/323
f 542/604/324 538/687/385 534/605/325
f 14/48/38 527/703/396 531/607/327
f 15/50/40 16/52/42 539/608/328
f 17/54/43 535/611/330 539/610/328
f 18/49/39 531/607/327 535/611/330
f 419/58/10 818/1066/10 446/612/10
f 486/601/321 507/602/322 502/613/331
f 491/615/332 502/3091/331 515/616/333
f 811/618/10 813/623/10 450/619/10
f 466/620/334 474/629/337 796/621/335
f 813/623/10 812/626/10 449/624/10
f 26/73/10 454/628/10 452/625/10
f 812/626/10 810/1059/10 452/625/10
f 457/582/10 451/581/10 450/619/10
f 33/41/10 461/574/10 454/628/10
f 474/629/337 466/620/334 478/585/309
f 450/619/10 449/624/10 453/630/10
f 453/630/10 449/624/10 452/625/10
f 460/596/10 457/582/10 455/627/10
f 455/627/10 453/630/10 459/600/10
f 13/42/32 15/50/40 543/609/329
f 459/600/10 453/630/10 454/628/10
f 467/631/338 469/634/341 799/632/339
f 469/634/341 468/636/343 798/635/342
f 468/636/343 466/645/334 797/637/336
f 495/584/308 497/639/345 476/638/344
f 497/639/345 496/641/347 477/640/346
f 496/641/347 494/655/360 475/642/348
f 481/643/349 469/634/341 467/631/338
f 481/643/349 480/644/350 468/636/343
f 480/644/350 478/662/309 466/645/334
f 501/646/351 512/648/353 510/591/315
f 500/647/352 513/650/355 512/648/353
f 498/649/354 511/671/373 513/650/355
f 487/599/320 489/652/357 492/651/356
f 489/652/357 488/654/359 493/653/358
f 488/654/359 486/3092/321 491/615/332
f 494/655/360 496/641/347 516/656/361
f 496/641/347 497/639/345 517/658/363
f 497/639/345 495/584/308 515/659/333
f 492/651/356 484/660/364 482/595/318
f 493/653/358 485/661/365 484/660/364
f 493/653/358 491/615/332 483/617/307
f 484/660/364 481/643/349 479/580/306
f 485/661/365 480/644/350 481/643/349
f 485/661/365 483/617/307 478/662/309
f 519/573/301 521/663/366 489/652/357
f 521/663/366 520/665/367 488/654/359
f 518/664/313 486/3092/321 488/654/359
f 507/602/322 509/667/369 504/666/368
f 509/667/369 508/669/371 505/668/370
f 508/669/371 506/1006/521 503/670/372
f 512/648/353 509/667/369 507/602/322
f 513/650/355 508/669/371 509/667/369
f 511/671/373 506/1006/521 508/669/371
f 502/613/331 504/666/368 517/672/363
f 504/674/368 505/675/370 516/656/361
f 505/675/370 503/1008/372 514/657/362
f 470/676/374 472/679/377 781/677/375
f 472/679/377 473/681/379 779/680/378
f 473/681/379 471/821/481 785/682/380
f 525/683/381 521/663/366 519/573/301
f 524/684/382 520/665/367 521/663/366
f 522/685/383 518/664/313 520/665/367
f 544/686/384 540/689/387 538/687/385
f 545/688/386 541/690/388 540/689/387
f 543/609/329 539/608/328 541/690/388
f 538/691/385 540/694/387 536/692/389
f 540/694/387 541/696/388 537/695/390
f 541/696/388 539/610/328 535/611/330
f 534/693/325 536/692/389 532/697/391
f 536/692/389 537/695/390 533/699/392
f 537/695/390 535/611/330 531/607/327
f 530/698/326 532/697/391 528/700/393
f 532/697/391 533/699/392 529/702/395
f 533/699/392 531/607/327 527/703/396
f 526/701/394 528/700/393 501/646/351
f 528/700/393 529/702/395 500/647/352
f 529/702/395 527/703/396 498/649/354
f 524/684/382 544/686/384 542/604/324
f 525/683/381 545/688/386 544/686/384
f 523/575/302 543/609/329 545/688/386
f 467/631/338 801/633/340 811/618/10
f 522/704/383 542/3093/324 530/698/326
f 456/705/397 643/564/294 441/566/294
f 712/707/398 716/965/425 657/708/399
f 713/710/400 718/962/515 653/711/401
f 307/164/119 713/710/400 654/712/402
f 565/713/10 563/738/10 615/714/403
f 653/711/401 718/962/515 715/716/405
f 655/717/406 715/716/405 712/707/398
f 575/718/407 561/734/10 555/719/10
f 591/721/409 611/3094/434 579/722/410
f 717/724/412 714/730/418 659/725/413
f 595/727/415 618/843/484 614/728/416
f 683/732/420 659/725/413 714/730/418
f 714/730/418 678/967/511 687/731/419
f 578/733/421 564/770/10 561/734/10
f 562/735/10 564/770/10 586/736/422
f 563/738/10 562/735/10 583/737/423
f 582/739/424 603/807/469 606/729/417
f 147/196/10 565/713/10 619/715/404
f 716/740/425 717/724/412 658/726/414
f 638/742/426 626/837/493 630/743/427
f 627/745/429 623/840/496 130/201/147
f 131/204/150 639/771/440 635/746/430
f 635/748/430 631/749/431 133/207/153
f 631/749/431 627/745/429 134/203/149
f 446/612/10 823/1071/10 424/211/10
f 598/750/432 603/807/469 582/739/424
f 611/752/434 598/750/432 587/751/433
f 554/754/10 830/760/10 832/755/10
f 566/756/435 805/1056/445 809/757/436
f 553/759/10 831/762/10 830/760/10
f 556/761/10 558/763/10 140/222/10
f 556/761/10 833/1075/10 831/762/10
f 561/734/10 559/769/10 554/754/10
f 558/763/10 565/713/10 147/196/10
f 570/758/437 591/778/409 574/764/411
f 661/765/438 666/897/439 552/766/439
f 557/768/10 553/759/10 554/754/10
f 557/768/10 558/763/10 556/761/10
f 564/770/10 562/735/10 559/769/10
f 563/738/10 557/768/10 559/769/10
f 129/235/165 619/715/404 639/771/440
f 563/738/10 565/713/10 558/763/10
f 567/720/408 804/842/498 802/772/441
f 569/773/442 802/772/441 808/774/443
f 568/775/444 808/774/443 805/776/445
f 591/778/409 570/758/437 572/779/446
f 593/780/447 572/779/446 573/781/448
f 592/782/449 573/781/448 571/783/450
f 567/720/408 569/773/442 577/785/452
f 577/785/452 569/773/442 568/775/444
f 576/786/453 568/775/444 566/777/435
f 606/729/417 608/788/455 597/787/454
f 608/788/455 609/790/457 596/789/456
f 609/790/457 607/814/476 594/791/458
f 583/737/423 586/736/422 588/792/459
f 585/793/460 588/792/459 589/794/461
f 584/795/462 589/794/461 587/796/433
f 590/784/451 610/1012/477 612/798/463
f 592/782/449 612/798/463 613/799/464
f 593/800/447 613/815/464 611/752/434
f 578/733/421 580/802/465 588/792/459
f 580/802/465 581/803/466 589/794/461
f 589/794/461 581/803/466 579/722/410
f 575/718/407 577/785/452 580/802/465
f 577/785/452 576/786/453 581/803/466
f 581/803/466 576/786/453 574/723/411
f 615/714/403 583/737/423 585/793/460
f 617/804/467 585/793/460 584/795/462
f 584/795/462 582/797/424 614/806/416
f 603/807/469 598/750/432 600/808/470
f 605/809/471 600/808/470 601/810/472
f 604/811/473 601/810/472 599/812/474
f 603/807/469 605/809/471 608/788/455
f 605/809/471 604/811/473 609/790/457
f 604/811/473 602/813/475 607/814/476
f 598/750/432 611/752/434 613/815/464
f 600/808/470 613/815/464 612/816/463
f 601/810/472 612/816/463 610/817/477
f 470/676/374 771/1030/523 770/818/478
f 472/679/377 770/818/478 772/819/479
f 473/681/379 772/819/479 775/820/480
f 615/714/403 617/804/467 621/822/482
f 617/804/467 616/805/468 620/823/483
f 616/805/468 614/806/416 618/824/484
f 634/825/428 636/828/486 640/826/485
f 636/828/486 637/830/488 641/829/487
f 637/830/488 635/746/430 639/771/440
f 634/744/428 630/743/427 632/831/489
f 636/832/486 632/831/489 633/833/490
f 637/834/488 633/833/490 631/749/431
f 630/743/427 626/837/493 628/835/491
f 632/831/489 628/835/491 629/836/492
f 633/833/490 629/836/492 627/745/429
f 626/837/493 622/841/497 624/838/494
f 628/835/491 624/838/494 625/839/495
f 629/836/492 625/839/495 623/840/496
f 622/841/497 595/727/415 597/787/454
f 624/838/494 597/787/454 596/789/456
f 625/839/495 596/789/456 594/791/458
f 638/827/426 640/826/485 620/823/483
f 640/826/485 641/829/487 621/822/482
f 641/829/487 639/771/440 619/715/404
f 567/720/408 555/719/10 832/755/10
f 626/837/493 638/742/426 618/843/484
f 642/844/295 651/885/499 443/845/499
f 440/847/223 644/851/223 645/848/223
f 441/850/223 646/3095/223 644/851/223
f 647/852/223 646/3095/223 441/850/223
f 443/854/223 648/856/223 647/852/223
f 444/855/223 649/3096/223 648/856/223
f 650/857/223 649/3096/223 444/855/223
f 685/859/223 650/857/223 439/858/223
f 438/849/223 645/848/223 1/328/223
f 254/330/225 560/896/500 438/862/500
f 662/863/501 660/880/502 546/864/502
f 654/866/223 653/869/223 548/867/223
f 653/869/223 655/3097/223 549/870/223
f 549/870/223 655/3097/223 656/871/223
f 656/871/223 657/874/223 551/873/223
f 657/874/223 658/3098/223 552/875/223
f 552/875/223 658/3098/223 659/876/223
f 547/877/223 659/876/223 683/878/223
f 121/350/223 654/866/223 546/868/223
f 660/880/502 255/3081/228 246/352/228
f 663/881/503 662/863/501 548/865/501
f 680/883/504 661/765/438 547/767/438
f 651/885/499 652/887/505 444/886/505
f 652/887/505 437/891/506 439/888/506
f 664/889/507 663/881/503 549/882/503
f 437/891/506 686/3099/504 684/892/504
f 665/893/508 664/3100/507 550/894/507
f 560/896/500 456/705/397 440/706/397
f 666/897/439 665/893/508 551/895/508
f 689/898/236 688/3101/248 668/899/235
f 681/903/238 667/949/225 686/901/225
f 686/901/225 704/3102/225 700/902/257
f 674/904/239 694/927/241 719/905/240
f 671/907/242 691/913/244 690/908/243
f 699/910/246 697/924/256 677/911/245
f 668/899/235 688/3101/248 691/913/244
f 687/914/228 680/947/228 682/915/228
f 670/909/249 690/908/243 695/917/250
f 692/919/251 689/898/236 669/900/237
f 676/921/253 696/3103/253 698/922/254
f 697/924/256 693/3104/261 673/925/255
f 700/902/257 699/910/246 679/912/247
f 675/926/258 695/3105/250 694/927/241
f 703/928/419 704/934/419 702/929/510
f 693/931/261 692/919/251 672/920/252
f 698/933/511 700/936/511 704/934/419
f 696/935/512 699/938/511 700/936/511
f 694/937/513 697/939/511 699/938/511
f 696/935/512 719/935/10 694/937/513
f 697/939/511 694/937/513 695/940/511
f 690/942/511 692/944/511 693/941/511
f 691/943/511 689/946/511 692/944/511
f 687/914/228 678/923/509 698/922/254
f 698/922/254 703/3106/228 680/947/228
f 684/948/225 686/901/225 667/949/225
f 680/947/228 703/3106/228 701/951/228
f 702/952/225 704/3102/225 686/901/225
f 706/594/317 650/586/310 685/953/511
f 685/953/511 667/3107/228 681/592/316
f 709/587/311 732/955/311 731/954/323
f 706/594/317 729/593/317 732/955/311
f 730/956/303 728/981/304 711/577/304
f 708/603/323 731/954/323 733/957/297
f 733/958/297 730/956/303 707/576/303
f 711/577/304 728/981/304 727/959/514
f 705/571/299 727/959/514 319/438/267
f 726/960/425 722/961/412 717/724/412
f 722/961/412 721/966/418 714/730/418
f 718/962/515 723/972/515 725/963/405
f 724/964/398 726/977/425 716/965/425
f 715/716/405 725/963/405 724/964/398
f 721/966/418 676/970/511 678/967/511
f 720/968/516 723/972/515 718/962/515
f 318/447/269 720/968/516 713/710/400
f 744/969/418 674/1001/511 676/970/511
f 743/971/517 741/1002/515 723/972/515
f 341/451/271 743/971/517 720/968/516
f 746/973/425 747/974/412 722/961/412
f 747/974/412 744/969/418 721/966/418
f 723/972/515 741/1002/515 745/975/405
f 742/976/398 746/1005/425 726/977/425
f 725/963/405 745/975/405 742/976/398
f 734/979/297 737/984/303 730/956/303
f 732/955/311 739/983/311 738/980/323
f 728/981/304 736/988/304 735/982/518
f 729/593/317 740/986/317 739/983/311
f 727/959/514 735/982/518 334/465/273
f 737/984/303 736/988/304 728/981/304
f 679/985/511 677/995/511 740/986/317
f 731/954/323 738/980/323 734/987/297
f 736/988/304 749/1007/304 748/989/519
f 738/980/323 752/994/323 754/990/297
f 740/986/317 750/996/317 753/991/311
f 735/982/518 748/989/519 343/476/275
f 754/992/297 751/993/303 737/984/303
f 751/993/303 749/1007/304 736/988/304
f 739/983/311 753/991/311 752/994/323
f 677/995/511 673/1009/511 750/996/317
f 356/480/271 756/1004/520 743/971/517
f 759/997/425 761/999/412 747/974/412
f 745/975/405 758/1003/405 755/998/398
f 761/999/412 757/1000/418 744/969/418
f 757/1000/418 675/1010/511 674/1001/511
f 741/1002/515 760/1011/515 758/1003/405
f 756/1004/520 760/1011/515 741/1002/515
f 755/998/398 759/1013/425 746/1005/425
f 343/476/275 748/989/519 498/649/354
f 498/649/354 527/703/396 14/48/38
f 754/992/297 503/670/372 506/1006/521
f 511/671/373 498/649/354 748/989/519
f 506/1006/521 511/671/373 749/1007/304
f 752/994/323 514/657/362 503/1008/372
f 753/991/311 494/655/360 514/657/362
f 750/996/317 475/642/348 494/655/360
f 673/1009/511 794/1055/376 475/642/348
f 571/783/450 807/1057/523 675/1010/511
f 756/1004/520 356/480/271 130/201/147
f 130/201/147 623/840/496 594/791/458
f 760/1011/515 607/814/476 602/813/475
f 610/1012/477 590/784/451 761/999/412
f 756/1004/520 594/791/458 607/814/476
f 602/813/475 599/812/474 755/998/398
f 599/812/474 610/817/477 759/1013/425
f 590/784/451 571/783/450 757/1000/418
f 765/1014/445 774/1032/528 775/820/480
f 767/1016/523 807/1057/523 806/1017/524
f 776/1019/525 777/1026/527 763/1020/441
f 762/1018/524 806/1017/524 803/1022/526
f 767/1016/523 771/1030/523 671/1024/511
f 777/1026/527 773/1028/443 768/1027/443
f 764/1023/479 803/1022/526 809/757/436
f 773/1028/443 774/1036/528 765/1029/445
f 771/1030/523 470/676/374 668/1031/511
f 771/1030/523 767/1016/523 762/1018/524
f 774/1032/528 462/3108/735 471/821/481
f 465/1033/529 464/1035/531 773/1028/443
f 770/818/478 762/1018/524 764/1023/479
f 772/819/479 764/1023/479 766/1015/522
f 463/1034/530 465/1033/529 777/1026/527
f 464/1035/531 462/3109/735 774/1036/528
f 788/1037/532 786/1047/376 780/678/376
f 471/821/481 462/3108/735 782/1038/533
f 668/1031/511 470/676/374 780/678/376
f 784/1040/534 465/1033/529 463/1034/530
f 793/1042/378 788/1037/532 781/677/375
f 783/1043/342 464/1035/531 465/1033/529
f 792/1044/535 793/1042/378 779/680/378
f 782/1045/533 462/3109/735 464/1035/531
f 796/621/335 800/1052/536 793/1042/378
f 785/682/380 782/1038/533 789/1046/336
f 669/1039/511 780/678/376 786/1047/376
f 791/1049/339 784/1040/534 778/1041/525
f 787/1051/342 783/1043/342 784/1040/534
f 800/1052/536 795/1053/532 788/1037/532
f 795/1053/532 794/1055/376 786/1047/376
f 789/1054/336 782/1045/533 783/1043/342
f 792/1044/535 789/1046/336 797/622/336
f 798/635/342 787/1051/342 791/1049/339
f 799/632/339 791/1049/339 790/1050/525
f 474/629/337 476/638/344 800/1052/536
f 476/638/344 477/640/346 795/1053/532
f 794/1055/376 673/1009/511 672/1048/511
f 477/640/346 475/642/348 794/1055/376
f 797/637/336 789/1054/336 787/1051/342
f 806/1017/524 573/781/448 572/779/446
f 805/1056/445 765/1014/445 766/1015/522
f 803/1022/526 572/779/446 570/758/437
f 807/1057/523 571/783/450 573/781/448
f 807/1057/523 767/1016/523 670/1025/511
f 763/1020/441 768/1027/443 808/774/443
f 769/1021/525 763/1020/441 802/772/441
f 768/1027/443 765/1029/445 805/776/445
f 815/1058/10 817/1060/10 813/623/10
f 24/74/10 452/625/10 810/1059/10
f 817/1060/10 816/1061/10 812/626/10
f 801/633/340 790/1050/525 815/1058/10
f 816/1061/10 814/1063/10 810/1059/10
f 821/1062/10 820/1065/10 816/1061/10
f 409/541/10 810/1059/10 814/1063/10
f 790/1050/525 778/1041/525 819/1064/10
f 820/1065/10 818/1066/10 814/1063/10
f 819/1064/10 821/1062/10 817/1060/10
f 414/546/10 814/1063/10 818/1066/10
f 778/1041/525 463/1034/530 448/1067/10
f 445/1068/10 446/612/10 818/1066/10
f 448/1067/10 447/1069/10 821/1062/10
f 447/1069/10 445/1068/10 820/1065/10
f 827/1070/10 429/558/10 424/211/10
f 445/1068/10 447/1069/10 824/1072/10
f 448/1067/10 463/1034/530 776/1019/525
f 446/612/10 445/1068/10 825/1073/10
f 447/1069/10 448/1067/10 822/1074/10
f 833/1075/10 436/563/10 429/558/10
f 825/1073/10 824/1072/10 828/1076/10
f 822/1074/10 776/1019/525 769/1021/525
f 823/1071/10 825/1073/10 826/1077/10
f 824/1072/10 822/1074/10 829/1078/10
f 556/761/10 138/224/10 436/563/10
f 826/1077/10 828/1076/10 830/760/10
f 829/1078/10 769/1021/525 804/842/498
f 827/1070/10 826/1077/10 831/762/10
f 828/1076/10 829/1078/10 832/755/10
f 1356/1082/228 834/1241/228 885/1083/228
f 1404/1085/10 1320/1128/10 1319/1086/10
f 870/1088/504 872/1560/504 857/1089/438
f 850/1091/502 855/1094/501 858/1092/501
f 855/1094/501 854/1239/503 859/1095/503
f 1197/1098/10 1201/2060/10 1205/1096/10
f 1205/1096/10 1008/1584/10 1198/1097/10
f 852/1099/508 851/1102/439 862/1100/439
f 851/1102/439 849/1090/438 857/1089/438
f 843/1103/500 848/1106/397 837/1104/397
f 848/1106/397 847/1108/294 838/1107/294
f 847/1108/294 846/3110/295 839/1109/295
f 846/1110/295 845/1113/499 840/1111/499
f 845/1113/499 844/1115/505 841/1114/505
f 844/1115/505 842/1125/506 836/1116/506
f 835/1105/500 993/1485/225 992/1117/225
f 868/1120/10 1083/1994/10 1082/1118/10
f 1082/1118/10 937/1525/10 939/1119/10
f 863/1121/504 864/1165/504 1069/1122/504
f 866/1124/504 836/1116/506 842/1125/506
f 1342/1127/10 1345/1466/10 1320/1128/10
f 868/1129/504 866/1124/504 865/1126/504
f 1332/1131/223 1338/1470/223 1337/1132/223
f 1318/1134/537 1397/3111/538 1399/1135/538
f 1278/1137/223 1329/1937/223 1328/1138/223
f 1091/1140/223 1314/1962/223 1045/1141/223
f 1427/1146/228 1425/3112/228 1256/1147/539
f 1100/1152/540 875/3113/228 876/1153/228
f 1411/1155/228 1410/3114/228 1271/1156/541
f 880/1161/504 1101/1721/542 1106/1162/542
f 876/1164/504 875/3115/504 864/1165/504
f 880/1166/10 1127/1741/10 1102/1167/10
f 1120/1169/10 1119/1738/10 878/1170/10
f 1168/1171/10 1096/1539/10 1095/1172/10
f 879/1163/504 1113/1733/543 1094/1174/543
f 864/1175/10 875/3116/10 1100/1176/10
f 879/1178/223 1106/1978/223 1109/1179/223
f 1119/1184/544 1137/1767/544 877/1185/230
f 1184/1187/545 1156/1803/546 1144/1188/546
f 882/1190/504 883/1198/504 884/1191/504
f 940/1193/223 1180/1197/223 1179/1194/223
f 962/1196/223 1353/2057/223 1180/1197/223
f 883/1198/504 873/3117/504 874/1199/504
f 857/1200/223 872/3118/223 946/1201/223
f 941/1203/10 945/2040/10 1157/1204/10
f 1178/1206/547 1173/1786/548 1166/1207/548
f 1258/1181/10 1163/1774/10 1162/1212/10
f 1390/1214/549 1391/3119/549 1307/1215/550
f 1052/1217/10 1311/1699/10 1086/1218/10
f 1265/1220/223 1213/1579/223 948/1221/223
f 1272/1223/10 1251/1290/10 1250/1224/10
f 1150/1226/223 1152/1773/223 1236/1227/223
f 1162/1229/542 1150/3120/542 1145/1230/543
f 884/1234/223 874/3121/223 1112/1232/223
f 1112/1232/223 1115/2026/223 1175/1233/223
f 1175/1233/223 1174/1781/223 884/1234/223
f 1191/1236/223 1207/2063/223 1210/1235/223
f 1210/1235/223 1007/1211/223 1192/1210/223
f 853/1237/507 852/1099/508 861/1101/508
f 854/1239/503 853/3122/507 860/1240/507
f 834/1241/228 1008/1596/228 1007/1242/228
f 1202/1243/551 1190/1824/551 1355/1244/228
f 1231/1246/10 1203/1581/10 1202/1247/10
f 1198/1097/10 1008/1584/10 834/1250/10
f 1030/1256/223 1000/1508/223 924/1257/223
f 1140/1259/223 879/1178/223 877/1260/223
f 884/1234/223 1174/1781/223 1173/1262/223
f 889/1269/230 1301/1908/624 1294/1910/624
f 888/1267/230 1279/1897/552 1286/1268/552
f 889/1269/230 1294/1910/624 888/1267/230
f 1294/1270/223 1091/1140/223 1043/1271/223
f 1031/1264/223 1280/1432/223 1279/1273/223
f 1044/1274/553 1050/1663/553 1067/1275/554
f 1051/1277/10 1086/1218/10 1301/1278/10
f 944/1222/223 1147/2039/223 1146/1280/223
f 1190/1287/223 1194/1285/223 1227/1288/223
f 892/1293/228 896/1297/501 897/1294/501
f 901/1296/503 897/1294/501 896/1297/501
f 900/1298/503 904/3123/507 905/1299/507
f 908/1300/508 909/3124/508 905/1301/507
f 913/1303/439 909/3124/508 908/1300/508
f 916/1305/504 917/1307/504 913/1303/439
f 920/1306/505 921/1309/505 917/1307/504
f 922/1308/499 923/1311/499 921/1309/505
f 924/1310/295 925/3125/295 923/1311/499
f 926/1312/294 927/1316/294 925/1313/295
f 928/1315/397 929/1318/397 927/1316/294
f 933/1317/225 934/1320/225 929/1318/397
f 932/1319/113 935/1322/113 934/1320/225
f 931/1321/2 936/1324/2 935/1322/113
f 930/1323/1 937/1326/1 936/1324/2
f 930/1323/1 938/3126/222 939/1325/222
f 895/1327/231 939/3127/222 938/1328/222
f 894/1329/231 898/1331/230 899/1330/230
f 898/1331/230 902/1334/163 903/1332/163
f 907/1333/234 903/1332/163 902/1334/163
f 906/1335/234 910/3128/233 911/1336/233
f 910/1337/233 914/1341/229 915/1338/229
f 919/1340/227 915/1338/229 914/1341/229
f 918/1342/227 892/1293/228 893/1295/228
f 910/3129/223 906/3130/223 845/1343/223
f 845/1343/223 846/3131/223 847/3132/223
f 847/3132/223 848/3133/223 843/1344/223
f 843/1344/223 892/3134/223 918/3135/223
f 914/1345/223 910/3129/223 845/1343/223
f 843/1344/223 918/3135/223 914/1345/223
f 845/1343/223 847/3132/223 843/1344/223
f 902/1347/223 898/1422/223 842/1346/223
f 842/1346/223 844/3136/223 845/1343/223
f 845/1343/223 906/3130/223 902/1347/223
f 841/1350/10 836/1419/10 899/3137/10
f 903/1348/10 907/3138/10 840/1349/10
f 841/1350/10 899/3137/10 903/1348/10
f 915/3139/10 919/1417/10 837/1351/10
f 837/1351/10 838/3140/10 839/1352/10
f 839/1352/10 840/1349/10 907/3138/10
f 911/1353/10 915/3139/10 837/1351/10
f 839/1352/10 907/3138/10 911/1353/10
f 940/1354/228 944/1357/501 945/1355/501
f 944/1357/501 948/1359/503 949/1358/503
f 948/1359/503 952/3141/507 953/1360/507
f 958/1361/508 959/1365/508 953/1362/507
f 960/1364/439 961/1367/439 959/1365/508
f 964/1366/504 965/1369/504 961/1367/439
f 966/1368/505 967/1371/505 965/1369/504
f 968/1370/499 969/1373/499 967/1371/505
f 972/1372/295 973/3142/295 969/1373/499
f 975/1374/294 973/3143/295 972/1375/295
f 977/1377/397 975/1374/294 974/1376/294
f 979/1379/225 980/1381/225 977/1377/397
f 981/1380/113 982/1383/113 980/1381/225
f 983/1382/2 984/1385/2 982/1383/113
f 985/1384/1 986/1387/1 984/1385/2
f 985/1384/1 978/3144/222 987/1386/222
f 978/1388/222 988/1392/231 989/1389/231
f 943/1391/230 989/1389/231 988/1392/231
f 942/1393/230 946/1396/163 947/1394/163
f 951/1395/234 947/1394/163 946/1396/163
f 950/1397/234 954/3145/233 955/1398/233
f 954/1399/233 956/1403/229 957/1400/229
f 963/1402/227 957/1400/229 956/1403/229
f 962/1404/227 940/1354/228 941/1356/228
f 859/1405/223 860/1568/223 985/1406/223
f 1187/1408/10 1352/1550/10 963/1409/10
f 953/1410/10 1010/1613/10 1218/1411/10
f 850/1413/10 1005/3146/10 977/1414/10
f 893/1416/10 835/1486/10 837/1351/10
f 895/1418/10 899/3137/10 836/1419/10
f 894/1421/223 865/1491/223 842/1346/223
f 909/1079/10 869/1081/10 971/1423/10
f 908/1425/223 904/1473/223 970/1426/223
f 921/1430/10 1288/1444/10 1322/1428/10
f 1322/1428/10 1321/1465/10 917/1429/10
f 1285/1431/223 1279/1273/223 1280/1432/223
f 1286/1437/10 1289/2003/10 1053/1145/10
f 920/1443/223 1281/1433/223 1280/1432/223
f 1280/1432/223 1030/1256/223 922/1258/223
f 1038/1446/10 1289/2003/10 1288/1444/10
f 1288/1444/10 921/1430/10 923/1445/10
f 1302/1449/10 1311/1699/10 1307/1450/10
f 1075/1452/548 1080/3147/548 1024/1453/555
f 1043/1455/556 1091/1711/543 1086/1456/543
f 1339/1458/223 912/1469/223 908/1425/223
f 1278/1460/557 886/1537/558 887/1461/558
f 1038/1446/10 923/1445/10 925/1463/10
f 913/1467/10 917/1429/10 1321/1465/10
f 1321/1465/10 1320/1128/10 1345/1466/10
f 1345/1466/10 1344/1949/10 913/1467/10
f 1338/1470/223 1332/1131/223 1331/1468/223
f 1331/1468/223 916/1891/223 912/1469/223
f 912/1469/223 1339/1458/223 1338/1470/223
f 905/1424/10 971/1423/10 990/1471/10
f 904/1473/223 900/1480/223 991/1474/223
f 971/1475/225 869/3148/225 871/1476/225
f 901/1472/10 990/1471/10 993/1478/10
f 900/1480/223 896/1484/223 992/1481/223
f 990/1482/225 971/1475/225 970/1477/225
f 896/1484/223 892/3134/223 843/1344/223
f 993/1485/225 990/1482/225 991/1483/225
f 897/1479/10 993/1478/10 835/1486/10
f 995/1487/228 1001/1518/228 1002/1488/228
f 939/1119/10 895/1418/10 866/1420/10
f 938/1490/223 867/1515/223 865/1491/223
f 997/1492/228 995/1487/228 994/1489/228
f 997/1494/10 929/1503/10 934/1495/10
f 996/1497/223 994/3149/223 933/1498/223
f 998/1500/228 997/1492/228 996/1493/228
f 998/1502/10 927/1507/10 929/1503/10
f 999/1504/223 996/1497/223 928/1499/223
f 1000/1506/559 1036/3150/559 998/1500/228
f 1036/1464/10 925/1463/10 927/1507/10
f 1000/1508/223 999/1504/223 926/1505/223
f 1003/1509/223 1074/1996/223 1077/1510/223
f 934/1495/10 935/1516/10 1001/1512/10
f 933/1498/223 994/3149/223 1002/1513/223
f 938/1490/223 930/2094/223 1077/1510/223
f 1077/1510/223 1076/1691/223 867/1515/223
f 935/1516/10 936/1524/10 1004/1517/10
f 1001/1518/228 1004/1713/228 1003/1519/228
f 932/1514/223 1002/1513/223 1003/1509/223
f 1090/1527/546 1059/1690/560 1066/1528/560
f 1166/1530/10 1169/1173/10 883/1531/10
f 1300/1536/561 887/1461/562 886/1537/562
f 1096/1539/10 1168/1171/10 1167/1540/10
f 987/1547/10 852/1567/10 853/1548/10
f 1118/1552/10 1121/1183/10 1257/1182/10
f 947/1554/10 870/3151/10 849/1555/10
f 946/1201/223 872/3118/223 1349/1557/223
f 870/1088/504 1348/3152/504 1349/1559/504
f 862/1561/223 857/1200/223 942/1202/223
f 943/1556/10 849/1555/10 851/1563/10
f 861/1565/223 862/1561/223 988/1562/223
f 989/1564/10 851/1563/10 852/1567/10
f 860/1568/223 861/1565/223 978/1566/223
f 986/1549/10 853/1548/10 854/1569/10
f 981/1571/223 858/1573/223 859/1405/223
f 979/1572/223 856/1592/223 858/1573/223
f 854/1569/10 855/1578/10 982/1574/10
f 1431/1575/225 1208/1822/563 1196/1576/563
f 855/1578/10 850/1413/10 980/1415/10
f 1213/1579/223 1009/1603/223 952/1580/223
f 1203/1581/10 1230/2065/10 969/1582/10
f 977/1414/10 1005/3146/10 1008/1584/10
f 1242/1586/223 1423/3153/223 1411/1587/223
f 1005/1589/228 850/1091/502 856/1093/502
f 976/1591/223 1006/3154/223 856/1592/223
f 1210/1235/223 1209/1817/223 885/1593/223
f 885/1593/223 1209/1817/223 1208/1594/223
f 1008/1596/228 1005/1589/228 1006/1590/228
f 1007/1211/223 1006/3154/223 976/1591/223
f 1172/1598/564 1151/1792/540 1161/1599/540
f 878/1186/230 877/1185/230 1132/1601/565
f 891/1605/566 1217/1845/567 1212/1606/567
f 1223/1608/568 1228/3155/568 891/1609/569
f 1009/1603/223 1011/1614/223 960/1611/223
f 1011/1614/223 1014/3156/223 964/1615/223
f 1011/1616/230 1009/1837/570 1010/1617/570
f 961/1619/10 1012/1623/10 1010/1613/10
f 964/1615/223 1014/3156/223 1016/1282/223
f 1014/1620/230 1011/1616/230 1012/1618/230
f 965/1622/10 1013/3157/10 1012/1623/10
f 1222/1624/571 1016/1627/230 1015/1625/230
f 1016/1627/230 1014/1620/230 1013/1621/230
f 1015/1159/10 1013/3157/10 965/1622/10
f 1248/1628/572 1421/3158/225 1423/1629/225
f 1272/1223/10 945/2040/10 949/1412/10
f 1018/1635/573 1022/3159/574 1025/1636/574
f 1025/1636/574 1022/3159/574 1021/1638/575
f 1021/1638/576 1020/3160/576 1027/1640/576
f 1020/1641/577 1019/1644/578 1028/1642/578
f 1019/1644/578 1017/1454/555 1024/1453/555
f 1037/1647/579 1042/3161/580 1032/1648/580
f 1042/1650/580 1041/1653/581 1033/1651/581
f 1041/1653/582 1040/3162/582 1034/1654/582
f 1040/1655/583 1039/1658/584 1035/1656/584
f 1039/1658/584 1036/3150/559 1000/1506/559
f 1029/1649/579 1018/1635/573 1023/1637/573
f 1047/1438/223 1031/1264/223 888/1272/223
f 1044/1274/553 1049/1664/586 1054/1662/585
f 1049/1664/586 1048/1666/587 1055/1665/587
f 1048/1666/588 1047/3163/588 1056/1667/588
f 1047/1668/589 1046/1671/590 1057/1669/590
f 1046/1671/590 1043/1455/556 1051/1457/556
f 863/1672/223 1108/1716/223 1107/1673/223
f 1071/1675/10 1068/1526/10 1103/1177/10
f 1072/1677/10 1073/1984/10 1023/1678/10
f 1067/1679/554 1073/1682/591 1062/1680/591
f 1073/1682/591 1072/1684/592 1063/1683/592
f 1072/1684/593 1071/3164/593 1064/1685/593
f 1071/1686/594 1070/1689/595 1065/1687/595
f 1070/1689/595 1066/1528/560 1059/1690/560
f 1298/1696/223 1314/1962/223 1091/1140/223
f 1081/1700/564 1085/3165/227 1078/1701/227
f 1085/1703/233 1084/1706/233 1079/1704/233
f 1084/1706/163 1080/3147/548 1075/1452/548
f 1087/1529/546 1089/1708/294 1092/1707/294
f 1089/1708/294 1088/3166/295 1093/1709/295
f 1088/1710/505 1086/1456/543 1091/1711/543
f 1004/1713/228 1081/1700/564 1074/1702/564
f 1101/1721/542 1105/1723/508 1110/1722/508
f 1105/1723/508 1104/3167/503 1111/1724/503
f 1104/1725/503 1100/1152/540 1107/1154/540
f 1095/1727/546 1099/1730/294 1116/1728/294
f 1099/1730/294 1098/3168/295 1117/1731/295
f 1098/1732/505 1094/1174/543 1113/1733/543
f 873/1735/225 1095/1727/546 1112/1729/546
f 1125/1602/565 1132/1601/565 1136/1751/596
f 1128/1752/596 1136/1751/596 1135/1753/233
f 1129/1755/233 1135/3169/233 1134/1756/597
f 1134/1756/597 1131/2007/539 1126/1758/539
f 1138/1759/572 1143/3170/598 1122/1760/598
f 1122/1760/598 1143/3170/598 1142/1762/1
f 1123/1764/1 1142/3171/1 1141/1765/599
f 1124/1766/599 1141/1765/599 1137/1767/544
f 1138/1759/572 1118/1761/572 1407/1768/225
f 1173/1786/548 1177/1788/163 1170/1787/163
f 1177/1788/233 1176/3172/233 1171/1789/233
f 1176/1790/227 1172/1598/564 1167/1600/564
f 1151/1792/540 1154/3173/501 1164/1793/501
f 1154/1794/507 1153/1797/507 1165/1795/507
f 1153/1797/439 1150/3120/542 1162/1229/542
f 1145/1230/543 1149/3174/505 1159/1798/505
f 1149/1799/295 1148/1802/295 1160/1800/295
f 1148/1802/397 1144/1188/546 1156/1803/546
f 1185/1208/547 1189/3175/231 1182/1804/231
f 1189/1805/1 1188/1808/1 1183/1806/1
f 1188/1808/113 1184/1187/545 1179/1189/545
f 1235/1809/565 1255/3176/565 1249/1810/544
f 1195/1812/223 1191/1236/223 1192/1210/223
f 1200/1813/10 1197/1098/10 1198/1097/10
f 1202/1247/10 1203/1581/10 1204/1814/10
f 1197/1818/600 1200/3177/601 1211/1819/601
f 1200/1821/602 1196/1576/563 1208/1822/563
f 1190/1824/551 1202/1243/551 1206/1825/597
f 1206/1827/596 1201/1830/603 1191/1828/603
f 1207/1820/600 1191/1828/603 1201/1830/603
f 1226/1835/223 1227/1288/223 1194/1285/223
f 1222/1283/223 1225/2070/223 1224/1836/223
f 1009/1837/570 1216/1839/604 1219/1838/604
f 1216/1839/605 1215/3178/605 1220/1840/605
f 1215/1841/606 1214/1844/606 1221/1842/606
f 1214/1844/607 1212/1606/567 1217/1845/567
f 1229/1626/571 1233/3179/608 1225/1846/608
f 1233/1847/609 1232/1850/609 1226/1848/609
f 1232/1850/610 1231/1852/610 1227/1851/610
f 1231/1852/611 1228/3155/568 1223/1608/568
f 1256/1147/539 1261/1860/597 1238/1859/597
f 1261/1860/597 1260/3180/233 1239/1861/233
f 1260/1862/233 1259/1865/596 1240/1863/596
f 1259/1865/596 1255/3176/565 1235/1809/565
f 1249/1810/544 1254/1867/599 1245/1866/599
f 1254/1867/599 1253/3181/1 1246/1868/1
f 1253/1869/1 1252/1872/598 1247/1870/598
f 1252/1872/598 1248/1628/572 1242/1630/572
f 1237/1543/223 1139/1542/223 1138/1750/223
f 1271/1156/541 1277/1878/612 1266/1877/612
f 1277/1878/612 1276/3182/613 1267/1879/613
f 1276/1880/614 1275/1883/614 1268/1881/614
f 1275/1883/615 1274/3183/616 1269/1884/616
f 1274/1885/616 1270/1888/617 1263/1886/617
f 1270/1888/617 1406/3184/618 1409/1889/618
f 916/1891/223 1331/1468/223 1330/1890/223
f 1330/1890/223 1281/1433/223 920/1443/223
f 1337/1892/545 1342/1952/545 1404/1893/225
f 1279/1897/552 1285/1899/619 1290/1898/619
f 1285/1899/619 1284/3185/620 1291/1900/620
f 1284/1901/621 1283/1904/621 1292/1902/621
f 1283/1904/622 1282/3186/623 1293/1905/623
f 1282/1906/623 1278/1460/557 1287/1462/557
f 1301/1908/624 1305/1911/625 1296/1909/625
f 1305/1911/625 1304/3187/626 1297/1912/626
f 1304/1913/627 1303/3188/627 1298/1914/627
f 1298/1914/628 1303/3188/628 1302/1916/629
f 1302/1918/629 1300/1536/561 1295/1538/561
f 1313/1923/630 1317/1926/631 1308/1924/631
f 1317/1926/631 1316/3189/632 1309/1927/632
f 1316/1928/633 1315/1931/633 1310/1929/633
f 1315/1931/634 1314/1933/635 1311/1932/635
f 1314/1933/635 1312/1216/550 1307/1215/550
f 1387/1934/225 1388/3190/225 1313/1923/630
f 1335/1936/223 1328/1138/223 1329/1937/223
f 1328/1136/537 1335/1939/636 1324/1938/636
f 1335/1939/637 1334/1941/637 1325/1940/637
f 1334/1941/638 1333/3191/638 1326/1942/638
f 1333/1943/639 1327/1947/640 1319/1944/640
f 1395/1946/228 1393/3192/228 1319/1944/640
f 1337/1892/545 1341/1953/2 1346/1951/2
f 1341/1953/2 1340/3193/1 1347/1954/1
f 1340/1955/231 1336/1959/547 1343/1956/547
f 871/1958/230 869/3194/230 1343/1956/547
f 1056/1661/10 1057/1960/10 889/1279/10
f 1092/1966/223 1045/1141/223 1133/1180/223
f 1126/1968/10 1639/2009/10 1306/1969/10
f 1089/1973/10 1087/3195/10 1127/1741/10
f 1327/1974/223 1332/1131/223 1403/1133/223
f 1110/1977/223 1111/1717/223 1108/1716/223
f 1105/1715/10 1102/1167/10 1103/1177/10
f 1127/1741/10 1087/3195/10 1066/1963/10
f 1133/1180/223 1109/1179/223 1059/1964/223
f 1108/1716/223 1061/1631/223 1064/1979/223
f 1018/1633/223 1062/1983/223 1063/1981/223
f 1069/1122/504 868/1129/504 867/1130/504
f 1020/1991/223 1021/1986/223 1061/1631/223
f 1027/1989/10 1069/1520/10 1068/1526/10
f 1078/1995/223 1079/1692/223 1076/1691/223
f 1085/1694/10 1082/1118/10 1083/1994/10
f 1303/1698/10 1304/2004/10 1086/1218/10
f 1058/1982/223 1018/1633/223 1029/1645/223
f 1067/1985/10 1050/1143/10 1037/1255/10
f 1034/2000/223 1035/1997/223 1030/1256/223
f 1040/2001/10 1289/2003/10 1038/1446/10
f 1040/2001/10 1041/1646/10 1053/1145/10
f 1034/2000/223 1280/1432/223 1031/1264/223
f 1300/1451/10 1307/1450/10 1391/1441/10
f 1313/1971/223 1415/1970/223 1131/1744/223
f 1346/1895/10 1347/1950/10 1344/1949/10
f 1639/2006/228 1126/1758/539 1131/2007/539
f 1390/1448/223 1312/2093/223 1295/2011/223
f 1140/1259/223 1152/1773/223 1151/1777/223
f 1239/2014/223 1236/1227/223 1237/1543/223
f 1260/2015/10 1261/1857/10 1257/1182/10
f 1142/2019/223 1143/1749/223 1139/1542/223
f 1123/2021/10 1120/1169/10 1121/1183/10
f 1425/2022/10 1407/1553/10 1257/1182/10
f 1237/1543/223 1413/1873/223 1427/2023/223
f 1163/1774/10 1258/1181/10 1121/1183/10
f 1152/1773/223 1140/1259/223 1139/1542/223
f 1117/1719/223 1114/1718/223 1115/2026/223
f 1098/2025/10 1099/1714/10 1096/1539/10
f 1115/2026/223 1114/1718/223 1172/2028/223
f 1171/1780/10 1168/1171/10 1169/1173/10
f 1169/1173/10 1095/1172/10 873/2030/10
f 1175/1233/223 1172/2028/223 1176/2031/223
f 1176/2031/223 1177/1782/223 1174/1781/223
f 1120/1169/10 1097/1541/10 1161/2012/10
f 1188/2032/10 1189/1785/10 1186/1784/10
f 1183/1783/223 1180/1197/223 1181/2035/223
f 1160/1778/10 1157/1204/10 1158/1225/10
f 1148/2038/223 1149/1770/223 1146/1280/223
f 945/2040/10 1272/1223/10 1158/1225/10
f 1265/1220/223 1146/1280/223 1244/2041/223
f 1253/2042/10 1250/1224/10 1251/1290/10
f 1246/2046/223 1247/1854/223 1243/1588/223
f 1249/1856/10 1155/2037/10 1158/1225/10
f 1146/1280/223 1145/1771/223 1241/2044/223
f 1255/1213/10 1162/1212/10 1155/2037/10
f 1145/1771/223 1150/1226/223 1235/1228/223
f 1185/1532/10 883/1531/10 882/2048/10
f 881/2049/223 884/1234/223 1178/1263/223
f 941/1203/10 1156/1205/10 1184/2033/10
f 1349/1557/223 1351/2056/223 954/2050/223
f 1348/2051/10 870/3151/10 947/1554/10
f 1349/1559/504 1348/3152/504 1350/2053/504
f 1351/2054/504 1350/2053/504 882/1190/504
f 955/2055/10 1350/2059/10 1348/2051/10
f 1351/2056/223 881/2049/223 1353/2057/223
f 1353/2057/223 881/2049/223 1181/2035/223
f 1352/1550/10 882/2048/10 1350/2059/10
f 1352/1550/10 1187/1408/10 1186/1784/10
f 940/1193/223 1144/1195/223 1147/2039/223
f 1206/1815/10 1204/1814/10 1205/1096/10
f 1190/1287/223 1195/1812/223 1193/1286/223
f 968/2061/223 1224/1836/223 1194/1285/223
f 973/1583/10 975/1585/10 1205/1096/10
f 972/1284/223 1193/1286/223 1192/1210/223
f 1211/1816/223 1209/1817/223 1210/1235/223
f 834/1250/10 1432/1252/10 1196/2062/10
f 1220/2068/10 1272/1223/10 1218/1411/10
f 1230/2065/10 1233/2067/10 1229/1158/10
f 1232/2066/10 1230/2065/10 1203/1581/10
f 1214/2071/223 1215/2074/223 1265/1220/223
f 1215/2074/223 1216/1831/223 1213/1579/223
f 1272/1223/10 1220/2068/10 1221/1833/10
f 877/1260/223 879/1178/223 1133/1180/223
f 878/1170/10 1125/1739/10 1127/1741/10
f 1267/2077/223 1268/2076/223 1264/1874/223
f 1276/2078/10 1272/1223/10 1273/1832/10
f 1266/2079/223 1267/2077/223 1265/1220/223
f 1277/1876/10 1251/1290/10 1272/1223/10
f 1248/2047/10 1251/1290/10 1410/1292/10
f 1217/1834/10 891/1544/10 1270/1546/10
f 1263/1149/223 890/1151/223 1212/2072/223
f 1097/1541/10 1120/1169/10 880/1166/10
f 1114/1718/223 1113/1720/223 879/1178/223
f 1290/2082/10 1288/1444/10 1289/2003/10
f 1284/2083/223 1285/1431/223 1281/1433/223
f 1291/2086/10 1292/2084/10 1323/1434/10
f 1291/2086/10 1322/1428/10 1288/1444/10
f 1284/2083/223 1330/1890/223 1329/1937/223
f 1324/2088/10 1322/1428/10 1323/1434/10
f 1325/2090/10 1326/1935/10 1320/1128/10
f 1334/2092/223 1335/1936/223 1330/1890/223
f 1325/2090/10 1321/1465/10 1322/1428/10
f 1334/2092/223 1331/1468/223 1332/1131/223
f 1318/2089/10 1323/1434/10 1287/1436/10
f 1299/1961/223 1295/2011/223 1312/2093/223
f 1341/1948/223 1338/1470/223 1339/1458/223
f 1344/1949/10 1343/1080/10 909/1079/10
f 1004/1517/10 936/1524/10 1082/1118/10
f 868/1120/10 1024/1521/10 1080/1992/10
f 1075/1693/223 1017/1522/223 867/1515/223
f 1430/2098/228 1354/2253/228 1356/1082/228
f 1867/2099/10 1868/2139/10 1404/1085/10
f 1380/2100/164 1405/2555/230 1401/2101/230
f 1381/2103/227 1378/2107/227 1373/2104/226
f 1382/2106/229 1377/2251/229 1378/2107/227
f 1753/2110/10 1749/3040/10 1745/2108/10
f 1745/2108/10 1746/2259/10 1555/2109/10
f 1385/2111/163 1374/2114/163 1375/2112/234
f 1380/2100/164 1372/2102/164 1374/2114/163
f 1360/2115/113 1371/2119/113 1366/2116/224
f 1361/2118/2 1370/2121/2 1371/2119/113
f 1362/2120/1 1369/2123/1 1370/2121/2
f 1363/2122/222 1368/3196/222 1369/2123/1
f 1364/2124/231 1367/2128/231 1368/2125/222
f 1359/2127/232 1365/2136/232 1367/2128/231
f 1539/2129/225 1540/2482/225 1358/2117/224
f 1629/2132/10 1630/2974/10 1398/2130/10
f 1398/2130/10 1486/2487/10 1484/2131/10
f 1386/2133/230 1607/2968/230 1616/2134/230
f 1365/2136/232 1359/2127/232 1394/2137/230
f 1868/2139/10 1893/2465/10 1890/2140/10
f 1392/2138/230 1394/2137/230 1398/2141/230
f 1880/2143/223 1403/1133/223 1885/2144/223
f 1399/2146/641 1397/3197/641 1866/2147/642
f 1826/2149/223 1399/1139/223 1876/2150/223
f 1638/2152/223 1641/2985/223 1592/2153/223
f 1804/2158/643 1425/3112/228 1427/1146/228
f 1416/2162/228 1414/3198/228 1648/2163/564
f 1819/2165/644 1410/3114/228 1411/1155/228
f 1420/2170/230 1419/2185/230 1654/2171/548
f 1416/2173/230 1386/2133/230 1389/2135/230
f 1420/2175/10 1649/2710/10 1650/2176/10
f 1668/2178/10 1420/2175/10 1418/2179/10
f 1643/2181/10 1644/2537/10 1716/2182/10
f 1642/2184/547 1661/2725/547 1419/2185/230
f 1648/2186/10 1414/3199/10 1389/2187/10
f 1419/2189/223 1681/2737/223 1657/2190/223
f 1667/2195/645 1418/2595/504 1417/2196/504
f 1692/2198/545 1704/2791/545 1732/2199/546
f 1428/2201/230 1426/2210/230 1424/2202/230
f 1487/2204/223 1692/3017/223 1727/2205/223
f 1509/2207/223 1487/2204/223 1728/2206/223
f 1412/2209/230 1408/3200/230 1426/2210/230
f 1493/2211/223 1405/2553/223 1380/2212/223
f 1488/2214/10 1704/2767/10 1705/2215/10
f 1714/2217/542 1721/2776/542 1726/2218/543
f 1710/2223/10 1711/2764/10 1806/2192/10
f 1855/2225/646 1391/3201/647 1390/2226/647
f 1633/2228/10 1859/2692/10 1599/2229/10
f 1495/2231/223 1761/2575/223 1813/2232/223
f 1820/2234/10 1706/3014/10 1798/2235/10
f 1698/2237/223 1783/2842/223 1784/2238/223
f 1693/2240/547 1698/3202/548 1710/2241/548
f 1660/2245/223 1412/3203/223 1428/2243/223
f 1428/2243/223 1722/2269/223 1723/2244/223
f 1723/2244/223 1663/3003/223 1660/2245/223
f 1758/2247/223 1755/3043/223 1739/2246/223
f 1739/2246/223 1740/2222/223 1554/2221/223
f 1384/2113/234 1375/2112/234 1376/2248/233
f 1383/2250/233 1376/3204/233 1377/2251/229
f 1554/2252/228 1555/2590/228 1354/2253/228
f 1355/1244/228 1738/2812/648 1750/2254/648
f 1750/2255/10 1751/2577/10 1779/2256/10
f 1354/2258/10 1555/2109/10 1746/2259/10
f 1577/2263/223 1469/3205/223 1471/2264/223
f 1688/2266/223 1685/3000/223 1417/2267/223
f 1428/2243/223 1726/3011/223 1721/2268/223
f 1842/2896/719 1849/2895/719 1436/2273/504
f 1436/2273/504 1834/2884/649 1827/2274/649
f 1435/2275/504 1842/2896/719 1436/2273/504
f 1842/2276/223 1435/2279/223 1590/2277/223
f 1827/2278/223 1828/2434/223 1578/2270/223
f 1614/2280/650 1597/2659/651 1591/2281/651
f 1849/2283/10 1633/2228/10 1598/2284/10
f 1694/2286/223 1695/3018/223 1491/2233/223
f 1738/2293/223 1771/3047/223 1775/2294/223
f 1444/2296/227 1443/2299/227 1439/2297/228
f 1443/2299/227 1444/2296/227 1448/2300/229
f 1452/2302/233 1451/3206/233 1447/2301/229
f 1452/2303/233 1456/3207/234 1455/2304/234
f 1455/2304/234 1456/3207/234 1460/2306/163
f 1460/2306/163 1464/2309/230 1463/2308/230
f 1464/2309/230 1468/2311/231 1467/2310/231
f 1468/2311/231 1470/3208/222 1469/2312/222
f 1470/2313/222 1472/2316/1 1471/2314/1
f 1472/2316/1 1474/2318/2 1473/2317/2
f 1474/2318/2 1476/2320/113 1475/2319/113
f 1476/2320/113 1481/2322/225 1480/2321/225
f 1481/2322/225 1482/2324/397 1479/2323/397
f 1482/2324/397 1483/2326/294 1478/2325/294
f 1483/2326/294 1484/3209/295 1477/2327/295
f 1486/2328/499 1485/2331/499 1477/2329/295
f 1485/2331/499 1486/2328/499 1442/2332/505
f 1446/2334/504 1445/2336/504 1441/2333/505
f 1450/2335/439 1449/2337/439 1445/2336/504
f 1449/2337/439 1450/2335/439 1454/2338/508
f 1458/2340/507 1457/3210/507 1453/2339/508
f 1462/2341/503 1461/2344/503 1457/2342/507
f 1461/2344/503 1462/2341/503 1466/2345/501
f 1440/2298/228 1439/2297/228 1465/2346/501
f 1368/2349/223 1453/3211/223 1457/3212/223
f 1368/2349/223 1457/3212/223 1461/3213/223
f 1370/3214/223 1369/3215/223 1368/2349/223
f 1366/2348/223 1371/3216/223 1370/3214/223
f 1465/2347/223 1439/3217/223 1366/2348/223
f 1368/2349/223 1461/3213/223 1465/2347/223
f 1366/2348/223 1370/3214/223 1368/2349/223
f 1365/2351/223 1445/3218/223 1449/2350/223
f 1449/2350/223 1453/3211/223 1368/2349/223
f 1368/2349/223 1367/3219/223 1365/2351/223
f 1446/3220/10 1359/2422/10 1364/2352/10
f 1364/2352/10 1363/3221/10 1454/2353/10
f 1450/2354/10 1446/3220/10 1364/2352/10
f 1360/2357/10 1466/3222/10 1462/3223/10
f 1458/2355/10 1454/2353/10 1363/3221/10
f 1360/2357/10 1462/3223/10 1458/2355/10
f 1362/2356/10 1361/3224/10 1360/2357/10
f 1458/2355/10 1363/3221/10 1362/2356/10
f 1492/2358/227 1491/2362/227 1487/2359/228
f 1496/2361/229 1495/2364/229 1491/2362/227
f 1500/2363/233 1499/3225/233 1495/2364/229
f 1500/2365/233 1506/2368/234 1505/2366/234
f 1506/2368/234 1508/2370/163 1507/2369/163
f 1508/2370/163 1512/2372/230 1511/2371/230
f 1512/2372/230 1514/2374/231 1513/2373/231
f 1514/2374/231 1516/3226/222 1515/2375/222
f 1516/2376/222 1520/3227/1 1519/2377/1
f 1519/2377/1 1520/3227/1 1522/2379/2
f 1521/2380/2 1522/2379/2 1524/2381/113
f 1524/2381/113 1527/2384/225 1526/2383/225
f 1527/2384/225 1529/2386/397 1528/2385/397
f 1529/2386/397 1531/2388/294 1530/2387/294
f 1531/2388/294 1533/3228/295 1532/2389/295
f 1534/2390/499 1525/2394/499 1532/2391/295
f 1536/2393/505 1535/2395/505 1525/2394/499
f 1535/2395/505 1536/2393/505 1490/2396/504
f 1494/2398/439 1493/2399/439 1489/2397/504
f 1493/2399/439 1494/2398/439 1498/2400/508
f 1502/2402/507 1501/3229/507 1497/2401/508
f 1504/2403/503 1503/2406/503 1501/2404/507
f 1503/2406/503 1504/2403/503 1510/2407/501
f 1488/2360/228 1487/2359/228 1509/2408/501
f 1532/2409/223 1383/2563/223 1382/2410/223
f 1510/2412/10 1900/2547/10 1735/2413/10
f 1500/2414/10 1496/2625/10 1766/2415/10
f 1524/2417/10 1552/2579/10 1373/2418/10
f 1440/2420/10 1466/3222/10 1360/2357/10
f 1359/2422/10 1446/3220/10 1442/2423/10
f 1441/2425/223 1445/3218/223 1365/2351/223
f 1456/2095/10 1452/2468/10 1518/2427/10
f 1517/2428/223 1451/2471/223 1455/2429/223
f 1870/2433/10 1836/2446/10 1468/2431/10
f 1468/2431/10 1464/3230/10 1869/2432/10
f 1828/2434/223 1827/2278/223 1833/2435/223
f 1600/2156/10 1837/3060/10 1834/2440/10
f 1828/2434/223 1829/2436/223 1467/2444/223
f 1467/2444/223 1469/3205/223 1577/2263/223
f 1836/2446/10 1837/3060/10 1585/2445/10
f 1585/2445/10 1470/3231/10 1468/2431/10
f 1855/2448/10 1859/2692/10 1850/2449/10
f 1571/2451/652 1627/3232/542 1622/2452/542
f 1633/2454/547 1638/2704/547 1590/2455/653
f 1455/2429/223 1459/2466/223 1887/2457/223
f 1835/2459/654 1434/3233/655 1433/2460/655
f 1472/2462/10 1470/3231/10 1585/2445/10
f 1869/2432/10 1464/3230/10 1460/2464/10
f 1460/2464/10 1892/2932/10 1893/2465/10
f 1893/2465/10 1868/2139/10 1869/2432/10
f 1879/2467/223 1880/2143/223 1886/2145/223
f 1886/2145/223 1887/2457/223 1459/2466/223
f 1459/2466/223 1463/2878/223 1879/2467/223
f 1452/2468/10 1448/2475/10 1537/2469/10
f 1538/2470/223 1447/2478/223 1451/2471/223
f 1402/2472/225 1400/3234/225 1518/2473/225
f 1448/2475/10 1444/2483/10 1540/2476/10
f 1539/2477/223 1443/2481/223 1447/2478/223
f 1517/2474/225 1518/2473/225 1537/2479/225
f 1366/2348/223 1439/3217/223 1443/2481/223
f 1538/2480/225 1537/2479/225 1540/2482/225
f 1444/2483/10 1440/2420/10 1358/2421/10
f 1549/2484/228 1548/2517/228 1542/2485/228
f 1394/2424/10 1442/2423/10 1486/2487/10
f 1485/2488/223 1441/2425/223 1392/2426/223
f 1541/2486/228 1542/2485/228 1544/2490/228
f 1544/2492/10 1542/2510/10 1481/2493/10
f 1480/2495/223 1541/2512/223 1543/2496/223
f 1543/2491/228 1544/2490/228 1545/2498/228
f 1545/2500/10 1544/2492/10 1476/2494/10
f 1475/2497/223 1543/2496/223 1546/2502/223
f 1547/2504/656 1546/2499/228 1545/2498/228
f 1583/2463/10 1545/2500/10 1474/2501/10
f 1473/2503/223 1546/2502/223 1547/2265/223
f 1624/2506/223 1621/2977/223 1550/2507/223
f 1548/2509/10 1482/2515/10 1481/2493/10
f 1480/2495/223 1479/2518/223 1549/2511/223
f 1624/2506/223 1477/3072/223 1485/2488/223
f 1485/2488/223 1396/2489/223 1623/2513/223
f 1551/2514/10 1483/2523/10 1482/2515/10
f 1550/2516/228 1551/2707/228 1548/2517/228
f 1479/2518/223 1478/2508/223 1550/2507/223
f 1613/2525/657 1606/2684/657 1637/2526/545
f 1426/2528/10 1717/2183/10 1714/2529/10
f 1433/2460/658 1434/3233/658 1848/2534/659
f 1715/2536/10 1716/2182/10 1644/2537/10
f 1534/2543/10 1533/2564/10 1376/2544/10
f 1407/1553/10 1805/2194/10 1669/2193/10
f 1494/2549/10 1490/2558/10 1372/2550/10
f 1493/2211/223 1497/3030/223 1897/2552/223
f 1897/2554/230 1896/3034/230 1401/2101/230
f 1489/2213/223 1380/2212/223 1385/2556/223
f 1490/2558/10 1536/2562/10 1374/2559/10
f 1535/2557/223 1385/2556/223 1384/2560/223
f 1536/2562/10 1534/2543/10 1375/2545/10
f 1525/2561/223 1384/2560/223 1383/2563/223
f 1533/2564/10 1531/2571/10 1377/2565/10
f 1528/2566/223 1530/2411/223 1382/2410/223
f 1526/2568/223 1528/2566/223 1381/2567/223
f 1529/2570/10 1378/2573/10 1377/2565/10
f 1744/2572/660 1756/2809/660 1431/1575/225
f 1527/2419/10 1373/2418/10 1378/2573/10
f 1499/2574/223 1556/2598/223 1761/2575/223
f 1516/2576/10 1778/3044/10 1751/2577/10
f 1524/2417/10 1522/2587/10 1555/2109/10
f 1411/1587/223 1423/3153/223 1790/2580/223
f 1379/2105/226 1373/2104/226 1552/2582/228
f 1523/2584/223 1526/2568/223 1379/2569/223
f 1430/2586/223 1757/2589/223 1758/2247/223
f 1430/2586/223 1431/1595/223 1756/2588/223
f 1553/2583/228 1552/2582/228 1555/2590/228
f 1523/2584/223 1553/2585/223 1554/2221/223
f 1709/2591/564 1699/2782/564 1720/2592/540
f 1680/2594/661 1417/2196/504 1418/2595/504
f 1760/2599/662 1765/2832/662 1438/2600/663
f 1438/2602/664 1776/2840/665 1771/2603/665
f 1507/2605/223 1558/2608/223 1556/2598/223
f 1511/2607/223 1561/2614/223 1558/2608/223
f 1557/2609/666 1556/2826/666 1558/2610/504
f 1508/2612/10 1506/2606/10 1557/2416/10
f 1511/2607/223 1513/2287/223 1563/2289/223
f 1559/2611/504 1558/2610/504 1561/2615/504
f 1512/2617/10 1508/2612/10 1559/2613/10
f 1562/2619/504 1563/2622/504 1770/2620/667
f 1560/2616/504 1561/2615/504 1563/2622/504
f 1512/2617/10 1560/2618/10 1562/2169/10
f 1423/1629/225 1421/3158/225 1796/2623/668
f 1496/2625/10 1492/2216/10 1820/2234/10
f 1572/2630/669 1569/2634/669 1565/2631/618
f 1572/2630/669 1573/2636/670 1568/2633/670
f 1574/2635/671 1567/3235/671 1568/2633/671
f 1575/2637/672 1566/2640/672 1567/2638/673
f 1571/2451/652 1564/2453/652 1566/2640/672
f 1579/2643/674 1589/3236/674 1584/2644/675
f 1580/2646/676 1588/2650/676 1589/2647/674
f 1581/2649/677 1587/3237/677 1588/2650/677
f 1582/2651/678 1586/2654/678 1587/2652/679
f 1547/2504/656 1583/2505/656 1586/2654/678
f 1570/2632/618 1565/2631/618 1576/2645/675
f 1435/2279/223 1578/2270/223 1594/2442/223
f 1601/2658/680 1596/2661/682 1591/2281/651
f 1602/2660/681 1595/2663/681 1596/2661/682
f 1603/2662/683 1594/3238/683 1595/2663/683
f 1604/2664/684 1593/2667/684 1594/2665/685
f 1598/2456/653 1590/2455/653 1593/2667/684
f 1386/2668/223 1416/3239/223 1655/2669/223
f 1618/2671/10 1617/2962/10 1651/2188/10
f 1570/2672/10 1620/2964/10 1619/2673/10
f 1609/2674/686 1620/2678/686 1614/2675/650
f 1610/2677/687 1619/2680/687 1620/2678/686
f 1611/2679/688 1618/3240/688 1619/2680/688
f 1612/2681/689 1617/2685/689 1618/2682/690
f 1606/2684/657 1613/2525/657 1617/2685/689
f 1638/2152/223 1862/2154/223 1846/2690/223
f 1625/2694/501 1632/3241/501 1628/2695/540
f 1626/2697/507 1631/2700/507 1632/2698/507
f 1622/2452/542 1627/3232/542 1631/2700/439
f 1640/2701/2 1636/2703/2 1634/2527/545
f 1641/2702/1 1635/3242/1 1636/2703/2
f 1638/2704/547 1633/2454/547 1635/2705/231
f 1621/2696/540 1628/2695/540 1551/2707/228
f 1658/2715/234 1653/2717/234 1649/2172/548
f 1659/2716/229 1652/3243/229 1653/2717/234
f 1655/2164/564 1648/2163/564 1652/2718/229
f 1664/2720/2 1647/2724/2 1643/2721/545
f 1665/2723/1 1646/3244/1 1647/2724/2
f 1661/2725/547 1642/2184/547 1646/2726/231
f 1660/2722/545 1643/2721/545 1408/2728/225
f 1676/2743/691 1684/2745/691 1680/2594/661
f 1676/2743/691 1677/3245/507 1683/2744/507
f 1677/2746/507 1678/2750/692 1682/2747/692
f 1674/2749/643 1679/2987/643 1682/2747/692
f 1670/2751/693 1691/2755/693 1686/2752/668
f 1670/2751/693 1671/3246/295 1690/2754/295
f 1671/2756/295 1672/2759/694 1689/2757/694
f 1672/2759/694 1667/2195/645 1685/2197/645
f 1407/1768/225 1666/2753/668 1686/2752/668
f 1718/2775/439 1725/2778/439 1721/2776/542
f 1719/2777/507 1724/3247/507 1725/2778/507
f 1715/2593/540 1720/2592/540 1724/2779/501
f 1712/2781/227 1702/3248/227 1699/2782/564
f 1713/2783/233 1701/2786/233 1702/2784/233
f 1710/2241/548 1698/3202/548 1701/2786/163
f 1707/2787/231 1697/3249/231 1693/2240/547
f 1708/2788/1 1696/2792/1 1697/2789/1
f 1704/2791/545 1692/2198/545 1696/2792/113
f 1730/2793/505 1737/3250/505 1733/2219/543
f 1731/2794/295 1736/2797/295 1737/2795/295
f 1727/2200/546 1732/2199/546 1736/2797/397
f 1797/2798/645 1803/3251/661 1783/2799/661
f 1743/2801/223 1741/2291/223 1740/2222/223
f 1748/2802/10 1747/2260/10 1746/2259/10
f 1752/2803/10 1751/2577/10 1750/2255/10
f 1759/2806/695 1748/3252/695 1745/2807/696
f 1756/2809/660 1744/2572/660 1748/2810/697
f 1738/2812/648 1743/3253/692 1754/2813/692
f 1739/2814/698 1749/2817/698 1754/2815/691
f 1749/2817/698 1739/2814/698 1755/2808/696
f 1774/2822/223 1772/2823/223 1742/2292/223
f 1770/2288/223 1513/2287/223 1772/2823/223
f 1767/2825/699 1764/2828/699 1556/2826/666
f 1768/2827/700 1763/3254/700 1764/2828/700
f 1769/2829/701 1762/2833/701 1763/2830/701
f 1765/2832/662 1760/2599/662 1762/2833/702
f 1773/2834/703 1781/2836/703 1777/2621/667
f 1774/2835/704 1780/3255/704 1781/2836/704
f 1775/2837/705 1779/2841/705 1780/2838/705
f 1775/2837/706 1771/2603/665 1776/2840/665
f 1786/2849/692 1809/2851/692 1804/2158/643
f 1787/2850/507 1808/3256/507 1809/2851/692
f 1788/2852/691 1807/2855/691 1808/2853/507
f 1783/2799/661 1803/3251/661 1807/2855/691
f 1793/2856/694 1802/2858/694 1797/2798/645
f 1794/2857/295 1801/3257/295 1802/2858/694
f 1795/2859/693 1800/2862/693 1801/2860/295
f 1790/2624/668 1796/2623/668 1800/2862/693
f 1413/1873/223 1686/2741/223 1687/2540/223
f 1814/2866/707 1825/2868/707 1819/2165/644
f 1815/2867/708 1824/3258/708 1825/2868/707
f 1816/2869/709 1823/2873/709 1824/2870/709
f 1817/2872/710 1822/3259/710 1823/2873/711
f 1811/2874/712 1818/2877/712 1822/2875/710
f 1409/1889/573 1406/3184/573 1818/2877/712
f 1878/2879/223 1879/2467/223 1463/2878/223
f 1463/2878/223 1467/2444/223 1829/2436/223
f 1404/1893/225 1890/2935/546 1885/2880/546
f 1838/2883/713 1833/2886/713 1827/2274/649
f 1839/2885/714 1832/3260/714 1833/2886/713
f 1840/2887/715 1831/2891/715 1832/2888/715
f 1841/2890/716 1830/3261/716 1831/2891/717
f 1835/2459/654 1826/2461/654 1830/2892/716
f 1844/2894/718 1853/2898/718 1849/2895/719
f 1845/2897/720 1852/3262/720 1853/2898/718
f 1845/2899/721 1846/2902/721 1851/2900/721
f 1846/2902/722 1847/2904/723 1850/2903/723
f 1847/2904/723 1843/3263/659 1848/2905/659
f 1856/2909/724 1865/2913/724 1861/2910/725
f 1857/2912/726 1864/3264/726 1865/2913/724
f 1858/2914/727 1863/2918/727 1864/2915/727
f 1859/2917/728 1862/2919/728 1863/2918/729
f 1855/2225/646 1860/2227/646 1862/2919/728
f 1861/2910/725 1388/3190/225 1387/1934/225
f 1877/2151/223 1876/2150/223 1883/2921/223
f 1872/2922/730 1883/2924/730 1876/2148/642
f 1873/2923/731 1882/2926/731 1883/2924/731
f 1874/2925/732 1881/3265/732 1882/2926/732
f 1867/2927/733 1875/2930/733 1881/2928/734
f 1867/2927/733 1393/3192/228 1395/1946/228
f 1894/2934/294 1889/2937/294 1885/2880/546
f 1895/2936/295 1888/3266/295 1889/2937/294
f 1891/2938/543 1884/2942/543 1888/2939/505
f 1891/2938/543 1400/3267/504 1402/2941/504
f 1436/2285/10 1604/2943/10 1603/2657/10
f 1640/2948/223 1637/2957/223 1681/2737/223
f 1854/2949/10 1639/2009/10 1674/2950/10
f 1675/2177/10 1634/2956/10 1636/2952/10
f 1875/2953/223 1395/1975/223 1403/1133/223
f 1658/2955/223 1657/2190/223 1656/2670/223
f 1651/2188/10 1650/2176/10 1653/2709/10
f 1675/2177/10 1650/2176/10 1613/2945/10
f 1606/2946/223 1657/2190/223 1681/2737/223
f 1656/2670/223 1612/2965/223 1611/2958/223
f 1565/2627/223 1608/2626/223 1610/2959/223
f 1396/2142/230 1398/2141/230 1616/2134/230
f 1567/2972/223 1607/2522/223 1608/2626/223
f 1615/2524/10 1616/2520/10 1574/2970/10
f 1625/2976/223 1624/2506/223 1623/2513/223
f 1630/2974/10 1629/2132/10 1632/2688/10
f 1851/2693/10 1859/2692/10 1633/2228/10
f 1576/2641/223 1565/2627/223 1605/2960/223
f 1614/2963/10 1570/2672/10 1584/2261/10
f 1581/2982/223 1828/2434/223 1577/2263/223
f 1585/2445/10 1837/3060/10 1587/2983/10
f 1587/2983/10 1837/3060/10 1600/2156/10
f 1578/2270/223 1828/2434/223 1581/2982/223
f 1391/1441/10 1855/2448/10 1848/2450/10
f 1861/2951/223 1592/2153/223 1679/2735/223
f 1894/2881/10 1893/2465/10 1892/2932/10
f 1679/2987/643 1674/2749/643 1639/2006/228
f 1390/1448/223 1433/2447/223 1843/2988/223
f 1699/2766/223 1700/2239/223 1688/2266/223
f 1785/2539/223 1784/2238/223 1787/2992/223
f 1808/2993/10 1806/2192/10 1805/2194/10
f 1687/2540/223 1691/2742/223 1690/2997/223
f 1669/2193/10 1668/2178/10 1671/2999/10
f 1804/2848/10 1805/2194/10 1407/1553/10
f 1782/2995/223 1427/2023/223 1413/1873/223
f 1668/2178/10 1669/2193/10 1806/2192/10
f 1784/2238/223 1687/2540/223 1688/2266/223
f 1663/3003/223 1662/2712/223 1665/2714/223
f 1646/3002/10 1645/2538/10 1644/2537/10
f 1663/3003/223 1723/2244/223 1720/3005/223
f 1717/2183/10 1716/2182/10 1719/2770/10
f 1408/3007/10 1643/2181/10 1717/2183/10
f 1724/3008/223 1720/3005/223 1723/2244/223
f 1723/2244/223 1722/2269/223 1725/2771/223
f 1668/2178/10 1711/2764/10 1709/2990/10
f 1736/3009/10 1735/2413/10 1734/2773/10
f 1729/3012/223 1728/2206/223 1731/2772/223
f 1706/3014/10 1705/2215/10 1708/2768/10
f 1696/3019/223 1695/3018/223 1694/2286/223
f 1492/2216/10 1705/2215/10 1706/3014/10
f 1792/3020/223 1694/2286/223 1813/2232/223
f 1799/2236/10 1798/2235/10 1801/3021/10
f 1794/3025/223 1792/3020/223 1791/2581/223
f 1706/3014/10 1703/3016/10 1797/2845/10
f 1694/2286/223 1792/3020/223 1789/3023/223
f 1703/3016/10 1710/2223/10 1803/2224/10
f 1693/2761/223 1789/3023/223 1783/2842/223
f 1424/3027/10 1426/2528/10 1733/2530/10
f 1422/3028/223 1729/3012/223 1726/3011/223
f 1732/3010/10 1704/2767/10 1488/2214/10
f 1501/3029/223 1899/3038/223 1897/2552/223
f 1494/2549/10 1401/2551/10 1896/3031/10
f 1897/2554/230 1899/3035/230 1898/3033/230
f 1899/3035/230 1422/2203/230 1424/2202/230
f 1502/3036/10 1498/3032/10 1896/3031/10
f 1901/2208/223 1422/3028/223 1899/3038/223
f 1729/3012/223 1422/3028/223 1901/2208/223
f 1900/2547/10 1502/3036/10 1898/3037/10
f 1900/2547/10 1424/3027/10 1734/2773/10
f 1695/3018/223 1692/3017/223 1487/2204/223
f 1753/2110/10 1752/2803/10 1754/2804/10
f 1738/2293/223 1742/2292/223 1741/2291/223
f 1515/3041/223 1519/2290/223 1742/2292/223
f 1520/2578/10 1752/2803/10 1753/2110/10
f 1519/2290/223 1521/2220/223 1740/2222/223
f 1758/2247/223 1757/2589/223 1759/2805/223
f 1744/3042/10 1432/1252/10 1354/2258/10
f 1766/2415/10 1820/2234/10 1768/3048/10
f 1778/3044/10 1514/2168/10 1777/2167/10
f 1751/2577/10 1778/3044/10 1780/3046/10
f 1762/3050/223 1812/2863/223 1813/2232/223
f 1761/2575/223 1764/2818/223 1763/3051/223
f 1820/2234/10 1821/2819/10 1769/2821/10
f 1417/2267/223 1680/2740/223 1681/2737/223
f 1418/2179/10 1420/2175/10 1675/2177/10
f 1812/2863/223 1816/3055/223 1815/3056/223
f 1821/2819/10 1820/2234/10 1824/3057/10
f 1791/2581/223 1813/2232/223 1815/3056/223
f 1824/3057/10 1820/2234/10 1799/2236/10
f 1796/3026/10 1421/2081/10 1410/1292/10
f 1765/2820/10 1821/2819/10 1818/2542/10
f 1760/3052/223 1437/2161/223 1811/2160/223
f 1645/2538/10 1642/3001/10 1420/2175/10
f 1662/2712/223 1688/2266/223 1419/2189/223
f 1837/3060/10 1836/2446/10 1838/3061/10
f 1832/3062/223 1878/2879/223 1829/2436/223
f 1839/3065/10 1870/2433/10 1871/2437/10
f 1836/2446/10 1870/2433/10 1839/3065/10
f 1877/2151/223 1878/2879/223 1832/3062/223
f 1871/2437/10 1870/2433/10 1872/3067/10
f 1873/3069/10 1869/2432/10 1868/2139/10
f 1882/3071/223 1879/2467/223 1878/2879/223
f 1870/2433/10 1869/2432/10 1873/3069/10
f 1880/2143/223 1879/2467/223 1882/3071/223
f 1866/3068/10 1397/1442/10 1835/2438/10
f 1860/2989/223 1843/2988/223 1847/2944/223
f 1887/2457/223 1886/2145/223 1889/2931/223
f 1456/2095/10 1891/2097/10 1892/2932/10
f 1551/2514/10 1628/2689/10 1629/2132/10
f 1627/2973/10 1571/2519/10 1398/2130/10
f 1622/2686/223 1623/2513/223 1396/2489/223
l 844 902
l 838 915
l 1367 1449
l 1361 1462
