# Blender 4.2.16 LTS
# www.blender.org
o tmp_export_Body
v 0.000000 -0.345347 -0.000000
v 0.000000 -0.000000 0.182502
v -0.214437 -0.262246 0.007992
v -0.133404 -0.343281 -0.000000
v -0.214437 -0.262246 -0.000000
v -0.154473 -0.340507 -0.000000
v -0.173980 -0.332427 -0.000000
v -0.190730 -0.319573 -0.000000
v -0.203584 -0.302822 -0.000000
v -0.211664 -0.283315 -0.000000
v -0.108521 -0.000000 0.182502
v -0.087267 -0.000000 0.182502
v 0.000000 -0.303969 0.182502
v 0.000000 -0.341507 0.145939
v 0.000000 -0.315319 0.180712
v 0.000000 -0.325651 0.175519
v 0.000000 -0.333956 0.167430
v 0.000000 -0.339419 0.157238
v -0.138102 -0.000000 0.182502
v -0.154564 -0.000000 0.182502
v -0.108521 -0.230377 0.182502
v -0.138102 -0.230377 0.182502
v -0.154564 -0.230377 0.182502
v 0.000000 -0.230377 0.182502
v -0.087267 -0.230377 0.182502
v 0.000000 -0.244120 0.182502
v -0.108521 -0.244119 0.182502
v -0.087267 -0.244121 0.182502
v -0.138102 -0.244120 0.182502
v -0.154473 -0.340507 0.007992
v -0.154279 -0.244119 0.182502
v -0.138102 -0.256372 0.182502
v 0.000000 -0.256372 0.182502
v -0.108521 -0.256372 0.182502
v -0.154025 -0.256372 0.182502
v -0.087267 -0.256372 0.182502
v -0.181174 -0.000000 0.177286
v -0.169595 -0.000000 0.182502
v -0.178197 -0.000000 0.179894
v -0.173959 -0.000000 0.181803
v -0.181018 -0.233446 0.177299
v -0.169443 -0.230377 0.182502
v -0.178051 -0.231912 0.179900
v -0.173814 -0.230788 0.181805
v -0.213218 -0.000000 0.127430
v -0.208910 -0.000000 0.140148
v -0.212573 -0.000000 0.131769
v -0.210996 -0.000000 0.136424
v -0.208935 -0.255590 0.139760
v -0.213228 -0.259038 0.127036
v -0.211014 -0.257245 0.136033
v -0.212585 -0.258507 0.131376
v -0.178067 -0.247785 0.177276
v -0.166676 -0.244119 0.182502
v -0.175214 -0.245951 0.179889
v -0.171045 -0.244610 0.181802
v -0.159953 -0.256372 0.182502
v -0.170919 -0.260372 0.177111
v -0.164297 -0.256907 0.181779
v -0.168311 -0.258372 0.179806
v -0.140643 -0.281871 0.176954
v -0.138102 -0.270988 0.182502
v -0.139372 -0.278955 0.179728
v -0.138442 -0.274972 0.181758
v -0.153915 -0.261700 0.182502
v -0.156576 -0.272695 0.176943
v -0.154218 -0.265772 0.181757
v -0.155192 -0.269797 0.179722
v -0.210491 -0.280602 0.123578
v -0.206375 -0.276436 0.136448
v -0.209871 -0.279975 0.127939
v -0.208365 -0.278450 0.132649
v -0.138016 -0.341483 0.110228
v -0.132540 -0.337102 0.124163
v -0.137380 -0.340812 0.114487
v -0.135375 -0.339209 0.119588
v -0.186115 -0.313662 0.118482
v -0.189496 -0.318283 0.105041
v -0.187739 -0.315904 0.114365
v -0.188976 -0.317595 0.109445
v -0.172419 -0.331575 0.100948
v -0.169307 -0.326797 0.114366
v -0.171936 -0.330868 0.105315
v -0.170797 -0.329119 0.110226
v -0.148177 -0.335343 0.117256
v -0.152336 -0.339789 0.103797
v -0.150191 -0.337499 0.113056
v -0.151714 -0.339127 0.108129
v -0.202406 -0.300820 0.115672
v -0.198731 -0.296142 0.128905
v -0.201846 -0.300124 0.120074
v -0.200501 -0.298412 0.124918
v -0.111863 -0.296445 0.177003
v -0.108521 -0.286168 0.182502
v -0.110192 -0.293758 0.179752
v -0.108969 -0.289997 0.181765
v -0.091516 -0.307441 0.177027
v -0.075584 -0.304315 0.182502
v -0.087827 -0.305898 0.179764
v -0.081995 -0.304754 0.181768
v -0.102082 -0.336858 0.141421
v -0.075419 -0.341013 0.145930
v -0.092880 -0.338908 0.143675
v -0.083121 -0.340429 0.145325
v -0.073679 -0.334053 0.160323
v -0.058952 -0.339255 0.157231
v -0.070233 -0.336643 0.158777
v -0.064843 -0.338547 0.157645
v -0.066555 -0.330505 0.167971
v -0.049718 -0.334402 0.167426
v -0.061958 -0.332488 0.167699
v -0.055795 -0.333914 0.167499
v -0.066040 -0.326816 0.172069
v -0.048716 -0.326938 0.175517
v -0.061194 -0.326978 0.173793
v -0.054853 -0.327022 0.175055
v -0.070413 -0.321100 0.174930
v -0.056156 -0.317652 0.180712
v -0.067146 -0.319537 0.177821
v -0.061927 -0.318274 0.179937
v 0.000000 0.345347 -0.000000
v -0.133404 0.343281 -0.000000
v -0.214437 0.262246 -0.000000
v -0.154473 0.340507 -0.000000
v -0.173980 0.332427 -0.000000
v -0.190730 0.319573 -0.000000
v -0.203584 0.302822 -0.000000
v -0.211664 0.283315 -0.000000
v 0.000000 0.303969 0.182502
v 0.000000 0.341507 0.145939
v 0.000000 0.315319 0.180712
v 0.000000 0.325651 0.175519
v 0.000000 0.333956 0.167430
v 0.000000 0.339419 0.157238
v -0.108521 0.230377 0.182502
v -0.138102 0.230377 0.182502
v -0.154564 0.230377 0.182502
v 0.000000 0.230377 0.182502
v -0.087267 0.230377 0.182502
v 0.000000 0.244120 0.182502
v -0.108521 0.244119 0.182502
v -0.087267 0.244121 0.182502
v -0.138102 0.244120 0.182502
v -0.133404 -0.343281 0.007992
v -0.154279 0.244119 0.182502
v -0.138102 0.256372 0.182502
v 0.000000 0.256372 0.182502
v -0.108521 0.256372 0.182502
v -0.154025 0.256372 0.182502
v -0.087267 0.256372 0.182502
v -0.181018 0.233446 0.177299
v -0.169443 0.230377 0.182502
v -0.178051 0.231912 0.179900
v -0.173814 0.230788 0.181805
v -0.208935 0.255590 0.139760
v -0.213228 0.259038 0.127036
v -0.211014 0.257245 0.136033
v -0.212585 0.258507 0.131376
v -0.178067 0.247785 0.177276
v -0.166676 0.244118 0.182502
v -0.175214 0.245951 0.179889
v -0.171045 0.244609 0.181802
v -0.159953 0.256372 0.182502
v -0.170919 0.260372 0.177111
v -0.164297 0.256907 0.181779
v -0.168311 0.258372 0.179806
v -0.140643 0.281871 0.176954
v -0.138102 0.270988 0.182502
v -0.139372 0.278955 0.179728
v -0.138442 0.274972 0.181758
v -0.153915 0.261700 0.182502
v -0.156576 0.272695 0.176943
v -0.154218 0.265772 0.181757
v -0.155192 0.269797 0.179722
v -0.210491 0.280602 0.123578
v -0.206375 0.276436 0.136448
v -0.209871 0.279975 0.127939
v -0.208365 0.278450 0.132649
v -0.138016 0.341483 0.110228
v -0.132540 0.337102 0.124163
v -0.137380 0.340812 0.114487
v -0.135375 0.339209 0.119588
v -0.186115 0.313662 0.118482
v -0.189496 0.318283 0.105041
v -0.187739 0.315904 0.114365
v -0.188976 0.317595 0.109445
v -0.172419 0.331575 0.100948
v -0.169307 0.326797 0.114366
v -0.171936 0.330868 0.105315
v -0.170797 0.329119 0.110226
v -0.148177 0.335343 0.117256
v -0.152336 0.339789 0.103797
v -0.150191 0.337499 0.113056
v -0.151714 0.339127 0.108129
v -0.202406 0.300820 0.115672
v -0.198731 0.296142 0.128905
v -0.201846 0.300124 0.120074
v -0.200501 0.298412 0.124918
v -0.111863 0.296445 0.177003
v -0.108521 0.286168 0.182502
v -0.110192 0.293758 0.179752
v -0.108969 0.289997 0.181765
v -0.091516 0.307441 0.177027
v -0.075584 0.304315 0.182502
v -0.087827 0.305898 0.179764
v -0.081995 0.304754 0.181768
v -0.102082 0.336858 0.141421
v -0.075419 0.341013 0.145930
v -0.092880 0.338908 0.143675
v -0.083121 0.340429 0.145325
v -0.073679 0.334053 0.160323
v -0.058952 0.339255 0.157231
v -0.070233 0.336643 0.158777
v -0.064843 0.338547 0.157645
v -0.066555 0.330505 0.167971
v -0.049718 0.334402 0.167426
v -0.061958 0.332488 0.167699
v -0.055795 0.333914 0.167499
v -0.066040 0.326816 0.172069
v -0.048716 0.326938 0.175517
v -0.061194 0.326978 0.173793
v -0.054853 0.327022 0.175055
v -0.070413 0.321100 0.174930
v -0.056156 0.317652 0.180712
v -0.067146 0.319537 0.177821
v -0.061927 0.318274 0.179937
v -0.190730 -0.319573 0.007992
v -0.173980 -0.332427 0.007992
v -0.155012 -0.342520 -0.000000
v -0.133540 -0.345347 -0.000000
v -0.175022 -0.334232 -0.000000
v -0.192204 -0.321047 -0.000000
v -0.205389 -0.303865 -0.000000
v -0.213677 -0.283855 -0.000000
v -0.216504 -0.262382 -0.000000
v -0.203584 -0.302822 0.007992
v -0.211664 -0.283315 0.007992
v -0.155012 0.342520 -0.000000
v -0.133540 0.345347 -0.000000
v -0.175022 0.334232 -0.000000
v -0.192204 0.321047 -0.000000
v -0.205389 0.303865 -0.000000
v -0.213677 0.283855 -0.000000
v -0.216504 0.262382 -0.000000
v 0.000000 -0.343281 -0.000000
v 0.000000 0.343281 -0.000000
v -0.133404 0.343281 0.007992
v -0.214437 0.262246 0.007992
v -0.154473 0.340507 0.007992
v -0.173980 0.332427 0.007992
v -0.190730 0.319573 0.007992
v -0.203584 0.302822 0.007992
v -0.211664 0.283315 0.007992
v 0.000000 -0.343281 0.007992
v 0.000000 0.343281 0.007992
v -0.216301 -0.066440 0.007973
v -0.213651 -0.000000 0.110668
v -0.213706 -0.016292 0.108523
v -0.213880 0.035050 0.101764
v -0.213706 0.018732 0.108523
v -0.213880 -0.032610 0.101764
v -0.214157 -0.046623 0.091011
v -0.214519 0.059815 0.076999
v -0.214157 0.049063 0.091011
v -0.214939 0.066575 0.060680
v -0.214519 -0.057376 0.076999
v -0.215391 0.068880 0.043169
v -0.214939 -0.064135 0.060680
v -0.214437 0.068880 0.007992
v -0.215391 -0.066440 0.043169
v -0.214437 0.068880 -0.000000
v -0.216504 0.068880 -0.000000
v -0.214437 -0.066440 -0.000000
v -0.216504 -0.066440 -0.000000
v -0.214437 -0.066440 0.007992
v -0.216301 0.068880 0.007973
v -0.181636 -0.000000 0.110668
v -0.181692 -0.016292 0.108523
v -0.181866 0.035050 0.101764
v -0.181692 0.018732 0.108523
v -0.181866 -0.032610 0.101764
v -0.182143 -0.046623 0.091011
v -0.182504 0.059815 0.076999
v -0.182143 0.049063 0.091011
v -0.182925 0.066575 0.060680
v -0.182504 -0.057376 0.076999
v -0.183377 0.068880 0.043169
v -0.182925 -0.064135 0.060680
v -0.183377 -0.066440 0.043169
v -0.184490 0.068880 -0.000000
v -0.184490 -0.066440 -0.000000
v -0.184287 0.068880 0.007973
v -0.184287 -0.066440 0.007973
v 0.000000 -0.344211 0.043169
v -0.135293 -0.343834 0.043169
v -0.215391 -0.261246 0.043169
v -0.173909 -0.333096 0.043168
v -0.204276 -0.302728 0.043169
v -0.212564 -0.282719 0.043169
v -0.191091 -0.319911 0.043169
v -0.153899 -0.341384 0.043168
v -0.191091 0.319911 0.043168
v -0.135293 0.343834 0.043168
v -0.215391 0.261246 0.043168
v -0.173909 0.333096 0.043168
v -0.204276 0.302728 0.043168
v 0.000000 0.344211 0.043168
v -0.212564 0.282719 0.043168
v -0.153899 0.341384 0.043168
v -0.182925 0.066575 0.060680
v -0.136004 0.343220 0.060680
v -0.214939 0.260785 0.060680
v -0.212113 0.282258 0.060680
v -0.153448 0.340923 0.060680
v -0.190640 0.319450 0.060680
v -0.173457 0.332635 0.060680
v -0.203824 0.302268 0.060680
v 0.000000 0.343750 0.060680
v 0.000000 -0.343750 0.060680
v -0.136004 -0.343220 0.060680
v -0.153448 -0.340923 0.060680
v -0.214939 -0.260785 0.060680
v -0.173457 -0.332635 0.060680
v -0.203824 -0.302268 0.060680
v -0.212113 -0.282258 0.060680
v -0.190640 -0.319450 0.060680
v -0.190219 -0.319021 0.076999
v -0.136667 -0.342648 0.076999
v -0.153027 -0.340494 0.076999
v -0.173036 -0.332206 0.076999
v -0.203404 -0.301838 0.076999
v -0.211692 -0.281828 0.076999
v -0.214519 -0.260355 0.076999
v 0.000000 -0.343321 0.076999
v -0.153027 0.340494 0.076999
v -0.190219 0.319021 0.076999
v -0.136667 0.342648 0.076999
v -0.214519 0.260355 0.076999
v -0.173036 0.332206 0.076999
v -0.203404 0.301838 0.076999
v 0.000000 0.343321 0.076999
v -0.211692 0.281828 0.076999
v 0.000000 -0.342952 0.091011
v -0.137236 -0.342157 0.091011
v -0.152666 -0.340125 0.091011
v -0.214157 -0.259986 0.091011
v -0.172675 -0.331837 0.091011
v -0.203042 -0.301469 0.091011
v -0.211330 -0.281460 0.091011
v -0.189858 -0.318652 0.091011
v -0.189858 0.318652 0.091011
v -0.137236 0.342157 0.091011
v -0.214157 0.259986 0.091011
v -0.172675 0.331837 0.091011
v -0.203042 0.301469 0.091011
v 0.000000 0.342952 0.091011
v -0.152666 0.340125 0.091011
v -0.211330 0.281460 0.091011
v -0.212575 0.035050 0.131715
v -0.173937 0.035050 0.181803
v -0.210998 0.035050 0.136371
v -0.181151 0.035050 0.177288
v -0.208913 0.035050 0.140095
v -0.213220 0.035050 0.127377
v -0.178175 0.035050 0.179895
v -0.169572 0.035050 0.182502
v -0.212574 0.018732 0.131740
v -0.213219 0.018732 0.127402
v -0.210997 0.018732 0.136395
v -0.178185 0.018732 0.179894
v -0.181162 0.018732 0.177287
v -0.208911 0.018732 0.140120
v -0.169583 0.018732 0.182502
v -0.173947 0.018732 0.181803
v -0.169584 -0.016292 0.182502
v -0.210997 -0.016292 0.136399
v -0.213219 -0.016292 0.127405
v -0.212574 -0.016292 0.131744
v -0.181163 -0.016292 0.177287
v -0.178187 -0.016292 0.179894
v -0.173949 -0.016292 0.181803
v -0.208911 -0.016292 0.140124
v -0.213220 -0.032610 0.127381
v -0.178176 -0.032610 0.179895
v -0.212575 -0.032610 0.131719
v -0.181152 -0.032610 0.177288
v -0.169574 -0.032610 0.182502
v -0.173938 -0.032610 0.181803
v -0.208913 -0.032610 0.140099
v -0.210998 -0.032610 0.136374
v -0.213220 -0.046623 0.127359
v -0.212575 -0.046623 0.131698
v -0.208914 -0.046623 0.140078
v -0.181143 -0.046623 0.177288
v -0.178168 -0.046623 0.179895
v -0.173930 -0.046623 0.181803
v -0.210999 -0.046623 0.136353
v -0.169564 -0.046623 0.182502
v -0.173928 0.049063 0.181803
v -0.210999 0.049063 0.136349
v -0.169563 0.049063 0.182502
v -0.181141 0.049063 0.177289
v -0.212575 0.049063 0.131694
v -0.213220 0.049063 0.127356
v -0.178166 0.049063 0.179895
v -0.208914 0.049063 0.140074
v -0.087267 -0.046623 0.182502
v -0.154564 -0.046623 0.182502
v 0.000000 -0.046623 0.182502
v -0.108521 -0.046623 0.182502
v -0.138102 -0.046623 0.182502
v -0.087267 -0.032610 0.182502
v -0.154564 -0.032610 0.182502
v 0.000000 -0.032610 0.182502
v -0.108521 -0.032610 0.182502
v -0.138102 -0.032610 0.182502
v -0.087267 -0.016292 0.182502
v -0.154564 -0.016292 0.182502
v 0.000000 -0.016292 0.182502
v -0.108521 -0.016292 0.182502
v -0.138102 -0.016292 0.182502
v -0.154564 0.018732 0.182502
v -0.087267 0.018732 0.182502
v 0.000000 0.018732 0.182502
v -0.138102 0.018732 0.182502
v -0.108521 0.018732 0.182502
v -0.108521 0.035050 0.182502
v -0.087267 0.035050 0.182502
v 0.000000 0.035050 0.182502
v -0.138102 0.035050 0.182502
v -0.154564 0.035050 0.182502
v -0.138102 0.049063 0.182502
v -0.108521 0.049063 0.182502
v -0.154564 0.049063 0.182502
v -0.087267 0.049063 0.182502
v 0.000000 0.049063 0.182502
v 0.214437 -0.262246 0.007992
v 0.133404 -0.343281 -0.000000
v 0.214437 -0.262246 -0.000000
v 0.154473 -0.340507 -0.000000
v 0.173980 -0.332427 -0.000000
v 0.190730 -0.319573 -0.000000
v 0.203584 -0.302822 -0.000000
v 0.211664 -0.283315 -0.000000
v 0.108521 -0.000000 0.182502
v 0.087267 -0.000000 0.182502
v 0.138102 -0.000000 0.182502
v 0.154564 -0.000000 0.182502
v 0.108521 -0.230377 0.182502
v 0.138102 -0.230377 0.182502
v 0.154564 -0.230377 0.182502
v 0.087267 -0.230377 0.182502
v 0.108521 -0.244119 0.182502
v 0.087267 -0.244121 0.182502
v 0.138102 -0.244120 0.182502
v 0.154473 -0.340507 0.007992
v 0.154279 -0.244119 0.182502
v 0.138102 -0.256372 0.182502
v 0.108521 -0.256372 0.182502
v 0.154025 -0.256372 0.182502
v 0.087267 -0.256372 0.182502
v 0.181174 -0.000000 0.177286
v 0.169595 -0.000000 0.182502
v 0.178197 -0.000000 0.179894
v 0.173959 -0.000000 0.181803
v 0.181018 -0.233446 0.177299
v 0.169443 -0.230377 0.182502
v 0.178051 -0.231912 0.179900
v 0.173814 -0.230788 0.181805
v 0.213218 -0.000000 0.127430
v 0.208910 -0.000000 0.140148
v 0.212573 -0.000000 0.131769
v 0.210996 -0.000000 0.136424
v 0.208935 -0.255590 0.139760
v 0.213228 -0.259038 0.127036
v 0.211014 -0.257245 0.136033
v 0.212585 -0.258507 0.131376
v 0.178067 -0.247785 0.177276
v 0.166676 -0.244119 0.182502
v 0.175214 -0.245951 0.179889
v 0.171045 -0.244610 0.181802
v 0.159953 -0.256372 0.182502
v 0.170919 -0.260372 0.177111
v 0.164297 -0.256907 0.181779
v 0.168311 -0.258372 0.179806
v 0.140643 -0.281871 0.176954
v 0.138102 -0.270988 0.182502
v 0.139372 -0.278955 0.179728
v 0.138442 -0.274972 0.181758
v 0.153915 -0.261700 0.182502
v 0.156576 -0.272695 0.176943
v 0.154218 -0.265772 0.181757
v 0.155192 -0.269797 0.179722
v 0.210491 -0.280602 0.123578
v 0.206375 -0.276436 0.136448
v 0.209871 -0.279975 0.127939
v 0.208365 -0.278450 0.132649
v 0.138016 -0.341483 0.110228
v 0.132540 -0.337102 0.124163
v 0.137380 -0.340812 0.114487
v 0.135375 -0.339209 0.119588
v 0.186115 -0.313662 0.118482
v 0.189496 -0.318283 0.105041
v 0.187739 -0.315904 0.114365
v 0.188976 -0.317595 0.109445
v 0.172419 -0.331575 0.100948
v 0.169307 -0.326797 0.114366
v 0.171936 -0.330868 0.105315
v 0.170797 -0.329119 0.110226
v 0.148177 -0.335343 0.117256
v 0.152336 -0.339789 0.103797
v 0.150191 -0.337499 0.113056
v 0.151714 -0.339127 0.108129
v 0.202406 -0.300820 0.115672
v 0.198731 -0.296142 0.128905
v 0.201846 -0.300124 0.120074
v 0.200501 -0.298412 0.124918
v 0.111863 -0.296445 0.177003
v 0.108521 -0.286168 0.182502
v 0.110192 -0.293758 0.179752
v 0.108969 -0.289997 0.181765
v 0.091516 -0.307441 0.177027
v 0.075584 -0.304315 0.182502
v 0.087827 -0.305898 0.179764
v 0.081995 -0.304754 0.181768
v 0.102082 -0.336858 0.141421
v 0.075419 -0.341013 0.145930
v 0.092880 -0.338908 0.143675
v 0.083121 -0.340429 0.145325
v 0.073679 -0.334053 0.160323
v 0.058952 -0.339255 0.157231
v 0.070233 -0.336643 0.158777
v 0.064843 -0.338547 0.157645
v 0.066555 -0.330505 0.167971
v 0.049718 -0.334402 0.167426
v 0.061958 -0.332488 0.167699
v 0.055795 -0.333914 0.167499
v 0.066040 -0.326816 0.172069
v 0.048716 -0.326938 0.175517
v 0.061194 -0.326978 0.173793
v 0.054853 -0.327022 0.175055
v 0.070413 -0.321100 0.174930
v 0.056156 -0.317652 0.180712
v 0.067146 -0.319537 0.177821
v 0.061927 -0.318274 0.179937
v 0.133404 0.343281 -0.000000
v 0.214437 0.262246 -0.000000
v 0.154473 0.340507 -0.000000
v 0.173980 0.332427 -0.000000
v 0.190730 0.319573 -0.000000
v 0.203584 0.302822 -0.000000
v 0.211664 0.283315 -0.000000
v 0.108521 0.230377 0.182502
v 0.138102 0.230377 0.182502
v 0.154564 0.230377 0.182502
v 0.087267 0.230377 0.182502
v 0.108521 0.244119 0.182502
v 0.087267 0.244121 0.182502
v 0.138102 0.244120 0.182502
v 0.133404 -0.343281 0.007992
v 0.154279 0.244119 0.182502
v 0.138102 0.256372 0.182502
v 0.108521 0.256372 0.182502
v 0.154025 0.256372 0.182502
v 0.087267 0.256372 0.182502
v 0.181018 0.233446 0.177299
v 0.169443 0.230377 0.182502
v 0.178051 0.231912 0.179900
v 0.173814 0.230788 0.181805
v 0.208935 0.255590 0.139760
v 0.213228 0.259038 0.127036
v 0.211014 0.257245 0.136033
v 0.212585 0.258507 0.131376
v 0.178067 0.247785 0.177276
v 0.166676 0.244118 0.182502
v 0.175214 0.245951 0.179889
v 0.171045 0.244609 0.181802
v 0.159953 0.256372 0.182502
v 0.170919 0.260372 0.177111
v 0.164297 0.256907 0.181779
v 0.168311 0.258372 0.179806
v 0.140643 0.281871 0.176954
v 0.138102 0.270988 0.182502
v 0.139372 0.278955 0.179728
v 0.138442 0.274972 0.181758
v 0.153915 0.261700 0.182502
v 0.156576 0.272695 0.176943
v 0.154218 0.265772 0.181757
v 0.155192 0.269797 0.179722
v 0.210491 0.280602 0.123578
v 0.206375 0.276436 0.136448
v 0.209871 0.279975 0.127939
v 0.208365 0.278450 0.132649
v 0.138016 0.341483 0.110228
v 0.132540 0.337102 0.124163
v 0.137380 0.340812 0.114487
v 0.135375 0.339209 0.119588
v 0.186115 0.313662 0.118482
v 0.189496 0.318283 0.105041
v 0.187739 0.315904 0.114365
v 0.188976 0.317595 0.109445
v 0.172419 0.331575 0.100948
v 0.169307 0.326797 0.114366
v 0.171936 0.330868 0.105315
v 0.170797 0.329119 0.110226
v 0.148177 0.335343 0.117256
v 0.152336 0.339789 0.103797
v 0.150191 0.337499 0.113056
v 0.151714 0.339127 0.108129
v 0.202406 0.300820 0.115672
v 0.198731 0.296142 0.128905
v 0.201846 0.300124 0.120074
v 0.200501 0.298412 0.124918
v 0.111863 0.296445 0.177003
v 0.108521 0.286168 0.182502
v 0.110192 0.293758 0.179752
v 0.108969 0.289997 0.181765
v 0.091516 0.307441 0.177027
v 0.075584 0.304315 0.182502
v 0.087827 0.305898 0.179764
v 0.081995 0.304754 0.181768
v 0.102082 0.336858 0.141421
v 0.075419 0.341013 0.145930
v 0.092880 0.338908 0.143675
v 0.083121 0.340429 0.145325
v 0.073679 0.334053 0.160323
v 0.058952 0.339255 0.157231
v 0.070233 0.336643 0.158777
v 0.064843 0.338547 0.157645
v 0.066555 0.330505 0.167971
v 0.049718 0.334402 0.167426
v 0.061958 0.332488 0.167699
v 0.055795 0.333914 0.167499
v 0.066040 0.326816 0.172069
v 0.048716 0.326938 0.175517
v 0.061194 0.326978 0.173793
v 0.054853 0.327022 0.175055
v 0.070413 0.321100 0.174930
v 0.056156 0.317652 0.180712
v 0.067146 0.319537 0.177821
v 0.061927 0.318274 0.179937
v 0.190730 -0.319573 0.007992
v 0.173980 -0.332427 0.007992
v 0.155012 -0.342520 -0.000000
v 0.133540 -0.345347 -0.000000
v 0.175022 -0.334232 -0.000000
v 0.192204 -0.321047 -0.000000
v 0.205389 -0.303865 -0.000000
v 0.213677 -0.283855 -0.000000
v 0.216504 -0.262382 -0.000000
v 0.203584 -0.302822 0.007992
v 0.211664 -0.283315 0.007992
v 0.155012 0.342520 -0.000000
v 0.133540 0.345347 -0.000000
v 0.175022 0.334232 -0.000000
v 0.192204 0.321047 -0.000000
v 0.205389 0.303865 -0.000000
v 0.213677 0.283855 -0.000000
v 0.216504 0.262382 -0.000000
v 0.133404 0.343281 0.007992
v 0.214437 0.262246 0.007992
v 0.154473 0.340507 0.007992
v 0.173980 0.332427 0.007992
v 0.190730 0.319573 0.007992
v 0.203584 0.302822 0.007992
v 0.211664 0.283315 0.007992
v 0.216301 -0.066440 0.007973
v 0.213651 -0.000000 0.110668
v 0.213706 -0.016292 0.108523
v 0.213880 0.035050 0.101764
v 0.213706 0.018732 0.108523
v 0.213880 -0.032610 0.101764
v 0.214157 -0.046623 0.091011
v 0.214519 0.059815 0.076999
v 0.214157 0.049063 0.091011
v 0.214939 0.066575 0.060680
v 0.214519 -0.057376 0.076999
v 0.215391 0.068880 0.043169
v 0.214939 -0.064135 0.060680
v 0.214437 0.068880 0.007992
v 0.215391 -0.066440 0.043169
v 0.214437 0.068880 -0.000000
v 0.216504 0.068880 -0.000000
v 0.214437 -0.066440 -0.000000
v 0.216504 -0.066440 -0.000000
v 0.214437 -0.066440 0.007992
v 0.216301 0.068880 0.007973
v 0.181636 -0.000000 0.110668
v 0.181692 -0.016292 0.108523
v 0.181866 0.035050 0.101764
v 0.181692 0.018732 0.108523
v 0.181866 -0.032610 0.101764
v 0.182143 -0.046623 0.091011
v 0.182504 0.059815 0.076999
v 0.182143 0.049063 0.091011
v 0.182925 0.066575 0.060680
v 0.182504 -0.057376 0.076999
v 0.183377 0.068880 0.043169
v 0.182925 -0.064135 0.060680
v 0.183377 -0.066440 0.043169
v 0.184490 0.068880 -0.000000
v 0.184490 -0.066440 -0.000000
v 0.184287 0.068880 0.007973
v 0.184287 -0.066440 0.007973
v 0.135293 -0.343834 0.043169
v 0.215391 -0.261246 0.043169
v 0.173909 -0.333096 0.043168
v 0.204276 -0.302728 0.043169
v 0.212564 -0.282719 0.043169
v 0.191091 -0.319911 0.043169
v 0.153899 -0.341384 0.043168
v 0.191091 0.319911 0.043168
v 0.135293 0.343834 0.043168
v 0.215391 0.261246 0.043168
v 0.173909 0.333096 0.043168
v 0.204276 0.302728 0.043168
v 0.212564 0.282719 0.043168
v 0.153899 0.341384 0.043168
v 0.182925 0.066575 0.060680
v 0.136004 0.343220 0.060680
v 0.214939 0.260785 0.060680
v 0.212113 0.282258 0.060680
v 0.153448 0.340923 0.060680
v 0.190640 0.319450 0.060680
v 0.173457 0.332635 0.060680
v 0.203824 0.302268 0.060680
v 0.136004 -0.343220 0.060680
v 0.153448 -0.340923 0.060680
v 0.214939 -0.260785 0.060680
v 0.173457 -0.332635 0.060680
v 0.203824 -0.302268 0.060680
v 0.212113 -0.282258 0.060680
v 0.190640 -0.319450 0.060680
v 0.190219 -0.319021 0.076999
v 0.136667 -0.342648 0.076999
v 0.153027 -0.340494 0.076999
v 0.173036 -0.332206 0.076999
v 0.203404 -0.301838 0.076999
v 0.211692 -0.281828 0.076999
v 0.214519 -0.260355 0.076999
v 0.153027 0.340494 0.076999
v 0.190219 0.319021 0.076999
v 0.136667 0.342648 0.076999
v 0.214519 0.260355 0.076999
v 0.173036 0.332206 0.076999
v 0.203404 0.301838 0.076999
v 0.211692 0.281828 0.076999
v 0.137236 -0.342157 0.091011
v 0.152666 -0.340125 0.091011
v 0.214157 -0.259986 0.091011
v 0.172675 -0.331837 0.091011
v 0.203042 -0.301469 0.091011
v 0.211330 -0.281460 0.091011
v 0.189858 -0.318652 0.091011
v 0.189858 0.318652 0.091011
v 0.137236 0.342157 0.091011
v 0.214157 0.259986 0.091011
v 0.172675 0.331837 0.091011
v 0.203042 0.301469 0.091011
v 0.152666 0.340125 0.091011
v 0.211330 0.281460 0.091011
v 0.212575 0.035050 0.131715
v 0.173937 0.035050 0.181803
v 0.210998 0.035050 0.136371
v 0.181151 0.035050 0.177288
v 0.208913 0.035050 0.140095
v 0.213220 0.035050 0.127377
v 0.178175 0.035050 0.179895
v 0.169572 0.035050 0.182502
v 0.212574 0.018732 0.131740
v 0.213219 0.018732 0.127402
v 0.210997 0.018732 0.136395
v 0.178185 0.018732 0.179894
v 0.181162 0.018732 0.177287
v 0.208911 0.018732 0.140120
v 0.169583 0.018732 0.182502
v 0.173947 0.018732 0.181803
v 0.169584 -0.016292 0.182502
v 0.210997 -0.016292 0.136399
v 0.213219 -0.016292 0.127405
v 0.212574 -0.016292 0.131744
v 0.181163 -0.016292 0.177287
v 0.178187 -0.016292 0.179894
v 0.173949 -0.016292 0.181803
v 0.208911 -0.016292 0.140124
v 0.213220 -0.032610 0.127381
v 0.178176 -0.032610 0.179895
v 0.212575 -0.032610 0.131719
v 0.181152 -0.032610 0.177288
v 0.169574 -0.032610 0.182502
v 0.173938 -0.032610 0.181803
v 0.208913 -0.032610 0.140099
v 0.210998 -0.032610 0.136374
v 0.213220 -0.046623 0.127359
v 0.212575 -0.046623 0.131698
v 0.208914 -0.046623 0.140078
v 0.181143 -0.046623 0.177288
v 0.178168 -0.046623 0.179895
v 0.173930 -0.046623 0.181803
v 0.210999 -0.046623 0.136353
v 0.169564 -0.046623 0.182502
v 0.173928 0.049063 0.181803
v 0.210999 0.049063 0.136349
v 0.169563 0.049063 0.182502
v 0.181141 0.049063 0.177289
v 0.212575 0.049063 0.131694
v 0.213220 0.049063 0.127356
v 0.178166 0.049063 0.179895
v 0.208914 0.049063 0.140074
v 0.087267 -0.046623 0.182502
v 0.154564 -0.046623 0.182502
v 0.108521 -0.046623 0.182502
v 0.138102 -0.046623 0.182502
v 0.087267 -0.032610 0.182502
v 0.154564 -0.032610 0.182502
v 0.108521 -0.032610 0.182502
v 0.138102 -0.032610 0.182502
v 0.087267 -0.016292 0.182502
v 0.154564 -0.016292 0.182502
v 0.108521 -0.016292 0.182502
v 0.138102 -0.016292 0.182502
v 0.154564 0.018732 0.182502
v 0.087267 0.018732 0.182502
v 0.138102 0.018732 0.182502
v 0.108521 0.018732 0.182502
v 0.108521 0.035050 0.182502
v 0.087267 0.035050 0.182502
v 0.138102 0.035050 0.182502
v 0.154564 0.035050 0.182502
v 0.138102 0.049063 0.182502
v 0.108521 0.049063 0.182502
v 0.154564 0.049063 0.182502
v 0.087267 0.049063 0.182502
v -0.085968 -0.342025 0.008001
v -0.133738 0.342975 0.008001
v -0.213926 0.262787 0.008001
v -0.154492 0.340243 0.008001
v -0.173832 0.332232 0.008001
v -0.190439 0.319489 0.008001
v -0.203183 0.302881 0.008001
v -0.211193 0.283541 0.008001
v -0.213926 0.262787 0.000001
v -0.133738 0.342975 0.000001
v -0.211193 0.283541 0.000001
v -0.203183 0.302881 0.000001
v -0.190439 0.319489 0.000001
v -0.173832 0.332232 0.000001
v -0.154492 0.340243 0.000001
v -0.213926 -0.261837 0.008001
v -0.133738 -0.342025 0.008001
v -0.211193 -0.282591 0.008001
v -0.203183 -0.301931 0.008001
v -0.190439 -0.318538 0.008001
v -0.173832 -0.331282 0.008001
v -0.154492 -0.339292 0.008001
v -0.133738 -0.342025 0.000001
v -0.213926 -0.261837 0.000001
v -0.154492 -0.339292 0.000001
v -0.173832 -0.331282 0.000001
v -0.190439 -0.318538 0.000001
v -0.203183 -0.301931 0.000001
v -0.211193 -0.282591 0.000001
v -0.213926 0.097026 0.000001
v -0.213926 0.097026 0.008001
v -0.213926 0.257971 0.000001
v -0.213926 0.257971 0.008001
v -0.213926 0.190213 0.000001
v -0.213926 0.190213 0.008001
v -0.047383 0.342975 0.008001
v -0.213926 -0.257767 0.008001
v -0.047383 0.342975 0.000001
v -0.213926 -0.257767 0.000001
v -0.213926 -0.069574 0.008001
v -0.213926 -0.069574 0.000001
v -0.213926 0.071726 0.008001
v -0.213926 0.071726 0.000001
v -0.063467 -0.000020 0.000001
v -0.063467 -0.000020 0.008001
v -0.182613 -0.000020 0.000001
v -0.182613 -0.000020 0.008001
v -0.213926 -0.194384 0.000001
v -0.213926 -0.194384 0.008001
v -0.213926 -0.089182 0.008001
v -0.213926 -0.089182 0.000001
v -0.085968 -0.342025 0.000001
v -0.012070 0.172105 0.000001
v -0.012070 0.172105 0.008001
v -0.049742 0.179955 0.000001
v -0.049742 0.179955 0.008001
v -0.018903 -0.267439 0.000001
v -0.018903 -0.267439 0.008001
v -0.139318 0.320912 0.000001
v -0.139318 0.320912 0.008001
v -0.187615 0.257971 0.000001
v -0.187615 0.257971 0.008001
v -0.126377 0.319208 0.000001
v -0.126377 0.319208 0.008001
v -0.189318 0.270912 0.000001
v -0.189318 0.270912 0.008001
v -0.114318 0.314213 0.000001
v -0.114318 0.314213 0.008001
v -0.187615 0.283853 0.000001
v -0.187615 0.283853 0.008001
v -0.103963 0.306267 0.000001
v -0.103963 0.306267 0.008001
v -0.182620 0.295912 0.000001
v -0.182620 0.295912 0.008001
v -0.096017 0.295912 0.000001
v -0.096017 0.295912 0.008001
v -0.174674 0.306267 0.000001
v -0.174674 0.306267 0.008001
v -0.091022 0.283853 0.000001
v -0.091022 0.283853 0.008001
v -0.164318 0.314213 0.000001
v -0.164318 0.314213 0.008001
v -0.089318 0.270912 0.000001
v -0.089318 0.270912 0.008001
v -0.152259 0.319208 0.000001
v -0.152259 0.319208 0.008001
v -0.091022 0.257971 0.000001
v -0.091022 0.257971 0.008001
v -0.096017 0.245912 0.000001
v -0.096017 0.245912 0.008001
v -0.103963 0.235557 0.000001
v -0.103963 0.235557 0.008001
v -0.114318 0.227611 0.000001
v -0.114318 0.227611 0.008001
v -0.126377 0.222616 0.000001
v -0.126377 0.222616 0.008001
v -0.174674 0.235557 0.000001
v -0.164318 0.227611 0.000001
v -0.152259 0.222616 0.000001
v -0.139318 0.220912 0.000001
v -0.139318 0.220912 0.008001
v -0.152259 0.222616 0.008001
v -0.164318 0.227611 0.008001
v -0.174674 0.235557 0.008001
v -0.182620 0.245912 0.000001
v -0.182620 0.245912 0.008001
v -0.138502 -0.220708 0.000001
v -0.138502 -0.220708 0.008001
v -0.188502 -0.270708 0.000001
v -0.188502 -0.270708 0.008001
v -0.125561 -0.222411 0.000001
v -0.125561 -0.222411 0.008001
v -0.186798 -0.257767 0.000001
v -0.186798 -0.257767 0.008001
v -0.113502 -0.227406 0.000001
v -0.113502 -0.227406 0.008001
v -0.181803 -0.245708 0.000001
v -0.181803 -0.245708 0.008001
v -0.103147 -0.235352 0.000001
v -0.103147 -0.235352 0.008001
v -0.173857 -0.235352 0.000001
v -0.173857 -0.235352 0.008001
v -0.163502 -0.227406 0.000001
v -0.163502 -0.227406 0.008001
v -0.095201 -0.245708 0.000001
v -0.095201 -0.245708 0.008001
v -0.090206 -0.257767 0.000001
v -0.090206 -0.257767 0.008001
v -0.151443 -0.222411 0.000001
v -0.151443 -0.222411 0.008001
v -0.088502 -0.270708 0.000001
v -0.088502 -0.270708 0.008001
v -0.090206 -0.283649 0.000001
v -0.090206 -0.283649 0.008001
v -0.095201 -0.295708 0.000001
v -0.095201 -0.295708 0.008001
v -0.071385 0.342975 0.000001
v -0.071385 0.342975 0.008001
v -0.103147 -0.306063 0.000001
v -0.103147 -0.306063 0.008001
v -0.113502 -0.314009 0.000001
v -0.113502 -0.314009 0.008001
v -0.125561 -0.319004 0.000001
v -0.125561 -0.319004 0.008001
v -0.181803 -0.295708 0.000001
v -0.138502 -0.320708 0.000001
v -0.138502 -0.320708 0.008001
v -0.151443 -0.319004 0.000001
v -0.151443 -0.319004 0.008001
v -0.163502 -0.314009 0.000001
v -0.163502 -0.314009 0.008001
v -0.173857 -0.306063 0.000001
v -0.173857 -0.306063 0.008001
v -0.181803 -0.295708 0.008001
v -0.186798 -0.283649 0.000001
v -0.186798 -0.283649 0.008001
v -0.096295 0.342975 0.008001
v -0.096295 0.342975 0.000001
v -0.118287 0.342975 0.000001
v -0.118287 0.342975 0.008001
v -0.139318 0.188684 0.000001
v -0.139318 0.188684 0.008001
v -0.126377 0.188684 0.000001
v -0.126377 0.188684 0.008001
v -0.114318 0.188684 0.008001
v -0.114318 0.188684 0.000001
v -0.103963 0.188684 0.000001
v -0.152259 0.188684 0.008001
v -0.152259 0.188684 0.000001
v -0.164318 0.188684 0.000001
v -0.164318 0.188684 0.008001
v -0.125561 -0.342025 0.008001
v -0.125561 -0.342025 0.000001
v -0.113502 -0.342025 0.000001
v -0.113502 -0.342025 0.008001
v -0.074041 -0.245708 0.000001
v -0.074041 -0.245708 0.008001
v -0.074041 -0.257767 0.000001
v -0.074041 -0.257767 0.008001
v -0.074041 -0.270708 0.008001
v -0.074041 -0.270708 0.000001
v -0.074041 -0.283649 0.008001
v -0.074041 -0.283649 0.000001
v -0.189250 0.124218 0.000001
v -0.177312 0.118230 0.000001
v -0.188665 0.120052 0.000001
v -0.186970 0.117165 0.000001
v -0.184329 0.115840 0.000001
v -0.181001 0.116207 0.000001
v -0.177312 0.118230 0.008001
v -0.189250 0.124218 0.008001
v -0.181001 0.116207 0.008001
v -0.184329 0.115840 0.008001
v -0.186970 0.117165 0.008001
v -0.188665 0.120052 0.008001
v -0.102983 0.173674 0.000001
v -0.088485 0.213149 0.000001
v -0.072586 0.180086 0.000001
v -0.097798 0.178313 0.000001
v -0.095186 0.182497 0.000001
v -0.095402 0.185817 0.000001
v -0.098427 0.187949 0.000001
v -0.103963 0.188684 0.008001
v -0.102983 0.173674 0.008001
v -0.088485 0.213149 0.008001
v -0.098427 0.187949 0.008001
v -0.095402 0.185817 0.008001
v -0.095186 0.182497 0.008001
v -0.097798 0.178313 0.008001
v -0.068170 0.163788 0.000001
v -0.078082 0.168760 0.000001
v -0.039807 0.095851 0.000001
v -0.068656 0.167247 0.000001
v -0.070063 0.169644 0.000001
v -0.072256 0.170744 0.000001
v -0.075019 0.170440 0.000001
v -0.078082 0.168760 0.008001
v -0.068170 0.163788 0.008001
v -0.039807 0.095851 0.008001
v -0.072548 0.180053 0.008001
v -0.075019 0.170440 0.008001
v -0.072256 0.170744 0.008001
v -0.070063 0.169644 0.008001
v -0.068656 0.167247 0.008001
v -0.156869 0.109991 0.000001
v -0.152489 0.096796 0.000001
v -0.213926 0.124218 0.000001
v -0.177881 0.099629 0.000001
v -0.161255 0.105914 0.000001
v -0.163052 0.102235 0.000001
v -0.162083 0.099316 0.000001
v -0.158444 0.097441 0.000001
v -0.152489 0.096796 0.008001
v -0.156869 0.109991 0.008001
v -0.177881 0.099629 0.008001
v -0.213926 0.124218 0.008001
v -0.158444 0.097441 0.008001
v -0.162083 0.099316 0.008001
v -0.163052 0.102235 0.008001
v -0.161255 0.105914 0.008001
v -0.184968 0.188684 0.000001
v -0.189250 0.184402 0.000001
v -0.193523 0.188949 0.000001
v -0.187978 0.192772 0.000001
v -0.187109 0.188110 0.000001
v -0.188676 0.186543 0.000001
v -0.189250 0.184402 0.008001
v -0.184968 0.188684 0.008001
v -0.187978 0.192772 0.008001
v -0.193523 0.188949 0.008001
v -0.188676 0.186543 0.008001
v -0.187109 0.188110 0.008001
v -0.068170 0.101077 0.008001
v -0.072452 0.096795 0.008001
v -0.068744 0.098936 0.008001
v -0.070311 0.097369 0.008001
v -0.072452 0.096795 0.000001
v -0.068170 0.101077 0.000001
v -0.070311 0.097369 0.000001
v -0.068744 0.098936 0.000001
v -0.182613 -0.062046 0.008001
v -0.190141 -0.069574 0.008001
v -0.184352 -0.072914 0.008001
v -0.175085 -0.065527 0.008001
v -0.183621 -0.065810 0.008001
v -0.186377 -0.068566 0.008001
v -0.190141 0.071726 0.008001
v -0.182613 0.064198 0.008001
v -0.175085 0.064552 0.008001
v -0.180782 0.071973 0.008001
v -0.186377 0.070717 0.008001
v -0.183621 0.067962 0.008001
v -0.182613 0.064198 0.000001
v -0.190141 0.071726 0.000001
v -0.180782 0.071973 0.000001
v -0.175085 0.064552 0.000001
v -0.183621 0.067962 0.000001
v -0.186377 0.070717 0.000001
v -0.190141 -0.069574 0.000001
v -0.182613 -0.062046 0.000001
v -0.175085 -0.065527 0.000001
v -0.184352 -0.072914 0.000001
v -0.186377 -0.068566 0.000001
v -0.183621 -0.065810 0.000001
v -0.040251 -0.064592 0.008001
v -0.063467 -0.041376 0.008001
v -0.086682 -0.064786 0.008001
v -0.047269 -0.081223 0.008001
v -0.049136 -0.062825 0.008001
v -0.056667 -0.057792 0.008001
v -0.061700 -0.050260 0.008001
v -0.063467 0.039578 0.008001
v -0.040251 0.062793 0.008001
v -0.086680 0.063159 0.008001
v -0.061700 0.048462 0.008001
v -0.056667 0.055994 0.008001
v -0.049136 0.061026 0.008001
v -0.040251 0.062793 0.000001
v -0.063467 0.039578 0.000001
v -0.086680 0.063159 0.000001
v -0.049136 0.061026 0.000001
v -0.056667 0.055994 0.000001
v -0.061700 0.048462 0.000001
v -0.063467 -0.041376 0.000001
v -0.040251 -0.064592 0.000001
v -0.047269 -0.081223 0.000001
v -0.086682 -0.064786 0.000001
v -0.061700 -0.050260 0.000001
v -0.056667 -0.057792 0.000001
v -0.049136 -0.062825 0.000001
v -0.127046 -0.194146 0.000001
v -0.117129 -0.184229 0.000001
v -0.107220 -0.194549 0.000001
v -0.119964 -0.203649 0.000001
v -0.122087 -0.192817 0.000001
v -0.118457 -0.189188 0.000001
v -0.117129 -0.098862 0.000001
v -0.127046 -0.088945 0.000001
v -0.111550 -0.086195 0.000001
v -0.118457 -0.093903 0.000001
v -0.122087 -0.090273 0.000001
v -0.117129 -0.184229 0.008001
v -0.127046 -0.194146 0.008001
v -0.119964 -0.203649 0.008001
v -0.107220 -0.194549 0.008001
v -0.118457 -0.189188 0.008001
v -0.122087 -0.192817 0.008001
v -0.127046 -0.088945 0.008001
v -0.117129 -0.098862 0.008001
v -0.111550 -0.086195 0.008001
v -0.122087 -0.090273 0.008001
v -0.118457 -0.093903 0.008001
v -0.188158 -0.098862 0.008001
v -0.178241 -0.088945 0.008001
v -0.185867 -0.079296 0.008001
v -0.198075 -0.089036 0.008001
v -0.186829 -0.093903 0.008001
v -0.183199 -0.090273 0.008001
v -0.178241 -0.088945 0.000001
v -0.188158 -0.098862 0.000001
v -0.198075 -0.089036 0.000001
v -0.185867 -0.079296 0.000001
v -0.183199 -0.090273 0.000001
v -0.186829 -0.093903 0.000001
v -0.188158 -0.184229 0.000001
v -0.178241 -0.194146 0.000001
v -0.179413 -0.198824 0.000001
v -0.198075 -0.194238 0.000001
v -0.186829 -0.189188 0.000001
v -0.183199 -0.192817 0.000001
v -0.178241 -0.194146 0.008001
v -0.188158 -0.184229 0.008001
v -0.198075 -0.194238 0.008001
v -0.179413 -0.198824 0.008001
v -0.183199 -0.192817 0.008001
v -0.186829 -0.189188 0.008001
v -0.083695 -0.314811 0.000001
v -0.085968 -0.317085 0.000001
v -0.087586 -0.316410 0.000001
v -0.087995 -0.313780 0.000001
v -0.085957 -0.306222 0.000001
v -0.085303 -0.315477 0.000001
v -0.083695 -0.330831 0.008001
v -0.085968 -0.328544 0.008001
v -0.088075 -0.331675 0.008001
v -0.085968 -0.333092 0.008001
v -0.085303 -0.330156 0.008001
v -0.085968 -0.317085 0.008001
v -0.083695 -0.314811 0.008001
v -0.085957 -0.306222 0.008001
v -0.087995 -0.313780 0.008001
v -0.087586 -0.316410 0.008001
v -0.085303 -0.315477 0.008001
v -0.085968 -0.328544 0.000001
v -0.083695 -0.330831 0.000001
v -0.085968 -0.333092 0.000001
v -0.088075 -0.331675 0.000001
v -0.085303 -0.330156 0.000001
v -0.062850 -0.239672 0.000001
v -0.087167 -0.230873 0.000001
v -0.067132 -0.237963 0.000001
v -0.070763 -0.238510 0.000001
v -0.073189 -0.241230 0.000001
v -0.062850 -0.239672 0.008001
v -0.087167 -0.230873 0.008001
v -0.073189 -0.241230 0.008001
v -0.070763 -0.238510 0.008001
v -0.067132 -0.237963 0.008001
v -0.074041 -0.288475 0.000001
v -0.062798 -0.294724 0.000001
v -0.086777 -0.298099 0.000001
v -0.073186 -0.293009 0.000001
v -0.070748 -0.295789 0.000001
v -0.067101 -0.296391 0.000001
v -0.062798 -0.294724 0.008001
v -0.074041 -0.288475 0.008001
v -0.086777 -0.298099 0.008001
v -0.067101 -0.296391 0.008001
v -0.070748 -0.295789 0.008001
v -0.073186 -0.293009 0.008001
v -0.008845 -0.108206 0.000001
v -0.020988 -0.120350 0.000001
v -0.031697 -0.108308 0.000001
v -0.020940 -0.099277 0.000001
v -0.013492 -0.109131 0.000001
v -0.017431 -0.111763 0.000001
v -0.020064 -0.115703 0.000001
v -0.020988 -0.185916 0.000001
v -0.008845 -0.198060 0.000001
v -0.021835 -0.207207 0.000001
v -0.033121 -0.197566 0.000001
v -0.020064 -0.190563 0.000001
v -0.017431 -0.194503 0.000001
v -0.013492 -0.197135 0.000001
v -0.008845 -0.198060 0.008001
v -0.020988 -0.185916 0.008001
v -0.033121 -0.197566 0.008001
v -0.021835 -0.207207 0.008001
v -0.013492 -0.197135 0.008001
v -0.017431 -0.194503 0.008001
v -0.020064 -0.190563 0.008001
v -0.020988 -0.120350 0.008001
v -0.008845 -0.108206 0.008001
v -0.020940 -0.099277 0.008001
v -0.031697 -0.108308 0.008001
v -0.020064 -0.115703 0.008001
v -0.017431 -0.111763 0.008001
v -0.013492 -0.109131 0.008001
v -0.033220 -0.222653 0.000001
v -0.036109 -0.232488 0.000001
v -0.056145 -0.232603 0.000001
v -0.069586 -0.222594 0.000001
v -0.038090 -0.223134 0.000001
v -0.040987 -0.224531 0.000001
v -0.041626 -0.226707 0.000001
v -0.039945 -0.229449 0.000001
v -0.036109 -0.232488 0.008001
v -0.033220 -0.222653 0.008001
v -0.069586 -0.222594 0.008001
v -0.056145 -0.232603 0.008001
v -0.039945 -0.229449 0.008001
v -0.041626 -0.226707 0.008001
v -0.040987 -0.224531 0.008001
v -0.038090 -0.223134 0.008001
v -0.038475 0.213316 0.000001
v -0.049742 0.210016 0.000001
v -0.062632 0.214469 0.000001
v -0.067205 0.242352 0.000001
v -0.041957 0.217728 0.000001
v -0.045097 0.219663 0.000001
v -0.047590 0.218933 0.000001
v -0.049190 0.215609 0.000001
v -0.049742 0.210016 0.008001
v -0.038475 0.213316 0.008001
v -0.067205 0.242352 0.008001
v -0.062632 0.214469 0.008001
v -0.049190 0.215609 0.008001
v -0.047590 0.218933 0.008001
v -0.045097 0.219663 0.008001
v -0.041957 0.217728 0.008001
v -0.049742 0.137025 0.000001
v -0.038080 0.133466 0.000001
v -0.049171 0.131420 0.000001
v -0.047514 0.128059 0.000001
v -0.044934 0.127271 0.000001
v -0.041683 0.129134 0.000001
v -0.038080 0.133466 0.008001
v -0.049742 0.137025 0.008001
v -0.041683 0.129134 0.008001
v -0.044934 0.127271 0.008001
v -0.047514 0.128059 0.008001
v -0.049171 0.131420 0.008001
v -0.025741 0.097026 0.008001
v -0.031242 0.107145 0.008001
v -0.029145 0.097522 0.008001
v -0.031575 0.098959 0.008001
v -0.032792 0.101198 0.008001
v -0.032677 0.104018 0.008001
v -0.031242 0.107145 0.000001
v -0.025741 0.097026 0.000001
v -0.032677 0.104018 0.000001
v -0.032792 0.101198 0.000001
v -0.031575 0.098959 0.000001
v -0.029145 0.097522 0.000001
v -0.032116 0.239087 0.008001
v -0.027018 0.248534 0.008001
v -0.040701 0.259582 0.008001
v -0.048669 0.253075 0.008001
v -0.049371 0.246169 0.008001
v -0.038370 0.237232 0.008001
v -0.033630 0.242702 0.008001
v -0.033193 0.245767 0.008001
v -0.030871 0.247815 0.008001
v -0.027018 0.248534 0.000001
v -0.032116 0.239087 0.000001
v -0.038370 0.237232 0.000001
v -0.049371 0.246169 0.000001
v -0.048669 0.253075 0.000001
v -0.040701 0.259582 0.000001
v -0.030871 0.247815 0.000001
v -0.033193 0.245767 0.000001
v -0.033630 0.242702 0.000001
v -0.047383 0.296026 0.000001
v -0.041930 0.290574 0.000001
v -0.046234 0.285245 0.000001
v -0.052771 0.289744 0.000001
v -0.046652 0.293300 0.000001
v -0.044656 0.291305 0.000001
v -0.041930 0.290574 0.008001
v -0.047383 0.296026 0.008001
v -0.052771 0.289744 0.008001
v -0.046234 0.285245 0.008001
v -0.044656 0.291305 0.008001
v -0.046652 0.293300 0.008001
v -0.213926 -0.236196 0.008001
v -0.213926 -0.236196 0.000001
v -0.213926 -0.216003 0.008001
v -0.213926 -0.216003 0.000001
v -0.187808 -0.208363 0.008001
v -0.187808 -0.208363 0.000001
v 0.085968 -0.342025 0.008001
v 0.000000 -0.314811 0.000001
v 0.000000 -0.342025 0.008001
v 0.000000 -0.342025 0.000001
v 0.133738 0.342975 0.008001
v 0.213926 0.262787 0.008001
v 0.154492 0.340243 0.008001
v 0.173832 0.332232 0.008001
v 0.190439 0.319489 0.008001
v 0.203183 0.302881 0.008001
v 0.211193 0.283541 0.008001
v 0.213926 0.262787 0.000001
v 0.133738 0.342975 0.000001
v 0.211193 0.283541 0.000001
v 0.203183 0.302881 0.000001
v 0.190439 0.319489 0.000001
v 0.173832 0.332232 0.000001
v 0.154492 0.340243 0.000001
v 0.213926 -0.261837 0.008001
v 0.133738 -0.342025 0.008001
v 0.211193 -0.282591 0.008001
v 0.203183 -0.301931 0.008001
v 0.190439 -0.318538 0.008001
v 0.173832 -0.331282 0.008001
v 0.154492 -0.339292 0.008001
v 0.133738 -0.342025 0.000001
v 0.213926 -0.261837 0.000001
v 0.154492 -0.339292 0.000001
v 0.173832 -0.331282 0.000001
v 0.190439 -0.318538 0.000001
v 0.203183 -0.301931 0.000001
v 0.211193 -0.282591 0.000001
v 0.213926 0.097026 0.000001
v 0.000000 0.097026 0.008001
v 0.000000 0.097026 0.000001
v 0.213926 0.097026 0.008001
v 0.000000 0.155335 0.000001
v 0.000000 0.155335 0.008001
v 0.213926 0.257971 0.000001
v 0.000000 0.248534 0.008001
v 0.213926 0.257971 0.008001
v 0.000000 0.248534 0.000001
v 0.213926 0.190213 0.000001
v 0.000000 0.190213 0.008001
v 0.213926 0.190213 0.008001
v 0.000000 0.190213 0.000001
v 0.047383 0.342975 0.008001
v 0.213926 -0.257767 0.008001
v 0.047383 0.342975 0.000001
v 0.000000 0.290574 0.000001
v 0.000000 0.290574 0.008001
v 0.213926 -0.257767 0.000001
v 0.000000 -0.255697 0.008001
v 0.000000 -0.064592 0.008001
v 0.213926 -0.069574 0.008001
v 0.000000 -0.255697 0.000001
v 0.000000 -0.222653 0.008001
v 0.000000 -0.222653 0.000001
v 0.213926 -0.069574 0.000001
v 0.000000 -0.064592 0.000001
v 0.213926 0.071726 0.008001
v 0.000000 0.062793 0.000001
v 0.213926 0.071726 0.000001
v 0.063467 -0.000020 0.000001
v 0.063467 -0.000020 0.008001
v 0.182613 -0.000020 0.000001
v 0.182613 -0.000020 0.008001
v 0.000000 -0.198060 0.008001
v 0.213926 -0.194384 0.000001
v 0.000000 -0.198060 0.000001
v 0.213926 -0.194384 0.008001
v 0.000000 -0.108206 0.008001
v 0.213926 -0.089182 0.008001
v 0.000000 -0.108206 0.000001
v 0.213926 -0.089182 0.000001
v 0.000000 -0.314811 0.008001
v 0.085968 -0.342025 0.000001
v 0.000000 -0.331333 0.000001
v 0.000000 -0.331333 0.008001
v 0.012070 0.172105 0.000001
v 0.012070 0.172105 0.008001
v 0.049742 0.179955 0.000001
v 0.049742 0.179955 0.008001
v 0.018903 -0.267439 0.000001
v 0.018903 -0.267439 0.008001
v 0.139318 0.320912 0.000001
v 0.139318 0.320912 0.008001
v 0.187615 0.257971 0.000001
v 0.187615 0.257971 0.008001
v 0.126377 0.319208 0.000001
v 0.126377 0.319208 0.008001
v 0.189318 0.270912 0.000001
v 0.189318 0.270912 0.008001
v 0.114318 0.314213 0.000001
v 0.114318 0.314213 0.008001
v 0.187615 0.283853 0.000001
v 0.187615 0.283853 0.008001
v 0.103963 0.306267 0.000001
v 0.103963 0.306267 0.008001
v 0.182620 0.295912 0.000001
v 0.182620 0.295912 0.008001
v 0.096017 0.295912 0.000001
v 0.096017 0.295912 0.008001
v 0.174674 0.306267 0.000001
v 0.174674 0.306267 0.008001
v 0.091022 0.283853 0.000001
v 0.091022 0.283853 0.008001
v 0.164318 0.314213 0.000001
v 0.164318 0.314213 0.008001
v 0.089318 0.270912 0.000001
v 0.089318 0.270912 0.008001
v 0.152259 0.319208 0.000001
v 0.152259 0.319208 0.008001
v 0.091022 0.257971 0.000001
v 0.091022 0.257971 0.008001
v 0.096017 0.245912 0.000001
v 0.096017 0.245912 0.008001
v 0.103963 0.235557 0.000001
v 0.103963 0.235557 0.008001
v 0.114318 0.227611 0.000001
v 0.114318 0.227611 0.008001
v 0.126377 0.222616 0.000001
v 0.126377 0.222616 0.008001
v 0.174674 0.235557 0.000001
v 0.164318 0.227611 0.000001
v 0.152259 0.222616 0.000001
v 0.139318 0.220912 0.000001
v 0.139318 0.220912 0.008001
v 0.152259 0.222616 0.008001
v 0.164318 0.227611 0.008001
v 0.174674 0.235557 0.008001
v 0.182620 0.245912 0.000001
v 0.182620 0.245912 0.008001
v 0.138502 -0.220708 0.000001
v 0.138502 -0.220708 0.008001
v 0.188502 -0.270708 0.000001
v 0.188502 -0.270708 0.008001
v 0.125561 -0.222411 0.000001
v 0.125561 -0.222411 0.008001
v 0.186798 -0.257767 0.000001
v 0.186798 -0.257767 0.008001
v 0.113502 -0.227406 0.000001
v 0.113502 -0.227406 0.008001
v 0.181803 -0.245708 0.000001
v 0.181803 -0.245708 0.008001
v 0.103147 -0.235352 0.000001
v 0.103147 -0.235352 0.008001
v 0.173857 -0.235352 0.000001
v 0.173857 -0.235352 0.008001
v 0.163502 -0.227406 0.000001
v 0.163502 -0.227406 0.008001
v 0.095201 -0.245708 0.000001
v 0.095201 -0.245708 0.008001
v 0.090206 -0.257767 0.000001
v 0.090206 -0.257767 0.008001
v 0.151443 -0.222411 0.000001
v 0.151443 -0.222411 0.008001
v 0.088502 -0.270708 0.000001
v 0.088502 -0.270708 0.008001
v 0.090206 -0.283649 0.000001
v 0.090206 -0.283649 0.008001
v 0.095201 -0.295708 0.000001
v 0.095201 -0.295708 0.008001
v 0.071385 0.342975 0.000001
v 0.071385 0.342975 0.008001
v 0.103147 -0.306063 0.000001
v 0.103147 -0.306063 0.008001
v 0.113502 -0.314009 0.000001
v 0.113502 -0.314009 0.008001
v 0.125561 -0.319004 0.000001
v 0.125561 -0.319004 0.008001
v 0.181803 -0.295708 0.000001
v 0.138502 -0.320708 0.000001
v 0.138502 -0.320708 0.008001
v 0.151443 -0.319004 0.000001
v 0.151443 -0.319004 0.008001
v 0.163502 -0.314009 0.000001
v 0.163502 -0.314009 0.008001
v 0.173857 -0.306063 0.000001
v 0.173857 -0.306063 0.008001
v 0.181803 -0.295708 0.008001
v 0.186798 -0.283649 0.000001
v 0.186798 -0.283649 0.008001
v 0.096295 0.342975 0.008001
v 0.096295 0.342975 0.000001
v 0.118287 0.342975 0.000001
v 0.118287 0.342975 0.008001
v 0.139318 0.188684 0.000001
v 0.139318 0.188684 0.008001
v 0.126377 0.188684 0.000001
v 0.126377 0.188684 0.008001
v 0.114318 0.188684 0.008001
v 0.114318 0.188684 0.000001
v 0.103963 0.188684 0.000001
v 0.152259 0.188684 0.008001
v 0.152259 0.188684 0.000001
v 0.164318 0.188684 0.000001
v 0.164318 0.188684 0.008001
v 0.125561 -0.342025 0.008001
v 0.125561 -0.342025 0.000001
v 0.113502 -0.342025 0.000001
v 0.113502 -0.342025 0.008001
v 0.074041 -0.245708 0.000001
v 0.074041 -0.245708 0.008001
v 0.074041 -0.257767 0.000001
v 0.074041 -0.257767 0.008001
v 0.074041 -0.270708 0.008001
v 0.074041 -0.270708 0.000001
v 0.074041 -0.283649 0.008001
v 0.074041 -0.283649 0.000001
v 0.189250 0.124218 0.000001
v 0.177312 0.118230 0.000001
v 0.188665 0.120052 0.000001
v 0.186970 0.117165 0.000001
v 0.184329 0.115840 0.000001
v 0.181001 0.116207 0.000001
v 0.177312 0.118230 0.008001
v 0.189250 0.124218 0.008001
v 0.181001 0.116207 0.008001
v 0.184329 0.115840 0.008001
v 0.186970 0.117165 0.008001
v 0.188665 0.120052 0.008001
v 0.102983 0.173674 0.000001
v 0.088485 0.213149 0.000001
v 0.072586 0.180086 0.000001
v 0.097798 0.178313 0.000001
v 0.095186 0.182497 0.000001
v 0.095402 0.185817 0.000001
v 0.098427 0.187949 0.000001
v 0.103963 0.188684 0.008001
v 0.102983 0.173674 0.008001
v 0.088485 0.213149 0.008001
v 0.098427 0.187949 0.008001
v 0.095402 0.185817 0.008001
v 0.095186 0.182497 0.008001
v 0.097798 0.178313 0.008001
v 0.068170 0.163788 0.000001
v 0.078082 0.168760 0.000001
v 0.039807 0.095851 0.000001
v 0.068656 0.167247 0.000001
v 0.070063 0.169644 0.000001
v 0.072256 0.170744 0.000001
v 0.075019 0.170440 0.000001
v 0.078082 0.168760 0.008001
v 0.068170 0.163788 0.008001
v 0.039807 0.095851 0.008001
v 0.072548 0.180053 0.008001
v 0.075019 0.170440 0.008001
v 0.072256 0.170744 0.008001
v 0.070063 0.169644 0.008001
v 0.068656 0.167247 0.008001
v 0.156869 0.109991 0.000001
v 0.152489 0.096796 0.000001
v 0.213926 0.124218 0.000001
v 0.177881 0.099629 0.000001
v 0.161255 0.105914 0.000001
v 0.163052 0.102235 0.000001
v 0.162083 0.099316 0.000001
v 0.158444 0.097441 0.000001
v 0.152489 0.096796 0.008001
v 0.156869 0.109991 0.008001
v 0.177881 0.099629 0.008001
v 0.213926 0.124218 0.008001
v 0.158444 0.097441 0.008001
v 0.162083 0.099316 0.008001
v 0.163052 0.102235 0.008001
v 0.161255 0.105914 0.008001
v 0.184968 0.188684 0.000001
v 0.189250 0.184402 0.000001
v 0.193523 0.188949 0.000001
v 0.187978 0.192772 0.000001
v 0.187109 0.188110 0.000001
v 0.188676 0.186543 0.000001
v 0.189250 0.184402 0.008001
v 0.184968 0.188684 0.008001
v 0.187978 0.192772 0.008001
v 0.193523 0.188949 0.008001
v 0.188676 0.186543 0.008001
v 0.187109 0.188110 0.008001
v 0.068170 0.101077 0.008001
v 0.072452 0.096795 0.008001
v 0.068744 0.098936 0.008001
v 0.070311 0.097369 0.008001
v 0.072452 0.096795 0.000001
v 0.068170 0.101077 0.000001
v 0.000000 0.062793 0.008001
v 0.070311 0.097369 0.000001
v 0.068744 0.098936 0.000001
v 0.182613 -0.062046 0.008001
v 0.190141 -0.069574 0.008001
v 0.184352 -0.072914 0.008001
v 0.175085 -0.065527 0.008001
v 0.183621 -0.065810 0.008001
v 0.186377 -0.068566 0.008001
v 0.190141 0.071726 0.008001
v 0.182613 0.064198 0.008001
v 0.175085 0.064552 0.008001
v 0.180782 0.071973 0.008001
v 0.186377 0.070717 0.008001
v 0.183621 0.067962 0.008001
v 0.182613 0.064198 0.000001
v 0.190141 0.071726 0.000001
v 0.180782 0.071973 0.000001
v 0.175085 0.064552 0.000001
v 0.183621 0.067962 0.000001
v 0.186377 0.070717 0.000001
v 0.190141 -0.069574 0.000001
v 0.182613 -0.062046 0.000001
v 0.175085 -0.065527 0.000001
v 0.184352 -0.072914 0.000001
v 0.186377 -0.068566 0.000001
v 0.183621 -0.065810 0.000001
v 0.040251 -0.064592 0.008001
v 0.063467 -0.041376 0.008001
v 0.086682 -0.064786 0.008001
v 0.047269 -0.081223 0.008001
v 0.049136 -0.062825 0.008001
v 0.056667 -0.057792 0.008001
v 0.061700 -0.050260 0.008001
v 0.063467 0.039578 0.008001
v 0.040251 0.062793 0.008001
v 0.086680 0.063159 0.008001
v 0.061700 0.048462 0.008001
v 0.056667 0.055994 0.008001
v 0.049136 0.061026 0.008001
v 0.040251 0.062793 0.000001
v 0.063467 0.039578 0.000001
v 0.086680 0.063159 0.000001
v 0.049136 0.061026 0.000001
v 0.056667 0.055994 0.000001
v 0.061700 0.048462 0.000001
v 0.063467 -0.041376 0.000001
v 0.040251 -0.064592 0.000001
v 0.047269 -0.081223 0.000001
v 0.086682 -0.064786 0.000001
v 0.061700 -0.050260 0.000001
v 0.056667 -0.057792 0.000001
v 0.049136 -0.062825 0.000001
v 0.127046 -0.194146 0.000001
v 0.117129 -0.184229 0.000001
v 0.107220 -0.194549 0.000001
v 0.119964 -0.203649 0.000001
v 0.122087 -0.192817 0.000001
v 0.118457 -0.189188 0.000001
v 0.117129 -0.098862 0.000001
v 0.127046 -0.088945 0.000001
v 0.111550 -0.086195 0.000001
v 0.118457 -0.093903 0.000001
v 0.122087 -0.090273 0.000001
v 0.117129 -0.184229 0.008001
v 0.127046 -0.194146 0.008001
v 0.119964 -0.203649 0.008001
v 0.107220 -0.194549 0.008001
v 0.118457 -0.189188 0.008001
v 0.122087 -0.192817 0.008001
v 0.127046 -0.088945 0.008001
v 0.117129 -0.098862 0.008001
v 0.111550 -0.086195 0.008001
v 0.122087 -0.090273 0.008001
v 0.118457 -0.093903 0.008001
v 0.188158 -0.098862 0.008001
v 0.178241 -0.088945 0.008001
v 0.185867 -0.079296 0.008001
v 0.198075 -0.089036 0.008001
v 0.186829 -0.093903 0.008001
v 0.183199 -0.090273 0.008001
v 0.178241 -0.088945 0.000001
v 0.188158 -0.098862 0.000001
v 0.198075 -0.089036 0.000001
v 0.185867 -0.079296 0.000001
v 0.183199 -0.090273 0.000001
v 0.186829 -0.093903 0.000001
v 0.188158 -0.184229 0.000001
v 0.178241 -0.194146 0.000001
v 0.179413 -0.198824 0.000001
v 0.198075 -0.194238 0.000001
v 0.186829 -0.189188 0.000001
v 0.183199 -0.192817 0.000001
v 0.178241 -0.194146 0.008001
v 0.188158 -0.184229 0.008001
v 0.198075 -0.194238 0.008001
v 0.179413 -0.198824 0.008001
v 0.183199 -0.192817 0.008001
v 0.186829 -0.189188 0.008001
v 0.083695 -0.314811 0.000001
v 0.085968 -0.317085 0.000001
v 0.087586 -0.316410 0.000001
v 0.087995 -0.313780 0.000001
v 0.085957 -0.306222 0.000001
v 0.085303 -0.315477 0.000001
v 0.083695 -0.330831 0.008001
v 0.085968 -0.328544 0.008001
v 0.088075 -0.331675 0.008001
v 0.085968 -0.333092 0.008001
v 0.085303 -0.330156 0.008001
v 0.085968 -0.317085 0.008001
v 0.083695 -0.314811 0.008001
v 0.085957 -0.306222 0.008001
v 0.087995 -0.313780 0.008001
v 0.087586 -0.316410 0.008001
v 0.085303 -0.315477 0.008001
v 0.085968 -0.328544 0.000001
v 0.083695 -0.330831 0.000001
v 0.085968 -0.333092 0.000001
v 0.088075 -0.331675 0.000001
v 0.085303 -0.330156 0.000001
v 0.062850 -0.239672 0.000001
v 0.087167 -0.230873 0.000001
v 0.067132 -0.237963 0.000001
v 0.070763 -0.238510 0.000001
v 0.073189 -0.241230 0.000001
v 0.062850 -0.239672 0.008001
v 0.087167 -0.230873 0.008001
v 0.073189 -0.241230 0.008001
v 0.070763 -0.238510 0.008001
v 0.067132 -0.237963 0.008001
v 0.074041 -0.288475 0.000001
v 0.062798 -0.294724 0.000001
v 0.086777 -0.298099 0.000001
v 0.073186 -0.293009 0.000001
v 0.070748 -0.295789 0.000001
v 0.067101 -0.296391 0.000001
v 0.062798 -0.294724 0.008001
v 0.074041 -0.288475 0.008001
v 0.086777 -0.298099 0.008001
v 0.067101 -0.296391 0.008001
v 0.070748 -0.295789 0.008001
v 0.073186 -0.293009 0.008001
v 0.061263 -0.108206 0.000001
v 0.073406 -0.120350 0.000001
v 0.084115 -0.108308 0.000001
v 0.064741 -0.103106 0.000001
v 0.065910 -0.109131 0.000001
v 0.069850 -0.111763 0.000001
v 0.072482 -0.115703 0.000001
v 0.073406 -0.185916 0.000001
v 0.061263 -0.198060 0.000001
v 0.074253 -0.207207 0.000001
v 0.085540 -0.197566 0.000001
v 0.072482 -0.190563 0.000001
v 0.069850 -0.194503 0.000001
v 0.065910 -0.197135 0.000001
v 0.061263 -0.198060 0.008001
v 0.073406 -0.185916 0.008001
v 0.085540 -0.197566 0.008001
v 0.074253 -0.207207 0.008001
v 0.065910 -0.197135 0.008001
v 0.069850 -0.194503 0.008001
v 0.072482 -0.190563 0.008001
v 0.073406 -0.120350 0.008001
v 0.061263 -0.108206 0.008001
v 0.064741 -0.103106 0.008001
v 0.084115 -0.108308 0.008001
v 0.072482 -0.115703 0.008001
v 0.069850 -0.111763 0.008001
v 0.065910 -0.109131 0.008001
v 0.033220 -0.222653 0.000001
v 0.036109 -0.232488 0.000001
v 0.056145 -0.232603 0.000001
v 0.069586 -0.222594 0.000001
v 0.038090 -0.223134 0.000001
v 0.040987 -0.224531 0.000001
v 0.041626 -0.226707 0.000001
v 0.039945 -0.229449 0.000001
v 0.036109 -0.232488 0.008001
v 0.033220 -0.222653 0.008001
v 0.069586 -0.222594 0.008001
v 0.056145 -0.232603 0.008001
v 0.039945 -0.229449 0.008001
v 0.041626 -0.226707 0.008001
v 0.040987 -0.224531 0.008001
v 0.038090 -0.223134 0.008001
v 0.038475 0.213316 0.000001
v 0.049742 0.210016 0.000001
v 0.062632 0.214469 0.000001
v 0.067205 0.242352 0.000001
v 0.041957 0.217728 0.000001
v 0.045097 0.219663 0.000001
v 0.047590 0.218933 0.000001
v 0.049190 0.215609 0.000001
v 0.049742 0.210016 0.008001
v 0.038475 0.213316 0.008001
v 0.067205 0.242352 0.008001
v 0.062632 0.214469 0.008001
v 0.049190 0.215609 0.008001
v 0.047590 0.218933 0.008001
v 0.045097 0.219663 0.008001
v 0.041957 0.217728 0.008001
v 0.049742 0.137025 0.000001
v 0.038080 0.133466 0.000001
v 0.049171 0.131420 0.000001
v 0.047514 0.128059 0.000001
v 0.044934 0.127271 0.000001
v 0.041683 0.129134 0.000001
v 0.038080 0.133466 0.008001
v 0.049742 0.137025 0.008001
v 0.041683 0.129134 0.008001
v 0.044934 0.127271 0.008001
v 0.047514 0.128059 0.008001
v 0.049171 0.131420 0.008001
v 0.025741 0.097026 0.008001
v 0.031242 0.107145 0.008001
v 0.029145 0.097522 0.008001
v 0.031575 0.098959 0.008001
v 0.032792 0.101198 0.008001
v 0.032677 0.104018 0.008001
v 0.031242 0.107145 0.000001
v 0.025741 0.097026 0.000001
v 0.032677 0.104018 0.000001
v 0.032792 0.101198 0.000001
v 0.031575 0.098959 0.000001
v 0.029145 0.097522 0.000001
v 0.032116 0.239087 0.008001
v 0.027018 0.248534 0.008001
v 0.040701 0.259582 0.008001
v 0.048669 0.253075 0.008001
v 0.049371 0.246169 0.008001
v 0.038370 0.237232 0.008001
v 0.033630 0.242702 0.008001
v 0.033193 0.245767 0.008001
v 0.030871 0.247815 0.008001
v 0.027018 0.248534 0.000001
v 0.032116 0.239087 0.000001
v 0.038370 0.237232 0.000001
v 0.049371 0.246169 0.000001
v 0.048669 0.253075 0.000001
v 0.040701 0.259582 0.000001
v 0.030871 0.247815 0.000001
v 0.033193 0.245767 0.000001
v 0.033630 0.242702 0.000001
v 0.047383 0.296026 0.000001
v 0.041930 0.290574 0.000001
v 0.046234 0.285245 0.000001
v 0.052771 0.289744 0.000001
v 0.046652 0.293300 0.000001
v 0.044656 0.291305 0.000001
v 0.041930 0.290574 0.008001
v 0.047383 0.296026 0.008001
v 0.052771 0.289744 0.008001
v 0.046234 0.285245 0.008001
v 0.044656 0.291305 0.008001
v 0.046652 0.293300 0.008001
v 0.213926 -0.236196 0.008001
v 0.213926 -0.236196 0.000001
v 0.213926 -0.216003 0.008001
v 0.213926 -0.216003 0.000001
v 0.187808 -0.208363 0.008001
v 0.187808 -0.208363 0.000001
vn 0.5000 0.8660 -0.0000
vn 0.7071 0.7071 -0.0000
vn -0.7066 -0.7066 0.0368
vn -0.8655 -0.4997 0.0355
vn -0.8651 -0.5004 0.0355
vn -0.0636 -0.9975 0.0324
vn -0.2587 -0.9654 0.0321
vn -0.2601 -0.9650 0.0321
vn -0.0000 -0.9996 0.0280
vn -0.0665 -0.9973 0.0317
vn -0.0454 -0.1333 0.9900
vn -0.0000 -0.0000 1.0000
vn -0.0465 -0.0884 0.9950
vn -0.4997 -0.8655 0.0357
vn -0.5003 -0.8651 0.0357
vn -0.0832 -0.0329 0.9960
vn -0.0832 -0.0083 0.9965
vn -0.6471 -0.2470 0.7213
vn -0.5121 -0.5749 0.6382
vn -0.5357 -0.4480 0.7158
vn -0.9650 -0.2602 0.0317
vn -0.9975 -0.0654 0.0274
vn -0.9974 -0.0664 0.0275
vn -0.3527 -0.7203 0.5973
vn -0.3388 -0.6232 0.7049
vn -0.3302 -0.6278 0.7049
vn -0.9997 -0.0000 0.0258
vn -0.0813 -0.0753 0.9938
vn -0.0497 -0.0892 0.9948
vn -0.0693 -0.0898 0.9935
vn -0.3395 -0.6261 0.7019
vn -0.0000 -0.0761 0.9971
vn -0.9654 -0.2587 0.0317
vn -0.3463 -0.6370 0.6887
vn -0.3220 -0.6939 0.6441
vn -0.3338 -0.6485 0.6841
vn -0.0000 -0.9440 0.3298
vn -0.0489 -0.9861 0.1589
vn -0.0000 -0.9945 0.1043
vn -0.0000 -0.3044 0.9525
vn -0.0069 -0.6179 0.7862
vn -0.0000 -0.5816 0.8135
vn -0.0149 -0.8258 0.5638
vn -0.0000 -0.8006 0.5993
vn -0.0354 -0.9452 0.3245
vn -0.4071 -0.5849 0.7015
vn -0.3846 -0.7050 0.5959
vn -0.4158 -0.6792 0.6049
vn -0.7169 -0.0679 0.6938
vn -0.8388 -0.0007 0.5444
vn -0.8132 -0.0966 0.5739
vn -0.0271 -0.3368 0.9412
vn -0.2868 -0.0002 0.9580
vn -0.2886 -0.0266 0.9571
vn -0.5407 -0.0003 0.8412
vn -0.5336 -0.0483 0.8444
vn -0.7342 -0.0005 0.6789
vn -0.6964 -0.3414 0.6312
vn -0.8958 -0.0946 0.4342
vn -0.8083 -0.3373 0.4827
vn -0.9637 -0.0852 0.2531
vn -0.9046 -0.3159 0.2861
vn -0.9928 -0.0729 0.0948
vn -0.9535 -0.2810 0.1087
vn -0.2761 -0.1010 0.9558
vn -0.4934 -0.1771 0.8516
vn -0.3371 -0.7244 0.6014
vn -0.3381 -0.8193 0.4630
vn -0.2732 -0.8438 0.4619
vn -0.3107 -0.9091 0.2775
vn -0.1883 -0.9431 0.2742
vn -0.2763 -0.9556 0.1027
vn -0.1081 -0.9888 0.1029
vn -0.2044 -0.2824 0.9373
vn -0.1601 -0.2927 0.9427
vn -0.3281 -0.4669 0.8212
vn -0.2685 -0.4955 0.8260
vn -0.7638 -0.5714 0.3002
vn -0.6397 -0.5878 0.4953
vn -0.2529 -0.2124 0.9439
vn -0.4245 -0.3457 0.8368
vn -0.1553 -0.2934 0.9433
vn -0.2621 -0.4964 0.8276
vn -0.5158 -0.7175 0.4681
vn -0.4300 -0.7747 0.4636
vn -0.6195 -0.7321 0.2832
vn -0.4730 -0.8351 0.2810
vn -0.6873 -0.7183 0.1075
vn -0.4956 -0.8621 0.1057
vn -0.8410 -0.5285 0.1161
vn -0.9962 -0.0000 0.0867
vn -0.9720 -0.0003 0.2349
vn -0.9720 -0.0000 0.2350
vn -0.9137 -0.0006 0.4064
vn -0.9136 -0.0000 0.4066
vn -0.8387 -0.0007 0.5446
vn -0.8386 -0.0000 0.5447
vn -0.1568 -0.3136 0.9365
vn -0.2678 -0.5006 0.8232
vn -0.2024 -0.6508 0.7318
vn -0.2602 -0.5654 0.7827
vn -0.0910 -0.6376 0.7649
vn -0.1353 -0.4426 0.8864
vn -0.2058 -0.7584 0.6185
vn -0.0987 -0.8026 0.5883
vn -0.2432 -0.8089 0.5352
vn -0.1336 -0.8962 0.4230
vn -0.3347 -0.7066 0.6234
vn -0.2578 -0.8391 0.4790
vn -0.1493 -0.9384 0.3115
vn -0.3374 -0.7202 0.6062
vn -0.0792 -0.0001 0.9969
vn 0.2588 0.9659 -0.0000
vn -0.7066 0.7066 0.0368
vn -0.8655 0.4997 0.0355
vn -0.0636 0.9974 0.0324
vn -0.2587 0.9654 0.0321
vn -0.0662 0.9973 0.0319
vn -0.0000 0.9996 0.0280
vn -0.0000 0.9996 0.0267
vn -0.0454 0.1333 0.9900
vn -0.2601 0.9650 0.0321
vn -0.4997 0.8655 0.0357
vn -0.5003 0.8651 0.0357
vn -0.0832 0.0329 0.9960
vn -0.6471 0.2470 0.7213
vn -0.5121 0.5749 0.6382
vn -0.6964 0.3414 0.6312
vn -0.9650 0.2602 0.0317
vn -0.9975 0.0654 0.0274
vn -0.9654 0.2587 0.0317
vn -0.3527 0.7203 0.5973
vn -0.3388 0.6232 0.7049
vn -0.3371 0.7244 0.6014
vn -0.9997 -0.0000 0.0256
vn -0.0813 0.0753 0.9938
vn -0.0497 0.0892 0.9948
vn -0.0465 0.0884 0.9950
vn -0.3395 0.6261 0.7019
vn -0.3846 0.7050 0.5959
vn -0.8651 0.5004 0.0355
vn -0.3463 0.6370 0.6887
vn -0.3220 0.6939 0.6441
vn -0.3347 0.7066 0.6234
vn -0.0000 0.9440 0.3298
vn -0.0489 0.9861 0.1589
vn -0.0354 0.9452 0.3245
vn -0.0000 0.3044 0.9525
vn -0.0069 0.6179 0.7862
vn -0.0271 0.3368 0.9412
vn -0.0000 0.5816 0.8135
vn -0.0149 0.8258 0.5638
vn -0.0000 0.8006 0.5993
vn -0.4071 0.5849 0.7015
vn -0.4158 0.6792 0.6049
vn -0.5357 0.4480 0.7158
vn -0.7169 0.0679 0.6938
vn -0.8388 0.0007 0.5444
vn -0.7342 0.0005 0.6789
vn -0.8132 0.0967 0.5739
vn 0.9979 -0.0654 -0.0000
vn 0.9659 -0.2588 -0.0000
vn -0.0693 0.0898 0.9935
vn -0.0000 0.0761 0.9971
vn -0.0832 0.0083 0.9965
vn -0.2868 0.0002 0.9580
vn -0.0792 -0.0000 0.9969
vn -0.2886 0.0266 0.9571
vn -0.5407 0.0003 0.8412
vn -0.5336 0.0483 0.8444
vn -0.8958 0.0947 0.4342
vn -0.8083 0.3373 0.4827
vn -0.9637 0.0852 0.2531
vn -0.9046 0.3159 0.2861
vn -0.9928 0.0729 0.0948
vn -0.2761 0.1010 0.9558
vn -0.4934 0.1771 0.8516
vn -0.3381 0.8193 0.4630
vn -0.2732 0.8438 0.4619
vn -0.3107 0.9091 0.2775
vn -0.1883 0.9431 0.2742
vn -0.2763 0.9556 0.1027
vn -0.2044 0.2824 0.9373
vn -0.1601 0.2927 0.9427
vn -0.3281 0.4669 0.8212
vn -0.2685 0.4955 0.8260
vn -0.9535 0.2810 0.1087
vn -0.7638 0.5714 0.3002
vn -0.8410 0.5285 0.1161
vn -0.6397 0.5878 0.4953
vn -0.2529 0.2124 0.9439
vn -0.4245 0.3457 0.8368
vn -0.1553 0.2934 0.9433
vn -0.2621 0.4964 0.8276
vn -0.5158 0.7175 0.4681
vn -0.4300 0.7747 0.4636
vn -0.6195 0.7321 0.2832
vn -0.4730 0.8351 0.2810
vn -0.6873 0.7183 0.1075
vn -0.4956 0.8621 0.1057
vn -0.9720 0.0003 0.2349
vn -0.9962 0.0001 0.0866
vn -0.9137 0.0006 0.4064
vn -0.8387 0.0007 0.5446
vn -0.1568 0.3136 0.9365
vn -0.2678 0.5006 0.8232
vn -0.3302 0.6278 0.7049
vn -0.2024 0.6508 0.7318
vn -0.3338 0.6485 0.6841
vn -0.2602 0.5654 0.7827
vn -0.0910 0.6376 0.7649
vn -0.1353 0.4426 0.8864
vn -0.2058 0.7584 0.6185
vn -0.0987 0.8026 0.5883
vn -0.2432 0.8089 0.5352
vn -0.1336 0.8962 0.4230
vn -0.2578 0.8391 0.4790
vn -0.3374 0.7202 0.6062
vn -0.1493 0.9384 0.3115
vn -0.1081 0.9888 0.1029
vn 0.8660 0.5000 -0.0000
vn -0.0000 -0.0000 -1.0000
vn -0.0000 1.0000 -0.0000
vn 0.0654 0.9979 -0.0000
vn 0.2588 -0.9659 -0.0000
vn 0.0654 -0.9979 -0.0000
vn -0.0000 -1.0000 -0.0000
vn 0.5000 -0.8660 -0.0000
vn 1.0000 -0.0000 -0.0000
vn 0.9659 0.2588 -0.0000
vn 0.9979 0.0654 -0.0000
vn 0.7071 -0.7071 -0.0000
vn 0.8660 -0.5000 -0.0000
vn -0.0000 0.2594 -0.9658
vn -0.0000 0.0084 -1.0000
vn -0.0000 0.2583 -0.9661
vn -0.0000 0.9978 -0.0665
vn -0.0000 -0.8669 -0.4984
vn -0.0000 -0.9239 -0.3827
vn -0.0000 -0.8651 -0.5016
vn -0.0000 -0.2512 -0.9679
vn -0.0000 -0.4991 -0.8666
vn -0.0000 -0.2501 -0.9682
vn -0.0000 0.9665 -0.2568
vn -0.0000 0.8651 -0.5016
vn -0.0000 0.9654 -0.2608
vn -0.0000 0.0085 -1.0000
vn -0.0000 -0.5009 -0.8655
vn -0.0000 -0.7060 -0.7082
vn -0.0000 0.5009 -0.8655
vn -0.0000 0.4991 -0.8666
vn -0.0000 -0.9914 -0.1305
vn -0.0000 -0.9978 -0.0665
vn -0.0000 0.8670 -0.4984
vn -0.0000 0.7060 -0.7082
vn -0.0000 0.9979 -0.0643
vn -0.0000 -0.7082 -0.7060
vn -0.9997 -0.0000 0.0254
vn -0.0000 0.7082 -0.7060
vn -0.7253 -0.0000 0.6884
vn -0.5925 -0.0000 0.8055
vn -0.0676 -0.9972 0.0321
vn -0.0000 -0.9996 0.0267
vn -0.0671 0.9972 0.0321
vn -0.0000 0.9996 0.0266
vn -0.0676 0.9972 0.0321
vn -0.0680 -0.9972 0.0321
vn -0.0000 -0.9996 0.0266
vn -0.0692 -0.9971 0.0313
vn -0.0000 -0.9996 0.0268
vn -0.0690 0.9971 0.0312
vn -0.0000 0.9996 0.0265
vn -0.9962 -0.0001 0.0866
vn -0.7342 0.0005 0.6790
vn -0.9720 0.0003 0.2348
vn -0.0793 -0.0000 0.9969
vn -0.2869 0.0002 0.9580
vn -0.9137 0.0006 0.4063
vn -0.7342 -0.0000 0.6790
vn -0.5408 -0.0000 0.8412
vn -0.2870 -0.0000 0.9579
vn -0.8388 0.0007 0.5445
vn -0.0793 -0.0000 0.9968
vn -0.9720 -0.0003 0.2348
vn -0.2869 -0.0002 0.9580
vn -0.7342 -0.0005 0.6790
vn -0.9137 -0.0006 0.4063
vn -0.5000 0.8660 -0.0000
vn -0.7071 0.7071 -0.0000
vn 0.7066 -0.7066 0.0368
vn 0.8655 -0.4997 0.0355
vn 0.0636 -0.9975 0.0324
vn 0.2587 -0.9654 0.0321
vn 0.0665 -0.9973 0.0317
vn -0.0000 -0.9997 0.0263
vn 0.0454 -0.1333 0.9900
vn 0.2601 -0.9650 0.0321
vn 0.4997 -0.8655 0.0357
vn 0.5003 -0.8651 0.0357
vn 0.0832 -0.0329 0.9960
vn 0.6471 -0.2470 0.7213
vn 0.5121 -0.5749 0.6382
vn 0.6964 -0.3414 0.6312
vn 0.9650 -0.2602 0.0317
vn 0.9975 -0.0654 0.0274
vn 0.9654 -0.2587 0.0317
vn 0.3527 -0.7203 0.5973
vn 0.3388 -0.6232 0.7049
vn 0.3371 -0.7244 0.6014
vn 0.9997 -0.0000 0.0258
vn 0.0813 -0.0753 0.9938
vn 0.0497 -0.0892 0.9948
vn 0.0465 -0.0884 0.9950
vn 0.3395 -0.6261 0.7019
vn 0.3846 -0.7050 0.5959
vn 0.8651 -0.5004 0.0355
vn 0.3463 -0.6370 0.6887
vn 0.3220 -0.6939 0.6441
vn 0.3347 -0.7066 0.6234
vn 0.0489 -0.9861 0.1589
vn 0.0354 -0.9452 0.3245
vn 0.0069 -0.6179 0.7862
vn 0.0271 -0.3368 0.9412
vn 0.0149 -0.8258 0.5638
vn 0.4071 -0.5849 0.7015
vn 0.4158 -0.6792 0.6049
vn 0.5357 -0.4480 0.7158
vn 0.7169 -0.0679 0.6938
vn 0.8388 -0.0007 0.5444
vn 0.7342 -0.0005 0.6789
vn 0.8132 -0.0966 0.5739
vn 0.0693 -0.0898 0.9935
vn 0.0832 -0.0083 0.9965
vn 0.2868 -0.0002 0.9580
vn 0.0792 -0.0001 0.9969
vn 0.2886 -0.0266 0.9571
vn 0.5407 -0.0003 0.8412
vn 0.5336 -0.0483 0.8444
vn 0.8958 -0.0946 0.4342
vn 0.8083 -0.3373 0.4827
vn 0.9637 -0.0852 0.2531
vn 0.9046 -0.3159 0.2861
vn 0.9928 -0.0729 0.0948
vn 0.2761 -0.1010 0.9558
vn 0.4934 -0.1771 0.8516
vn 0.3381 -0.8193 0.4630
vn 0.2732 -0.8438 0.4619
vn 0.3107 -0.9091 0.2775
vn 0.1883 -0.9431 0.2742
vn 0.2763 -0.9556 0.1027
vn 0.2044 -0.2824 0.9373
vn 0.1601 -0.2927 0.9427
vn 0.3281 -0.4669 0.8212
vn 0.2685 -0.4955 0.8260
vn 0.9535 -0.2810 0.1087
vn 0.7638 -0.5714 0.3002
vn 0.8410 -0.5285 0.1161
vn 0.6397 -0.5878 0.4953
vn 0.2529 -0.2124 0.9439
vn 0.4245 -0.3457 0.8368
vn 0.1553 -0.2934 0.9433
vn 0.2621 -0.4964 0.8276
vn 0.5158 -0.7175 0.4681
vn 0.4300 -0.7747 0.4636
vn 0.6195 -0.7321 0.2832
vn 0.4730 -0.8351 0.2810
vn 0.6873 -0.7183 0.1075
vn 0.4956 -0.8621 0.1057
vn 0.9962 -0.0000 0.0867
vn 0.9720 -0.0003 0.2349
vn 0.9962 -0.0001 0.0866
vn 0.9720 -0.0000 0.2350
vn 0.9137 -0.0006 0.4064
vn 0.9136 -0.0000 0.4066
vn 0.8387 -0.0007 0.5446
vn 0.1568 -0.3136 0.9365
vn 0.2678 -0.5006 0.8232
vn 0.3302 -0.6278 0.7049
vn 0.2024 -0.6508 0.7318
vn 0.3338 -0.6485 0.6841
vn 0.2602 -0.5654 0.7827
vn 0.0910 -0.6376 0.7649
vn 0.1353 -0.4426 0.8864
vn 0.2058 -0.7584 0.6185
vn 0.0987 -0.8026 0.5883
vn 0.2432 -0.8089 0.5352
vn 0.1336 -0.8962 0.4230
vn 0.2578 -0.8391 0.4790
vn 0.3374 -0.7202 0.6062
vn 0.1493 -0.9384 0.3115
vn 0.1081 -0.9888 0.1029
vn -0.2588 0.9659 -0.0000
vn 0.7066 0.7066 0.0368
vn 0.8655 0.4997 0.0355
vn 0.8651 0.5004 0.0355
vn 0.0636 0.9974 0.0324
vn 0.2587 0.9654 0.0321
vn 0.2601 0.9650 0.0321
vn 0.0662 0.9973 0.0319
vn 0.0454 0.1333 0.9900
vn 0.0465 0.0884 0.9950
vn 0.4997 0.8655 0.0357
vn 0.5003 0.8651 0.0357
vn 0.0832 0.0329 0.9960
vn 0.0832 0.0083 0.9965
vn 0.6471 0.2470 0.7213
vn 0.5121 0.5749 0.6382
vn 0.5357 0.4480 0.7158
vn 0.9650 0.2602 0.0317
vn 0.9975 0.0654 0.0274
vn 0.9974 0.0664 0.0275
vn 0.3527 0.7203 0.5973
vn 0.3388 0.6232 0.7049
vn 0.3302 0.6278 0.7049
vn 0.9997 -0.0000 0.0256
vn 0.0813 0.0753 0.9938
vn 0.0497 0.0892 0.9948
vn 0.0693 0.0898 0.9935
vn 0.3395 0.6261 0.7019
vn 0.9654 0.2587 0.0317
vn 0.3463 0.6370 0.6887
vn 0.3220 0.6939 0.6441
vn 0.3338 0.6485 0.6841
vn 0.0489 0.9861 0.1589
vn -0.0000 0.9945 0.1043
vn 0.0069 0.6179 0.7862
vn 0.0149 0.8258 0.5638
vn 0.0354 0.9452 0.3245
vn 0.4071 0.5849 0.7015
vn 0.3846 0.7050 0.5959
vn 0.4158 0.6792 0.6049
vn 0.7169 0.0679 0.6938
vn 0.8388 0.0007 0.5444
vn 0.8132 0.0967 0.5739
vn -0.9979 -0.0654 -0.0000
vn -0.9659 -0.2588 -0.0000
vn 0.0271 0.3368 0.9412
vn 0.2868 0.0002 0.9580
vn 0.2886 0.0266 0.9571
vn 0.5407 0.0003 0.8412
vn 0.5336 0.0483 0.8444
vn 0.7342 0.0005 0.6789
vn 0.6964 0.3414 0.6312
vn 0.8958 0.0947 0.4342
vn 0.8083 0.3373 0.4827
vn 0.9637 0.0852 0.2531
vn 0.9046 0.3159 0.2861
vn 0.9928 0.0729 0.0948
vn 0.9535 0.2810 0.1087
vn 0.2761 0.1010 0.9558
vn 0.4934 0.1771 0.8516
vn 0.3371 0.7244 0.6014
vn 0.3381 0.8193 0.4630
vn 0.2732 0.8438 0.4619
vn 0.3107 0.9091 0.2775
vn 0.1883 0.9431 0.2742
vn 0.2763 0.9556 0.1027
vn 0.1081 0.9888 0.1029
vn 0.2044 0.2824 0.9373
vn 0.1601 0.2927 0.9427
vn 0.3281 0.4669 0.8212
vn 0.2685 0.4955 0.8260
vn 0.7638 0.5714 0.3002
vn 0.6397 0.5878 0.4953
vn 0.2529 0.2124 0.9439
vn 0.4245 0.3457 0.8368
vn 0.1553 0.2934 0.9433
vn 0.2621 0.4964 0.8276
vn 0.5158 0.7175 0.4681
vn 0.4300 0.7747 0.4636
vn 0.6195 0.7321 0.2832
vn 0.4730 0.8351 0.2810
vn 0.6873 0.7183 0.1075
vn 0.4956 0.8621 0.1057
vn 0.8410 0.5285 0.1161
vn 0.9720 0.0003 0.2349
vn 0.9137 0.0006 0.4064
vn 0.8387 0.0007 0.5446
vn 0.8386 -0.0000 0.5447
vn 0.1568 0.3136 0.9365
vn 0.2678 0.5006 0.8232
vn 0.2024 0.6508 0.7318
vn 0.2602 0.5654 0.7827
vn 0.0910 0.6376 0.7649
vn 0.1353 0.4426 0.8864
vn 0.2058 0.7584 0.6185
vn 0.0987 0.8026 0.5883
vn 0.2432 0.8089 0.5352
vn 0.1336 0.8962 0.4230
vn 0.3347 0.7066 0.6234
vn 0.2578 0.8391 0.4790
vn 0.1493 0.9384 0.3115
vn 0.3374 0.7202 0.6062
vn 0.0792 -0.0000 0.9969
vn -0.8660 0.5000 -0.0000
vn -0.0654 0.9979 -0.0000
vn -0.2588 -0.9659 -0.0000
vn -0.0654 -0.9979 -0.0000
vn -0.5000 -0.8660 -0.0000
vn -1.0000 -0.0000 -0.0000
vn -0.9659 0.2588 -0.0000
vn -0.9979 0.0654 -0.0000
vn -0.7071 -0.7071 -0.0000
vn -0.8660 -0.5000 -0.0000
vn -0.0000 -0.9979 -0.0643
vn 0.9997 -0.0000 0.0254
vn 0.8682 -0.0000 0.4961
vn 0.9997 -0.0000 0.0259
vn 0.0676 -0.9972 0.0321
vn 0.0671 0.9972 0.0321
vn 0.0676 0.9972 0.0321
vn 0.0680 -0.9972 0.0321
vn 0.0692 -0.9971 0.0313
vn 0.0690 0.9971 0.0312
vn 0.9962 0.0001 0.0866
vn 0.8388 0.0007 0.5445
vn 0.9720 0.0003 0.2348
vn 0.0793 -0.0000 0.9969
vn 0.2869 0.0002 0.9580
vn 0.9137 0.0006 0.4063
vn 0.7342 0.0005 0.6790
vn 0.5408 -0.0000 0.8412
vn 0.2870 -0.0000 0.9579
vn 0.7342 -0.0000 0.6790
vn 0.7342 -0.0005 0.6790
vn 0.2869 -0.0002 0.9580
vn 0.0793 -0.0000 0.9968
vn 0.9720 -0.0003 0.2348
vn 0.9137 -0.0006 0.4063
vn 0.8828 0.4697 -0.0000
vn 0.8357 0.5492 -0.0000
vn 0.0980 -0.9952 -0.0000
vn -0.1305 -0.9914 -0.0000
vn 0.0492 -0.9988 -0.0000
vn -0.9914 -0.1305 -0.0000
vn -0.9914 0.1305 -0.0000
vn 0.9952 0.0980 -0.0000
vn 0.1305 0.9914 -0.0000
vn -0.1305 0.9914 -0.0000
vn 0.9914 0.1305 -0.0000
vn 0.9914 -0.1305 -0.0000
vn 0.8762 -0.4819 -0.0000
vn 0.8391 -0.5440 -0.0000
vn 0.1951 -0.9808 -0.0000
vn 0.9988 -0.0491 -0.0000
vn 0.6403 -0.7681 -0.0000
vn 0.5407 -0.8412 -0.0000
vn 0.9976 0.0696 -0.0000
vn -0.9976 -0.0696 -0.0000
vn -0.8145 -0.5802 -0.0000
vn -0.8420 -0.5395 -0.0000
vn -0.0659 -0.9978 -0.0000
vn 0.0540 0.9985 -0.0000
vn -0.8002 0.5998 -0.0000
vn -0.8296 0.5584 -0.0000
vn 0.2005 0.9797 -0.0000
vn 0.1305 -0.9914 -0.0000
vn 0.9952 -0.0980 -0.0000
vn -0.5342 -0.8454 -0.0000
vn -0.4542 -0.8909 -0.0000
vn -0.5279 0.8493 -0.0000
vn -0.4465 0.8948 -0.0000
vn 0.9956 -0.0939 -0.0000
vn 0.9957 0.0931 -0.0000
vn 0.0980 0.9952 -0.0000
vn -0.5407 0.8412 -0.0000
vn -0.3009 0.9536 -0.0000
vn -0.3010 0.9536 -0.0000
vn -0.1096 0.9940 -0.0000
vn 0.4484 0.8938 -0.0000
vn 0.8623 0.5065 -0.0000
vn 0.9443 0.3290 -0.0000
vn -0.6329 0.7742 -0.0000
vn -0.7651 0.6439 -0.0000
vn -0.8483 0.5295 -0.0000
vn -0.9979 -0.0652 -0.0000
vn -0.5761 -0.8174 -0.0000
vn -0.3644 -0.9313 -0.0000
vn 0.3009 -0.9536 -0.0000
vn 0.3010 -0.9536 -0.0000
vn 0.1096 -0.9940 -0.0000
vn -0.4484 -0.8938 -0.0000
vn -0.8623 -0.5065 -0.0000
vn -0.9443 -0.3290 -0.0000
vn 0.8032 -0.5957 -0.0000
vn 0.8985 -0.4389 -0.0000
vn 0.9491 0.3150 -0.0000
vn 0.4578 0.8890 -0.0000
vn 0.2877 0.9577 -0.0000
vn 0.9239 -0.3827 -0.0000
vn 0.3827 -0.9239 -0.0000
vn 0.3827 0.9239 -0.0000
vn 0.9239 0.3827 -0.0000
vn 0.9809 0.1947 -0.0000
vn 0.9242 0.3819 -0.0000
vn 0.3874 0.9219 -0.0000
vn 0.9808 -0.1951 -0.0000
vn 0.9824 -0.1869 -0.0000
vn 0.7462 -0.6657 -0.0000
vn 0.1490 -0.9888 -0.0000
vn -0.3705 -0.9288 -0.0000
vn 0.9826 0.1855 -0.0000
vn 0.7519 0.6592 -0.0000
vn 0.1629 0.9866 -0.0000
vn -0.3612 0.9325 -0.0000
vn 0.2705 -0.9627 -0.0000
vn 0.4344 -0.9007 -0.0000
vn 0.9594 -0.2819 -0.0000
vn 0.8526 0.5226 -0.0000
vn 0.7483 0.6634 -0.0000
vn 0.5816 0.8135 -0.0000
vn 0.5407 0.8412 -0.0000
vn 0.9628 -0.2701 -0.0000
vn 0.9010 -0.4338 -0.0000
vn 0.2811 -0.9597 -0.0000
vn -0.5246 -0.8513 -0.0000
vn -0.6650 -0.7468 -0.0000
vn 0.9987 0.0507 -0.0000
vn 0.9611 0.2761 -0.0000
vn 0.8970 0.4421 -0.0000
vn 0.2919 0.9564 -0.0000
vn -0.4972 0.8676 -0.0000
vn -0.6432 0.7657 -0.0000
vn 0.0722 0.9974 -0.0000
vn 0.3328 0.9430 -0.0000
vn 0.5091 0.8607 -0.0000
vn 0.8786 0.4776 -0.0000
vn 0.9992 -0.0407 -0.0000
vn 0.9724 -0.2334 -0.0000
vn 0.9224 0.3862 -0.0000
vn 0.9900 -0.1413 -0.0000
vn 0.6615 -0.7500 -0.0000
vn 0.1835 -0.9830 -0.0000
vn 0.0921 -0.9957 -0.0000
vn -0.8828 0.4697 -0.0000
vn -0.8357 0.5492 -0.0000
vn -0.0980 -0.9952 -0.0000
vn -0.0492 -0.9988 -0.0000
vn -0.9952 0.0980 -0.0000
vn -0.8762 -0.4819 -0.0000
vn -0.8391 -0.5440 -0.0000
vn -0.1951 -0.9808 -0.0000
vn -0.9988 -0.0491 -0.0000
vn -0.6403 -0.7681 -0.0000
vn -0.5407 -0.8412 -0.0000
vn -0.9976 0.0696 -0.0000
vn 0.9976 -0.0696 -0.0000
vn 0.8145 -0.5802 -0.0000
vn 0.8420 -0.5395 -0.0000
vn 0.0659 -0.9978 -0.0000
vn -0.0540 0.9985 -0.0000
vn 0.8002 0.5998 -0.0000
vn 0.8296 0.5584 -0.0000
vn -0.2005 0.9797 -0.0000
vn -0.9952 -0.0980 -0.0000
vn 0.5342 -0.8454 -0.0000
vn 0.4542 -0.8909 -0.0000
vn 0.5279 0.8493 -0.0000
vn 0.4465 0.8948 -0.0000
vn -0.9956 -0.0939 -0.0000
vn -0.9957 0.0931 -0.0000
vn -0.0980 0.9952 -0.0000
vn 0.3009 0.9536 -0.0000
vn 0.3010 0.9536 -0.0000
vn 0.1096 0.9940 -0.0000
vn -0.4484 0.8938 -0.0000
vn -0.8623 0.5065 -0.0000
vn -0.9443 0.3290 -0.0000
vn 0.6329 0.7742 -0.0000
vn 0.7651 0.6439 -0.0000
vn 0.8483 0.5295 -0.0000
vn 0.9979 -0.0652 -0.0000
vn 0.5761 -0.8174 -0.0000
vn 0.3644 -0.9313 -0.0000
vn -0.3009 -0.9536 -0.0000
vn -0.3010 -0.9536 -0.0000
vn -0.1096 -0.9940 -0.0000
vn 0.4484 -0.8938 -0.0000
vn 0.8623 -0.5065 -0.0000
vn 0.9443 -0.3290 -0.0000
vn -0.8032 -0.5957 -0.0000
vn -0.8985 -0.4389 -0.0000
vn -0.9491 0.3150 -0.0000
vn -0.4578 0.8890 -0.0000
vn -0.2877 0.9577 -0.0000
vn -0.9239 -0.3827 -0.0000
vn -0.3827 -0.9239 -0.0000
vn -0.3827 0.9239 -0.0000
vn -0.9239 0.3827 -0.0000
vn -0.9809 0.1947 -0.0000
vn -0.9242 0.3819 -0.0000
vn -0.3874 0.9219 -0.0000
vn -0.9808 -0.1951 -0.0000
vn -0.9824 -0.1869 -0.0000
vn -0.7462 -0.6657 -0.0000
vn -0.1490 -0.9888 -0.0000
vn 0.3705 -0.9288 -0.0000
vn -0.9826 0.1855 -0.0000
vn -0.7519 0.6592 -0.0000
vn -0.1629 0.9866 -0.0000
vn 0.3612 0.9325 -0.0000
vn -0.2705 -0.9627 -0.0000
vn -0.4344 -0.9007 -0.0000
vn -0.9594 -0.2819 -0.0000
vn -0.8526 0.5226 -0.0000
vn -0.7483 0.6634 -0.0000
vn -0.5816 0.8135 -0.0000
vn -0.9628 -0.2701 -0.0000
vn -0.9010 -0.4338 -0.0000
vn -0.2811 -0.9597 -0.0000
vn 0.5246 -0.8513 -0.0000
vn 0.6650 -0.7468 -0.0000
vn -0.9987 0.0507 -0.0000
vn -0.9611 0.2761 -0.0000
vn -0.8970 0.4421 -0.0000
vn -0.2919 0.9564 -0.0000
vn 0.4972 0.8676 -0.0000
vn 0.6432 0.7657 -0.0000
vn -0.0722 0.9974 -0.0000
vn -0.3328 0.9430 -0.0000
vn -0.5091 0.8607 -0.0000
vn -0.8786 0.4776 -0.0000
vn -0.9992 -0.0407 -0.0000
vn -0.9724 -0.2334 -0.0000
vn -0.9224 0.3862 -0.0000
vn -0.9900 -0.1413 -0.0000
vn -0.6615 -0.7500 -0.0000
vn -0.1835 -0.9830 -0.0000
vn -0.0921 -0.9957 -0.0000
vn -0.9974 0.0664 0.0275
vn 0.9974 -0.0664 0.0275
vt 0.582070 0.497587
vt 0.586937 0.485491
vt 0.587308 0.497563
vt 0.721746 0.876370
vt 0.693795 0.862597
vt 0.722122 0.863431
vt 0.991278 0.509991
vt 0.962931 0.496633
vt 0.991260 0.495903
vt 0.991278 0.597605
vt 0.962947 0.508841
vt 0.697245 0.028215
vt 0.675217 0.059379
vt 0.675478 0.039831
vt 0.962878 0.483505
vt 0.991206 0.482775
vt 0.962794 0.472232
vt 0.991122 0.471502
vt 0.636958 0.066908
vt 0.644784 0.076029
vt 0.635022 0.075898
vt 0.605127 0.830529
vt 0.637437 0.858668
vt 0.605032 0.839635
vt 0.722357 0.849413
vt 0.694107 0.834437
vt 0.722435 0.835271
vt 0.914286 0.500388
vt 0.874895 0.537562
vt 0.874840 0.524213
vt 0.682578 0.708435
vt 0.694070 0.709952
vt 0.641476 0.058928
vt 0.645091 0.067016
vt 0.655939 0.049531
vt 0.645365 0.058980
vt 0.645484 0.055486
vt 0.655811 0.059120
vt 0.874779 0.505331
vt 0.746411 0.060329
vt 0.746827 0.029104
vt 0.694030 0.848579
vt 0.700784 0.017248
vt 0.703398 0.011113
vt 0.703703 0.013537
vt 0.888082 0.597605
vt 0.895511 0.548124
vt 0.895508 0.597605
vt 0.746927 0.021658
vt 0.715069 0.013609
vt 0.747017 0.014880
vt 0.876001 0.597605
vt 0.881366 0.564986
vt 0.881360 0.597605
vt 0.888085 0.558927
vt 0.744165 0.228518
vt 0.687058 0.217065
vt 0.744308 0.217830
vt 0.874728 0.494877
vt 0.916128 0.486524
vt 0.634317 0.056208
vt 0.624814 0.021115
vt 0.643834 0.048249
vt 0.653974 0.196722
vt 0.643174 0.196578
vt 0.605194 0.820928
vt 0.630360 0.697636
vt 0.630608 0.831169
vt 0.655584 0.076173
vt 0.673380 0.196981
vt 0.746183 0.077383
vt 0.689053 0.067602
vt 0.746303 0.068367
vt 0.674990 0.076432
vt 0.687323 0.197167
vt 0.689160 0.059565
vt 0.655704 0.067157
vt 0.675110 0.067417
vt 0.688933 0.076618
vt 0.710107 0.019636
vt 0.630470 0.196408
vt 0.632159 0.075590
vt 0.627690 0.196371
vt 0.629389 0.074816
vt 0.625738 0.196345
vt 0.627456 0.073784
vt 0.632709 0.844891
vt 0.633111 0.831941
vt 0.635257 0.845907
vt 0.636210 0.832544
vt 0.638388 0.846687
vt 0.639073 0.832816
vt 0.641264 0.847024
vt 0.634096 0.066548
vt 0.631373 0.065631
vt 0.629518 0.064403
vt 0.909766 0.510647
vt 0.917056 0.499066
vt 0.912781 0.508787
vt 0.920298 0.498067
vt 0.916138 0.507472
vt 0.923145 0.497659
vt 0.918936 0.507054
vt 0.645321 0.052812
vt 0.655751 0.046915
vt 0.644717 0.050163
vt 0.655176 0.044293
vt 0.654368 0.042369
vt 0.643316 0.860805
vt 0.640102 0.859880
vt 0.638631 0.058539
vt 0.636010 0.057543
vt 0.675218 0.037316
vt 0.674448 0.034837
vt 0.673376 0.033060
vt 0.916059 0.474432
vt 0.918859 0.485547
vt 0.919297 0.473620
vt 0.922092 0.484800
vt 0.922191 0.473279
vt 0.924962 0.484483
vt 0.913344 0.475497
vt 0.909024 0.466059
vt 0.646655 0.873021
vt 0.649915 0.873949
vt 0.646218 0.861195
vt 0.652817 0.874339
vt 0.638765 0.667284
vt 0.635922 0.677763
vt 0.635902 0.667352
vt 0.632825 0.677968
vt 0.632806 0.667557
vt 0.630324 0.678254
vt 0.630304 0.667843
vt 0.693043 0.027871
vt 0.689227 0.027069
vt 0.686820 0.026025
vt 0.706883 0.013473
vt 0.702914 0.018303
vt 0.711044 0.013500
vt 0.706326 0.019177
vt 0.878271 0.554277
vt 0.881175 0.556956
vt 0.877141 0.557456
vt 0.881315 0.560999
vt 0.876314 0.561617
vt 0.876010 0.565643
vt 0.880983 0.553939
vt 0.887055 0.551526
vt 0.887809 0.555063
vt 0.886024 0.549265
vt 0.896977 0.536667
vt 0.895904 0.543071
vt 0.898443 0.530630
vt 0.633334 0.196446
vt 0.876358 0.551408
vt 0.582292 0.511006
vt 0.587530 0.510982
vt 0.721623 0.466059
vt 0.693679 0.475698
vt 0.693296 0.466676
vt 0.522395 0.705079
vt 0.493717 0.717530
vt 0.494039 0.705676
vt 0.524197 0.618363
vt 0.495875 0.617857
vt 0.691914 0.427497
vt 0.670726 0.395755
vt 0.684669 0.395941
vt 0.522024 0.718759
vt 0.493208 0.729750
vt 0.521515 0.730979
vt 0.492596 0.739678
vt 0.632682 0.387208
vt 0.640748 0.378299
vt 0.640815 0.387317
vt 0.625177 0.389513
vt 0.611197 0.421056
vt 0.606355 0.408061
vt 0.722249 0.486635
vt 0.694007 0.500555
vt 0.693922 0.487253
vt 0.644019 0.447216
vt 0.681435 0.429408
vt 0.654262 0.448507
vt 0.717139 0.623568
vt 0.694044 0.623480
vt 0.636985 0.395305
vt 0.640874 0.395357
vt 0.651192 0.405085
vt 0.651320 0.395496
vt 0.670465 0.415303
vt 0.649430 0.412202
vt 0.630232 0.441425
vt 0.741920 0.396706
vt 0.722006 0.475080
vt 0.695159 0.438553
vt 0.697608 0.444757
vt 0.692904 0.447022
vt 0.420985 0.616353
vt 0.427424 0.665581
vt 0.420189 0.654619
vt 0.741403 0.435377
vt 0.709342 0.442573
vt 0.704543 0.436416
vt 0.408608 0.614900
vt 0.413493 0.648076
vt 0.407989 0.646654
vt 0.414148 0.615749
vt 0.686751 0.240042
vt 0.686915 0.227753
vt 0.639058 0.406043
vt 0.619320 0.432660
vt 0.629756 0.397833
vt 0.653136 0.259495
vt 0.651548 0.378443
vt 0.605105 0.522574
vt 0.630344 0.636491
vt 0.605151 0.640381
vt 0.672542 0.259754
vt 0.670954 0.378702
vt 0.742147 0.379653
vt 0.684777 0.387905
vt 0.684897 0.378888
vt 0.686485 0.259940
vt 0.651428 0.387459
vt 0.742027 0.388668
vt 0.630510 0.504515
vt 0.605032 0.513850
vt 0.632603 0.491596
vt 0.895094 0.316246
vt 0.900311 0.302340
vt 0.900333 0.316216
vt 0.670834 0.387717
vt 0.640900 0.398854
vt 0.741503 0.427931
vt 0.630987 0.378169
vt 0.629633 0.259181
vt 0.632497 0.259219
vt 0.628116 0.378400
vt 0.626853 0.259144
vt 0.625327 0.379100
vt 0.624901 0.259118
vt 0.633013 0.503172
vt 0.635150 0.490037
vt 0.636110 0.502162
vt 0.638281 0.488869
vt 0.638974 0.501754
vt 0.629812 0.387491
vt 0.627065 0.388335
vt 0.623367 0.380081
vt 0.440804 0.702510
vt 0.447856 0.714112
vt 0.445069 0.712564
vt 0.443825 0.704590
vt 0.451111 0.715298
vt 0.447187 0.706088
vt 0.453961 0.715804
vt 0.640666 0.401522
vt 0.650934 0.407696
vt 0.639991 0.404154
vt 0.650289 0.410301
vt 0.641157 0.488403
vt 0.643201 0.477235
vt 0.646103 0.476735
vt 0.639987 0.478498
vt 0.605032 0.409365
vt 0.610016 0.422530
vt 0.634130 0.395618
vt 0.631485 0.396544
vt 0.670138 0.417811
vt 0.669303 0.420268
vt 0.446431 0.725515
vt 0.445869 0.736467
vt 0.443129 0.735166
vt 0.449191 0.726737
vt 0.449125 0.737474
vt 0.452445 0.727685
vt 0.452024 0.737917
vt 0.455321 0.728106
vt 0.438277 0.743026
vt 0.435623 0.741628
vt 0.441483 0.744104
vt 0.649793 0.468050
vt 0.635917 0.655382
vt 0.638780 0.655314
vt 0.632821 0.655587
vt 0.630319 0.655873
vt 0.687705 0.427728
vt 0.683869 0.428427
vt 0.668183 0.422016
vt 0.701156 0.442490
vt 0.697978 0.442342
vt 0.697317 0.437556
vt 0.705315 0.442575
vt 0.700751 0.436774
vt 0.410011 0.657924
vt 0.413094 0.655843
vt 0.412796 0.658640
vt 0.408951 0.654777
vt 0.413349 0.651976
vt 0.408211 0.650651
vt 0.418949 0.661687
vt 0.417814 0.663668
vt 0.419818 0.658374
vt 0.428605 0.676744
vt 0.429899 0.682549
vt 0.427699 0.670533
vt 0.449988 0.706604
vt 0.642336 0.259351
vt 0.674246 0.448614
vt 0.581699 0.485516
vt 0.586441 0.475590
vt 0.011898 0.516288
vt 0.008722 0.530023
vt 0.010577 0.515934
vt 0.017200 0.503490
vt 0.016015 0.502806
vt 0.025633 0.492500
vt 0.024666 0.491533
vt 0.036623 0.484067
vt 0.035939 0.482883
vt 0.049421 0.478766
vt 0.049067 0.477445
vt 0.063244 0.476946
vt 0.063156 0.475590
vt 0.191711 0.476946
vt 0.191711 0.475590
vt 0.010078 0.530111
vt 0.008722 0.617637
vt 0.582176 0.611593
vt 0.587587 0.524923
vt 0.587414 0.611569
vt 0.548944 0.499378
vt 0.543683 0.513201
vt 0.543700 0.499378
vt 0.389188 0.530111
vt 0.388689 0.515934
vt 0.390544 0.530023
vt 0.387368 0.516288
vt 0.383251 0.502806
vt 0.382067 0.503490
vt 0.374601 0.491533
vt 0.373634 0.492500
vt 0.363327 0.482883
vt 0.362644 0.484067
vt 0.350199 0.477445
vt 0.349845 0.478766
vt 0.336111 0.475590
vt 0.336022 0.476946
vt 0.209156 0.475590
vt 0.389188 0.617637
vt 0.390544 0.617637
vt 0.548926 0.513201
vt 0.543683 0.600727
vt 0.548996 0.486580
vt 0.543752 0.486580
vt 0.894578 0.439810
vt 0.899817 0.439780
vt 0.008722 0.926632
vt 0.014171 0.915303
vt 0.013961 0.926569
vt 0.008932 0.915367
vt 0.014223 0.902252
vt 0.549078 0.475590
vt 0.543834 0.475590
vt 0.008985 0.902315
vt 0.013961 0.777128
vt 0.894896 0.288704
vt 0.899817 0.276059
vt 0.900135 0.288674
vt 0.582349 0.524947
vt 0.895072 0.302371
vt 0.075656 0.797028
vt 0.054616 0.807717
vt 0.054652 0.797028
vt 0.193072 0.808135
vt 0.192357 0.831194
vt 0.172776 0.830947
vt 0.930253 0.919231
vt 0.940916 0.939960
vt 0.930253 0.940236
vt 0.075656 0.820007
vt 0.054767 0.830713
vt 0.054652 0.820007
vt 0.172420 0.796481
vt 0.192914 0.786239
vt 0.193212 0.796730
vt 0.075620 0.807717
vt 0.369244 0.812246
vt 0.367887 0.817443
vt 0.368022 0.812201
vt 0.075771 0.830713
vt 0.054948 0.839907
vt 0.075771 0.786322
vt 0.054767 0.786322
vt 0.369242 0.777670
vt 0.348245 0.788606
vt 0.348245 0.777128
vt 0.172122 0.785990
vt 0.192197 0.777377
vt 0.172280 0.807886
vt 0.921129 0.919468
vt 0.921129 0.940473
vt 0.480609 0.761666
vt 0.475377 0.848116
vt 0.475377 0.761644
vt 0.075953 0.777128
vt 0.054948 0.777128
vt 0.452282 0.848021
vt 0.452282 0.761549
vt 0.440791 0.846501
vt 0.440791 0.762975
vt 0.430083 0.767250
vt 0.420888 0.835228
vt 0.430083 0.842137
vt 0.420888 0.774083
vt 0.413832 0.826244
vt 0.413832 0.783008
vt 0.409396 0.815798
vt 0.409396 0.793418
vt 0.407989 0.805382
vt 0.348247 0.811704
vt 0.171406 0.836169
vt 0.172748 0.836185
vt 0.348245 0.816937
vt 0.192198 0.836418
vt 0.717165 0.710041
vt 0.682304 0.862258
vt 0.682539 0.848240
vt 0.682616 0.834098
vt 0.951439 0.496930
vt 0.951386 0.483802
vt 0.681927 0.875197
vt 0.951302 0.472528
vt 0.951454 0.508374
vt 0.951457 0.597605
vt 0.682430 0.487503
vt 0.682188 0.475948
vt 0.682516 0.500805
vt 0.481725 0.729252
vt 0.482234 0.717031
vt 0.681804 0.466927
vt 0.481113 0.739180
vt 0.682553 0.624909
vt 0.482535 0.705918
vt 0.484386 0.617652
vt 0.671846 0.629188
vt 0.671808 0.501039
vt 0.471533 0.716567
vt 0.471816 0.706144
vt 0.473680 0.617461
vt 0.671722 0.487737
vt 0.671480 0.476181
vt 0.471025 0.728787
vt 0.671096 0.467160
vt 0.549078 0.743308
vt 0.470413 0.738715
vt 0.940678 0.484078
vt 0.940593 0.472804
vt 0.671595 0.861943
vt 0.671830 0.847925
vt 0.940745 0.507940
vt 0.940731 0.497206
vt 0.671908 0.833783
vt 0.940749 0.597605
vt 0.671869 0.704075
vt 0.671219 0.874881
vt 0.931548 0.507566
vt 0.931535 0.497443
vt 0.662023 0.874610
vt 0.662400 0.861672
vt 0.662635 0.847654
vt 0.662712 0.833512
vt 0.931553 0.597605
vt 0.931482 0.484315
vt 0.931398 0.473041
vt 0.662672 0.697169
vt 0.462612 0.706338
vt 0.464486 0.617296
vt 0.662527 0.487937
vt 0.662284 0.476382
vt 0.461224 0.738316
vt 0.461836 0.728388
vt 0.662613 0.501239
vt 0.662653 0.636023
vt 0.462345 0.716168
vt 0.661901 0.467360
vt 0.638820 0.697077
vt 0.638804 0.635932
vt 0.652695 0.467561
vt 0.605154 0.649334
vt 0.605158 0.659760
vt 0.638793 0.644886
vt 0.635942 0.636000
vt 0.632613 0.250026
vt 0.629886 0.239283
vt 0.632749 0.239321
vt 0.635931 0.644955
vt 0.632845 0.636205
vt 0.651168 0.655362
vt 0.629750 0.249988
vt 0.627106 0.239246
vt 0.632834 0.645159
vt 0.626970 0.249951
vt 0.625153 0.239220
vt 0.649764 0.667326
vt 0.605163 0.671728
vt 0.627262 0.226957
vt 0.630042 0.226994
vt 0.630332 0.645446
vt 0.632905 0.227032
vt 0.625309 0.226931
vt 0.638803 0.688123
vt 0.635941 0.688191
vt 0.651174 0.677742
vt 0.630192 0.216306
vt 0.632844 0.688396
vt 0.627411 0.216269
vt 0.630343 0.688682
vt 0.625459 0.216243
vt 0.632861 0.697350
vt 0.605165 0.682141
vt 0.655613 0.688187
vt 0.638784 0.677695
vt 0.630341 0.205601
vt 0.633055 0.216344
vt 0.627561 0.205564
vt 0.635958 0.697145
vt 0.625609 0.205538
vt 0.605167 0.692570
vt 0.633205 0.205639
vt 0.655600 0.644951
vt 0.625017 0.249925
vt 0.653851 0.205915
vt 0.643052 0.205771
vt 0.744574 0.197931
vt 0.673257 0.206174
vt 0.687200 0.206360
vt 0.673114 0.216879
vt 0.653708 0.216620
vt 0.744451 0.207124
vt 0.642909 0.216476
vt 0.642766 0.227164
vt 0.672972 0.227567
vt 0.653566 0.227308
vt 0.743858 0.251512
vt 0.686608 0.250747
vt 0.672808 0.239856
vt 0.642602 0.239452
vt 0.653402 0.239597
vt 0.743735 0.260705
vt 0.672665 0.250561
vt 0.642459 0.250158
vt 0.653259 0.250302
vt 0.581618 0.723587
vt 0.586441 0.733251
vt 0.581203 0.733275
vt 0.740569 0.867348
vt 0.768520 0.853575
vt 0.768896 0.866514
vt 0.991278 0.685220
vt 0.962931 0.698577
vt 0.962947 0.686370
vt 0.962949 0.597605
vt 0.796416 0.029539
vt 0.817604 0.061280
vt 0.803661 0.061094
vt 0.991260 0.699308
vt 0.962878 0.711706
vt 0.991206 0.712436
vt 0.962794 0.722979
vt 0.855648 0.069828
vt 0.847582 0.078736
vt 0.847516 0.069719
vt 0.857188 0.821508
vt 0.824878 0.849646
vt 0.829605 0.835870
vt 0.739957 0.840392
vt 0.768207 0.825415
vt 0.768285 0.839557
vt 0.914286 0.694823
vt 0.874895 0.657648
vt 0.909766 0.684564
vt 0.779736 0.699414
vt 0.779699 0.825077
vt 0.851345 0.061730
vt 0.847456 0.061678
vt 0.837138 0.051950
vt 0.837010 0.061539
vt 0.817865 0.041732
vt 0.874779 0.689880
vt 0.916128 0.708687
vt 0.740192 0.854410
vt 0.793171 0.018482
vt 0.790722 0.012278
vt 0.795427 0.010013
vt 0.895511 0.647087
vt 0.888085 0.636284
vt 0.778988 0.014462
vt 0.783787 0.020619
vt 0.881366 0.630225
vt 0.876010 0.629568
vt 0.801558 0.218594
vt 0.801415 0.229282
vt 0.874728 0.700334
vt 0.913344 0.719714
vt 0.858574 0.059202
vt 0.869010 0.024375
vt 0.877133 0.035979
vt 0.835173 0.199141
vt 0.836782 0.078592
vt 0.857120 0.811907
vt 0.831955 0.688615
vt 0.857145 0.692504
vt 0.815767 0.198882
vt 0.817376 0.078333
vt 0.803554 0.069130
vt 0.803433 0.078147
vt 0.801824 0.198696
vt 0.836903 0.069577
vt 0.831706 0.822148
vt 0.817497 0.069318
vt 0.847430 0.058182
vt 0.857343 0.078867
vt 0.858677 0.199455
vt 0.855813 0.199416
vt 0.860215 0.078635
vt 0.861457 0.199492
vt 0.863004 0.077935
vt 0.863409 0.199518
vt 0.829203 0.822920
vt 0.827057 0.836885
vt 0.826105 0.823523
vt 0.823926 0.837666
vt 0.823242 0.823794
vt 0.858519 0.069544
vt 0.861266 0.068700
vt 0.864963 0.076955
vt 0.917056 0.696145
vt 0.912781 0.686424
vt 0.920298 0.697143
vt 0.916138 0.687739
vt 0.923145 0.697552
vt 0.847665 0.055513
vt 0.837396 0.049340
vt 0.848339 0.052881
vt 0.838041 0.046735
vt 0.849273 0.050992
vt 0.821050 0.838003
vt 0.818999 0.851784
vt 0.816097 0.852173
vt 0.822213 0.850859
vt 0.854200 0.061417
vt 0.856846 0.060491
vt 0.863153 0.067522
vt 0.818192 0.039225
vt 0.819028 0.036768
vt 0.838900 0.044833
vt 0.916059 0.720779
vt 0.918859 0.709664
vt 0.919297 0.721591
vt 0.922092 0.710411
vt 0.922191 0.721932
vt 0.924962 0.710728
vt 0.909024 0.729152
vt 0.906393 0.727991
vt 0.815660 0.863999
vt 0.812399 0.864928
vt 0.823550 0.658262
vt 0.826393 0.668742
vt 0.823531 0.668673
vt 0.826412 0.658331
vt 0.829490 0.668946
vt 0.829509 0.658536
vt 0.831991 0.669233
vt 0.800626 0.029307
vt 0.804461 0.028608
vt 0.820147 0.035019
vt 0.787174 0.014545
vt 0.790352 0.014694
vt 0.791014 0.019479
vt 0.783015 0.014461
vt 0.787579 0.020261
vt 0.878271 0.640934
vt 0.881175 0.638255
vt 0.880983 0.641272
vt 0.877141 0.637754
vt 0.881315 0.634212
vt 0.876314 0.633594
vt 0.887055 0.643685
vt 0.886024 0.645946
vt 0.887809 0.640148
vt 0.896977 0.658543
vt 0.898443 0.664581
vt 0.895904 0.652140
vt 0.918936 0.688157
vt 0.806895 0.027628
vt 0.845973 0.199285
vt 0.876358 0.643803
vt 0.581890 0.711666
vt 0.586856 0.723563
vt 0.526089 0.491286
vt 0.497435 0.481339
vt 0.525772 0.481122
vt 0.525999 0.531648
vt 0.497870 0.517657
vt 0.526207 0.517440
vt 0.497689 0.529968
vt 0.791086 0.428821
vt 0.813113 0.397656
vt 0.812852 0.417204
vt 0.497901 0.503891
vt 0.526238 0.503674
vt 0.497753 0.491503
vt 0.851372 0.390127
vt 0.843547 0.381006
vt 0.853308 0.381137
vt 0.858813 0.392632
vt 0.871946 0.424537
vt 0.854013 0.400827
vt 0.740066 0.477614
vt 0.768307 0.491533
vt 0.739980 0.490916
vt 0.449067 0.520123
vt 0.408330 0.553760
vt 0.408303 0.539522
vt 0.768271 0.614459
vt 0.745175 0.614547
vt 0.846854 0.398107
vt 0.843239 0.390019
vt 0.832391 0.407504
vt 0.842965 0.398055
vt 0.842846 0.401550
vt 0.832519 0.397915
vt 0.408303 0.519475
vt 0.740309 0.466059
vt 0.768393 0.478231
vt 0.409813 0.568757
vt 0.414592 0.572204
vt 0.411793 0.572156
vt 0.429459 0.567632
vt 0.428449 0.616653
vt 0.773261 0.443426
vt 0.741313 0.442156
vt 0.414834 0.583506
vt 0.421780 0.578056
vt 0.801251 0.241571
vt 0.744001 0.240806
vt 0.408261 0.508273
vt 0.451000 0.505631
vt 0.407989 0.497808
vt 0.448151 0.493454
vt 0.834335 0.261914
vt 0.845135 0.262058
vt 0.857210 0.513553
vt 0.831971 0.627470
vt 0.831804 0.495494
vt 0.832747 0.380862
vt 0.814929 0.261655
vt 0.799277 0.389434
vt 0.813341 0.380603
vt 0.800986 0.261469
vt 0.799170 0.397470
vt 0.857283 0.504829
vt 0.879966 0.786785
vt 0.874749 0.772879
vt 0.879988 0.772909
vt 0.832626 0.389878
vt 0.813220 0.389618
vt 0.799398 0.380417
vt 0.778223 0.437400
vt 0.857838 0.262228
vt 0.856172 0.381445
vt 0.860618 0.262265
vt 0.858941 0.382219
vt 0.862570 0.262291
vt 0.860874 0.383251
vt 0.829711 0.482574
vt 0.829302 0.494151
vt 0.827164 0.481016
vt 0.826204 0.493140
vt 0.824033 0.479847
vt 0.823341 0.492733
vt 0.821158 0.479382
vt 0.854234 0.390488
vt 0.856957 0.391405
vt 0.444381 0.530377
vt 0.451909 0.519055
vt 0.447478 0.528775
vt 0.455205 0.518264
vt 0.450894 0.527670
vt 0.458072 0.517962
vt 0.453713 0.527359
vt 0.843009 0.404224
vt 0.832580 0.410121
vt 0.843613 0.406872
vt 0.833155 0.412742
vt 0.844496 0.408786
vt 0.833963 0.414666
vt 0.819114 0.468213
vt 0.822327 0.469476
vt 0.438152 0.475590
vt 0.440985 0.483531
vt 0.435577 0.476659
vt 0.849700 0.398496
vt 0.852320 0.399492
vt 0.813112 0.419719
vt 0.813882 0.422198
vt 0.814955 0.423975
vt 0.450935 0.492647
vt 0.453800 0.504919
vt 0.454225 0.492047
vt 0.457084 0.504388
vt 0.457138 0.491814
vt 0.459973 0.504181
vt 0.443688 0.482630
vt 0.446929 0.481961
vt 0.449842 0.481703
vt 0.826397 0.646361
vt 0.829494 0.646566
vt 0.831995 0.646852
vt 0.832010 0.658822
vt 0.795288 0.429164
vt 0.799103 0.429966
vt 0.801510 0.431011
vt 0.787546 0.439787
vt 0.781447 0.443562
vt 0.785416 0.438732
vt 0.777286 0.443535
vt 0.782004 0.437859
vt 0.414766 0.575377
vt 0.410603 0.575302
vt 0.414855 0.579514
vt 0.409692 0.579412
vt 0.409304 0.583385
vt 0.420844 0.570473
vt 0.421568 0.574162
vt 0.419803 0.567980
vt 0.431111 0.556118
vt 0.429942 0.562582
vt 0.432653 0.549973
vt 0.854974 0.262190
vt 0.923558 0.434370
vt 0.917986 0.425499
vt 0.923225 0.425574
vt 0.011898 0.718985
vt 0.008722 0.705251
vt 0.010078 0.705162
vt 0.017200 0.731783
vt 0.010577 0.719339
vt 0.025633 0.742773
vt 0.016015 0.732467
vt 0.036623 0.751206
vt 0.024666 0.743740
vt 0.049421 0.756508
vt 0.035939 0.752391
vt 0.063244 0.758327
vt 0.049067 0.757828
vt 0.191711 0.758327
vt 0.063156 0.759683
vt 0.010078 0.617637
vt 0.587241 0.698215
vt 0.582002 0.698239
vt 0.548944 0.702075
vt 0.543683 0.688252
vt 0.548926 0.688252
vt 0.389188 0.705162
vt 0.388689 0.719339
vt 0.387368 0.718985
vt 0.383251 0.732467
vt 0.382067 0.731783
vt 0.374601 0.743740
vt 0.373634 0.742773
vt 0.363327 0.752391
vt 0.362644 0.751206
vt 0.350199 0.757829
vt 0.349845 0.756508
vt 0.336111 0.759683
vt 0.336022 0.758327
vt 0.209156 0.759683
vt 0.209156 0.758327
vt 0.390544 0.705251
vt 0.548926 0.600727
vt 0.548996 0.714873
vt 0.543700 0.702075
vt 0.880483 0.910349
vt 0.874727 0.786755
vt 0.917802 0.414233
vt 0.923040 0.414308
vt 0.917778 0.401181
vt 0.923017 0.401256
vt 0.549078 0.725863
vt 0.543752 0.714873
vt 0.918319 0.276059
vt 0.923558 0.276134
vt 0.880165 0.759243
vt 0.875244 0.746597
vt 0.880483 0.746628
vt 0.587128 0.711642
vt 0.874926 0.759212
vt 0.093694 0.797028
vt 0.114735 0.807717
vt 0.093730 0.807717
vt 0.151889 0.832289
vt 0.133067 0.807992
vt 0.153818 0.809312
vt 0.219781 0.927747
vt 0.230444 0.907019
vt 0.230444 0.928023
vt 0.093694 0.820007
vt 0.114584 0.830713
vt 0.093580 0.830713
vt 0.153961 0.797893
vt 0.132907 0.786045
vt 0.153658 0.787365
vt 0.114698 0.820007
vt 0.348245 0.870041
vt 0.349602 0.875238
vt 0.348247 0.875273
vt 0.114402 0.839907
vt 0.093398 0.839907
vt 0.093580 0.786322
vt 0.114698 0.797028
vt 0.348247 0.835465
vt 0.369244 0.846401
vt 0.348246 0.846943
vt 0.132179 0.777128
vt 0.152931 0.778448
vt 0.133209 0.796572
vt 0.210657 0.927510
vt 0.219781 0.906743
vt 0.498054 0.761666
vt 0.503286 0.848116
vt 0.498054 0.848138
vt 0.093398 0.777128
vt 0.114584 0.786322
vt 0.503286 0.761644
vt 0.526382 0.848021
vt 0.526382 0.761549
vt 0.537873 0.846501
vt 0.537873 0.762975
vt 0.548581 0.767250
vt 0.557776 0.835228
vt 0.557776 0.774083
vt 0.564832 0.826244
vt 0.564832 0.783008
vt 0.569267 0.815798
vt 0.570675 0.805382
vt 0.569267 0.793418
vt 0.369242 0.869499
vt 0.349467 0.869996
vt 0.152931 0.837604
vt 0.153097 0.832379
vt 0.369244 0.874732
vt 0.151591 0.837519
vt 0.132345 0.831059
vt 0.745149 0.701019
vt 0.768245 0.700931
vt 0.780011 0.853236
vt 0.779776 0.839219
vt 0.951439 0.698281
vt 0.780388 0.866175
vt 0.951386 0.711409
vt 0.951454 0.686836
vt 0.768636 0.466676
vt 0.779884 0.478482
vt 0.779799 0.491784
vt 0.486406 0.503979
vt 0.485940 0.481427
vt 0.486257 0.491591
vt 0.779761 0.615888
vt 0.486375 0.517745
vt 0.486206 0.529287
vt 0.790468 0.620166
vt 0.475663 0.517827
vt 0.475504 0.528652
vt 0.780127 0.466927
vt 0.790592 0.478715
vt 0.790507 0.492017
vt 0.475694 0.504061
vt 0.475228 0.481509
vt 0.854321 0.884793
vt 0.475546 0.491673
vt 0.951302 0.722683
vt 0.940678 0.711133
vt 0.790719 0.852921
vt 0.940745 0.687271
vt 0.790484 0.838903
vt 0.940731 0.698005
vt 0.790407 0.824761
vt 0.791096 0.865860
vt 0.931548 0.687645
vt 0.800291 0.865589
vt 0.799680 0.838632
vt 0.940593 0.722407
vt 0.931482 0.710896
vt 0.931535 0.697768
vt 0.799914 0.852650
vt 0.790446 0.695053
vt 0.799602 0.824491
vt 0.466315 0.528107
vt 0.790835 0.467160
vt 0.799787 0.478916
vt 0.466347 0.491744
vt 0.799702 0.492218
vt 0.799661 0.627002
vt 0.466496 0.504131
vt 0.466465 0.517897
vt 0.466030 0.481579
vt 0.931398 0.722169
vt 0.809497 0.865318
vt 0.799643 0.688147
vt 0.823510 0.626911
vt 0.800030 0.467360
vt 0.857160 0.640312
vt 0.831982 0.636424
vt 0.823522 0.635865
vt 0.826373 0.626979
vt 0.826384 0.635933
vt 0.855103 0.252997
vt 0.858116 0.242330
vt 0.857966 0.253035
vt 0.829469 0.627183
vt 0.829481 0.636138
vt 0.811147 0.646340
vt 0.806715 0.635929
vt 0.860896 0.242367
vt 0.860747 0.253072
vt 0.862849 0.242393
vt 0.862699 0.253098
vt 0.823535 0.646293
vt 0.812551 0.658305
vt 0.857156 0.650739
vt 0.861068 0.230078
vt 0.855253 0.242291
vt 0.858288 0.230041
vt 0.863021 0.230104
vt 0.823511 0.679101
vt 0.857152 0.662707
vt 0.857149 0.673119
vt 0.811140 0.668721
vt 0.858424 0.219353
vt 0.855425 0.230003
vt 0.855561 0.219315
vt 0.826373 0.679169
vt 0.861204 0.219390
vt 0.829470 0.679374
vt 0.863157 0.219416
vt 0.831972 0.679660
vt 0.829454 0.688329
vt 0.857147 0.683548
vt 0.806702 0.679166
vt 0.858560 0.208648
vt 0.855697 0.208609
vt 0.861340 0.208685
vt 0.826357 0.688124
vt 0.823495 0.688056
vt 0.863293 0.208711
vt 0.857164 0.631359
vt 0.835050 0.208334
vt 0.815644 0.208075
vt 0.845850 0.208478
vt 0.801701 0.207889
vt 0.815501 0.218780
vt 0.845707 0.219183
vt 0.834907 0.219039
vt 0.845564 0.229871
vt 0.834765 0.229727
vt 0.815359 0.229468
vt 0.815194 0.241757
vt 0.834601 0.242016
vt 0.845400 0.242160
vt 0.801108 0.252276
vt 0.815052 0.252462
vt 0.834458 0.252721
vt 0.845257 0.252865
vt 0.086081 0.427267
vt 0.117990 0.427343
vt 0.117990 0.458145
vt 0.899977 0.133668
vt 0.894728 0.077265
vt 0.899977 0.077265
vt 0.149077 0.396183
vt 0.122374 0.403431
vt 0.131351 0.396183
vt 0.898440 0.869456
vt 0.903673 0.866885
vt 0.903684 0.869486
vt 0.899977 0.045924
vt 0.894711 0.032307
vt 0.899959 0.032307
vt 0.894659 0.019618
vt 0.899908 0.019618
vt 0.091613 0.025528
vt 0.091292 0.015513
vt 0.092674 0.017567
vt 0.903487 0.896704
vt 0.898418 0.883124
vt 0.903662 0.883155
vt 0.284767 0.811785
vt 0.279504 0.798634
vt 0.284746 0.798558
vt 0.279656 0.786813
vt 0.284898 0.786737
vt 0.279971 0.777205
vt 0.285214 0.777128
vt 0.921129 0.746597
vt 0.926702 0.755394
vt 0.921458 0.755318
vt 0.926884 0.766563
vt 0.921641 0.766488
vt 0.926907 0.779420
vt 0.921663 0.779344
vt 0.279525 0.811861
vt 0.284847 0.821820
vt 0.279605 0.821896
vt 0.034475 0.387669
vt 0.029262 0.394463
vt 0.008722 0.357919
vt 0.926443 0.885343
vt 0.921276 0.867892
vt 0.926519 0.867967
vt 0.926893 0.782497
vt 0.149077 0.423765
vt 0.118744 0.420269
vt 0.926704 0.825796
vt 0.921650 0.782422
vt 0.473936 0.403431
vt 0.474742 0.423765
vt 0.447232 0.423765
vt 0.225204 0.951424
vt 0.230249 0.977703
vt 0.225009 0.977901
vt 0.472475 0.373077
vt 0.468303 0.389985
vt 0.447232 0.357919
vt 0.491958 0.299438
vt 0.473349 0.296009
vt 0.492335 0.298033
vt 0.097848 0.343844
vt 0.099858 0.344946
vt 0.101479 0.351254
vt 0.745128 0.890427
vt 0.739880 0.896230
vt 0.739880 0.890427
vt 0.470923 0.080588
vt 0.447232 0.065361
vt 0.459634 0.057658
vt 0.436182 0.962426
vt 0.430939 0.946819
vt 0.436187 0.946821
vt 0.285202 0.890488
vt 0.279953 0.912283
vt 0.279953 0.890488
vt 0.100499 0.043856
vt 0.100499 0.047023
vt 0.089894 0.047023
vt 0.302696 0.822890
vt 0.307903 0.781901
vt 0.307940 0.822938
vt 0.926372 0.901510
vt 0.921200 0.885268
vt 0.029267 0.233109
vt 0.034205 0.275474
vt 0.029267 0.275242
vt 0.092206 0.190616
vt 0.107437 0.233109
vt 0.019122 0.174706
vt 0.028126 0.185284
vt 0.024327 0.187475
vt 0.307976 0.862574
vt 0.302732 0.862526
vt 0.030468 0.280343
vt 0.008722 0.280181
vt 0.024327 0.280181
vt 0.567043 0.233109
vt 0.562104 0.275474
vt 0.504102 0.274560
vt 0.128281 0.162062
vt 0.135339 0.167987
vt 0.118065 0.179833
vt 0.160516 0.918281
vt 0.155273 0.891906
vt 0.160516 0.891853
vt 0.963942 0.282131
vt 0.969185 0.315348
vt 0.963942 0.315382
vt 0.903504 0.826383
vt 0.897980 0.759127
vt 0.903224 0.759157
vt 0.538102 0.088318
vt 0.564175 0.105744
vt 0.530586 0.105744
vt 0.546593 0.087200
vt 0.564944 0.102675
vt 0.897928 0.746597
vt 0.903172 0.746628
vt 0.570907 0.055513
vt 0.587587 0.064003
vt 0.569789 0.064003
vt 0.058207 0.088318
vt 0.070370 0.099509
vt 0.065724 0.105744
vt 0.105630 0.918128
vt 0.100476 0.863621
vt 0.105720 0.863577
vt 0.521700 0.027103
vt 0.504696 0.025528
vt 0.521700 0.008722
vt 0.135307 0.154162
vt 0.075890 0.176570
vt 0.072230 0.168260
vt 0.879971 0.933138
vt 0.874836 0.968520
vt 0.874727 0.933073
vt 0.103975 0.298033
vt 0.127638 0.301368
vt 0.104351 0.299438
vt 0.529612 0.087200
vt 0.504422 0.081649
vt 0.521700 0.083923
vt 0.103423 0.087080
vt 0.127347 0.103501
vt 0.078731 0.105480
vt 0.524079 0.168260
vt 0.468028 0.162062
vt 0.461002 0.154162
vt 0.917511 0.249557
vt 0.922665 0.195050
vt 0.922755 0.249601
vt 0.569178 0.181097
vt 0.577187 0.174706
vt 0.571982 0.187475
vt 0.505017 0.015513
vt 0.903172 0.909211
vt 0.898243 0.896674
vt 0.894578 0.008722
vt 0.899826 0.008722
vt 0.894728 0.059200
vt 0.899977 0.059200
vt 0.210657 0.833094
vt 0.215905 0.778183
vt 0.215905 0.833094
vt 0.107876 0.039756
vt 0.092681 0.032213
vt 0.094166 0.026577
vt 0.447232 0.026577
vt 0.092674 0.008722
vt 0.149077 0.008722
vt 0.149077 0.015737
vt 0.092674 0.014583
vt 0.074610 0.008722
vt 0.084913 0.350111
vt 0.081511 0.347068
vt 0.505287 0.372967
vt 0.515441 0.387669
vt 0.510228 0.394463
vt 0.504103 0.190616
vt 0.488872 0.233109
vt 0.488872 0.205976
vt 0.587587 0.174610
vt 0.570681 0.168260
vt 0.570681 0.112251
vt 0.494855 0.351275
vt 0.498461 0.343844
vt 0.511396 0.350111
vt 0.302722 0.907554
vt 0.307965 0.888292
vt 0.307966 0.907501
vt 0.479867 0.323023
vt 0.491958 0.340582
vt 0.479867 0.351189
vt 0.488324 0.373834
vt 0.479867 0.370912
vt 0.762596 0.941782
vt 0.767874 0.890054
vt 0.767844 0.941747
vt 0.116442 0.351189
vt 0.116442 0.323023
vt 0.492887 0.087080
vt 0.525939 0.099509
vt 0.517578 0.105480
vt 0.506415 0.047023
vt 0.495810 0.047023
vt 0.495810 0.043856
vt 0.514906 0.032317
vt 0.503628 0.032213
vt 0.504965 0.027254
vt 0.502144 0.026577
vt 0.491256 0.038662
vt 0.488433 0.039756
vt 0.134752 0.097175
vt 0.127282 0.087041
vt 0.149077 0.087041
vt 0.680187 0.917011
vt 0.674927 0.908521
vt 0.680176 0.908521
vt 0.674895 0.900609
vt 0.680144 0.900609
vt 0.674844 0.893815
vt 0.680093 0.893815
vt 0.950018 0.809332
vt 0.944545 0.817078
vt 0.944774 0.809280
vt 0.949644 0.825578
vt 0.949789 0.817130
vt 0.944352 0.834048
vt 0.944401 0.825526
vt 0.949595 0.834101
vt 0.944401 0.842065
vt 0.949644 0.842117
vt 0.944545 0.849029
vt 0.949789 0.849081
vt 0.944774 0.854466
vt 0.371740 0.944769
vt 0.377264 0.938778
vt 0.376983 0.944766
vt 0.372021 0.938781
vt 0.377463 0.931410
vt 0.372220 0.931412
vt 0.377566 0.923163
vt 0.372323 0.923166
vt 0.377566 0.914600
vt 0.372323 0.914602
vt 0.377463 0.906304
vt 0.372220 0.906306
vt 0.377264 0.898840
vt 0.371740 0.892721
vt 0.376983 0.892718
vt 0.567537 0.972542
vt 0.572597 0.979482
vt 0.567353 0.979505
vt 0.572781 0.972519
vt 0.567633 0.964526
vt 0.572877 0.964503
vt 0.567633 0.956003
vt 0.572877 0.955981
vt 0.567537 0.947554
vt 0.572781 0.947532
vt 0.567353 0.939755
vt 0.572597 0.939733
vt 0.680093 0.940207
vt 0.674895 0.933413
vt 0.680144 0.933413
vt 0.674927 0.925502
vt 0.680176 0.925502
vt 0.674938 0.917011
vt 0.538638 0.443670
vt 0.547128 0.442552
vt 0.548593 0.456353
vt 0.580539 0.431840
vt 0.567047 0.427267
vt 0.570325 0.419356
vt 0.025985 0.419356
vt 0.015771 0.431840
vt 0.010515 0.419151
vt 0.024132 0.442736
vt 0.029262 0.427267
vt 0.034475 0.434062
vt 0.702974 0.917011
vt 0.697714 0.908521
vt 0.702963 0.908521
vt 0.697682 0.900609
vt 0.702931 0.900609
vt 0.697631 0.893815
vt 0.702880 0.893815
vt 0.946669 0.339949
vt 0.941196 0.347694
vt 0.941425 0.339896
vt 0.946440 0.347746
vt 0.941052 0.356142
vt 0.946295 0.356194
vt 0.941003 0.364664
vt 0.946246 0.364717
vt 0.941052 0.372681
vt 0.946295 0.372733
vt 0.941196 0.379645
vt 0.946440 0.379697
vt 0.941425 0.385082
vt 0.628584 0.939878
vt 0.633546 0.945863
vt 0.628303 0.945866
vt 0.628783 0.932509
vt 0.633827 0.939875
vt 0.634129 0.924259
vt 0.634026 0.932506
vt 0.628886 0.924262
vt 0.634129 0.915696
vt 0.628886 0.915699
vt 0.634026 0.907400
vt 0.628783 0.907403
vt 0.633827 0.899937
vt 0.628303 0.893817
vt 0.633546 0.893815
vt 0.105587 0.978337
vt 0.100527 0.971396
vt 0.105771 0.971374
vt 0.100623 0.963380
vt 0.105867 0.963358
vt 0.100623 0.954858
vt 0.105867 0.954835
vt 0.100527 0.946409
vt 0.105771 0.946387
vt 0.100343 0.938610
vt 0.105587 0.938588
vt 0.702880 0.940207
vt 0.697682 0.933413
vt 0.702931 0.933413
vt 0.697714 0.925502
vt 0.702963 0.925502
vt 0.697725 0.917011
vt 0.554504 0.027103
vt 0.572178 0.024132
vt 0.561298 0.032317
vt 0.025858 0.096417
vt 0.049717 0.087200
vt 0.081404 0.078709
vt 0.091888 0.081649
vt 0.074610 0.083923
vt 0.058207 0.022708
vt 0.066698 0.008722
vt 0.066698 0.023826
vt 0.057672 0.443670
vt 0.047717 0.456353
vt 0.049181 0.442552
vt 0.008722 0.402375
vt 0.024867 0.410865
vt 0.008722 0.405535
vt 0.570325 0.402375
vt 0.587587 0.405535
vt 0.571442 0.410865
vt 0.102242 0.458145
vt 0.080868 0.434062
vt 0.478319 0.458145
vt 0.515441 0.434062
vt 0.494067 0.458145
vt 0.090476 0.410865
vt 0.104985 0.392127
vt 0.117146 0.399162
vt 0.491325 0.392127
vt 0.123903 0.388768
vt 0.121550 0.375971
vt 0.123834 0.373077
vt 0.107985 0.373834
vt 0.493200 0.344424
vt 0.494639 0.345146
vt 0.141159 0.346039
vt 0.149077 0.335036
vt 0.149077 0.357919
vt 0.086081 0.394463
vt 0.091023 0.372967
vt 0.455151 0.346039
vt 0.447232 0.335036
vt 0.124094 0.320688
vt 0.128580 0.303419
vt 0.963479 0.049922
vt 0.968720 0.011410
vt 0.968723 0.049869
vt 0.958361 0.922979
vt 0.963638 0.963100
vt 0.958394 0.963052
vt 0.478319 0.427343
vt 0.506951 0.419356
vt 0.510228 0.427267
vt 0.573355 0.868971
vt 0.567353 0.899177
vt 0.568111 0.868919
vt 0.080868 0.356916
vt 0.080868 0.387669
vt 0.479163 0.399162
vt 0.481855 0.423221
vt 0.477566 0.420269
vt 0.085899 0.458145
vt 0.074074 0.439275
vt 0.522236 0.439275
vt 0.510410 0.458145
vt 0.279847 0.852358
vt 0.285214 0.867871
vt 0.279971 0.867947
vt 0.071470 0.458145
vt 0.066162 0.442552
vt 0.530147 0.442552
vt 0.524839 0.458145
vt 0.279718 0.836180
vt 0.285090 0.852282
vt 0.534976 0.458145
vt 0.284961 0.836103
vt 0.061333 0.458145
vt 0.527187 0.896940
vt 0.521940 0.888448
vt 0.527189 0.888449
vt 0.025985 0.402375
vt 0.567047 0.394463
vt 0.587587 0.402375
vt 0.527184 0.905430
vt 0.521938 0.896938
vt 0.066162 0.356916
vt 0.057672 0.378061
vt 0.057672 0.356916
vt 0.530147 0.379178
vt 0.538638 0.356916
vt 0.538638 0.378061
vt 0.527183 0.913342
vt 0.521936 0.905429
vt 0.074074 0.356916
vt 0.066162 0.379178
vt 0.522236 0.382456
vt 0.530147 0.356916
vt 0.527181 0.920136
vt 0.521934 0.913341
vt 0.074074 0.382456
vt 0.522236 0.356916
vt 0.555040 0.382456
vt 0.568588 0.356916
vt 0.570563 0.359598
vt 0.049181 0.379178
vt 0.049181 0.356916
vt 0.547128 0.356916
vt 0.547128 0.379178
vt 0.574201 0.357090
vt 0.587587 0.357919
vt 0.041269 0.382456
vt 0.041269 0.356916
vt 0.521942 0.880536
vt 0.527191 0.880537
vt 0.555040 0.356916
vt 0.008722 0.314621
vt 0.024912 0.314621
vt 0.571397 0.314621
vt 0.587587 0.314621
vt 0.025746 0.359598
vt 0.008722 0.296780
vt 0.032371 0.298488
vt 0.458941 0.924033
vt 0.453708 0.872082
vt 0.458951 0.872048
vt 0.025628 0.112251
vt 0.008722 0.174610
vt 0.496452 0.344946
vt 0.468747 0.299517
vt 0.467949 0.298048
vt 0.573350 0.920056
vt 0.572597 0.899228
vt 0.034206 0.190131
vt 0.027132 0.181097
vt 0.032135 0.174766
vt 0.478245 0.179833
vt 0.460971 0.167987
vt 0.136676 0.057658
vt 0.149077 0.065361
vt 0.125386 0.080588
vt 0.029798 0.039111
vt 0.024132 0.024132
vt 0.035011 0.032317
vt 0.041805 0.083923
vt 0.149077 0.190744
vt 0.026521 0.064003
vt 0.008722 0.061333
vt 0.025403 0.055513
vt 0.587587 0.078156
vt 0.566512 0.071915
vt 0.898372 0.853071
vt 0.903615 0.853101
vt 0.569789 0.047023
vt 0.587587 0.061333
vt 0.010515 0.047717
vt 0.026521 0.047023
vt 0.566512 0.039111
vt 0.585794 0.047717
vt 0.015771 0.035028
vt 0.580539 0.035028
vt 0.035028 0.015771
vt 0.041805 0.027103
vt 0.546593 0.023826
vt 0.561282 0.015771
vt 0.538102 0.022708
vt 0.548593 0.010515
vt 0.047717 0.010515
vt 0.049717 0.023826
vt 0.238634 0.832641
vt 0.233375 0.778270
vt 0.238618 0.778235
vt 0.061333 0.008722
vt 0.495810 0.071915
vt 0.514906 0.078709
vt 0.081404 0.032317
vt 0.092144 0.037542
vt 0.086617 0.039111
vt 0.074610 0.027103
vt 0.461558 0.097175
vt 0.447232 0.103177
vt 0.447232 0.087041
vt 0.899977 0.051289
vt 0.894728 0.045924
vt 0.529612 0.023826
vt 0.534976 0.008722
vt 0.503635 0.014583
vt 0.503635 0.008722
vt 0.502144 0.016066
vt 0.447232 0.015737
vt 0.894728 0.051289
vt 0.529612 0.008722
vt 0.149077 0.026577
vt 0.077501 0.941781
vt 0.082749 0.975370
vt 0.077501 0.975370
vt 0.160516 0.866550
vt 0.155273 0.866602
vt 0.509693 0.071915
vt 0.504487 0.977707
vt 0.499218 0.948845
vt 0.504467 0.948874
vt 0.155077 0.978315
vt 0.160535 0.952160
vt 0.160317 0.978155
vt 0.495810 0.064003
vt 0.506415 0.064003
vt 0.086617 0.071915
vt 0.100499 0.071915
vt 0.495810 0.055513
vt 0.505298 0.055513
vt 0.014035 0.956870
vt 0.008807 0.949206
vt 0.014051 0.949164
vt 0.089894 0.064003
vt 0.014019 0.965139
vt 0.008792 0.956911
vt 0.091012 0.055513
vt 0.100499 0.064003
vt 0.013996 0.976492
vt 0.008759 0.973450
vt 0.014003 0.973409
vt 0.008775 0.965181
vt 0.100499 0.055513
vt 0.808151 0.890735
vt 0.813394 0.896445
vt 0.808151 0.896479
vt 0.066698 0.087200
vt 0.563938 0.298488
vt 0.565986 0.309365
vt 0.563565 0.310692
vt 0.025296 0.311887
vt 0.946050 0.085263
vt 0.940795 0.083277
vt 0.946033 0.083054
vt 0.940730 0.081151
vt 0.945968 0.080928
vt 0.940623 0.079316
vt 0.945861 0.079092
vt 0.968658 0.054037
vt 0.963463 0.052497
vt 0.968706 0.052444
vt 0.514798 0.347068
vt 0.086627 0.352857
vt 0.940660 0.128661
vt 0.945861 0.131378
vt 0.940623 0.131602
vt 0.544901 0.948555
vt 0.547186 0.943213
vt 0.547186 0.948456
vt 0.549340 0.943197
vt 0.549340 0.948441
vt 0.527198 0.925753
vt 0.521936 0.923767
vt 0.527185 0.923768
vt 0.521932 0.920135
vt 0.945898 0.128437
vt 0.940812 0.085487
vt 0.492277 0.342852
vt 0.101671 0.345146
vt 0.103109 0.344424
vt 0.762623 0.888080
vt 0.767871 0.888045
vt 0.762613 0.886267
vt 0.767861 0.886232
vt 0.762596 0.884829
vt 0.767844 0.884793
vt 0.958412 0.918955
vt 0.963617 0.920744
vt 0.958373 0.920696
vt 0.963605 0.923027
vt 0.587587 0.296780
vt 0.571982 0.280181
vt 0.587587 0.280181
vt 0.042736 0.298282
vt 0.045124 0.297053
vt 0.043279 0.302611
vt 0.032744 0.310692
vt 0.680150 0.965302
vt 0.674844 0.961991
vt 0.680088 0.962043
vt 0.674844 0.959373
vt 0.680088 0.959425
vt 0.674906 0.957653
vt 0.680150 0.957704
vt 0.453632 0.865617
vt 0.458932 0.868121
vt 0.453689 0.868155
vt 0.571021 0.355511
vt 0.571397 0.354107
vt 0.026317 0.356540
vt 0.027721 0.356916
vt 0.478406 0.317140
vt 0.468672 0.301368
vt 0.121729 0.317846
vt 0.119596 0.316624
vt 0.527194 0.866989
vt 0.521949 0.865583
vt 0.527198 0.865585
vt 0.963414 0.008775
vt 0.968703 0.009957
vt 0.963459 0.010010
vt 0.963476 0.011463
vt 0.453698 0.924066
vt 0.458923 0.925370
vt 0.453680 0.925404
vt 0.458875 0.926242
vt 0.453632 0.926276
vt 0.963656 0.964383
vt 0.521945 0.866988
vt 0.026797 0.188137
vt 0.028605 0.277711
vt 0.565842 0.280343
vt 0.569513 0.279519
vt 0.562104 0.190131
vt 0.567705 0.189945
vt 0.567043 0.192414
vt 0.302686 0.779298
vt 0.307929 0.779346
vt 0.302763 0.777128
vt 0.308007 0.777176
vt 0.436187 0.964896
vt 0.430933 0.962424
vt 0.944444 0.887477
vt 0.949670 0.889762
vt 0.944427 0.889829
vt 0.949594 0.891297
vt 0.944352 0.891363
vt 0.308007 0.864829
vt 0.944352 0.872029
vt 0.949687 0.887411
vt 0.108597 0.200147
vt 0.107437 0.205976
vt 0.107437 0.259089
vt 0.108597 0.264918
vt 0.092208 0.274560
vt 0.111899 0.269859
vt 0.116840 0.273161
vt 0.122960 0.296009
vt 0.473641 0.274320
vt 0.479470 0.273161
vt 0.484411 0.269859
vt 0.487713 0.264918
vt 0.488872 0.259089
vt 0.479470 0.191903
vt 0.473641 0.190744
vt 0.155222 0.860662
vt 0.160465 0.860610
vt 0.155077 0.855102
vt 0.160320 0.855049
vt 0.187964 0.853863
vt 0.193180 0.858805
vt 0.187931 0.858805
vt 0.193169 0.864634
vt 0.187920 0.864634
vt 0.137632 0.866342
vt 0.132334 0.860442
vt 0.137577 0.860407
vt 0.132179 0.855084
vt 0.137422 0.855049
vt 0.160320 0.927761
vt 0.155222 0.923748
vt 0.160465 0.923695
vt 0.155273 0.918333
vt 0.132389 0.892520
vt 0.137632 0.892485
vt 0.524951 0.108998
vt 0.524079 0.112251
vt 0.524951 0.171513
vt 0.520419 0.176570
vt 0.071358 0.171513
vt 0.527333 0.173895
vt 0.530586 0.174766
vt 0.068977 0.106616
vt 0.068977 0.173895
vt 0.028882 0.173895
vt 0.569809 0.171513
vt 0.567428 0.106616
vt 0.019122 0.105684
vt 0.026500 0.108998
vt 0.100443 0.860255
vt 0.105687 0.860211
vt 0.100343 0.857396
vt 0.105587 0.857352
vt 0.077509 0.938528
vt 0.082749 0.941781
vt 0.082758 0.978623
vt 0.077509 0.978623
vt 0.917554 0.188781
vt 0.922698 0.191684
vt 0.917454 0.191640
vt 0.917422 0.195006
vt 0.922798 0.252572
vt 0.917554 0.252529
vt 0.969033 0.320466
vt 0.963902 0.318480
vt 0.969144 0.318445
vt 0.100386 0.918172
vt 0.105587 0.921099
vt 0.100343 0.921143
vt 0.963790 0.276093
vt 0.969144 0.278753
vt 0.963902 0.278787
vt 0.969185 0.282096
vt 0.940346 0.236747
vt 0.945589 0.194796
vt 0.945589 0.236695
vt 0.503198 0.026140
vt 0.093111 0.016510
vt 0.093111 0.026140
vt 0.091345 0.027254
vt 0.503198 0.016510
vt 0.279973 0.965120
vt 0.285197 0.965999
vt 0.279953 0.966051
vt 0.233355 0.777163
vt 0.210661 0.777128
vt 0.215910 0.777128
vt 0.279953 0.956671
vt 0.285216 0.957745
vt 0.279973 0.957798
vt 0.285216 0.965068
vt 0.495251 0.074853
vt 0.112241 0.080513
vt 0.105032 0.076996
vt 0.107842 0.075876
vt 0.493650 0.039057
vt 0.504166 0.037542
vt 0.008788 0.946217
vt 0.014032 0.946176
vt 0.008722 0.944119
vt 0.013966 0.944077
vt 0.499239 0.943653
vt 0.504471 0.946064
vt 0.499223 0.946035
vt 0.008753 0.976534
vt 0.013966 0.979263
vt 0.008722 0.979305
vt 0.155077 0.945418
vt 0.160447 0.947096
vt 0.155206 0.947256
vt 0.160523 0.949520
vt 0.155283 0.949680
vt 0.155294 0.952321
vt 0.460396 0.157211
vt 0.456084 0.103783
vt 0.453035 0.103177
vt 0.135914 0.108095
vt 0.135307 0.111144
vt 0.140226 0.161522
vt 0.143274 0.162129
vt 0.739886 0.887378
vt 0.745134 0.887378
vt 0.739903 0.884793
vt 0.745151 0.884793
vt 0.940243 0.188833
vt 0.945563 0.191690
vt 0.940319 0.191742
vt 0.940346 0.194849
vt 0.945563 0.239527
vt 0.940319 0.239580
vt 0.945487 0.241654
vt 0.940243 0.241706
vt 0.808042 0.884828
vt 0.813366 0.887596
vt 0.808123 0.887631
vt 0.813394 0.890700
vt 0.447232 0.190744
vt 0.484068 0.080513
vt 0.473440 0.082583
vt 0.124087 0.086726
vt 0.279956 0.887293
vt 0.285205 0.887293
vt 0.279965 0.885392
vt 0.285214 0.885392
vt 0.386689 0.850546
vt 0.388174 0.845298
vt 0.388174 0.850542
vt 0.389676 0.845361
vt 0.389676 0.850605
vt 0.348245 0.892753
vt 0.353581 0.895491
vt 0.348338 0.895526
vt 0.354295 0.921095
vt 0.349052 0.921130
vt 0.506951 0.402375
vt 0.505833 0.410865
vt 0.476480 0.896171
vt 0.481723 0.868903
vt 0.481723 0.896136
vt 0.121567 0.423765
vt 0.119779 0.424245
vt 0.116817 0.319345
vt 0.302705 0.884688
vt 0.307949 0.884636
vt 0.302659 0.882326
vt 0.307902 0.882274
vt 0.390385 0.822597
vt 0.388749 0.827841
vt 0.388749 0.822592
vt 0.386689 0.827853
vt 0.386689 0.822604
vt 0.568211 0.865583
vt 0.302723 0.934987
vt 0.307950 0.938432
vt 0.302707 0.938484
vt 0.307902 0.940333
vt 0.302659 0.940386
vt 0.386689 0.782384
vt 0.388438 0.777128
vt 0.388438 0.782371
vt 0.390376 0.777198
vt 0.390376 0.782441
vt 0.573455 0.922288
vt 0.568107 0.920004
vt 0.479493 0.319345
vt 0.129955 0.297105
vt 0.128361 0.298048
vt 0.903684 0.930625
vt 0.898426 0.928402
vt 0.903669 0.928367
vt 0.898381 0.926691
vt 0.903624 0.926656
vt 0.874836 0.927794
vt 0.880016 0.929107
vt 0.874773 0.929042
vt 0.879979 0.930927
vt 0.874735 0.930862
vt 0.898441 0.947378
vt 0.898441 0.930659
vt 0.128823 0.395711
vt 0.479624 0.394631
vt 0.472406 0.388768
vt 0.230444 0.951227
vt 0.225190 0.949338
vt 0.230430 0.949141
vt 0.225121 0.947316
vt 0.230362 0.947119
vt 0.225009 0.945665
vt 0.230249 0.945468
vt 0.967467 0.746597
vt 0.972711 0.749125
vt 0.967463 0.749125
vt 0.967463 0.766851
vt 0.476531 0.424245
vt 0.114455 0.423221
vt 0.118469 0.425554
vt 0.476458 0.867099
vt 0.481701 0.867064
vt 0.476396 0.865618
vt 0.481639 0.865583
vt 0.137423 0.977775
vt 0.132199 0.976197
vt 0.137443 0.976141
vt 0.137423 0.946140
vt 0.104033 0.342852
vt 0.104351 0.340582
vt 0.476713 0.316624
vt 0.474580 0.317846
vt 0.049030 0.296629
vt 0.547279 0.296629
vt 0.477840 0.425554
vt 0.493363 0.297005
vt 0.494767 0.296629
vt 0.149077 0.274320
vt 0.132189 0.296780
vt 0.447232 0.274320
vt 0.464120 0.296780
vt 0.447232 0.296780
vt 0.122669 0.274320
vt 0.101542 0.296629
vt 0.464959 0.396183
vt 0.447232 0.396183
vt 0.026797 0.279519
vt 0.567705 0.277711
vt 0.567043 0.275242
vt 0.553574 0.298282
vt 0.551186 0.297053
vt 0.554209 0.300198
vt 0.042100 0.300198
vt 0.550153 0.305286
vt 0.553030 0.302611
vt 0.046157 0.305286
vt 0.568169 0.309124
vt 0.030324 0.309365
vt 0.921460 0.825721
vt 0.571014 0.311887
vt 0.026408 0.309993
vt 0.028141 0.309124
vt 0.569902 0.309993
vt 0.024912 0.354107
vt 0.025289 0.355511
vt 0.022109 0.357090
vt 0.569993 0.356540
vt 0.511809 0.356434
vt 0.515441 0.356916
vt 0.509683 0.352857
vt 0.084500 0.356434
vt 0.509825 0.355035
vt 0.127563 0.299517
vt 0.086485 0.355035
vt 0.117904 0.317140
vt 0.466354 0.297105
vt 0.102947 0.297005
vt 0.193169 0.891042
vt 0.149077 0.296780
vt 0.472216 0.320688
vt 0.065724 0.174766
vt 0.135914 0.157211
vt 0.458669 0.159795
vt 0.137641 0.159795
vt 0.456084 0.161522
vt 0.453035 0.162129
vt 0.122669 0.190744
vt 0.116840 0.191903
vt 0.487713 0.200147
vt 0.484411 0.195205
vt 0.111899 0.195205
vt 0.149077 0.162129
vt 0.447232 0.162129
vt 0.029267 0.192414
vt 0.028605 0.189945
vt 0.569513 0.188137
vt 0.568184 0.185284
vt 0.564175 0.174766
vt 0.026500 0.171513
vt 0.008722 0.187475
vt 0.025628 0.168260
vt 0.567428 0.173895
vt 0.028882 0.106616
vt 0.031366 0.102675
vt 0.032135 0.105744
vt 0.569809 0.108998
vt 0.577187 0.105684
vt 0.071358 0.108998
vt 0.072230 0.112251
vt 0.527333 0.106616
vt 0.468963 0.103501
vt 0.137641 0.105510
vt 0.140226 0.103783
vt 0.461002 0.111144
vt 0.460396 0.108095
vt 0.458669 0.105510
vt 0.143274 0.103177
vt 0.008722 0.105588
vt 0.587587 0.105588
vt 0.587587 0.091405
vt 0.561299 0.078709
vt 0.029798 0.071915
vt 0.008722 0.064003
vt 0.898318 0.840167
vt 0.903562 0.840197
vt 0.898260 0.826352
vt 0.035011 0.078709
vt 0.008722 0.078156
vt 0.570452 0.096417
vt 0.554505 0.083923
vt 0.008722 0.091405
vt 0.092674 0.025085
vt 0.509693 0.039111
vt 0.094166 0.016066
vt 0.503635 0.017567
vt 0.447232 0.008722
vt 0.102660 0.039057
vt 0.101061 0.040881
vt 0.101058 0.074853
vt 0.495249 0.040881
vt 0.105053 0.038662
vt 0.491277 0.076996
vt 0.488467 0.075876
vt 0.122870 0.082583
vt 0.121767 0.084381
vt 0.474543 0.084381
vt 0.472223 0.086726
vt 0.122186 0.085809
vt 0.469027 0.087041
vt 0.149077 0.103177
vt 0.116442 0.370912
vt 0.478456 0.376762
vt 0.119489 0.377241
vt 0.474760 0.375971
vt 0.117854 0.376762
vt 0.116685 0.394631
vt 0.476820 0.377241
vt 0.116804 0.374581
vt 0.128006 0.389985
vt 0.127300 0.394368
vt 0.467486 0.395711
vt 0.469010 0.394368
vt 0.127013 0.392357
vt 0.467730 0.303419
vt 0.089359 0.419356
vt 0.561834 0.387669
vt 0.212073 0.427267
vt 0.180165 0.458145
vt 0.180165 0.427343
vt 0.894728 0.190071
vt 0.894728 0.133668
vt 0.175781 0.403431
vt 0.922665 0.131581
vt 0.917432 0.129011
vt 0.922676 0.128980
vt 0.899977 0.221412
vt 0.894711 0.235029
vt 0.894728 0.221412
vt 0.899959 0.235029
vt 0.894659 0.247718
vt 0.206862 0.015513
vt 0.223545 0.008722
vt 0.206542 0.025528
vt 0.917618 0.158829
vt 0.922687 0.145249
vt 0.922862 0.158799
vt 0.917443 0.145280
vt 0.256738 0.825959
vt 0.262059 0.812252
vt 0.261981 0.825985
vt 0.256816 0.812226
vt 0.261969 0.798947
vt 0.256726 0.798920
vt 0.261717 0.786976
vt 0.256474 0.786949
vt 0.261322 0.777155
vt 0.037171 0.777128
vt 0.031720 0.788361
vt 0.031927 0.777192
vt 0.036963 0.788297
vt 0.031668 0.801217
vt 0.256620 0.835993
vt 0.289432 0.357919
vt 0.263679 0.387669
vt 0.272408 0.359598
vt 0.031893 0.907141
vt 0.037100 0.889702
vt 0.037137 0.907078
vt 0.031675 0.804295
vt 0.036912 0.801154
vt 0.036918 0.804231
vt 0.179411 0.420269
vt 0.176588 0.423765
vt 0.031767 0.847594
vt 0.037010 0.847530
vt 0.420528 0.403431
vt 0.419722 0.423765
vt 0.416899 0.420269
vt 0.193160 0.951622
vt 0.188115 0.977901
vt 0.187920 0.951425
vt 0.421989 0.373077
vt 0.426161 0.389985
vt 0.422058 0.388768
vt 0.402506 0.299438
vt 0.421115 0.296009
vt 0.425793 0.301368
vt 0.200307 0.343844
vt 0.196675 0.351254
vt 0.198297 0.344946
vt 0.745128 0.936424
vt 0.745128 0.896230
vt 0.423541 0.080588
vt 0.434830 0.057658
vt 0.054621 0.963167
vt 0.059864 0.947560
vt 0.059870 0.963165
vt 0.285202 0.934078
vt 0.285202 0.912283
vt 0.197655 0.043856
vt 0.208261 0.047023
vt 0.197655 0.047023
vt 0.330763 0.822890
vt 0.325556 0.781901
vt 0.330800 0.781854
vt 0.031927 0.923309
vt 0.037171 0.923245
vt 0.268888 0.233109
vt 0.263949 0.275474
vt 0.205947 0.274560
vt 0.205948 0.190616
vt 0.190717 0.233109
vt 0.190717 0.205976
vt 0.279033 0.174706
vt 0.270029 0.185284
vt 0.271023 0.181097
vt 0.325483 0.862573
vt 0.325519 0.822938
vt 0.267687 0.280343
vt 0.289432 0.280181
vt 0.289432 0.296780
vt 0.327421 0.233109
vt 0.332360 0.275474
vt 0.327421 0.275242
vt 0.204265 0.162062
vt 0.180090 0.179833
vt 0.191553 0.165475
vt 0.054616 0.920583
vt 0.059860 0.894208
vt 0.059860 0.920636
vt 0.964266 0.379220
vt 0.969509 0.345934
vt 0.969509 0.379185
vt 0.917601 0.088508
vt 0.923125 0.021252
vt 0.922845 0.088478
vt 0.356362 0.088318
vt 0.330290 0.105744
vt 0.329521 0.102675
vt 0.347872 0.087200
vt 0.324013 0.096417
vt 0.917882 0.021283
vt 0.923178 0.008722
vt 0.323558 0.055513
vt 0.306877 0.064003
vt 0.306877 0.061333
vt 0.239947 0.088318
vt 0.227785 0.099509
vt 0.231457 0.087200
vt 0.408079 0.926360
vt 0.413233 0.871852
vt 0.413322 0.926403
vt 0.372765 0.027103
vt 0.372765 0.008722
vt 0.389768 0.025528
vt 0.197239 0.154162
vt 0.222264 0.176570
vt 0.964222 0.407924
vt 0.969357 0.443305
vt 0.964114 0.443370
vt 0.194180 0.298033
vt 0.170517 0.301368
vt 0.175195 0.296009
vt 0.364853 0.087200
vt 0.390043 0.081649
vt 0.401578 0.087080
vt 0.194732 0.087080
vt 0.205199 0.103501
vt 0.197794 0.097175
vt 0.370385 0.168260
vt 0.392045 0.162062
vt 0.374045 0.176570
vt 0.436097 0.926360
vt 0.430943 0.871852
vt 0.436187 0.871808
vt 0.325286 0.181097
vt 0.326280 0.185284
vt 0.322482 0.187475
vt 0.389447 0.015513
vt 0.917934 0.171336
vt 0.923178 0.171306
vt 0.899908 0.247718
vt 0.894578 0.258614
vt 0.899977 0.190071
vt 0.894728 0.208136
vt 0.215905 0.888006
vt 0.210657 0.888006
vt 0.190279 0.039756
vt 0.205473 0.032213
vt 0.193102 0.038662
vt 0.205481 0.008722
vt 0.205481 0.014583
vt 0.216644 0.347068
vt 0.213242 0.350111
vt 0.389178 0.372967
vt 0.379023 0.387669
vt 0.379023 0.356916
vt 0.390361 0.190616
vt 0.405592 0.233109
vt 0.306877 0.174610
vt 0.323783 0.168260
vt 0.317277 0.174706
vt 0.399609 0.351275
vt 0.383068 0.350111
vt 0.396003 0.343844
vt 0.325412 0.907501
vt 0.330657 0.888344
vt 0.330656 0.907554
vt 0.414597 0.323023
vt 0.402506 0.340582
vt 0.414597 0.351189
vt 0.406140 0.373834
vt 0.790597 0.941782
vt 0.785319 0.890054
vt 0.790567 0.890090
vt 0.181712 0.351189
vt 0.193803 0.299438
vt 0.193803 0.340582
vt 0.368525 0.099509
vt 0.388049 0.047023
vt 0.398654 0.043856
vt 0.398654 0.047023
vt 0.379559 0.032317
vt 0.389500 0.027254
vt 0.390836 0.032213
vt 0.392321 0.026577
vt 0.403208 0.038662
vt 0.170873 0.087041
vt 0.261421 0.922711
vt 0.256162 0.931201
vt 0.256172 0.922711
vt 0.256130 0.939113
vt 0.261410 0.931201
vt 0.261378 0.939113
vt 0.256079 0.945907
vt 0.521932 0.943219
vt 0.527360 0.950996
vt 0.522117 0.951018
vt 0.522212 0.959467
vt 0.527456 0.959445
vt 0.527456 0.967967
vt 0.522212 0.967990
vt 0.527360 0.975984
vt 0.522117 0.976006
vt 0.527176 0.982947
vt 0.521932 0.982969
vt 0.605032 0.893818
vt 0.610556 0.899937
vt 0.605313 0.899940
vt 0.610755 0.907400
vt 0.605512 0.907403
vt 0.610858 0.915696
vt 0.605615 0.915699
vt 0.610858 0.924260
vt 0.605615 0.924262
vt 0.610755 0.932506
vt 0.605512 0.932509
vt 0.610556 0.939875
vt 0.605313 0.939878
vt 0.610275 0.945863
vt 0.605032 0.945866
vt 0.944774 0.791783
vt 0.949789 0.786398
vt 0.950018 0.791835
vt 0.949644 0.779434
vt 0.944545 0.786346
vt 0.944401 0.779382
vt 0.949595 0.771418
vt 0.944352 0.771365
vt 0.949644 0.762895
vt 0.949789 0.754447
vt 0.944401 0.762843
vt 0.944545 0.754395
vt 0.950018 0.746650
vt 0.261327 0.899514
vt 0.256130 0.906309
vt 0.256079 0.899514
vt 0.256162 0.914220
vt 0.261378 0.906309
vt 0.261410 0.914220
vt 0.339424 0.439275
vt 0.347336 0.442552
vt 0.333183 0.451097
vt 0.313926 0.431840
vt 0.308670 0.419151
vt 0.324140 0.419356
vt 0.272170 0.419356
vt 0.273288 0.410865
vt 0.287640 0.419151
vt 0.274023 0.442736
vt 0.263127 0.451097
vt 0.263679 0.434062
vt 0.946345 0.299255
vt 0.941085 0.307745
vt 0.941096 0.299255
vt 0.946334 0.307745
vt 0.941053 0.315657
vt 0.946302 0.315657
vt 0.941003 0.322451
vt 0.967463 0.804572
vt 0.972891 0.812349
vt 0.967647 0.812371
vt 0.972986 0.820798
vt 0.967743 0.820820
vt 0.972986 0.829320
vt 0.967743 0.829343
vt 0.972891 0.837337
vt 0.967647 0.837359
vt 0.972707 0.844300
vt 0.967463 0.844322
vt 0.651574 0.893818
vt 0.657098 0.899937
vt 0.651855 0.899940
vt 0.652053 0.907403
vt 0.657297 0.907400
vt 0.652156 0.915699
vt 0.657399 0.915696
vt 0.657399 0.924259
vt 0.652156 0.924262
vt 0.657297 0.932506
vt 0.652053 0.932509
vt 0.657098 0.939875
vt 0.651855 0.939878
vt 0.656817 0.945863
vt 0.651574 0.945866
vt 0.941425 0.447765
vt 0.946440 0.442380
vt 0.946669 0.447817
vt 0.941196 0.442328
vt 0.946295 0.435416
vt 0.946246 0.427400
vt 0.941052 0.435364
vt 0.941003 0.427347
vt 0.946295 0.418877
vt 0.946440 0.410429
vt 0.941052 0.418825
vt 0.941196 0.410377
vt 0.946669 0.402631
vt 0.946251 0.276059
vt 0.941053 0.282853
vt 0.941003 0.276059
vt 0.941085 0.290764
vt 0.946302 0.282853
vt 0.946334 0.290764
vt 0.339960 0.027103
vt 0.322287 0.024132
vt 0.333183 0.015771
vt 0.272297 0.096417
vt 0.266789 0.102675
vt 0.216751 0.078709
vt 0.206267 0.081649
vt 0.197655 0.071915
vt 0.239947 0.022708
vt 0.231457 0.008722
vt 0.236822 0.008722
vt 0.240483 0.443670
vt 0.250438 0.456353
vt 0.236822 0.458145
vt 0.289432 0.402375
vt 0.272170 0.402375
vt 0.324140 0.402375
vt 0.306877 0.405535
vt 0.306877 0.402375
vt 0.195912 0.458145
vt 0.416145 0.458145
vt 0.379023 0.434062
vt 0.384236 0.427267
vt 0.181009 0.399162
vt 0.193170 0.392127
vt 0.207678 0.410865
vt 0.403139 0.392127
vt 0.414597 0.370912
vt 0.414959 0.374581
vt 0.174251 0.388768
vt 0.174321 0.373077
vt 0.176605 0.375971
vt 0.190170 0.373834
vt 0.181712 0.370912
vt 0.399825 0.345146
vt 0.401264 0.344424
vt 0.156996 0.346039
vt 0.384236 0.394463
vt 0.212073 0.394463
vt 0.208796 0.402375
vt 0.439313 0.346039
vt 0.174061 0.320688
vt 0.176426 0.317846
vt 0.968739 0.120291
vt 0.963499 0.081780
vt 0.968742 0.081832
vt 0.968329 0.192805
vt 0.963052 0.232926
vt 0.963086 0.192853
vt 0.416145 0.427343
vt 0.387513 0.419356
vt 0.412609 0.423221
vt 0.830933 0.888171
vt 0.836876 0.918389
vt 0.831633 0.918430
vt 0.217287 0.356916
vt 0.207132 0.372967
vt 0.388631 0.410865
vt 0.415301 0.399162
vt 0.217287 0.434062
vt 0.212256 0.458145
vt 0.400397 0.458145
vt 0.372229 0.439275
vt 0.261505 0.866481
vt 0.256079 0.882043
vt 0.256262 0.866454
vt 0.224081 0.439275
vt 0.226685 0.458145
vt 0.384054 0.458145
vt 0.364317 0.442552
vt 0.261695 0.850303
vt 0.256452 0.850276
vt 0.369625 0.458145
vt 0.355827 0.443670
vt 0.261863 0.836020
vt 0.231993 0.442552
vt 0.544654 0.896940
vt 0.549900 0.888448
vt 0.549903 0.896938
vt 0.268893 0.394463
vt 0.327417 0.394463
vt 0.306877 0.357919
vt 0.544656 0.905430
vt 0.549905 0.905429
vt 0.231993 0.356916
vt 0.240483 0.378061
vt 0.231993 0.379178
vt 0.364317 0.379178
vt 0.355827 0.356916
vt 0.364317 0.356916
vt 0.544658 0.913342
vt 0.549907 0.913341
vt 0.224081 0.356916
vt 0.224081 0.382456
vt 0.372229 0.382456
vt 0.372229 0.356916
vt 0.544660 0.920136
vt 0.549908 0.920135
vt 0.217287 0.387669
vt 0.339424 0.382456
vt 0.325876 0.356916
vt 0.339424 0.356916
vt 0.240483 0.356916
vt 0.248973 0.379178
vt 0.355827 0.378061
vt 0.347336 0.356916
vt 0.320263 0.357090
vt 0.323901 0.359598
vt 0.248973 0.356916
vt 0.256885 0.382456
vt 0.544652 0.888449
vt 0.549899 0.880536
vt 0.347336 0.379178
vt 0.273243 0.314621
vt 0.289432 0.314621
vt 0.323067 0.314621
vt 0.306877 0.314621
vt 0.265784 0.298488
vt 0.504477 0.868190
vt 0.499244 0.920210
vt 0.499234 0.868226
vt 0.272526 0.112251
vt 0.272526 0.168260
vt 0.398013 0.344946
vt 0.425717 0.299517
vt 0.426516 0.298048
vt 0.830839 0.939256
vt 0.836083 0.939215
vt 0.263949 0.190131
vt 0.404756 0.165475
vt 0.416219 0.179833
vt 0.161479 0.057658
vt 0.172768 0.080588
vt 0.268357 0.039111
vt 0.274023 0.024132
vt 0.282384 0.035028
vt 0.248438 0.087200
vt 0.256350 0.083923
vt 0.175486 0.190744
vt 0.271634 0.064003
vt 0.289432 0.061333
vt 0.289432 0.064003
vt 0.324675 0.064003
vt 0.306877 0.078156
vt 0.922734 0.115196
vt 0.324675 0.047023
vt 0.308670 0.047717
vt 0.272752 0.055513
vt 0.287640 0.047717
vt 0.327953 0.039111
vt 0.313926 0.035028
vt 0.271634 0.047023
vt 0.333166 0.032317
vt 0.263144 0.032317
vt 0.263127 0.015771
vt 0.347872 0.023826
vt 0.345871 0.010515
vt 0.356362 0.022708
vt 0.359488 0.008722
vt 0.256350 0.027103
vt 0.250438 0.010515
vt 0.233375 0.886990
vt 0.233391 0.832676
vt 0.248438 0.023826
vt 0.372764 0.083923
vt 0.398654 0.071915
vt 0.216751 0.032317
vt 0.206011 0.037542
vt 0.231457 0.023826
vt 0.398515 0.097175
vt 0.407038 0.103177
vt 0.899977 0.216048
vt 0.894728 0.216048
vt 0.364853 0.023826
vt 0.364853 0.008722
vt 0.390829 0.014583
vt 0.223545 0.027103
vt 0.390829 0.008722
vt 0.392321 0.016066
vt 0.899977 0.208136
vt 0.031668 0.977596
vt 0.036917 0.944007
vt 0.036917 0.977596
vt 0.054616 0.868852
vt 0.054616 0.894156
vt 0.379559 0.078709
vt 0.384772 0.071915
vt 0.453632 0.977775
vt 0.458901 0.948913
vt 0.458880 0.977747
vt 0.481732 0.980066
vt 0.476396 0.948926
vt 0.481639 0.949017
vt 0.398654 0.064003
vt 0.211538 0.071915
vt 0.388049 0.064003
vt 0.398654 0.055513
vt 0.967463 0.874559
vt 0.972707 0.866905
vt 0.972707 0.874611
vt 0.208261 0.064003
vt 0.197655 0.064003
vt 0.389167 0.055513
vt 0.967463 0.882828
vt 0.972707 0.882881
vt 0.207143 0.055513
vt 0.197655 0.055513
vt 0.967463 0.894182
vt 0.972706 0.891150
vt 0.972706 0.894234
vt 0.967463 0.891098
vt 0.808151 0.936270
vt 0.813394 0.936235
vt 0.330526 0.298488
vt 0.330899 0.310692
vt 0.328479 0.309365
vt 0.272859 0.311887
vt 0.077501 0.863721
vt 0.082757 0.861258
vt 0.082742 0.863842
vt 0.077515 0.861137
vt 0.082810 0.859063
vt 0.077569 0.858943
vt 0.082898 0.857472
vt 0.963561 0.124407
vt 0.968755 0.122867
vt 0.968804 0.124460
vt 0.963512 0.122814
vt 0.379666 0.347068
vt 0.211528 0.352857
vt 0.082868 0.917283
vt 0.077656 0.920963
vt 0.077626 0.917163
vt 0.330719 0.963188
vt 0.328434 0.957846
vt 0.330719 0.957944
vt 0.328434 0.963090
vt 0.326280 0.957831
vt 0.544643 0.925753
vt 0.549904 0.923767
vt 0.549891 0.925751
vt 0.544656 0.923768
vt 0.402188 0.342852
vt 0.196484 0.345146
vt 0.195045 0.344424
vt 0.790570 0.888080
vt 0.785322 0.888045
vt 0.790580 0.886267
vt 0.785332 0.886232
vt 0.790597 0.884829
vt 0.968278 0.188781
vt 0.963074 0.190570
vt 0.963034 0.188829
vt 0.968317 0.190522
vt 0.306877 0.296780
vt 0.322482 0.280181
vt 0.328623 0.280343
vt 0.255419 0.298282
vt 0.254876 0.302611
vt 0.256055 0.300198
vt 0.697632 0.965302
vt 0.702937 0.961991
vt 0.702875 0.965250
vt 0.697694 0.962043
vt 0.702937 0.959373
vt 0.697694 0.959425
vt 0.702875 0.957652
vt 0.499168 0.926208
vt 0.504468 0.923982
vt 0.504411 0.926172
vt 0.499225 0.924018
vt 0.504487 0.920174
vt 0.323067 0.354107
vt 0.323443 0.355511
vt 0.271838 0.356540
vt 0.270433 0.356916
vt 0.416058 0.317140
vt 0.417751 0.316624
vt 0.178559 0.316624
vt 0.544647 0.866989
vt 0.549891 0.865583
vt 0.549895 0.866988
vt 0.968804 0.079145
vt 0.963515 0.080326
vt 0.963561 0.079092
vt 0.968759 0.080379
vt 0.504459 0.866746
vt 0.499216 0.866782
vt 0.504411 0.865583
vt 0.963034 0.234209
vt 0.968296 0.232878
vt 0.968278 0.234161
vt 0.544650 0.880537
vt 0.271358 0.188137
vt 0.273827 0.187475
vt 0.269550 0.277711
vt 0.268888 0.275242
vt 0.324952 0.279519
vt 0.332361 0.190131
vt 0.327421 0.192414
vt 0.326760 0.189945
vt 0.330773 0.779298
vt 0.325529 0.779346
vt 0.330696 0.777128
vt 0.054616 0.965637
vt 0.059864 0.965635
vt 0.940712 0.155888
vt 0.945939 0.153345
vt 0.945955 0.155884
vt 0.940696 0.153350
vt 0.945866 0.151300
vt 0.325452 0.864829
vt 0.330727 0.862526
vt 0.330696 0.864781
vt 0.940623 0.171336
vt 0.945866 0.171332
vt 0.189558 0.200147
vt 0.190717 0.259089
vt 0.189558 0.264918
vt 0.186256 0.269859
vt 0.181315 0.273161
vt 0.420824 0.274320
vt 0.414995 0.273161
vt 0.390363 0.274560
vt 0.410053 0.269859
vt 0.406752 0.264918
vt 0.405592 0.259089
vt 0.420824 0.190744
vt 0.414995 0.191903
vt 0.059911 0.862965
vt 0.059860 0.868904
vt 0.054667 0.862912
vt 0.060056 0.857404
vt 0.187964 0.928221
vt 0.193180 0.923279
vt 0.193212 0.928221
vt 0.187931 0.923279
vt 0.193168 0.917451
vt 0.137632 0.918628
vt 0.132334 0.924269
vt 0.132389 0.918663
vt 0.137577 0.924235
vt 0.132179 0.928695
vt 0.054812 0.930063
vt 0.059911 0.926050
vt 0.060056 0.930116
vt 0.054667 0.925998
vt 0.369513 0.108998
vt 0.376886 0.105480
vt 0.370385 0.112251
vt 0.369513 0.171513
vt 0.225925 0.168260
vt 0.226796 0.171513
vt 0.367132 0.173895
vt 0.363878 0.174766
vt 0.232431 0.105744
vt 0.229178 0.106616
vt 0.229178 0.173895
vt 0.266020 0.174766
vt 0.269273 0.173895
vt 0.324655 0.171513
vt 0.327037 0.106616
vt 0.279033 0.105684
vt 0.271655 0.108998
vt 0.407989 0.871808
vt 0.413265 0.868486
vt 0.408022 0.868442
vt 0.413366 0.865627
vt 0.031677 0.980849
vt 0.036925 0.980849
vt 0.031668 0.944007
vt 0.036925 0.940754
vt 0.436054 0.865583
vt 0.430911 0.868486
vt 0.430811 0.865627
vt 0.436154 0.868442
vt 0.430811 0.929375
vt 0.430854 0.926403
vt 0.969357 0.339896
vt 0.964226 0.342625
vt 0.964114 0.339931
vt 0.969469 0.342590
vt 0.964266 0.345969
vt 0.408122 0.929331
vt 0.964114 0.384339
vt 0.969469 0.382283
vt 0.969357 0.384304
vt 0.964226 0.382317
vt 0.945866 0.056689
vt 0.940623 0.014738
vt 0.945866 0.014790
vt 0.391266 0.026140
vt 0.390829 0.025085
vt 0.205044 0.016510
vt 0.205481 0.017567
vt 0.205044 0.026140
vt 0.203989 0.026577
vt 0.391266 0.016510
vt 0.836083 0.965202
vt 0.830858 0.966081
vt 0.830839 0.965150
vt 0.233355 0.887971
vt 0.238618 0.886955
vt 0.238598 0.887937
vt 0.210661 0.889061
vt 0.836102 0.956753
vt 0.830839 0.957827
vt 0.830858 0.956701
vt 0.836083 0.957880
vt 0.399213 0.074853
vt 0.185914 0.080513
vt 0.190312 0.075876
vt 0.193122 0.076996
vt 0.400815 0.039057
vt 0.390298 0.037542
vt 0.399216 0.040881
vt 0.967463 0.866853
vt 0.972731 0.863917
vt 0.967488 0.863865
vt 0.972802 0.861819
vt 0.458880 0.943721
vt 0.453649 0.946132
vt 0.453632 0.943750
vt 0.458897 0.946103
vt 0.453653 0.948942
vt 0.967488 0.896952
vt 0.972731 0.897004
vt 0.967558 0.898366
vt 0.481732 0.943755
vt 0.476416 0.945976
vt 0.476490 0.943664
vt 0.481658 0.946068
vt 0.399071 0.154162
vt 0.399677 0.157211
vt 0.403989 0.103783
vt 0.197239 0.111144
vt 0.196632 0.108095
vt 0.192320 0.161522
vt 0.189272 0.162129
vt 0.739886 0.939473
vt 0.739880 0.936424
vt 0.745134 0.939473
vt 0.739903 0.942058
vt 0.945969 0.008775
vt 0.940649 0.011631
vt 0.940725 0.008722
vt 0.945893 0.011683
vt 0.940649 0.059469
vt 0.940623 0.056636
vt 0.945893 0.059521
vt 0.940725 0.061595
vt 0.808042 0.941517
vt 0.813366 0.939168
vt 0.813285 0.941483
vt 0.808123 0.939203
vt 0.410396 0.080513
vt 0.421024 0.082583
vt 0.174068 0.086726
vt 0.279956 0.937274
vt 0.279953 0.934078
vt 0.285205 0.937274
vt 0.279965 0.939174
vt 0.389676 0.873298
vt 0.388191 0.868050
vt 0.389676 0.868054
vt 0.388191 0.873294
vt 0.386689 0.868114
vt 0.348245 0.944642
vt 0.353581 0.942398
vt 0.353488 0.944607
vt 0.348338 0.942432
vt 0.387513 0.402375
vt 0.481723 0.923370
vt 0.476480 0.923405
vt 0.178376 0.424245
vt 0.181712 0.323023
vt 0.181338 0.319345
vt 0.325413 0.888292
vt 0.330673 0.884688
vt 0.325429 0.884636
vt 0.330719 0.882326
vt 0.386689 0.799891
vt 0.388324 0.805135
vt 0.386689 0.805139
vt 0.388324 0.799886
vt 0.390385 0.805147
vt 0.836083 0.884793
vt 0.830839 0.884835
vt 0.330655 0.934987
vt 0.325428 0.938432
vt 0.325411 0.934934
vt 0.330671 0.938484
vt 0.325476 0.940333
vt 0.307965 0.957928
vt 0.302659 0.959433
vt 0.302723 0.957831
vt 0.307901 0.959529
vt 0.302659 0.961717
vt 0.307901 0.961814
vt 0.302723 0.964462
vt 0.414972 0.319345
vt 0.168199 0.297105
vt 0.169794 0.298048
vt 0.903684 0.964062
vt 0.898426 0.966262
vt 0.898441 0.964097
vt 0.903669 0.966227
vt 0.898381 0.967707
vt 0.969357 0.402579
vt 0.964177 0.403893
vt 0.964114 0.402644
vt 0.969420 0.403828
vt 0.964214 0.405712
vt 0.969458 0.405647
vt 0.903684 0.947343
vt 0.166804 0.396183
vt 0.169331 0.395711
vt 0.414840 0.394631
vt 0.425168 0.392357
vt 0.193174 0.949536
vt 0.187934 0.949339
vt 0.193243 0.947514
vt 0.188003 0.947317
vt 0.193355 0.945863
vt 0.967467 0.787105
vt 0.972711 0.784578
vt 0.972716 0.787105
vt 0.972711 0.766851
vt 0.417933 0.424245
vt 0.183700 0.423221
vt 0.179685 0.425554
vt 0.476458 0.925108
vt 0.481701 0.925073
vt 0.476396 0.926219
vt 0.408009 0.978454
vt 0.413233 0.976876
vt 0.413253 0.978510
vt 0.408009 0.946819
vt 0.413253 0.946875
vt 0.194122 0.342852
vt 0.419884 0.317846
vt 0.249124 0.296629
vt 0.347185 0.296629
vt 0.416624 0.425554
vt 0.401102 0.297005
vt 0.175486 0.274320
vt 0.430344 0.296780
vt 0.196613 0.296629
vt 0.195208 0.297005
vt 0.429506 0.396183
vt 0.273827 0.280181
vt 0.271358 0.279519
vt 0.326760 0.277711
vt 0.399697 0.296629
vt 0.340891 0.298282
vt 0.340255 0.300198
vt 0.344312 0.305286
vt 0.341434 0.302611
vt 0.253031 0.297053
vt 0.265411 0.310692
vt 0.251998 0.305286
vt 0.343279 0.297053
vt 0.326295 0.309124
vt 0.267831 0.309365
vt 0.031856 0.889765
vt 0.323450 0.311887
vt 0.271747 0.309993
vt 0.270014 0.309124
vt 0.324563 0.309993
vt 0.273243 0.354107
vt 0.276046 0.357090
vt 0.272866 0.355511
vt 0.324472 0.356540
vt 0.180251 0.317140
vt 0.382655 0.356434
vt 0.384782 0.352857
vt 0.213654 0.356434
vt 0.384639 0.355035
vt 0.211670 0.355035
vt 0.170592 0.299517
vt 0.169575 0.303419
vt 0.402130 0.298033
vt 0.165966 0.296780
vt 0.428110 0.297105
vt 0.187920 0.917451
vt 0.187920 0.891042
vt 0.422248 0.320688
vt 0.426735 0.303419
vt 0.232431 0.174766
vt 0.196632 0.157211
vt 0.401404 0.159795
vt 0.194905 0.159795
vt 0.403989 0.161522
vt 0.407038 0.162129
vt 0.181315 0.191903
vt 0.410053 0.195205
vt 0.406752 0.200147
vt 0.186256 0.195205
vt 0.405592 0.205976
vt 0.268888 0.192414
vt 0.269550 0.189945
vt 0.324952 0.188137
vt 0.330290 0.174766
vt 0.271655 0.171513
vt 0.289432 0.174610
vt 0.327037 0.173895
vt 0.269273 0.106616
vt 0.266020 0.105744
vt 0.323783 0.112251
vt 0.317277 0.105684
vt 0.324655 0.108998
vt 0.226796 0.108998
vt 0.225925 0.112251
vt 0.219423 0.105480
vt 0.363878 0.105744
vt 0.367132 0.106616
vt 0.194905 0.105510
vt 0.192320 0.103783
vt 0.399071 0.111144
vt 0.391110 0.103501
vt 0.399677 0.108095
vt 0.401404 0.105510
vt 0.189272 0.103177
vt 0.306877 0.105588
vt 0.327953 0.071915
vt 0.306877 0.091405
vt 0.268357 0.071915
vt 0.289432 0.078156
vt 0.917490 0.115226
vt 0.922788 0.102292
vt 0.917544 0.102323
vt 0.263144 0.078709
vt 0.289432 0.091405
vt 0.333166 0.078709
vt 0.339960 0.083923
vt 0.289432 0.105588
vt 0.205481 0.025085
vt 0.206810 0.027254
vt 0.384772 0.039111
vt 0.203989 0.016066
vt 0.390829 0.017567
vt 0.197094 0.040881
vt 0.195495 0.039057
vt 0.406031 0.039756
vt 0.197096 0.074853
vt 0.195505 0.076637
vt 0.211538 0.039111
vt 0.403187 0.076996
vt 0.400805 0.076637
vt 0.405997 0.075876
vt 0.175285 0.082583
vt 0.176388 0.084381
vt 0.419922 0.084381
vt 0.420341 0.085809
vt 0.175968 0.085809
vt 0.422242 0.086726
vt 0.425437 0.087041
vt 0.181351 0.374581
vt 0.416009 0.376762
vt 0.178665 0.377241
vt 0.419705 0.375971
vt 0.180301 0.376762
vt 0.417644 0.377241
vt 0.181469 0.394631
vt 0.170149 0.389985
vt 0.171142 0.392357
vt 0.170855 0.394368
vt 0.426978 0.395711
vt 0.425455 0.394368
vt 0.208796 0.419356
vt 0.256885 0.356916
vt 0.332630 0.387669
vt 0.693418 0.875535
vt 0.698755 0.008722
vt 0.616385 0.032498
vt 0.605169 0.701526
vt 0.906393 0.467220
vt 0.520903 0.740907
vt 0.722334 0.499937
vt 0.722371 0.623589
vt 0.581203 0.475614
vt 0.209156 0.476946
vt 0.008722 0.777191
vt 0.894578 0.276089
vt 0.171565 0.830945
vt 0.940916 0.918955
vt 0.369242 0.817478
vt 0.075953 0.839907
vt 0.369242 0.789148
vt 0.171406 0.777128
vt 0.480609 0.848138
vt 0.722397 0.710061
vt 0.991122 0.723709
vt 0.857283 0.830614
vt 0.739880 0.826250
vt 0.874840 0.670998
vt 0.877133 0.411676
vt 0.739943 0.614567
vt 0.816212 0.467713
vt 0.784627 0.443498
vt 0.918319 0.434295
vt 0.191711 0.759683
vt 0.875244 0.910318
vt 0.543834 0.725863
vt 0.369244 0.834923
vt 0.210657 0.906506
vt 0.114402 0.777128
vt 0.548581 0.842137
vt 0.132179 0.836284
vt 0.739917 0.701039
vt 0.898429 0.866855
vt 0.926372 0.746673
vt 0.302659 0.781854
vt 0.921129 0.901435
vt 0.880079 0.968585
vt 0.587587 0.187475
vt 0.503635 0.025085
vt 0.897928 0.909180
vt 0.210657 0.778183
vt 0.307967 0.934934
vt 0.302721 0.888344
vt 0.762626 0.890090
vt 0.950018 0.854518
vt 0.372021 0.898843
vt 0.674844 0.940207
vt 0.561834 0.434062
vt 0.572178 0.442736
vt 0.561282 0.451097
vt 0.555040 0.439275
vt 0.585794 0.419151
vt 0.041269 0.439275
vt 0.035028 0.451097
vt 0.946669 0.385134
vt 0.628584 0.899940
vt 0.100343 0.978359
vt 0.697631 0.940207
vt 0.089359 0.402375
vt 0.479505 0.374581
vt 0.499239 0.977679
vt 0.963414 0.054090
vt 0.544901 0.943311
vt 0.521949 0.925751
vt 0.963656 0.919003
vt 0.674906 0.965250
vt 0.458875 0.865583
vt 0.968658 0.008722
vt 0.958412 0.964335
vt 0.430939 0.964894
vt 0.302763 0.864781
vt 0.949594 0.871963
vt 0.193212 0.853863
vt 0.132389 0.866376
vt 0.155077 0.927813
vt 0.082758 0.938528
vt 0.922798 0.188825
vt 0.963790 0.320501
vt 0.969033 0.276059
vt 0.238598 0.777128
vt 0.285197 0.956619
vt 0.504487 0.943681
vt 0.160317 0.945258
vt 0.945487 0.188781
vt 0.813285 0.884793
vt 0.386689 0.845302
vt 0.353488 0.892718
vt 0.476480 0.868937
vt 0.390385 0.827845
vt 0.573455 0.865635
vt 0.386689 0.777141
vt 0.568211 0.922237
vt 0.880079 0.927859
vt 0.469296 0.392357
vt 0.972716 0.746597
vt 0.132179 0.977830
vt 0.132179 0.946196
vt 0.102650 0.076637
vt 0.493659 0.076637
vt 0.474123 0.085809
vt 0.917422 0.131611
vt 0.256079 0.777128
vt 0.193355 0.978098
vt 0.054616 0.947562
vt 0.917934 0.008753
vt 0.969466 0.407859
vt 0.306877 0.187475
vt 0.899826 0.258614
vt 0.785348 0.941747
vt 0.261327 0.945907
vt 0.527176 0.943197
vt 0.610275 0.893815
vt 0.944774 0.746597
vt 0.327417 0.427267
vt 0.322287 0.442736
vt 0.332630 0.434062
vt 0.359488 0.458145
vt 0.345871 0.456353
vt 0.323022 0.410865
vt 0.289432 0.405535
vt 0.282384 0.431840
vt 0.268893 0.427267
vt 0.248974 0.442552
vt 0.256885 0.439275
vt 0.946251 0.322451
vt 0.972707 0.804550
vt 0.656817 0.893815
vt 0.941425 0.402579
vt 0.223545 0.083923
vt 0.963495 0.120238
vt 0.836177 0.888130
vt 0.261322 0.882070
vt 0.476490 0.979975
vt 0.077656 0.857352
vt 0.082898 0.921083
vt 0.326280 0.963075
vt 0.785348 0.884793
vt 0.306877 0.280181
vt 0.697632 0.957704
vt 0.544643 0.865585
vt 0.499168 0.865619
vt 0.325452 0.777176
vt 0.940623 0.151304
vt 0.054812 0.857352
vt 0.137422 0.928660
vt 0.408122 0.865583
vt 0.031677 0.940754
vt 0.436054 0.929331
vt 0.413366 0.929375
vt 0.836102 0.966133
vt 0.215910 0.889061
vt 0.967558 0.861767
vt 0.972802 0.898419
vt 0.745151 0.942058
vt 0.945969 0.061647
vt 0.285214 0.939174
vt 0.386689 0.873358
vt 0.325476 0.882274
vt 0.390385 0.799899
vt 0.330719 0.940386
vt 0.307965 0.964558
vt 0.903624 0.967672
vt 0.188115 0.945666
vt 0.967463 0.784578
vt 0.481639 0.926185
vt 0.407989 0.976821
vt 0.289432 0.187475
s 1
f 7/1/1 227/2/2 228/3/1
f 232/4/3 298/5/4 233/6/5
f 230/7/6 301/8/7 229/9/8
f 1/10/9 295/11/10 230/7/6
f 98/12/11 34/13/12 94/14/13
f 229/9/8 297/15/14 231/16/15
f 231/16/15 300/17/3 232/18/3
f 54/19/16 23/20/12 42/21/17
f 53/22/18 90/23/19 58/24/20
f 234/25/21 296/26/22 235/27/23
f 85/28/24 97/29/25 93/30/26
f 296/26/22 268/31/27 270/32/27
f 57/33/28 31/34/12 54/19/16
f 62/35/29 35/36/12 65/37/30
f 94/14/13 32/38/12 62/35/29
f 61/39/31 85/28/24 93/30/26
f 33/40/12 98/12/11 13/41/32
f 233/6/5 299/42/33 234/25/21
f 117/43/34 109/44/35 113/45/36
f 18/46/37 102/47/38 14/48/39
f 15/49/40 114/50/41 16/51/42
f 16/52/42 110/53/43 17/54/44
f 17/54/44 106/55/45 18/46/37
f 2/56/12 417/57/12 419/58/12
f 66/59/46 82/60/47 61/39/31
f 58/61/20 77/62/48 66/63/46
f 23/20/12 411/64/12 408/65/12
f 41/66/49 393/67/50 49/68/51
f 22/69/12 410/70/12 411/64/12
f 24/71/12 28/72/12 26/73/12
f 21/74/12 407/75/12 410/70/12
f 31/34/12 22/69/12 23/20/12
f 26/73/12 36/76/12 33/40/12
f 49/68/51 53/22/18 41/66/49
f 29/77/12 21/74/12 22/69/12
f 27/78/12 25/79/12 21/74/12
f 35/36/12 29/77/12 31/34/12
f 65/37/30 35/36/12 57/33/28
f 32/38/12 27/78/12 29/77/12
f 13/41/32 118/80/52 15/49/40
f 34/13/12 28/72/12 27/78/12
f 42/21/17 396/81/53 44/82/54
f 44/82/54 395/83/55 43/84/56
f 43/84/56 394/85/57 41/86/49
f 70/87/58 51/88/59 72/89/60
f 72/89/60 52/90/61 71/91/62
f 71/91/62 50/92/63 69/93/64
f 54/19/16 44/82/54 56/94/65
f 56/94/65 43/84/56 55/95/66
f 55/95/66 41/86/49 53/96/18
f 74/97/67 87/98/68 76/99/69
f 76/99/69 88/100/70 75/101/71
f 75/101/71 86/102/72 73/103/73
f 62/35/29 67/104/74 64/105/75
f 64/105/75 68/106/76 63/107/77
f 63/107/77 66/63/46 61/108/31
f 69/93/64 91/109/78 71/91/62
f 71/91/62 92/110/79 72/89/60
f 72/89/60 90/23/19 70/87/58
f 65/37/30 59/111/80 67/104/74
f 67/104/74 60/112/81 68/106/76
f 68/106/76 58/61/20 66/63/46
f 57/33/28 56/94/65 59/111/80
f 59/111/80 55/95/66 60/112/81
f 60/112/81 53/96/18 58/61/20
f 94/14/13 64/105/75 96/113/82
f 96/113/82 63/107/77 95/114/83
f 95/114/83 61/108/31 93/115/26
f 82/60/47 79/116/84 84/117/85
f 84/117/85 80/118/86 83/119/87
f 83/119/87 78/120/88 81/121/89
f 85/28/24 84/117/85 87/98/68
f 87/98/68 83/119/87 88/100/70
f 88/100/70 81/121/89 86/102/72
f 77/122/48 92/123/79 79/116/84
f 79/124/84 91/109/78 80/125/86
f 80/125/86 89/126/90 78/127/88
f 45/128/91 378/129/92 47/130/93
f 47/130/93 376/131/94 48/132/95
f 48/132/95 382/133/96 46/134/97
f 98/12/11 96/113/82 100/135/98
f 100/135/98 95/114/83 99/136/99
f 99/136/99 93/115/26 97/137/25
f 117/43/34 115/138/100 119/139/101
f 119/139/101 116/140/102 120/141/103
f 120/141/103 114/50/41 118/80/52
f 113/142/36 111/143/104 115/144/100
f 115/144/100 112/145/105 116/146/102
f 116/146/102 110/53/43 114/147/41
f 109/148/35 107/149/106 111/143/104
f 111/143/104 108/150/107 112/145/105
f 112/145/105 106/55/45 110/53/43
f 105/151/108 103/152/109 107/149/106
f 107/149/106 104/153/110 108/150/107
f 108/150/107 102/47/38 106/55/45
f 101/154/111 76/99/69 103/152/109
f 103/152/109 75/101/71 104/153/110
f 104/153/110 73/103/73 102/47/38
f 97/137/25 119/139/101 99/136/99
f 99/136/99 120/141/103 100/135/98
f 100/135/98 118/80/52 98/12/11
f 42/21/17 408/65/12 398/155/112
f 101/154/111 117/156/34 97/29/25
f 74/97/67 101/154/111 97/29/25
f 6/157/113 228/3/1 30/158/113
f 241/159/114 306/160/115 302/161/114
f 239/162/116 309/163/117 303/164/118
f 121/165/119 303/164/118 307/166/120
f 204/167/121 148/168/12 150/169/12
f 238/170/122 305/171/123 309/163/117
f 240/172/124 302/173/114 305/171/123
f 160/174/125 137/175/12 145/176/12
f 159/177/126 196/178/127 176/179/128
f 243/180/129 304/181/130 308/182/131
f 191/183/132 203/184/133 180/185/134
f 276/186/135 267/187/27 304/181/130
f 163/188/136 145/176/12 149/189/12
f 168/190/137 149/189/12 146/191/12
f 200/192/138 146/191/12 148/168/12
f 167/193/139 191/183/132 188/194/140
f 147/195/12 204/167/121 150/169/12
f 242/196/141 308/182/131 306/160/115
f 223/197/142 215/198/143 211/199/144
f 134/200/145 208/201/146 212/202/147
f 131/203/148 220/204/149 224/205/150
f 132/206/151 216/207/152 220/208/149
f 133/209/153 212/202/147 216/207/152
f 2/56/12 423/210/12 12/211/12
f 172/212/154 188/194/140 183/213/155
f 164/214/156 183/213/155 196/178/127
f 137/175/12 432/215/12 136/216/12
f 151/217/157 406/218/158 402/219/159
f 136/216/12 433/220/12 135/221/12
f 138/222/12 142/223/12 139/224/12
f 135/221/12 435/225/12 139/224/12
f 145/176/12 136/216/12 143/226/12
f 140/227/12 150/169/12 142/223/12
f 155/228/160 159/229/126 176/230/128
f 123/231/161 253/232/162 248/233/161
f 143/226/12 135/221/12 141/234/12
f 141/234/12 139/224/12 142/223/12
f 149/189/12 143/226/12 146/191/12
f 171/235/163 163/188/136 149/189/12
f 146/191/12 141/234/12 148/168/12
f 129/236/164 224/205/150 204/167/121
f 148/168/12 142/223/12 150/169/12
f 152/237/165 399/238/166 401/239/167
f 154/240/168 405/241/169 399/238/166
f 153/242/170 402/243/159 405/241/169
f 176/230/128 157/244/171 155/228/160
f 178/245/172 158/246/173 157/244/171
f 177/247/174 156/248/175 158/246/173
f 160/174/125 154/240/168 152/237/165
f 162/249/176 153/242/170 154/240/168
f 161/250/177 151/251/157 153/242/170
f 180/252/134 193/253/178 191/254/132
f 182/255/179 194/256/180 193/253/178
f 181/257/181 192/258/182 194/256/180
f 168/190/137 173/259/183 171/235/163
f 170/260/184 174/261/185 173/259/183
f 169/262/186 172/212/154 174/261/185
f 175/263/187 197/264/188 195/265/189
f 177/247/174 198/266/190 197/264/188
f 178/267/172 196/178/127 198/268/190
f 171/235/163 165/269/191 163/188/136
f 173/259/183 166/270/192 165/269/191
f 174/261/185 164/214/156 166/270/192
f 163/188/136 162/249/176 160/174/125
f 165/269/191 161/250/177 162/249/176
f 166/270/192 159/177/126 161/250/177
f 200/192/138 170/260/184 168/190/137
f 202/271/193 169/262/186 170/260/184
f 201/272/194 167/193/139 169/262/186
f 188/273/140 185/274/195 183/275/155
f 190/276/196 186/277/197 185/274/195
f 189/278/198 184/279/199 186/277/197
f 191/254/132 190/276/196 188/273/140
f 193/253/178 189/278/198 190/276/196
f 194/256/180 187/280/200 189/278/198
f 183/275/155 198/281/190 196/282/127
f 185/274/195 197/283/188 198/281/190
f 186/284/197 195/265/189 197/264/188
f 45/128/91 367/285/201 368/286/202
f 47/130/93 369/287/203 367/285/201
f 48/132/95 372/288/204 369/287/203
f 204/167/121 202/271/193 200/192/138
f 206/289/205 201/272/194 202/271/193
f 205/290/206 199/291/207 201/272/194
f 223/197/142 221/292/208 219/293/209
f 225/294/210 222/295/211 221/292/208
f 226/296/212 220/204/149 222/295/211
f 219/297/209 217/298/213 215/299/143
f 221/300/208 218/301/214 217/298/213
f 222/302/211 216/207/152 218/301/214
f 215/299/143 213/303/215 211/304/144
f 217/298/213 214/305/216 213/303/215
f 218/301/214 212/202/147 214/305/216
f 211/304/144 209/306/217 207/307/218
f 213/303/215 210/308/219 209/306/217
f 214/305/216 208/201/146 210/308/219
f 207/307/218 182/255/179 180/252/134
f 209/306/217 181/257/181 182/255/179
f 210/308/219 179/309/220 181/257/181
f 203/184/133 225/294/210 223/197/142
f 205/290/206 226/296/212 225/294/210
f 206/289/205 224/205/150 226/296/212
f 152/237/165 434/310/12 137/175/12
f 207/311/218 223/197/142 211/199/144
f 180/185/134 203/184/133 207/311/218
f 8/312/2 236/313/221 227/2/2
f 6/314/222 230/315/222 229/316/222
f 7/317/222 229/316/222 231/318/222
f 8/319/222 231/318/222 232/320/222
f 9/321/222 232/320/222 233/322/222
f 10/323/222 233/322/222 234/324/222
f 5/325/222 234/324/222 235/326/222
f 273/327/222 235/326/222 274/328/222
f 4/329/222 1/330/222 230/315/222
f 245/331/223 144/332/224 254/333/223
f 124/334/225 247/335/226 249/336/225
f 122/337/222 238/338/222 239/339/222
f 124/340/222 240/341/222 238/338/222
f 125/342/222 241/343/222 240/341/222
f 126/344/222 242/345/222 241/343/222
f 127/346/222 243/347/222 242/345/222
f 128/348/222 244/349/222 243/347/222
f 123/350/222 272/351/222 244/349/222
f 246/352/222 239/339/222 121/353/222
f 122/354/226 255/355/227 247/335/226
f 125/356/228 249/336/225 250/357/228
f 271/358/229 248/233/161 269/359/229
f 9/360/221 237/361/230 236/362/221
f 10/363/230 3/364/231 237/361/230
f 126/365/232 250/357/228 251/366/232
f 5/367/231 275/368/229 3/364/231
f 127/369/233 251/370/232 252/371/233
f 4/372/224 30/158/113 144/332/224
f 128/373/162 252/371/233 253/232/162
f 258/374/234 277/375/235 278/376/236
f 289/377/237 293/378/223 275/379/223
f 263/380/238 310/381/239 283/382/240
f 260/383/241 279/384/242 280/385/243
f 268/386/244 286/387/245 288/388/246
f 257/389/247 280/385/243 277/375/235
f 276/390/227 271/391/227 269/392/227
f 259/393/248 284/394/249 279/384/242
f 261/395/250 278/376/236 281/396/251
f 265/397/252 287/398/253 285/399/252
f 266/400/254 282/401/255 286/387/245
f 270/402/256 288/388/246 289/377/237
f 264/403/257 283/382/240 284/404/249
f 290/405/258 293/406/135 292/407/135
f 262/408/259 281/396/251 282/409/255
f 292/407/135 289/410/27 287/411/27
f 287/411/27 288/412/27 285/413/260
f 288/412/27 283/414/27 310/413/261
f 282/415/27 283/414/27 286/416/27
f 284/417/27 281/418/27 279/419/27
f 279/419/27 278/420/27 280/421/27
f 277/422/27 280/421/27 278/420/27
f 269/392/227 292/423/227 287/398/253
f 274/424/223 275/379/223 273/425/223
f 269/392/227 290/426/227 292/423/227
f 273/425/223 293/378/223 291/427/223
f 296/26/22 270/32/27 256/428/135
f 299/42/33 324/429/4 325/430/33
f 296/26/22 325/430/33 322/431/22
f 297/15/14 321/432/7 323/433/14
f 298/5/4 326/434/3 324/429/4
f 300/17/3 323/433/14 326/435/3
f 301/8/7 320/436/262 321/432/7
f 295/11/10 319/437/263 320/436/262
f 306/160/115 313/438/131 317/439/115
f 308/182/131 312/440/130 313/438/131
f 309/163/117 316/441/123 314/442/117
f 302/161/114 317/439/115 315/443/114
f 305/171/123 315/444/114 316/441/123
f 304/181/130 265/445/27 312/440/130
f 303/164/118 314/442/117 311/446/264
f 307/166/120 311/446/264 318/447/265
f 312/440/130 263/448/27 338/449/130
f 311/446/264 335/450/117 337/451/266
f 318/447/265 337/451/266 341/452/265
f 317/439/115 342/453/131 340/454/115
f 313/438/131 338/449/130 342/453/131
f 314/442/117 339/455/123 335/450/117
f 315/443/114 340/454/115 336/456/114
f 310/457/12 265/457/12 285/457/12
f 316/441/123 336/458/114 339/455/123
f 326/435/3 330/459/14 327/460/3
f 325/430/33 331/461/4 332/462/33
f 321/432/7 328/463/267 329/464/7
f 322/431/22 332/462/33 333/465/22
f 320/436/262 334/466/268 328/463/267
f 323/433/14 329/464/7 330/459/14
f 268/31/27 333/465/22 266/467/27
f 324/429/4 327/468/3 331/461/4
f 329/464/7 344/469/269 345/470/7
f 331/461/4 350/471/3 348/472/4
f 333/465/22 349/473/33 346/474/22
f 328/463/267 343/475/270 344/469/269
f 327/460/3 347/476/14 350/477/3
f 330/459/14 345/470/7 347/476/14
f 332/462/33 348/472/4 349/473/33
f 266/467/27 346/474/22 262/478/27
f 341/452/265 352/479/271 356/480/272
f 340/454/115 358/481/131 355/482/115
f 339/455/123 351/483/114 354/484/123
f 342/453/131 353/485/130 358/481/131
f 338/449/130 264/486/27 353/485/130
f 335/450/117 354/484/123 357/487/117
f 337/451/266 357/487/117 352/479/271
f 336/456/114 355/482/115 351/488/114
f 343/475/270 14/48/39 102/47/38
f 350/477/3 81/121/89 78/120/88
f 345/470/7 73/103/73 86/102/72
f 347/476/14 86/102/72 81/121/89
f 348/472/4 78/127/88 89/126/90
f 349/473/33 89/126/90 69/93/64
f 346/474/22 69/93/64 50/92/63
f 262/478/27 50/92/63 391/489/273
f 353/485/130 404/490/202 156/248/175
f 352/479/271 179/309/220 208/201/146
f 357/487/117 187/280/200 192/258/182
f 355/482/115 175/263/187 195/265/189
f 352/479/271 192/258/182 179/309/220
f 354/484/123 184/279/199 187/280/200
f 351/488/114 195/265/189 184/491/199
f 358/481/131 156/248/175 175/263/187
f 362/492/159 372/288/204 371/493/274
f 364/494/202 403/495/275 404/490/202
f 366/496/276 374/497/277 373/498/276
f 359/499/275 400/500/278 403/495/275
f 364/494/202 260/501/27 368/286/202
f 360/502/166 370/503/169 374/497/277
f 361/504/203 406/218/158 400/500/278
f 365/505/169 371/506/274 370/503/169
f 368/286/202 257/507/27 45/128/91
f 368/286/202 359/499/275 364/494/202
f 371/493/274 46/134/97 37/508/279
f 374/497/277 39/509/280 40/510/281
f 367/285/201 361/504/203 359/499/275
f 369/287/203 363/511/282 361/504/203
f 373/498/276 40/510/281 38/512/283
f 370/503/169 37/513/279 39/509/280
f 378/129/92 383/514/273 385/515/284
f 382/133/96 37/508/279 46/134/97
f 258/516/27 45/128/91 257/507/27
f 381/517/285 38/512/283 40/510/281
f 376/131/94 385/515/284 390/518/94
f 380/519/55 40/510/281 39/509/280
f 382/133/96 390/518/94 389/520/96
f 379/521/286 39/509/280 37/513/279
f 389/520/96 397/522/287 393/67/50
f 389/520/96 379/523/286 382/133/96
f 261/524/27 377/525/273 258/516/27
f 388/526/53 375/527/276 381/517/285
f 384/528/55 381/517/285 380/519/55
f 390/518/94 392/529/284 397/522/287
f 385/515/284 391/489/273 392/529/284
f 386/530/57 380/519/55 379/521/286
f 393/67/50 386/531/57 389/520/96
f 395/83/55 388/526/53 384/528/55
f 396/81/53 387/532/276 388/526/53
f 393/67/50 51/88/59 49/68/51
f 397/522/287 52/90/61 51/88/59
f 391/489/273 261/524/27 262/478/27
f 392/529/284 50/92/63 52/90/61
f 394/85/57 384/528/55 386/530/57
f 403/495/275 157/244/171 158/246/173
f 402/219/159 363/511/282 362/492/159
f 400/500/278 155/228/160 157/244/171
f 404/490/202 158/246/173 156/248/175
f 404/490/202 259/533/27 364/494/202
f 399/238/166 365/505/169 360/502/166
f 401/239/167 360/502/166 366/496/276
f 405/241/169 362/534/159 365/505/169
f 408/65/12 416/535/12 413/536/12
f 409/537/12 25/79/12 24/71/12
f 411/64/12 415/538/12 416/535/12
f 398/155/112 413/536/12 387/532/276
f 410/70/12 412/539/12 415/538/12
f 416/535/12 420/540/12 421/541/12
f 414/542/12 407/75/12 409/537/12
f 387/532/276 418/543/12 375/527/276
f 415/538/12 417/57/12 420/540/12
f 413/536/12 421/541/12 418/543/12
f 419/58/12 412/539/12 414/542/12
f 375/527/276 20/544/12 38/512/283
f 420/540/12 12/211/12 11/545/12
f 418/543/12 19/546/12 20/544/12
f 421/541/12 11/545/12 19/546/12
f 423/210/12 429/547/12 428/548/12
f 426/549/12 19/546/12 11/545/12
f 422/550/12 38/512/283 20/544/12
f 423/210/12 11/545/12 12/211/12
f 425/551/12 20/544/12 19/546/12
f 428/548/12 436/552/12 435/225/12
f 427/553/12 425/551/12 426/549/12
f 431/554/12 373/498/276 422/550/12
f 428/548/12 426/549/12 423/210/12
f 430/555/12 422/550/12 425/551/12
f 435/225/12 138/222/12 139/224/12
f 433/220/12 430/555/12 427/553/12
f 434/310/12 366/496/276 431/554/12
f 435/225/12 427/553/12 428/548/12
f 432/215/12 431/554/12 430/555/12
f 441/556/288 642/557/289 442/558/289
f 647/559/290 708/560/291 710/561/290
f 645/562/292 711/563/293 705/564/294
f 1/10/9 705/564/294 294/565/295
f 523/566/296 459/567/12 461/568/12
f 644/569/297 707/570/298 711/563/293
f 646/571/299 710/572/290 707/570/298
f 479/573/300 451/574/12 457/575/12
f 478/576/301 515/577/302 495/578/303
f 649/579/304 706/580/305 709/581/306
f 510/582/307 522/583/308 499/584/309
f 706/580/305 679/585/310 729/586/305
f 482/587/311 457/575/12 460/588/12
f 487/589/312 460/588/12 458/590/12
f 519/591/313 458/590/12 459/567/12
f 486/592/314 510/582/307 507/593/315
f 33/40/12 523/566/296 461/568/12
f 648/594/316 709/581/306 708/560/291
f 542/595/317 534/596/318 530/597/319
f 18/46/37 527/598/320 531/599/321
f 15/49/40 539/600/322 543/601/323
f 16/52/42 535/602/324 539/603/322
f 17/54/44 531/599/321 535/602/324
f 2/56/12 818/604/12 446/605/12
f 491/606/325 507/593/315 502/607/326
f 483/608/327 502/609/326 515/610/302
f 451/574/12 813/611/12 450/612/12
f 466/613/328 796/614/329 797/615/330
f 450/612/12 812/616/12 449/617/12
f 24/71/12 454/618/12 452/619/12
f 449/617/12 810/620/12 452/619/12
f 457/575/12 450/612/12 455/621/12
f 26/73/12 461/568/12 454/618/12
f 474/622/331 478/576/301 495/578/303
f 455/621/12 449/617/12 453/623/12
f 453/623/12 452/619/12 454/618/12
f 460/588/12 455/621/12 458/590/12
f 490/624/332 482/587/311 460/588/12
f 458/590/12 453/623/12 459/567/12
f 13/41/32 543/601/323 523/566/296
f 459/567/12 454/618/12 461/568/12
f 467/625/333 799/626/334 801/627/335
f 469/628/336 798/629/337 799/626/334
f 468/630/338 797/631/330 798/629/337
f 495/578/303 476/632/339 474/622/331
f 497/633/340 477/634/341 476/632/339
f 496/635/342 475/636/343 477/634/341
f 479/573/300 469/628/336 467/625/333
f 481/637/344 468/630/338 469/628/336
f 480/638/345 466/639/328 468/630/338
f 499/584/309 512/640/346 510/582/307
f 501/641/347 513/642/348 512/640/346
f 500/643/349 511/644/350 513/642/348
f 487/589/312 492/645/351 490/624/332
f 489/646/352 493/647/353 492/645/351
f 488/648/354 491/649/325 493/647/353
f 494/650/355 516/651/356 514/652/357
f 496/635/342 517/653/358 516/651/356
f 497/633/340 515/577/302 517/653/358
f 490/624/332 484/654/359 482/587/311
f 492/645/351 485/655/360 484/654/359
f 493/647/353 483/608/327 485/655/360
f 482/587/311 481/637/344 479/573/300
f 484/654/359 480/638/345 481/637/344
f 485/655/360 478/656/301 480/638/345
f 519/591/313 489/646/352 487/589/312
f 521/657/361 488/648/354 489/646/352
f 520/658/362 486/659/314 488/648/354
f 507/593/315 504/660/363 502/607/326
f 509/661/364 505/662/365 504/660/363
f 508/663/366 503/664/367 505/662/365
f 510/582/307 509/661/364 507/593/315
f 512/640/346 508/663/366 509/661/364
f 513/642/348 506/665/368 508/663/366
f 502/607/326 517/666/358 515/667/302
f 504/668/363 516/651/356 517/653/358
f 505/669/365 514/652/357 516/651/356
f 470/670/369 781/671/370 780/672/371
f 472/673/372 779/674/373 781/671/370
f 473/675/374 785/676/375 779/674/373
f 523/566/296 521/657/361 519/591/313
f 525/677/376 520/658/362 521/657/361
f 524/678/377 518/679/378 520/658/362
f 542/595/317 540/680/379 538/681/380
f 544/682/381 541/683/382 540/680/379
f 545/684/383 539/600/322 541/683/382
f 538/685/380 536/686/384 534/687/318
f 540/688/379 537/689/385 536/686/384
f 541/690/382 535/602/324 537/689/385
f 534/687/318 532/691/386 530/692/319
f 536/686/384 533/693/387 532/691/386
f 537/689/385 531/599/321 533/693/387
f 530/692/319 528/694/388 526/695/389
f 532/691/386 529/696/390 528/694/388
f 533/693/387 527/598/320 529/696/390
f 526/695/389 501/641/347 499/584/309
f 528/694/388 500/643/349 501/641/347
f 529/696/390 498/697/391 500/643/349
f 522/698/308 544/682/381 542/595/317
f 524/678/377 545/684/383 544/682/381
f 525/677/376 543/601/323 545/684/383
f 467/625/333 811/699/12 451/574/12
f 526/695/389 542/700/317 530/692/319
f 499/584/309 522/583/308 526/695/389
f 440/701/392 643/702/288 441/556/288
f 656/703/393 716/704/394 657/705/395
f 654/706/396 718/707/397 653/708/398
f 121/165/119 713/709/399 654/706/396
f 619/710/400 563/711/12 615/712/401
f 653/708/398 715/713/402 655/714/403
f 655/714/403 712/715/393 656/703/393
f 575/716/404 555/717/12 567/718/405
f 574/719/406 611/720/407 579/721/408
f 658/722/409 714/723/410 659/724/411
f 606/725/412 618/726/413 614/727/414
f 714/723/410 678/728/310 687/729/415
f 578/730/416 561/731/12 575/716/404
f 583/732/417 564/733/12 586/734/418
f 615/712/401 562/735/12 583/732/417
f 582/736/419 606/725/412 614/727/414
f 147/195/12 619/710/400 129/236/164
f 657/737/395 717/738/420 658/722/409
f 638/739/421 630/740/422 634/741/423
f 134/200/145 623/742/424 130/743/425
f 131/203/148 635/744/426 132/745/151
f 132/206/151 631/746/427 133/209/153
f 133/209/153 627/747/428 134/200/145
f 2/56/12 823/748/12 424/749/12
f 587/750/429 603/751/430 582/736/419
f 579/752/408 598/753/431 587/750/429
f 555/717/12 830/754/12 832/755/12
f 566/756/432 809/757/433 570/758/434
f 554/759/12 831/760/12 830/754/12
f 138/222/12 558/761/12 140/227/12
f 553/762/12 833/763/12 831/760/12
f 561/731/12 554/759/12 555/717/12
f 140/227/12 565/764/12 147/195/12
f 570/758/434 574/765/406 566/756/432
f 547/766/435 666/767/436 552/768/436
f 559/769/12 553/762/12 554/759/12
f 557/770/12 556/771/12 553/762/12
f 564/733/12 559/769/12 561/731/12
f 586/734/418 564/733/12 578/730/416
f 562/735/12 557/770/12 559/769/12
f 129/236/164 639/772/437 131/203/148
f 563/711/12 558/761/12 557/770/12
f 567/718/405 802/773/438 569/774/439
f 569/774/439 808/775/440 568/776/441
f 568/776/441 805/777/442 566/778/432
f 591/779/443 572/780/444 593/781/445
f 593/781/445 573/782/446 592/783/447
f 592/783/447 571/784/448 590/785/449
f 575/716/404 569/774/439 577/786/450
f 577/786/450 568/776/441 576/787/451
f 576/787/451 566/778/432 574/719/406
f 595/788/452 608/789/453 597/790/454
f 597/790/454 609/791/455 596/792/456
f 596/792/456 607/793/457 594/794/458
f 583/732/417 588/795/459 585/796/460
f 585/796/460 589/797/461 584/798/462
f 584/798/462 587/799/429 582/800/419
f 590/785/449 612/801/463 592/783/447
f 592/783/447 613/802/464 593/781/445
f 593/803/445 611/804/407 591/805/443
f 586/734/418 580/806/465 588/795/459
f 588/795/459 581/807/466 589/797/461
f 589/797/461 579/721/408 587/799/429
f 578/730/416 577/786/450 580/806/465
f 580/806/465 576/787/451 581/807/466
f 581/807/466 574/719/406 579/721/408
f 615/712/401 585/796/460 617/808/467
f 617/808/467 584/798/462 616/809/468
f 616/809/468 582/800/419 614/810/414
f 603/751/430 600/811/469 605/812/470
f 605/812/470 601/813/471 604/814/472
f 604/814/472 599/815/473 602/816/474
f 606/725/412 605/812/470 608/789/453
f 608/789/453 604/814/472 609/791/455
f 609/791/455 602/816/474 607/793/457
f 598/753/431 613/817/464 600/811/469
f 600/811/469 612/818/463 601/813/471
f 601/813/471 610/819/475 599/815/473
f 470/670/369 770/820/476 472/673/372
f 472/673/372 772/821/477 473/675/374
f 473/675/374 775/822/478 471/823/479
f 619/710/400 617/808/467 621/824/480
f 621/824/480 616/809/468 620/825/481
f 620/825/481 614/810/414 618/826/413
f 638/827/421 636/828/482 640/829/483
f 640/829/483 637/830/484 641/831/485
f 641/831/485 635/744/426 639/772/437
f 634/741/423 632/832/486 636/833/482
f 636/833/482 633/834/487 637/835/484
f 637/835/484 631/746/427 635/836/426
f 630/740/422 628/837/488 632/832/486
f 632/832/486 629/838/489 633/834/487
f 633/834/487 627/747/428 631/746/427
f 626/839/490 624/840/491 628/837/488
f 628/837/488 625/841/492 629/838/489
f 629/838/489 623/742/424 627/747/428
f 622/842/493 597/790/454 624/840/491
f 624/840/491 596/792/456 625/841/492
f 625/841/492 594/794/458 623/742/424
f 618/826/413 640/829/483 620/825/481
f 620/825/481 641/831/485 621/824/480
f 621/824/480 639/772/437 619/710/400
f 567/718/405 832/755/12 804/843/494
f 622/842/493 638/739/421 618/726/413
f 595/788/452 622/842/493 618/726/413
f 442/844/289 651/845/495 443/846/495
f 440/847/222 645/848/222 438/849/222
f 441/850/222 644/851/222 440/847/222
f 442/852/222 646/853/222 441/850/222
f 443/854/222 647/855/222 442/852/222
f 444/856/222 648/857/222 443/854/222
f 439/858/222 649/859/222 444/856/222
f 684/860/222 650/861/222 439/858/222
f 438/849/222 1/330/222 245/862/222
f 245/331/223 560/863/496 438/864/496
f 548/865/497 660/866/498 546/867/498
f 546/868/222 653/869/222 548/870/222
f 548/870/222 655/871/222 549/872/222
f 549/872/222 656/873/222 550/874/222
f 550/874/222 657/875/222 551/876/222
f 551/876/222 658/877/222 552/878/222
f 552/878/222 659/879/222 547/880/222
f 547/880/222 683/881/222 682/882/222
f 246/352/222 654/883/222 546/868/222
f 546/867/498 255/355/227 246/884/227
f 549/885/499 662/886/497 548/865/497
f 682/887/500 661/888/435 547/766/435
f 443/846/495 652/889/501 444/890/501
f 444/890/501 437/891/502 439/892/502
f 550/893/503 663/894/499 549/885/499
f 439/892/502 686/895/500 684/896/500
f 551/897/504 664/898/503 550/899/503
f 438/864/496 456/900/392 440/701/392
f 552/768/436 665/901/504 551/897/504
f 669/902/234 688/903/235 668/904/247
f 686/905/223 700/906/237 681/907/256
f 674/908/238 719/909/239 676/910/239
f 671/911/241 690/912/242 670/913/248
f 679/914/244 697/915/245 677/916/254
f 668/904/247 691/917/243 671/911/241
f 687/918/227 682/919/227 683/920/227
f 670/913/248 695/921/249 675/922/257
f 672/923/250 689/924/236 669/902/234
f 676/925/252 698/926/253 678/927/505
f 677/916/254 693/928/255 673/929/259
f 681/907/256 699/930/246 679/914/244
f 675/931/257 694/932/240 674/908/238
f 701/933/506 704/934/415 702/935/506
f 673/936/259 692/937/251 672/923/250
f 703/938/415 700/939/310 704/934/415
f 698/940/310 699/941/310 700/939/310
f 696/942/507 694/943/508 699/941/310
f 693/944/310 694/943/508 695/945/310
f 695/945/310 692/946/310 693/944/310
f 690/947/310 689/948/310 692/946/310
f 688/949/310 689/948/310 691/950/310
f 698/926/253 703/951/227 680/952/227
f 685/953/223 686/905/223 667/954/223
f 680/952/227 701/955/227 682/919/227
f 684/956/223 704/957/223 686/905/223
f 667/958/415 681/959/310 706/580/305
f 709/581/306 731/960/291 708/560/291
f 706/580/305 732/961/306 709/581/306
f 707/570/298 728/962/293 711/563/293
f 708/560/291 733/963/290 710/561/290
f 710/572/290 730/964/298 707/570/298
f 711/563/293 727/965/509 705/564/294
f 705/564/294 319/437/263 294/565/295
f 716/966/394 722/967/420 717/738/420
f 717/738/420 721/968/410 714/723/410
f 718/707/397 725/969/402 715/713/402
f 712/715/393 726/970/394 716/704/394
f 715/713/402 724/971/393 712/715/393
f 714/723/410 676/972/310 678/728/310
f 713/709/399 723/973/397 718/707/397
f 307/166/120 720/974/510 713/709/399
f 721/968/410 674/975/310 676/972/310
f 720/974/510 741/976/397 723/973/397
f 318/447/265 743/977/511 720/974/510
f 726/978/394 747/979/420 722/967/420
f 722/967/420 744/980/410 721/968/410
f 723/973/397 745/981/402 725/969/402
f 724/971/393 746/982/394 726/970/394
f 719/983/12 696/983/12 676/983/12
f 725/969/402 742/984/393 724/971/393
f 733/985/290 737/986/298 730/964/298
f 732/961/306 738/987/291 731/960/291
f 728/962/293 735/988/512 727/965/509
f 729/586/305 739/989/306 732/961/306
f 727/965/509 334/466/268 319/437/263
f 730/964/298 736/990/293 728/962/293
f 679/585/310 740/991/305 729/586/305
f 731/960/291 734/992/290 733/963/290
f 736/990/293 748/993/513 735/988/512
f 738/987/291 754/994/290 734/992/290
f 740/991/305 753/995/306 739/989/306
f 735/988/512 343/475/270 334/466/268
f 734/996/290 751/997/298 737/986/298
f 737/986/298 749/998/293 736/990/293
f 739/989/306 752/999/291 738/987/291
f 677/1000/310 750/1001/305 740/991/305
f 341/452/265 756/1002/514 743/977/511
f 746/1003/394 761/1004/420 747/979/420
f 745/981/402 755/1005/393 742/984/393
f 747/979/420 757/1006/410 744/980/410
f 744/980/410 675/1007/310 674/975/310
f 741/976/397 758/1008/402 745/981/402
f 743/977/511 760/1009/397 741/976/397
f 742/984/393 759/1010/394 746/982/394
f 527/598/320 14/48/39 343/475/270
f 754/1011/290 506/665/368 751/997/298
f 749/998/293 498/697/391 748/993/513
f 751/997/298 511/644/350 749/998/293
f 752/999/291 503/1012/367 754/994/290
f 753/995/306 514/652/357 752/999/291
f 750/1001/305 494/650/355 753/995/306
f 673/1013/310 475/636/343 750/1001/305
f 757/1006/410 807/1014/515 675/1007/310
f 623/742/424 594/794/458 756/1002/514
f 760/1009/397 602/816/474 758/1008/402
f 759/1015/394 590/785/449 761/1004/420
f 756/1002/514 607/793/457 760/1009/397
f 758/1008/402 599/815/473 755/1005/393
f 755/1005/393 610/819/475 759/1010/394
f 761/1004/420 571/784/448 757/1006/410
f 765/1016/442 775/822/478 766/1017/516
f 767/1018/515 806/1019/517 762/1020/517
f 769/1021/518 777/1022/519 763/1023/438
f 762/1020/517 803/1024/520 764/1025/477
f 767/1018/515 671/1026/310 670/1027/310
f 763/1023/438 773/1028/440 768/1029/440
f 764/1025/477 809/757/433 766/1017/516
f 768/1029/440 774/1030/521 765/1031/442
f 771/1032/515 668/1033/310 671/1026/310
f 771/1032/515 762/1020/517 770/820/476
f 774/1034/521 471/823/479 775/822/478
f 777/1022/519 464/1035/522 773/1028/440
f 770/820/476 764/1025/477 772/821/477
f 772/821/477 766/1017/516 775/822/478
f 776/1036/518 465/1037/523 777/1022/519
f 773/1028/440 462/1038/524 774/1030/521
f 781/671/370 786/1039/371 780/672/371
f 785/676/375 462/1040/524 782/1041/525
f 669/1042/310 470/670/369 780/672/371
f 784/1043/526 463/1044/527 778/1045/518
f 779/674/373 788/1046/528 781/671/370
f 783/1047/337 465/1037/523 784/1043/526
f 785/676/375 793/1048/373 779/674/373
f 782/1049/525 464/1035/522 783/1047/337
f 792/1050/375 800/1051/529 793/1048/373
f 792/1050/375 782/1041/525 789/1052/330
f 672/1053/310 780/672/371 786/1039/371
f 791/1054/334 778/1045/518 790/1055/518
f 787/1056/337 784/1043/526 791/1054/334
f 793/1048/373 795/1057/528 788/1046/528
f 788/1046/528 794/1058/371 786/1039/371
f 789/1059/330 783/1047/337 787/1056/337
f 796/614/329 789/1052/330 797/615/330
f 798/629/337 791/1054/334 799/626/334
f 799/626/334 790/1055/518 801/627/335
f 796/614/329 476/632/339 800/1051/529
f 800/1051/529 477/634/341 795/1057/528
f 794/1058/371 672/1053/310 786/1039/371
f 795/1057/528 475/636/343 794/1058/371
f 797/631/330 787/1056/337 798/629/337
f 806/1019/517 572/780/444 803/1024/520
f 805/1060/442 766/1017/516 809/757/433
f 803/1024/520 570/758/434 809/757/433
f 807/1014/515 573/782/446 806/1019/517
f 807/1014/515 670/1027/310 675/1007/310
f 802/773/438 768/1029/440 808/775/440
f 804/843/494 763/1023/438 802/773/438
f 808/775/440 765/1031/442 805/777/442
f 811/699/12 817/1061/12 813/611/12
f 409/537/12 452/619/12 810/620/12
f 813/611/12 816/1062/12 812/616/12
f 801/627/335 815/1063/12 811/699/12
f 812/616/12 814/1064/12 810/620/12
f 817/1061/12 820/1065/12 816/1062/12
f 414/542/12 810/620/12 814/1064/12
f 790/1055/518 819/1066/12 815/1063/12
f 816/1062/12 818/604/12 814/1064/12
f 815/1063/12 821/1067/12 817/1061/12
f 419/58/12 814/1064/12 818/604/12
f 778/1045/518 448/1068/12 819/1066/12
f 820/1065/12 446/605/12 818/604/12
f 819/1066/12 447/1069/12 821/1067/12
f 821/1067/12 445/1070/12 820/1065/12
f 823/748/12 429/547/12 424/749/12
f 825/1071/12 447/1069/12 824/1072/12
f 822/1073/12 463/1044/527 776/1036/518
f 823/748/12 445/1070/12 825/1071/12
f 824/1072/12 448/1068/12 822/1073/12
f 827/1074/12 436/552/12 429/547/12
f 826/1075/12 824/1072/12 828/1076/12
f 829/1077/12 776/1036/518 769/1021/518
f 827/1074/12 825/1071/12 826/1075/12
f 828/1076/12 822/1073/12 829/1077/12
f 833/763/12 138/222/12 436/552/12
f 831/760/12 828/1076/12 830/754/12
f 832/755/12 769/1021/518 804/843/494
f 833/763/12 826/1075/12 831/760/12
f 830/754/12 829/1077/12 832/755/12
f 909/1078/12 1343/1079/12 869/1080/12
f 1357/1081/227 834/1082/227 885/1083/227
f 1393/1084/12 1320/1085/12 1319/1086/12
f 849/1087/435 872/1088/500 857/1089/435
f 856/1090/498 855/1091/497 858/1092/497
f 858/1092/497 854/1093/499 859/1094/499
f 1205/1095/12 1198/1096/12 1197/1097/12
f 861/1098/504 851/1099/436 862/1100/436
f 862/1100/436 849/1087/435 857/1089/435
f 835/1101/496 848/1102/392 837/1103/392
f 837/1103/392 847/1104/288 838/1105/288
f 838/1105/288 846/1106/289 839/1107/289
f 839/1108/289 845/1109/495 840/1110/495
f 840/1110/495 844/1111/501 841/1112/501
f 841/1112/501 842/1113/502 836/1114/502
f 843/1115/496 993/1116/223 992/1117/223
f 937/1118/12 939/1119/12 868/1120/12
f 863/1121/500 1069/1122/500 1060/1123/500
f 865/1124/500 836/1114/502 842/1113/502
f 1404/1125/12 1345/1126/12 1320/1085/12
f 867/1127/500 866/1128/500 865/1124/500
f 1332/1129/222 1337/1130/222 1403/1131/222
f 1328/1132/530 1397/1133/531 1399/1134/531
f 1278/1135/222 1328/1136/222 1399/1137/222
f 1091/1138/222 1045/1139/222 1093/1140/222
f 1050/1141/12 1054/1142/12 1053/1143/12
f 1234/1144/532 1425/1145/227 1256/1146/532
f 1263/1147/222 1409/1148/222 890/1149/222
f 1107/1150/533 875/1151/227 876/1152/227
f 1262/1153/534 1410/1154/227 1271/1155/534
f 1229/1156/12 1015/1157/12 967/1158/12
f 880/1159/500 1106/1160/535 879/1161/500
f 876/1162/500 864/1163/500 863/1121/500
f 880/1164/12 1102/1165/12 1101/1166/12
f 1120/1167/12 878/1168/12 880/1164/12
f 1169/1169/12 1096/1170/12 1095/1171/12
f 880/1159/500 1113/1172/536 1094/1173/536
f 1103/1174/12 875/1175/12 1100/1176/12
f 879/1177/222 1109/1178/222 1133/1179/222
f 1258/1180/12 1257/1181/12 1121/1182/12
f 1119/1183/537 877/1184/229 878/1185/229
f 1179/1186/538 1156/1187/539 1144/1188/539
f 881/1189/500 883/1190/500 884/1191/500
f 940/1192/222 1179/1193/222 1144/1194/222
f 962/1195/222 1180/1196/222 940/1192/222
f 884/1191/500 873/1197/500 874/1198/500
f 942/1199/222 872/1200/222 946/1201/222
f 941/1202/12 1157/1203/12 1156/1204/12
f 1185/1205/540 1173/1206/541 1166/1207/541
f 974/1208/222 1192/1209/222 1007/1210/222
f 1255/1211/12 1163/1212/12 1162/1213/12
f 1312/1214/542 1391/1215/543 1307/1216/542
f 1088/1217/12 1311/1218/12 1086/1219/12
f 944/1220/222 1213/1221/222 948/1222/222
f 1272/1223/12 1250/1224/12 1158/1225/12
f 1150/1226/222 1236/1227/222 1235/1228/222
f 1155/1229/536 1150/1230/535 1145/1231/536
f 1175/1232/222 1174/1233/222 1112/1234/222
f 1210/1235/222 1007/1210/222 1192/1209/222
f 860/1236/503 852/1237/504 861/1098/504
f 859/1094/499 853/1238/503 860/1239/503
f 885/1083/227 1008/1240/227 1007/1241/227
f 1429/1242/227 1190/1243/544 1355/1244/227
f 1228/1245/12 1203/1246/12 1202/1247/12
f 1409/1148/222 1355/1248/222 890/1149/222
f 834/1249/12 1356/1250/12 1432/1251/12
f 1199/1252/12 1008/1253/12 834/1249/12
f 1050/1141/12 1042/1254/12 1037/1255/12
f 1030/1256/222 924/1257/222 922/1258/222
f 1140/1259/222 877/1260/222 1137/1261/222
f 884/1262/222 1173/1263/222 1178/1264/222
f 1031/1265/222 1044/1266/222 1032/1267/222
f 888/1268/229 1286/1269/545 889/1270/229
f 1294/1271/222 1043/1272/222 888/1273/222
f 888/1273/222 1280/1274/222 1279/1275/222
f 1058/1276/546 1050/1277/547 1067/1278/546
f 889/1279/12 1086/1219/12 1301/1280/12
f 1265/1281/222 1147/1282/222 1146/1283/222
f 966/1284/222 1016/1285/222 1222/1286/222
f 972/1287/222 1194/1288/222 1193/1289/222
f 1190/1290/222 1227/1291/222 1223/1292/222
f 1251/1293/12 1271/1294/12 1410/1295/12
f 893/1296/227 896/1297/497 897/1298/497
f 900/1299/499 897/1298/497 896/1297/497
f 901/1300/499 904/1301/503 905/1302/503
f 904/1303/503 909/1304/504 905/1305/503
f 912/1306/436 909/1304/504 908/1307/504
f 912/1306/436 917/1308/500 913/1309/436
f 916/1310/500 921/1311/501 917/1308/500
f 920/1312/501 923/1313/495 921/1311/501
f 922/1314/495 925/1315/289 923/1313/495
f 924/1316/289 927/1317/288 925/1318/289
f 926/1319/288 929/1320/392 927/1317/288
f 928/1321/392 934/1322/223 929/1320/392
f 933/1323/223 935/1324/113 934/1322/223
f 932/1325/113 936/1326/1 935/1324/113
f 931/1327/1 937/1328/2 936/1326/1
f 937/1328/2 938/1329/221 939/1330/221
f 894/1331/230 939/1332/221 938/1333/221
f 895/1334/230 898/1335/229 899/1336/229
f 899/1336/229 902/1337/162 903/1338/162
f 906/1339/233 903/1338/162 902/1337/162
f 907/1340/233 910/1341/232 911/1342/232
f 911/1343/232 914/1344/228 915/1345/228
f 918/1346/225 915/1345/228 914/1344/228
f 919/1347/225 892/1348/227 893/1296/227
f 892/1349/222 918/1350/222 848/1351/222
f 845/1352/222 906/1353/222 902/1354/222
f 903/1355/12 840/1356/12 841/1357/12
f 839/1358/12 907/1359/12 911/1360/12
f 941/1361/227 944/1362/497 945/1363/497
f 945/1363/497 948/1364/499 949/1365/499
f 949/1365/499 952/1366/503 953/1367/503
f 952/1368/503 959/1369/504 953/1370/503
f 958/1371/504 961/1372/436 959/1369/504
f 960/1373/436 965/1374/500 961/1372/436
f 964/1375/500 967/1376/501 965/1374/500
f 966/1377/501 969/1378/495 967/1376/501
f 968/1379/495 973/1380/289 969/1378/495
f 974/1381/288 973/1382/289 972/1383/289
f 976/1384/392 975/1385/288 974/1381/288
f 976/1384/392 980/1386/223 977/1387/392
f 979/1388/223 982/1389/113 980/1386/223
f 981/1390/113 984/1391/1 982/1389/113
f 983/1392/1 986/1393/2 984/1391/1
f 986/1393/2 978/1394/221 987/1395/221
f 987/1396/221 988/1397/230 989/1398/230
f 942/1399/229 989/1398/230 988/1397/230
f 943/1400/229 946/1401/162 947/1402/162
f 950/1403/233 947/1402/162 946/1401/162
f 951/1404/233 954/1405/232 955/1406/232
f 955/1407/232 956/1408/228 957/1409/228
f 962/1410/225 957/1409/228 956/1408/228
f 963/1411/225 940/1412/227 941/1361/227
f 983/1413/222 860/1414/222 985/1415/222
f 941/1202/12 1352/1416/12 963/1417/12
f 953/1418/12 1218/1419/12 949/1420/12
f 980/1421/12 1005/1422/12 977/1423/12
f 893/1424/12 837/1425/12 919/1426/12
f 866/1427/12 899/1428/12 836/1429/12
f 894/1430/222 842/1431/222 898/1432/222
f 909/1078/12 971/1433/12 905/1434/12
f 871/1435/222 904/1436/222 970/1437/222
f 917/1438/12 1288/1439/12 1321/1440/12
f 1281/1441/222 1279/1275/222 1280/1274/222
f 1323/1442/12 1293/1443/12 1287/1444/12
f 889/1279/12 1289/1445/12 1053/1143/12
f 1031/1265/222 1047/1446/222 1048/1447/222
f 887/1448/12 1391/1449/12 1397/1450/12
f 922/1258/222 1281/1441/222 1030/1256/222
f 1288/1439/12 923/1451/12 1038/1452/12
f 886/1453/222 1399/1137/222 1390/1454/222
f 1300/1455/12 1311/1218/12 1307/1456/12
f 1017/1457/548 1080/1458/541 1024/1459/548
f 1051/1460/549 1091/1461/536 1086/1462/536
f 1336/1463/222 912/1464/222 908/1465/222
f 1397/1450/12 1287/1444/12 887/1448/12
f 1278/1466/550 887/1467/551 1287/1468/550
f 1036/1469/12 923/1451/12 925/1470/12
f 1321/1440/12 1320/1085/12 1345/1126/12
f 1331/1471/222 1339/1472/222 1338/1473/222
f 905/1434/12 990/1474/12 901/1475/12
f 970/1437/222 900/1476/222 991/1477/222
f 970/1478/223 869/1479/223 871/1480/223
f 901/1475/12 993/1481/12 897/1482/12
f 991/1477/222 896/1483/222 992/1484/222
f 991/1485/223 971/1486/223 970/1478/223
f 992/1484/222 892/1349/222 843/1487/222
f 992/1117/223 990/1488/223 991/1485/223
f 897/1482/12 835/1489/12 893/1424/12
f 994/1490/227 1001/1491/227 1002/1492/227
f 868/1120/12 895/1493/12 866/1427/12
f 938/1494/222 865/1495/222 894/1430/222
f 996/1496/227 995/1497/227 994/1490/227
f 997/1498/12 934/1499/12 995/1500/12
f 928/1501/222 994/1502/222 933/1503/222
f 999/1504/227 997/1505/227 996/1496/227
f 998/1506/12 929/1507/12 997/1498/12
f 926/1508/222 996/1509/222 928/1501/222
f 1000/1510/552 998/1511/227 999/1504/227
f 1036/1469/12 927/1512/12 998/1506/12
f 924/1257/222 999/1513/222 926/1508/222
f 931/1514/222 1074/1515/222 1077/1516/222
f 995/1500/12 935/1517/12 1001/1518/12
f 933/1503/222 1002/1519/222 932/1520/222
f 1077/1516/222 1076/1521/222 867/1522/222
f 1001/1518/12 936/1523/12 1004/1524/12
f 1002/1492/227 1004/1525/227 1003/1526/227
f 932/1520/222 1003/1527/222 931/1514/222
f 868/1120/12 1069/1528/12 1024/1529/12
f 1017/1530/222 1060/1531/222 867/1522/222
f 936/1523/12 937/1118/12 1082/1532/12
f 864/1533/12 1068/1534/12 1069/1528/12
f 1087/1535/539 1059/1536/553 1066/1537/553
f 1185/1538/12 1169/1169/12 883/1539/12
f 1031/1265/222 1048/1447/222 1049/1540/222
f 1315/1541/222 1316/1542/222 1045/1139/222
f 1295/1543/554 887/1467/555 886/1544/555
f 1097/1545/12 1168/1546/12 1167/1547/12
f 1236/1227/222 1139/1548/222 1237/1549/222
f 891/1550/12 1406/1551/12 1270/1552/12
f 987/1553/12 853/1554/12 986/1555/12
f 963/1417/12 1352/1416/12 957/1556/12
f 1407/1557/12 1121/1182/12 1257/1181/12
f 947/1558/12 849/1559/12 943/1560/12
f 946/1201/222 1349/1561/222 950/1562/222
f 872/1088/500 1348/1563/500 1349/1564/500
f 988/1565/222 857/1566/222 942/1199/222
f 943/1560/12 851/1567/12 989/1568/12
f 978/1569/222 862/1570/222 988/1565/222
f 989/1568/12 852/1571/12 987/1553/12
f 985/1415/222 861/1572/222 978/1569/222
f 986/1555/12 854/1573/12 984/1574/12
f 981/1575/222 859/1576/222 983/1413/222
f 979/1577/222 858/1578/222 981/1575/222
f 984/1574/12 855/1579/12 982/1580/12
f 1432/1581/223 1208/1582/556 1196/1583/556
f 982/1580/12 850/1584/12 980/1421/12
f 948/1222/222 1009/1585/222 952/1586/222
f 973/1587/12 1230/1588/12 969/1589/12
f 977/1423/12 1008/1253/12 975/1590/12
f 1243/1591/222 1423/1592/222 1411/1593/222
f 1006/1594/227 850/1595/498 856/1090/498
f 976/1596/222 856/1597/222 979/1577/222
f 1007/1210/222 1209/1598/222 885/1599/222
f 975/1590/12 1008/1253/12 1205/1095/12
f 885/1599/222 1208/1600/222 1431/1601/222
f 1007/1241/227 1005/1602/227 1006/1594/227
f 974/1208/222 1006/1603/222 976/1596/222
f 891/1550/12 1429/1604/12 1406/1551/12
f 1167/1605/557 1151/1606/533 1161/1607/533
f 1125/1608/558 877/1184/229 1132/1609/558
f 952/1586/222 1009/1585/222 958/1610/222
f 890/1611/559 1217/1612/560 1212/1613/560
f 890/1614/561 1228/1615/562 891/1616/561
f 958/1610/222 1011/1617/222 960/1618/222
f 959/1619/12 1010/1620/12 953/1418/12
f 960/1618/222 1014/1621/222 964/1622/222
f 1012/1623/229 1009/1624/563 1010/1625/563
f 961/1626/12 1010/1620/12 959/1619/12
f 964/1622/222 1016/1285/222 966/1284/222
f 1013/1627/229 1011/1628/229 1012/1623/229
f 965/1629/12 1012/1630/12 961/1626/12
f 1229/1631/564 1016/1632/229 1015/1633/229
f 1015/1633/229 1014/1634/229 1013/1627/229
f 967/1158/12 1013/1635/12 965/1629/12
f 1242/1636/565 1421/1637/223 1423/1638/223
f 1218/1419/12 945/1639/12 949/1420/12
f 1061/1640/222 1022/1641/222 1018/1642/222
f 1069/1528/12 1028/1643/12 1024/1529/12
f 1023/1644/566 1022/1645/567 1025/1646/568
f 1025/1646/568 1021/1647/569 1026/1648/569
f 1026/1648/570 1020/1649/570 1027/1650/570
f 1027/1651/571 1019/1652/572 1028/1653/572
f 1028/1653/572 1017/1457/548 1024/1459/548
f 1032/1267/222 1044/1266/222 1029/1654/222
f 1053/1143/12 1041/1655/12 1042/1254/12
f 1029/1656/573 1042/1657/574 1032/1658/574
f 1032/1659/574 1041/1660/575 1033/1661/575
f 1033/1661/576 1040/1662/576 1034/1663/576
f 1034/1664/577 1039/1665/578 1035/1666/578
f 1035/1666/578 1036/1667/552 1000/1510/552
f 1037/1668/573 1018/1669/566 1023/1644/566
f 1046/1670/222 1031/1265/222 888/1273/222
f 1055/1671/12 1056/1672/12 1053/1143/12
f 1050/1277/547 1049/1673/579 1054/1674/580
f 1054/1674/580 1048/1675/581 1055/1676/581
f 1055/1676/582 1047/1677/582 1056/1678/582
f 1056/1679/583 1046/1680/584 1057/1681/584
f 1057/1681/584 1043/1682/549 1051/1460/549
f 863/1683/222 1107/1684/222 876/1685/222
f 1071/1686/12 1103/1174/12 1070/1687/12
f 1068/1534/12 1073/1688/12 1023/1689/12
f 1058/1690/546 1073/1691/585 1062/1692/585
f 1062/1692/585 1072/1693/586 1063/1694/586
f 1063/1694/587 1071/1695/587 1064/1696/587
f 1064/1697/588 1070/1698/589 1065/1699/589
f 1065/1699/589 1066/1537/553 1059/1536/553
f 1061/1640/222 863/1683/222 1060/1531/222
f 1076/1521/222 1079/1700/222 1075/1701/222
f 1085/1702/12 1081/1703/12 1082/1532/12
f 1297/1704/222 1314/1705/222 1091/1138/222
f 1302/1706/12 1303/1707/12 1311/1218/12
f 1074/1708/557 1085/1709/225 1078/1710/225
f 1078/1711/232 1084/1712/232 1079/1713/232
f 1079/1713/162 1080/1458/541 1075/1714/541
f 1090/1715/539 1089/1716/288 1092/1717/288
f 1092/1717/288 1088/1718/289 1093/1719/289
f 1093/1720/501 1086/1462/536 1091/1461/536
f 1003/1526/227 1081/1721/557 1074/1708/557
f 1099/1722/12 1095/1171/12 1096/1170/12
f 1105/1723/12 1101/1166/12 1102/1165/12
f 1108/1724/222 1111/1725/222 1107/1684/222
f 1114/1726/222 1117/1727/222 1113/1728/222
f 1106/1160/535 1105/1729/504 1110/1730/504
f 1110/1730/504 1104/1731/499 1111/1732/499
f 1111/1733/499 1100/1734/533 1107/1150/533
f 1112/1735/539 1099/1736/288 1116/1737/288
f 1116/1737/288 1098/1738/289 1117/1739/289
f 1117/1740/501 1094/1173/536 1113/1172/536
f 874/1741/223 1095/1742/539 1112/1735/539
f 1124/1743/12 1119/1744/12 1120/1167/12
f 1125/1745/12 1128/1746/12 1127/1747/12
f 1128/1746/12 1129/1748/12 1127/1747/12
f 1129/1748/12 1130/1749/12 1127/1747/12
f 1130/1749/12 1052/1750/12 1127/1747/12
f 1131/1751/222 1134/1752/222 1045/1139/222
f 1134/1752/222 1135/1753/222 1133/1179/222
f 1135/1753/222 1136/1754/222 1133/1179/222
f 1136/1754/222 1132/1755/222 1133/1179/222
f 1139/1548/222 1143/1756/222 1138/1757/222
f 1125/1608/558 1136/1758/590 1128/1759/590
f 1128/1759/590 1135/1760/232 1129/1761/232
f 1129/1762/232 1134/1763/591 1130/1764/591
f 1130/1764/591 1131/1765/532 1126/1766/532
f 1118/1767/565 1143/1768/592 1122/1769/592
f 1122/1769/592 1142/1770/2 1123/1771/2
f 1123/1772/2 1141/1773/593 1124/1774/593
f 1124/1774/593 1137/1775/537 1119/1183/537
f 1413/1776/223 1118/1767/565 1407/1777/223
f 1149/1778/222 1145/1779/222 1146/1283/222
f 1150/1226/222 1153/1780/222 1152/1781/222
f 1162/1213/12 1163/1212/12 1165/1782/12
f 1154/1783/222 1151/1784/222 1152/1781/222
f 1157/1203/12 1160/1785/12 1156/1204/12
f 1163/1212/12 1164/1786/12 1165/1782/12
f 1168/1546/12 1171/1787/12 1167/1547/12
f 1174/1233/222 1177/1788/222 1173/1263/222
f 1183/1789/222 1179/1193/222 1180/1196/222
f 1186/1790/12 1189/1791/12 1185/1538/12
f 1166/1207/541 1177/1792/162 1170/1793/162
f 1170/1793/232 1176/1794/232 1171/1795/232
f 1171/1796/225 1172/1797/557 1167/1605/557
f 1161/1607/533 1154/1798/497 1164/1799/497
f 1164/1800/503 1153/1801/503 1165/1802/503
f 1165/1802/436 1150/1230/535 1162/1803/535
f 1155/1229/536 1149/1804/501 1159/1805/501
f 1159/1806/289 1148/1807/289 1160/1808/289
f 1160/1808/392 1144/1188/539 1156/1187/539
f 1178/1809/540 1189/1810/230 1182/1811/230
f 1182/1812/2 1188/1813/2 1183/1814/2
f 1183/1814/113 1184/1815/538 1179/1186/538
f 1241/1816/537 1255/1817/558 1249/1818/537
f 1195/1819/222 1192/1209/222 1193/1289/222
f 1200/1820/12 1198/1096/12 1199/1252/12
f 1206/1821/12 1203/1246/12 1204/1822/12
f 1211/1823/222 1208/1600/222 1209/1598/222
f 1207/1824/594 1200/1825/595 1211/1826/595
f 1211/1827/596 1196/1583/556 1208/1582/556
f 1190/1243/544 1206/1828/591 1195/1829/591
f 1195/1830/590 1201/1831/597 1191/1832/597
f 1197/1833/594 1191/1832/597 1201/1831/597
f 1213/1221/222 1216/1834/222 1009/1585/222
f 1273/1835/12 1221/1836/12 1217/1837/12
f 1226/1838/222 1194/1288/222 1224/1839/222
f 1222/1286/222 1224/1839/222 966/1284/222
f 1010/1625/563 1216/1840/598 1219/1841/598
f 1219/1841/599 1215/1842/599 1220/1843/599
f 1220/1844/600 1214/1845/600 1221/1846/600
f 1221/1846/601 1212/1613/560 1217/1612/560
f 1222/1847/564 1233/1848/602 1225/1849/602
f 1225/1850/603 1232/1851/603 1226/1852/603
f 1226/1852/604 1231/1853/604 1227/1854/604
f 1227/1854/605 1228/1615/562 1223/1855/562
f 1236/1227/222 1240/1856/222 1235/1228/222
f 1247/1857/222 1242/1858/222 1243/1591/222
f 1250/1224/12 1254/1859/12 1249/1860/12
f 1261/1861/12 1256/1862/12 1257/1181/12
f 1234/1144/532 1261/1863/591 1238/1864/591
f 1238/1864/591 1260/1865/232 1239/1866/232
f 1239/1867/232 1259/1868/590 1240/1869/590
f 1240/1869/590 1255/1817/558 1235/1870/558
f 1241/1816/537 1254/1871/593 1245/1872/593
f 1245/1872/593 1253/1873/2 1246/1874/2
f 1246/1875/2 1252/1876/592 1247/1877/592
f 1247/1877/592 1248/1878/565 1242/1636/565
f 1237/1549/222 1138/1757/222 1413/1879/222
f 1264/1880/222 1269/1881/222 1263/1147/222
f 1277/1882/12 1271/1294/12 1251/1293/12
f 1262/1153/534 1277/1883/606 1266/1884/606
f 1266/1884/606 1276/1885/607 1267/1886/607
f 1267/1887/608 1275/1888/608 1268/1889/608
f 1268/1889/609 1274/1890/610 1269/1891/610
f 1269/1892/610 1270/1893/611 1263/1894/611
f 1263/1894/611 1406/1895/612 1409/1896/612
f 1281/1441/222 920/1897/222 916/1898/222
f 1403/1899/223 1342/1900/538 1404/1901/223
f 1342/1902/12 1346/1903/12 1345/1126/12
f 1086/1219/12 1305/1904/12 1301/1280/12
f 1286/1269/545 1285/1905/613 1290/1906/613
f 1290/1906/613 1284/1907/614 1291/1908/614
f 1291/1909/615 1283/1910/615 1292/1911/615
f 1292/1911/616 1282/1912/617 1293/1913/617
f 1293/1914/617 1278/1466/550 1287/1468/550
f 1294/1915/618 1305/1916/619 1296/1917/619
f 1296/1917/619 1304/1918/620 1297/1919/620
f 1297/1920/621 1303/1921/621 1298/1922/621
f 1298/1922/622 1302/1923/623 1299/1924/623
f 1299/1925/623 1300/1926/554 1295/1543/554
f 1296/1927/222 1297/1704/222 1091/1138/222
f 1308/1928/12 1309/1929/12 1052/1750/12
f 1306/1930/624 1317/1931/625 1308/1932/625
f 1308/1932/625 1316/1933/626 1309/1934/626
f 1309/1935/627 1315/1936/627 1310/1937/627
f 1310/1937/628 1314/1938/629 1311/1939/629
f 1311/1939/629 1312/1214/542 1307/1216/542
f 1306/1930/624 1388/1940/223 1313/1941/624
f 1320/1085/12 1326/1942/12 1319/1086/12
f 1330/1943/222 1328/1136/222 1329/1944/222
f 1318/1945/530 1335/1946/630 1324/1947/630
f 1324/1947/631 1334/1948/631 1325/1949/631
f 1325/1949/632 1333/1950/632 1326/1951/632
f 1326/1952/633 1327/1953/634 1319/1954/634
f 1327/1953/634 1393/1955/227 1319/1954/634
f 1341/1956/222 1337/1130/222 1338/1473/222
f 1344/1957/12 1347/1958/12 1343/1079/12
f 1342/1900/538 1341/1959/1 1346/1960/1
f 1346/1960/1 1340/1961/2 1347/1962/2
f 1347/1963/230 1336/1964/540 1343/1965/540
f 1336/1964/540 869/1966/229 1343/1965/540
f 1054/1142/12 1055/1671/12 1053/1143/12
f 1043/1272/222 1046/1670/222 888/1273/222
f 1053/1143/12 1057/1967/12 889/1279/12
f 1031/1265/222 1049/1540/222 1044/1266/222
f 889/1279/12 1057/1967/12 1051/1968/12
f 1298/1969/222 1299/1970/222 1314/1705/222
f 1102/1165/12 1066/1971/12 1103/1174/12
f 1059/1972/222 1109/1178/222 1108/1724/222
f 1336/1463/222 1340/1973/222 1339/1472/222
f 1092/1974/222 1133/1179/222 1090/1975/222
f 1045/1139/222 1134/1752/222 1133/1179/222
f 1052/1750/12 1639/1976/12 1306/1977/12
f 1415/1978/222 1313/1979/222 1388/1980/222
f 1052/1750/12 1130/1749/12 1126/1981/12
f 1052/1750/12 1087/1982/12 1127/1747/12
f 1327/1983/222 1403/1131/222 1395/1984/222
f 1100/1176/12 1104/1985/12 1103/1174/12
f 1110/1986/222 1108/1724/222 1109/1178/222
f 1104/1985/12 1102/1165/12 1103/1174/12
f 1106/1987/222 1110/1986/222 1109/1178/222
f 1127/1747/12 1066/1971/12 1102/1165/12
f 1090/1975/222 1109/1178/222 1059/1972/222
f 1108/1724/222 1064/1988/222 1065/1989/222
f 1061/1640/222 1063/1990/222 1064/1988/222
f 1071/1686/12 1072/1991/12 1068/1534/12
f 1058/1992/222 1062/1993/222 1018/1642/222
f 864/1533/12 1103/1174/12 1068/1534/12
f 863/1683/222 1061/1640/222 1108/1724/222
f 1070/1687/12 1103/1174/12 1066/1971/12
f 1018/1642/222 1063/1990/222 1061/1640/222
f 1023/1689/12 1073/1688/12 1067/1994/12
f 1059/1972/222 1108/1724/222 1065/1989/222
f 1061/1640/222 1021/1995/222 1022/1641/222
f 1023/1689/12 1025/1996/12 1068/1534/12
f 1060/1123/500 868/1997/500 867/1127/500
f 1017/1530/222 1019/1998/222 1060/1531/222
f 1027/1999/12 1028/1643/12 1069/1528/12
f 1025/1996/12 1026/2000/12 1068/1534/12
f 1020/2001/222 1061/1640/222 1060/1531/222
f 1026/2000/12 1069/1528/12 1068/1534/12
f 1019/1998/222 1020/2001/222 1060/1531/222
f 1080/2002/12 1084/2003/12 1083/2004/12
f 1078/2005/222 1076/1521/222 1077/1516/222
f 1084/2003/12 1082/1532/12 1083/2004/12
f 1074/1515/222 1078/2005/222 1077/1516/222
f 1303/1707/12 1086/1219/12 1311/1218/12
f 1044/1266/222 1018/1642/222 1029/1654/222
f 1030/1256/222 1035/2006/222 1000/2007/222
f 1042/1254/12 1050/1141/12 1053/1143/12
f 1067/1994/12 1037/1255/12 1023/1689/12
f 1032/1267/222 1033/2008/222 1031/1265/222
f 1036/1469/12 1039/2009/12 1038/1452/12
f 1034/2010/222 1030/1256/222 1280/1274/222
f 1039/2009/12 1289/1445/12 1038/1452/12
f 1052/1750/12 1310/2011/12 1311/1218/12
f 1040/2012/12 1053/1143/12 1289/1445/12
f 1033/2008/222 1280/1274/222 1031/1265/222
f 1294/1271/222 1296/1927/222 1091/1138/222
f 1086/1219/12 1304/2013/12 1305/1904/12
f 1314/1705/222 1315/1541/222 1045/1139/222
f 887/1448/12 1307/1456/12 1391/1449/12
f 1045/1139/222 1092/1974/222 1093/1140/222
f 1309/1929/12 1310/2011/12 1052/1750/12
f 1308/1928/12 1052/1750/12 1306/1977/12
f 1316/1542/222 1317/2014/222 1045/1139/222
f 1089/2015/12 1052/1750/12 1088/1217/12
f 1313/1979/222 1045/1139/222 1317/2014/222
f 1313/1979/222 1131/1751/222 1045/1139/222
f 1346/1903/12 1344/1957/12 1345/1126/12
f 1415/2016/227 1126/1766/532 1131/1765/532
f 1306/1977/12 1639/1976/12 1387/2017/12
f 1390/1454/222 1295/2018/222 886/1453/222
f 1114/1726/222 1152/1781/222 1151/1784/222
f 1161/2019/12 1164/1786/12 1163/1212/12
f 1153/1780/222 1154/1783/222 1152/1781/222
f 1255/1211/12 1259/2020/12 1258/1180/12
f 1236/1227/222 1239/2021/222 1240/1856/222
f 1259/2020/12 1260/2022/12 1258/1180/12
f 1238/2023/222 1236/1227/222 1237/1549/222
f 1260/2022/12 1257/1181/12 1258/1180/12
f 1234/2024/222 1238/2023/222 1237/1549/222
f 1118/2025/12 1122/2026/12 1121/1182/12
f 1140/1259/222 1143/1756/222 1139/1548/222
f 1141/2027/222 1142/2028/222 1140/1259/222
f 1122/2026/12 1120/1167/12 1121/1182/12
f 1137/1261/222 1141/2027/222 1140/1259/222
f 1123/2029/12 1124/1743/12 1120/1167/12
f 1425/2030/12 1257/1181/12 1256/1862/12
f 1234/2024/222 1413/1879/222 1427/2031/222
f 1163/1212/12 1121/1182/12 1120/1167/12
f 1152/1781/222 1139/1548/222 1236/1227/222
f 1094/2032/12 1098/2033/12 1097/1545/12
f 1116/2034/222 1114/1726/222 1115/2035/222
f 1098/2033/12 1096/1170/12 1097/1545/12
f 1112/1234/222 1116/2034/222 1115/2035/222
f 1097/1545/12 1167/1547/12 1161/2019/12
f 1115/2035/222 1172/2036/222 1175/1232/222
f 1170/2037/12 1168/1546/12 1169/1169/12
f 883/1539/12 1095/1171/12 873/2038/12
f 1166/2039/12 1170/2037/12 1169/1169/12
f 1176/2040/222 1174/1233/222 1175/1232/222
f 1120/1167/12 1161/2019/12 1163/1212/12
f 1172/2036/222 1114/1726/222 1151/1784/222
f 1188/2041/12 1186/1790/12 1187/2042/12
f 1184/2043/12 1188/2041/12 1187/2042/12
f 1178/1264/222 1182/2044/222 1181/2045/222
f 1182/2044/222 1180/1196/222 1181/2045/222
f 1159/2046/12 1157/1203/12 1158/1225/12
f 1155/2047/12 1159/2046/12 1158/1225/12
f 1144/1194/222 1148/2048/222 1147/1282/222
f 1148/2048/222 1146/1283/222 1147/1282/222
f 945/1639/12 1158/1225/12 1157/1203/12
f 1243/1591/222 1146/1283/222 1244/2049/222
f 1250/1224/12 1253/2050/12 1254/1859/12
f 1252/2051/12 1250/1224/12 1251/1293/12
f 1241/2052/222 1245/2053/222 1244/2049/222
f 1245/2053/222 1246/2054/222 1244/2049/222
f 1248/2055/12 1252/2051/12 1251/1293/12
f 1246/2054/222 1243/1591/222 1244/2049/222
f 1250/1224/12 1155/2047/12 1158/1225/12
f 1146/1283/222 1241/2052/222 1244/2049/222
f 1249/1860/12 1162/1213/12 1155/2047/12
f 1145/1779/222 1235/1228/222 1241/2052/222
f 1186/1790/12 883/1539/12 882/2056/12
f 881/2057/222 1178/1264/222 1181/2045/222
f 1187/2042/12 1156/1204/12 1184/2043/12
f 950/1562/222 1351/2058/222 954/2059/222
f 951/2060/12 870/2061/12 947/1558/12
f 1349/1564/500 1350/2062/500 1351/2063/500
f 1351/2063/500 882/2064/500 881/1189/500
f 955/2065/12 1348/2066/12 951/2060/12
f 954/2059/222 881/2057/222 1353/2067/222
f 956/2068/222 1353/2067/222 962/1195/222
f 1180/1196/222 881/2057/222 1181/2045/222
f 1352/1416/12 1350/2069/12 955/2065/12
f 1352/1416/12 1186/1790/12 882/2056/12
f 944/1220/222 1144/1194/222 1147/1282/222
f 957/1556/12 1352/1416/12 955/2065/12
f 956/2068/222 954/2059/222 1353/2067/222
f 1201/2070/12 1204/1822/12 1205/1095/12
f 1190/1290/222 1193/1289/222 1194/1288/222
f 1204/1822/12 1203/1246/12 973/1587/12
f 968/2071/222 1194/1288/222 972/1287/222
f 973/1587/12 1205/1095/12 1204/1822/12
f 972/1287/222 1192/1209/222 974/1208/222
f 1196/2072/12 1200/1820/12 1199/1252/12
f 1207/2073/222 1209/1598/222 1210/1235/222
f 1199/1252/12 1432/1251/12 1196/2072/12
f 1357/2074/222 885/1599/222 1431/1601/222
f 1230/1588/12 1232/2075/12 1233/2076/12
f 1355/1248/222 1190/1290/222 1223/1292/222
f 1219/2077/12 1272/1223/12 1218/1419/12
f 1225/2078/222 1226/1838/222 1224/1839/222
f 891/1550/12 1228/1245/12 1429/1604/12
f 890/1149/222 1355/1248/222 1223/1292/222
f 966/1284/222 1224/1839/222 968/2071/222
f 1230/1588/12 1229/1156/12 967/1158/12
f 1429/1604/12 1228/1245/12 1202/1247/12
f 969/1589/12 1230/1588/12 967/1158/12
f 1231/2079/12 1230/1588/12 1203/1246/12
f 1010/1620/12 1219/2077/12 1218/1419/12
f 1214/2080/222 1265/1281/222 1264/1880/222
f 1212/2081/222 1214/2080/222 1264/1880/222
f 1270/1552/12 1274/2082/12 1273/1835/12
f 1265/1281/222 1216/1834/222 1213/1221/222
f 1272/1223/12 1221/1836/12 1273/1835/12
f 877/1260/222 1133/1179/222 1132/1755/222
f 878/1168/12 1127/1747/12 880/1164/12
f 1274/2082/12 1275/2083/12 1273/1835/12
f 1264/1880/222 1268/2084/222 1269/1881/222
f 1265/1281/222 1268/2084/222 1264/1880/222
f 1275/2083/12 1272/1223/12 1273/1835/12
f 1266/2085/222 1265/1281/222 1243/1591/222
f 1276/2086/12 1251/1293/12 1272/1223/12
f 1262/2087/222 1266/2085/222 1243/1591/222
f 1248/2055/12 1410/1295/12 1421/2088/12
f 1262/2087/222 1243/1591/222 1411/1593/222
f 1217/1837/12 1270/1552/12 1273/1835/12
f 1264/1880/222 890/1149/222 1212/2081/222
f 1097/1545/12 880/1164/12 1094/2032/12
f 1114/1726/222 879/1177/222 1140/1259/222
f 1286/2089/12 1288/1439/12 1289/1445/12
f 1284/2090/222 1281/1441/222 1330/1943/222
f 1323/1442/12 1292/2091/12 1293/1443/12
f 1278/1135/222 1282/2092/222 1329/1944/222
f 1291/2093/12 1323/1442/12 1322/2094/12
f 1282/2092/222 1283/2095/222 1329/1944/222
f 1290/2096/12 1322/2094/12 1288/1439/12
f 1283/2095/222 1330/1943/222 1329/1944/222
f 1318/2097/12 1322/2094/12 1323/1442/12
f 1325/2098/12 1320/1085/12 1321/1440/12
f 1327/1983/222 1333/2099/222 1332/1129/222
f 1334/2100/222 1330/1943/222 1331/1471/222
f 1324/2101/12 1321/1440/12 1322/2094/12
f 1333/2099/222 1331/1471/222 1332/1129/222
f 1318/2097/12 1287/1444/12 1397/1450/12
f 886/1453/222 1278/1135/222 1399/1137/222
f 1314/1705/222 1295/2018/222 1312/2102/222
f 1340/1973/222 1338/1473/222 1339/1472/222
f 913/2103/12 1343/1079/12 909/1078/12
f 871/1435/222 1336/1463/222 908/1465/222
f 1004/1524/12 1082/1532/12 1081/1703/12
f 930/2104/222 931/1514/222 1077/1516/222
f 1083/2004/12 1024/1529/12 1080/2002/12
f 1075/1701/222 867/1522/222 1076/1521/222
f 1456/2105/12 1400/2106/12 1891/2107/12
f 1357/1081/227 1354/2108/227 1356/2109/227
f 1393/1084/12 1868/2110/12 1404/1125/12
f 1372/2111/161 1405/2112/229 1401/2113/229
f 1379/2114/226 1378/2115/225 1373/2116/226
f 1381/2117/225 1377/2118/228 1378/2115/225
f 1746/2119/12 1555/2120/12 1753/2121/12
f 1384/2122/233 1374/2123/162 1375/2124/233
f 1385/2125/162 1372/2111/161 1374/2123/162
f 1358/2126/224 1371/2127/113 1366/2128/224
f 1360/2129/113 1370/2130/1 1371/2127/113
f 1361/2131/1 1369/2132/2 1370/2130/1
f 1362/2133/2 1368/2134/221 1369/2132/2
f 1363/2135/221 1367/2136/230 1368/2137/221
f 1364/2138/230 1365/2139/231 1367/2136/230
f 1366/2128/224 1540/2140/223 1358/2126/224
f 1398/2141/12 1484/2142/12 1629/2143/12
f 1386/2144/229 1616/2145/229 1389/2146/229
f 1392/2147/229 1359/2148/231 1394/2149/229
f 1404/1125/12 1893/2150/12 1890/2151/12
f 1396/2152/229 1394/2149/229 1398/2153/229
f 1880/2154/222 1885/2155/222 1886/2156/222
f 1876/2157/635 1397/2158/636 1866/2159/635
f 1826/2160/222 1876/2161/222 1877/2162/222
f 1638/2163/222 1592/2164/222 1862/2165/222
f 1597/2166/12 1600/2167/12 1601/2168/12
f 1782/2169/637 1425/1145/227 1427/2170/227
f 1811/2171/222 1437/2172/222 1409/1148/222
f 1655/2173/557 1414/2174/227 1648/2175/557
f 1810/2176/638 1410/1154/227 1411/2177/227
f 1777/2178/12 1514/2179/12 1562/2180/12
f 1420/2181/229 1654/2182/541 1649/2183/541
f 1416/2184/229 1389/2146/229 1414/2185/229
f 1420/2186/12 1650/2187/12 1675/2188/12
f 1668/2189/12 1418/2190/12 1667/2191/12
f 1717/2192/12 1644/2193/12 1716/2194/12
f 1420/2181/229 1661/2195/540 1419/2196/229
f 1651/2197/12 1414/2198/12 1389/2199/12
f 1419/2200/222 1657/2201/222 1654/2202/222
f 1806/2203/12 1669/2204/12 1805/2205/12
f 1667/2206/639 1417/2207/500 1685/2208/639
f 1727/2209/539 1704/2210/538 1732/2211/539
f 1422/2212/229 1426/2213/229 1424/2214/229
f 1487/2215/222 1727/2216/222 1728/2217/222
f 1509/2218/222 1728/2217/222 1901/2219/222
f 1428/2220/229 1408/2221/229 1426/2213/229
f 1489/2222/222 1405/2223/222 1380/2224/222
f 1488/2225/12 1705/2226/12 1492/2227/12
f 1733/2228/536 1721/2229/535 1726/2230/536
f 1521/2231/222 1554/2232/222 1740/2233/222
f 1803/2234/12 1711/2235/12 1806/2203/12
f 1860/2236/640 1391/2237/641 1390/2238/641
f 1635/2239/12 1859/2240/12 1599/2241/12
f 1491/2242/222 1761/2243/222 1813/2244/222
f 1820/2245/12 1798/2246/12 1799/2247/12
f 1698/2248/222 1784/2249/222 1700/2250/222
f 1703/2251/540 1698/2252/541 1710/2253/541
f 1723/2254/222 1663/2255/222 1660/2256/222
f 1740/2233/222 1554/2232/222 1758/2257/222
f 1383/2258/232 1375/2124/233 1376/2259/232
f 1382/2260/228 1376/2261/232 1377/2118/228
f 1430/2262/227 1555/2263/227 1354/2108/227
f 1429/1242/227 1738/2264/642 1750/2265/642
f 1776/2266/12 1751/2267/12 1779/2268/12
f 1409/1148/222 1437/2172/222 1355/1248/222
f 1354/2269/12 1432/1251/12 1356/1250/12
f 1747/2270/12 1555/2120/12 1746/2119/12
f 1597/2166/12 1584/2271/12 1589/2272/12
f 1577/2273/222 1471/2274/222 1547/2275/222
f 1688/2276/222 1417/2277/222 1419/2200/222
f 1428/2278/222 1721/2279/222 1722/2280/222
f 1578/2281/222 1579/2282/222 1591/2283/222
f 1436/2284/500 1827/2285/643 1435/2286/500
f 1842/2287/222 1590/2288/222 1638/2163/222
f 1435/2289/222 1828/2290/222 1578/2281/222
f 1605/2291/644 1597/2292/645 1591/2293/645
f 1436/2294/12 1633/2295/12 1598/2296/12
f 1813/2244/222 1695/2297/222 1491/2242/222
f 1513/2298/222 1770/2299/222 1563/2300/222
f 1519/2301/222 1741/2302/222 1742/2303/222
f 1738/2304/222 1775/2305/222 1742/2303/222
f 1799/2247/12 1410/1295/12 1819/2306/12
f 1440/2307/227 1443/2308/225 1439/2309/227
f 1447/2310/228 1444/2311/225 1448/2312/228
f 1448/2312/228 1451/2313/232 1447/2310/228
f 1451/2314/232 1456/2315/233 1455/2316/233
f 1459/2317/162 1456/2315/233 1460/2318/162
f 1459/2317/162 1464/2319/229 1463/2320/229
f 1463/2320/229 1468/2321/230 1467/2322/230
f 1467/2322/230 1470/2323/221 1469/2324/221
f 1469/2325/221 1472/2326/2 1471/2327/2
f 1471/2327/2 1474/2328/1 1473/2329/1
f 1473/2329/1 1476/2330/113 1475/2331/113
f 1475/2331/113 1481/2332/223 1480/2333/223
f 1480/2333/223 1482/2334/392 1479/2335/392
f 1479/2335/392 1483/2336/288 1478/2337/288
f 1478/2337/288 1484/2338/289 1477/2339/289
f 1484/2340/289 1485/2341/495 1477/2342/289
f 1441/2343/501 1486/2344/495 1442/2345/501
f 1442/2345/501 1445/2346/500 1441/2343/501
f 1446/2347/500 1449/2348/436 1445/2346/500
f 1453/2349/504 1450/2350/436 1454/2351/504
f 1454/2351/504 1457/2352/503 1453/2349/504
f 1458/2353/503 1461/2354/499 1457/2355/503
f 1465/2356/497 1462/2357/499 1466/2358/497
f 1466/2358/497 1439/2309/227 1465/2356/497
f 1461/2359/222 1465/2360/222 1370/2361/222
f 1368/2362/222 1367/2363/222 1449/2364/222
f 1450/2365/12 1446/2366/12 1364/2367/12
f 1362/2368/12 1361/2369/12 1458/2370/12
f 1488/2371/227 1491/2372/225 1487/2373/227
f 1492/2374/225 1495/2375/228 1491/2372/225
f 1496/2376/228 1499/2377/232 1495/2375/228
f 1499/2378/232 1506/2379/233 1505/2380/233
f 1505/2380/233 1508/2381/162 1507/2382/162
f 1507/2382/162 1512/2383/229 1511/2384/229
f 1511/2384/229 1514/2385/230 1513/2386/230
f 1513/2386/230 1516/2387/221 1515/2388/221
f 1515/2389/221 1520/2390/2 1519/2391/2
f 1521/2392/1 1520/2390/2 1522/2393/1
f 1523/2394/113 1522/2393/1 1524/2395/113
f 1523/2394/113 1527/2396/223 1526/2397/223
f 1526/2397/223 1529/2398/392 1528/2399/392
f 1528/2399/392 1531/2400/288 1530/2401/288
f 1530/2401/288 1533/2402/289 1532/2403/289
f 1533/2404/289 1525/2405/495 1532/2406/289
f 1534/2407/495 1535/2408/501 1525/2405/495
f 1489/2409/500 1536/2410/501 1490/2411/500
f 1490/2411/500 1493/2412/436 1489/2409/500
f 1497/2413/504 1494/2414/436 1498/2415/504
f 1498/2415/504 1501/2416/503 1497/2413/504
f 1502/2417/503 1503/2418/499 1501/2419/503
f 1509/2420/497 1504/2421/499 1510/2422/497
f 1510/2422/497 1487/2373/227 1509/2420/497
f 1530/2423/222 1383/2424/222 1382/2425/222
f 1488/2225/12 1900/2426/12 1735/2427/12
f 1500/2428/12 1766/2429/12 1557/2430/12
f 1527/2431/12 1552/2432/12 1373/2433/12
f 1440/2434/12 1360/2435/12 1358/2436/12
f 1394/2437/12 1446/2366/12 1442/2438/12
f 1441/2439/222 1365/2440/222 1392/2441/222
f 1456/2105/12 1518/2442/12 1400/2106/12
f 1402/2443/222 1451/2444/222 1455/2445/222
f 1869/2446/12 1836/2447/12 1464/2448/12
f 1829/2449/222 1827/2450/222 1833/2451/222
f 1871/2452/12 1835/2453/12 1841/2454/12
f 1436/2294/12 1837/2455/12 1834/2456/12
f 1578/2281/222 1595/2457/222 1594/2458/222
f 1434/2459/12 1397/1450/12 1391/1449/12
f 1577/2273/222 1829/2449/222 1469/2460/222
f 1470/2461/12 1468/2462/12 1836/2447/12
f 1433/2463/222 1390/1454/222 1399/1137/222
f 1848/2464/12 1859/2240/12 1850/2465/12
f 1564/2466/646 1627/2467/535 1622/2468/535
f 1598/2469/647 1638/2470/540 1590/2471/647
f 1884/2472/222 1459/2473/222 1887/2474/222
f 1397/1450/12 1434/2459/12 1835/2453/12
f 1826/2475/648 1434/2476/649 1433/2477/649
f 1583/2478/12 1470/2461/12 1585/2479/12
f 1893/2150/12 1868/2110/12 1869/2446/12
f 1463/2480/222 1879/2481/222 1887/2474/222
f 1452/2482/12 1537/2483/12 1518/2442/12
f 1517/2484/222 1447/2485/222 1451/2444/222
f 1517/2486/223 1400/2487/223 1518/2488/223
f 1448/2489/12 1540/2490/12 1537/2483/12
f 1538/2491/222 1443/2492/222 1447/2485/222
f 1538/2493/223 1518/2488/223 1537/2494/223
f 1539/2495/222 1439/2496/222 1443/2492/222
f 1539/2497/223 1537/2494/223 1540/2140/223
f 1444/2498/12 1358/2436/12 1540/2490/12
f 1541/2499/227 1548/2500/227 1542/2501/227
f 1398/2141/12 1442/2438/12 1486/2502/12
f 1485/2503/222 1392/2441/222 1396/2504/222
f 1543/2505/227 1542/2501/227 1544/2506/227
f 1544/2507/12 1481/2508/12 1476/2509/12
f 1475/2510/222 1541/2511/222 1543/2512/222
f 1546/2513/227 1544/2506/227 1545/2514/227
f 1545/2515/12 1476/2509/12 1474/2516/12
f 1473/2517/222 1543/2512/222 1546/2518/222
f 1547/2519/650 1545/2514/227 1583/2520/650
f 1583/2478/12 1474/2516/12 1472/2521/12
f 1471/2274/222 1546/2518/222 1547/2275/222
f 1478/2522/222 1621/2523/222 1550/2524/222
f 1542/2525/12 1482/2526/12 1481/2508/12
f 1480/2527/222 1549/2528/222 1541/2511/222
f 1396/2504/222 1623/2529/222 1624/2530/222
f 1548/2531/12 1483/2532/12 1482/2526/12
f 1549/2533/227 1551/2534/227 1548/2500/227
f 1479/2535/222 1550/2524/222 1549/2528/222
f 1398/2141/12 1571/2536/12 1616/2537/12
f 1564/2538/222 1396/2504/222 1607/2539/222
f 1483/2532/12 1629/2143/12 1484/2142/12
f 1389/2199/12 1616/2537/12 1615/2540/12
f 1634/2541/538 1606/2542/651 1637/2543/538
f 1733/2544/12 1717/2192/12 1714/2545/12
f 1578/2281/222 1596/2546/222 1595/2457/222
f 1863/2547/222 1592/2164/222 1864/2548/222
f 1843/2549/652 1434/2476/653 1848/2550/652
f 1645/2551/12 1716/2194/12 1644/2193/12
f 1784/2249/222 1785/2552/222 1687/2553/12
f 1438/2554/12 1818/2555/12 1406/1551/12
f 1534/2556/12 1376/2557/12 1375/2558/12
f 1510/2559/12 1504/2560/12 1900/2426/12
f 1407/1557/12 1669/2204/12 1666/2561/12
f 1494/2562/12 1372/2563/12 1401/2564/12
f 1493/2565/222 1897/2566/222 1405/2223/222
f 1405/2112/229 1896/2567/229 1401/2113/229
f 1535/2568/222 1380/2224/222 1385/2569/222
f 1490/2570/12 1374/2571/12 1372/2563/12
f 1525/2572/222 1385/2569/222 1384/2573/222
f 1536/2574/12 1375/2558/12 1374/2571/12
f 1532/2575/222 1384/2573/222 1383/2424/222
f 1533/2576/12 1377/2577/12 1376/2557/12
f 1528/2578/222 1382/2425/222 1381/2579/222
f 1526/2580/222 1381/2579/222 1379/2581/222
f 1531/2582/12 1378/2583/12 1377/2577/12
f 1432/1581/223 1756/2584/654 1431/2585/223
f 1529/2586/12 1373/2433/12 1378/2583/12
f 1495/2587/222 1556/2588/222 1761/2243/222
f 1520/2589/12 1778/2590/12 1751/2267/12
f 1524/2591/12 1555/2120/12 1552/2432/12
f 1791/2592/222 1423/1592/222 1790/2593/222
f 1553/2594/227 1373/2116/226 1552/2595/227
f 1523/2596/222 1379/2581/222 1553/2597/222
f 1554/2232/222 1757/2598/222 1758/2257/222
f 1522/2599/12 1753/2121/12 1555/2120/12
f 1430/2600/222 1756/2601/222 1757/2598/222
f 1554/2602/227 1552/2595/227 1555/2263/227
f 1521/2231/222 1553/2597/222 1554/2232/222
f 1438/2554/12 1406/1551/12 1429/1604/12
f 1715/2603/533 1699/2604/557 1720/2605/533
f 1673/2606/655 1417/2207/500 1418/2607/500
f 1499/2608/222 1505/2609/222 1556/2588/222
f 1437/2610/656 1765/2611/657 1438/2612/656
f 1437/2613/658 1776/2614/659 1771/2615/659
f 1505/2609/222 1558/2616/222 1556/2588/222
f 1506/2617/12 1500/2428/12 1557/2430/12
f 1507/2618/222 1561/2619/222 1558/2616/222
f 1559/2620/500 1556/2621/660 1558/2622/500
f 1508/2623/12 1557/2430/12 1559/2624/12
f 1511/2625/222 1563/2300/222 1561/2619/222
f 1560/2626/500 1558/2622/500 1561/2627/500
f 1512/2628/12 1559/2624/12 1560/2629/12
f 1777/2630/661 1563/2631/500 1770/2632/661
f 1562/2633/500 1561/2627/500 1563/2631/500
f 1514/2179/12 1560/2629/12 1562/2180/12
f 1790/2634/662 1421/1637/223 1796/2635/662
f 1766/2429/12 1492/2227/12 1820/2245/12
f 1608/2636/222 1565/2637/222 1569/2638/222
f 1616/2537/12 1571/2536/12 1575/2639/12
f 1570/2640/612 1569/2641/663 1565/2642/612
f 1572/2643/664 1568/2644/665 1569/2641/663
f 1573/2645/666 1567/2646/666 1568/2644/666
f 1574/2647/667 1566/2648/668 1567/2649/667
f 1575/2650/668 1564/2466/646 1566/2648/668
f 1579/2282/222 1576/2651/222 1591/2283/222
f 1600/2167/12 1589/2272/12 1588/2652/12
f 1576/2653/669 1589/2654/670 1584/2655/669
f 1579/2656/670 1588/2657/671 1589/2658/670
f 1580/2659/672 1587/2660/672 1588/2657/672
f 1581/2661/673 1586/2662/674 1587/2663/673
f 1582/2664/674 1583/2520/650 1586/2662/674
f 1584/2655/669 1565/2642/612 1576/2653/669
f 1593/2665/222 1578/2281/222 1594/2458/222
f 1602/2666/12 1600/2167/12 1603/2667/12
f 1597/2292/645 1596/2668/675 1591/2293/645
f 1601/2669/676 1595/2670/677 1596/2668/675
f 1602/2671/678 1594/2672/678 1595/2670/678
f 1603/2673/679 1593/2674/680 1594/2675/679
f 1604/2676/680 1590/2471/647 1593/2674/680
f 1386/2677/222 1655/2678/222 1656/2679/222
f 1618/2680/12 1651/2197/12 1615/2540/12
f 1615/2540/12 1620/2681/12 1619/2682/12
f 1605/2683/644 1620/2684/681 1614/2685/644
f 1609/2686/681 1619/2687/682 1620/2684/681
f 1610/2688/683 1618/2689/683 1619/2687/683
f 1611/2690/684 1617/2691/685 1618/2692/684
f 1612/2693/685 1613/2694/651 1617/2691/685
f 1608/2636/222 1607/2539/222 1386/2677/222
f 1623/2529/222 1622/2695/222 1626/2696/222
f 1632/2697/12 1629/2143/12 1628/2698/12
f 1845/2699/222 1862/2165/222 1846/2700/222
f 1850/2465/12 1859/2240/12 1851/2701/12
f 1621/2702/533 1632/2703/497 1628/2704/533
f 1625/2705/503 1631/2706/503 1632/2707/503
f 1626/2708/436 1627/2467/535 1631/2706/436
f 1637/2543/538 1636/2709/1 1634/2541/538
f 1640/2710/1 1635/2711/2 1636/2709/1
f 1641/2712/230 1633/2713/540 1635/2714/230
f 1550/2715/227 1628/2704/533 1551/2534/227
f 1647/2716/12 1644/2193/12 1643/2717/12
f 1653/2718/12 1650/2187/12 1649/2719/12
f 1656/2679/222 1655/2678/222 1659/2720/222
f 1662/2721/222 1661/2722/222 1665/2723/222
f 1654/2182/541 1653/2724/233 1649/2183/541
f 1658/2725/233 1652/2726/228 1653/2724/233
f 1659/2727/228 1648/2175/557 1652/2728/228
f 1660/2729/538 1647/2730/1 1643/2731/538
f 1664/2732/1 1646/2733/2 1647/2730/1
f 1665/2734/230 1642/2735/540 1646/2736/230
f 1412/2737/223 1643/2731/538 1408/2738/223
f 1672/2739/12 1668/2189/12 1667/2191/12
f 1673/2740/12 1675/2188/12 1676/2741/12
f 1676/2741/12 1675/2188/12 1677/2742/12
f 1677/2742/12 1675/2188/12 1678/2743/12
f 1678/2743/12 1675/2188/12 1599/2241/12
f 1679/2744/222 1592/2164/222 1682/2745/222
f 1682/2745/222 1681/2746/222 1683/2747/222
f 1683/2747/222 1681/2746/222 1684/2748/222
f 1684/2748/222 1681/2746/222 1680/2749/222
f 1687/2553/12 1686/2750/222 1691/2751/222
f 1673/2606/655 1684/2752/686 1680/2753/655
f 1676/2754/686 1683/2755/503 1684/2752/686
f 1677/2756/503 1682/2757/687 1683/2758/503
f 1678/2759/687 1679/2760/637 1682/2757/687
f 1666/2761/662 1691/2762/688 1686/2763/662
f 1670/2764/688 1690/2765/289 1691/2762/688
f 1671/2766/289 1689/2767/689 1690/2768/289
f 1672/2769/689 1685/2208/639 1689/2767/689
f 1413/1776/223 1666/2761/662 1686/2763/662
f 1697/2770/222 1694/2771/222 1693/2772/222
f 1698/2248/222 1700/2250/222 1701/2773/222
f 1710/2774/12 1713/2775/12 1711/2235/12
f 1702/2776/222 1700/2250/222 1699/2777/222
f 1705/2226/12 1704/2778/12 1708/2779/12
f 1711/2235/12 1713/2775/12 1712/2780/12
f 1716/2194/12 1715/2781/12 1719/2782/12
f 1722/2280/222 1721/2279/222 1725/2783/222
f 1731/2784/222 1728/2217/222 1727/2216/222
f 1734/2785/12 1733/2544/12 1737/2786/12
f 1714/2787/535 1725/2788/436 1721/2229/535
f 1718/2789/503 1724/2790/503 1725/2788/503
f 1719/2791/497 1720/2605/533 1724/2792/497
f 1709/2793/557 1702/2794/225 1699/2604/557
f 1712/2795/232 1701/2796/232 1702/2797/232
f 1713/2798/162 1698/2252/541 1701/2796/162
f 1703/2251/540 1697/2799/230 1693/2800/540
f 1707/2801/2 1696/2802/2 1697/2803/2
f 1708/2804/113 1692/2805/538 1696/2802/113
f 1726/2230/536 1737/2806/501 1733/2228/536
f 1730/2807/289 1736/2808/289 1737/2809/289
f 1731/2810/392 1732/2211/539 1736/2808/392
f 1789/2811/639 1803/2812/655 1783/2813/655
f 1743/2814/222 1740/2233/222 1739/2815/222
f 1748/2816/12 1746/2119/12 1745/2817/12
f 1754/2818/12 1751/2267/12 1750/2819/12
f 1759/2820/222 1757/2598/222 1756/2601/222
f 1755/2821/690 1748/2822/691 1745/2823/690
f 1759/2824/692 1744/2825/654 1748/2826/692
f 1738/2264/642 1754/2827/687 1750/2265/642
f 1743/2828/686 1749/2829/693 1754/2830/686
f 1745/2823/690 1739/2831/693 1755/2821/690
f 1761/2243/222 1556/2588/222 1764/2832/222
f 1821/2833/12 1765/2834/12 1769/2835/12
f 1774/2836/222 1742/2303/222 1775/2305/222
f 1770/2299/222 1772/2837/222 1773/2838/222
f 1557/2839/660 1764/2840/694 1556/2621/660
f 1767/2841/695 1763/2842/695 1764/2840/695
f 1768/2843/696 1762/2844/696 1763/2845/696
f 1769/2846/697 1760/2847/657 1762/2844/697
f 1770/2632/661 1781/2848/698 1777/2630/661
f 1773/2849/699 1780/2850/699 1781/2848/699
f 1774/2851/700 1779/2852/700 1780/2853/700
f 1775/2854/701 1776/2614/659 1779/2852/701
f 1784/2249/222 1783/2855/222 1788/2856/222
f 1795/2857/222 1791/2592/222 1790/2593/222
f 1798/2246/12 1797/2858/12 1802/2859/12
f 1809/2860/12 1805/2205/12 1804/2861/12
f 1782/2169/637 1809/2862/687 1804/2863/637
f 1786/2864/687 1808/2865/503 1809/2862/687
f 1787/2866/503 1807/2867/686 1808/2868/503
f 1788/2869/686 1803/2812/655 1807/2867/686
f 1789/2811/639 1802/2870/689 1797/2871/639
f 1793/2872/689 1801/2873/289 1802/2870/689
f 1794/2874/289 1800/2875/688 1801/2876/289
f 1795/2877/688 1796/2635/662 1800/2875/688
f 1785/2552/222 1686/2750/222 1687/2553/12
f 1812/2878/222 1811/2171/222 1817/2879/222
f 1825/2880/12 1799/2247/12 1819/2306/12
f 1810/2176/638 1825/2881/702 1819/2882/638
f 1814/2883/702 1824/2884/703 1825/2881/702
f 1815/2885/704 1823/2886/704 1824/2887/704
f 1816/2888/705 1822/2889/706 1823/2886/705
f 1817/2890/706 1818/2891/707 1822/2892/706
f 1811/2893/707 1406/1895/566 1818/2891/707
f 1463/2480/222 1467/2894/222 1829/2449/222
f 1403/1899/223 1890/2895/539 1885/2896/539
f 1890/2151/12 1893/2150/12 1894/2897/12
f 1633/2295/12 1849/2898/12 1853/2899/12
f 1834/2900/643 1833/2901/708 1827/2285/643
f 1838/2902/708 1832/2903/709 1833/2901/708
f 1839/2904/710 1831/2905/710 1832/2906/710
f 1840/2907/711 1830/2908/712 1831/2905/711
f 1841/2909/712 1826/2475/648 1830/2910/712
f 1842/2911/713 1853/2912/714 1849/2913/713
f 1844/2914/714 1852/2915/715 1853/2912/714
f 1845/2916/716 1851/2917/716 1852/2918/716
f 1846/2919/717 1850/2920/718 1851/2917/717
f 1847/2921/718 1848/2922/652 1850/2920/718
f 1844/2923/222 1638/2163/222 1845/2699/222
f 1856/2924/12 1599/2241/12 1857/2925/12
f 1854/2926/719 1865/2927/720 1861/2928/719
f 1856/2929/720 1864/2930/721 1865/2927/720
f 1857/2931/722 1863/2932/722 1864/2933/722
f 1858/2934/723 1862/2935/724 1863/2932/723
f 1859/2936/724 1860/2236/640 1862/2935/724
f 1854/2926/719 1388/1940/223 1387/2937/223
f 1868/2110/12 1867/2938/12 1874/2939/12
f 1878/2940/222 1876/2161/222 1883/2941/222
f 1866/2159/635 1883/2942/725 1876/2157/635
f 1872/2943/726 1882/2944/726 1883/2942/726
f 1873/2945/727 1881/2946/727 1882/2944/727
f 1874/2947/728 1875/2948/729 1881/2949/728
f 1875/2948/729 1393/1955/227 1395/2950/227
f 1889/2951/222 1886/2156/222 1885/2155/222
f 1892/2952/12 1891/2107/12 1895/2953/12
f 1890/2895/539 1889/2954/288 1885/2896/539
f 1894/2955/288 1888/2956/289 1889/2954/288
f 1895/2957/501 1884/2958/536 1888/2959/501
f 1884/2958/536 1400/2960/500 1402/2961/500
f 1601/2168/12 1600/2167/12 1602/2666/12
f 1590/2288/222 1435/2289/222 1593/2665/222
f 1600/2167/12 1604/2962/12 1603/2667/12
f 1578/2281/222 1591/2283/222 1596/2546/222
f 1436/2294/12 1598/2296/12 1604/2962/12
f 1846/2700/222 1862/2165/222 1847/2963/222
f 1650/2187/12 1651/2197/12 1613/2964/12
f 1606/2965/222 1656/2679/222 1657/2201/222
f 1884/2472/222 1887/2474/222 1888/2966/222
f 1640/2967/222 1681/2746/222 1592/2164/222
f 1592/2164/222 1681/2746/222 1682/2745/222
f 1599/2241/12 1639/1976/12 1674/2968/12
f 1415/1978/222 1388/1980/222 1861/2969/222
f 1599/2241/12 1674/2968/12 1678/2743/12
f 1599/2241/12 1634/2970/12 1636/2971/12
f 1875/2972/222 1403/1131/222 1880/2154/222
f 1648/2973/12 1651/2197/12 1652/2974/12
f 1658/2975/222 1656/2679/222 1659/2720/222
f 1652/2974/12 1650/2187/12 1653/2718/12
f 1654/2202/222 1657/2201/222 1658/2975/222
f 1675/2188/12 1613/2964/12 1634/2970/12
f 1637/2976/222 1657/2201/222 1681/2746/222
f 1656/2679/222 1611/2977/222 1608/2636/222
f 1608/2636/222 1611/2977/222 1610/2978/222
f 1618/2680/12 1615/2540/12 1619/2682/12
f 1605/2979/222 1565/2637/222 1609/2980/222
f 1389/2199/12 1615/2540/12 1651/2197/12
f 1386/2677/222 1656/2679/222 1608/2636/222
f 1617/2981/12 1613/2964/12 1651/2197/12
f 1565/2637/222 1610/2978/222 1609/2980/222
f 1570/2982/12 1614/2983/12 1620/2681/12
f 1606/2965/222 1612/2984/222 1656/2679/222
f 1608/2636/222 1569/2638/222 1568/2985/222
f 1570/2982/12 1615/2540/12 1572/2986/12
f 1607/2987/229 1398/2153/229 1616/2145/229
f 1564/2538/222 1607/2539/222 1566/2988/222
f 1574/2989/12 1616/2537/12 1575/2639/12
f 1572/2986/12 1615/2540/12 1573/2990/12
f 1567/2991/222 1608/2636/222 1568/2985/222
f 1573/2990/12 1616/2537/12 1574/2989/12
f 1566/2988/222 1607/2539/222 1567/2991/222
f 1627/2992/12 1630/2993/12 1631/2994/12
f 1625/2995/222 1623/2529/222 1626/2696/222
f 1631/2994/12 1629/2143/12 1632/2697/12
f 1621/2523/222 1624/2530/222 1625/2995/222
f 1851/2701/12 1633/2295/12 1852/2996/12
f 1591/2283/222 1565/2637/222 1605/2979/222
f 1577/2273/222 1547/2275/222 1582/2997/222
f 1589/2272/12 1600/2167/12 1597/2166/12
f 1614/2983/12 1584/2271/12 1597/2166/12
f 1579/2282/222 1578/2281/222 1580/2998/222
f 1583/2478/12 1585/2479/12 1586/2999/12
f 1581/3000/222 1577/2273/222 1582/2997/222
f 1586/2999/12 1837/2455/12 1587/3001/12
f 1599/2241/12 1859/2240/12 1858/3002/12
f 1587/3001/12 1600/2167/12 1588/2652/12
f 1580/2998/222 1828/2290/222 1581/3000/222
f 1842/2287/222 1638/2163/222 1844/2923/222
f 1633/2295/12 1853/2899/12 1852/2996/12
f 1862/2165/222 1592/2164/222 1863/2547/222
f 1434/2459/12 1855/3003/12 1848/2464/12
f 1592/2164/222 1641/3004/222 1640/2967/222
f 1857/2925/12 1599/2241/12 1858/3002/12
f 1856/2924/12 1854/3005/12 1599/2241/12
f 1864/2548/222 1592/2164/222 1865/3006/222
f 1636/2971/12 1635/2239/12 1599/2241/12
f 1861/2969/222 1865/3006/222 1592/2164/222
f 1861/2969/222 1679/2744/222 1415/1978/222
f 1894/2897/12 1892/2952/12 1895/2953/12
f 1415/2016/227 1674/3007/637 1639/3008/227
f 1854/3005/12 1387/2017/12 1639/1976/12
f 1390/1454/222 1843/3009/222 1860/3010/222
f 1662/2721/222 1700/2250/222 1688/2276/222
f 1709/3011/12 1711/2235/12 1712/2780/12
f 1701/2773/222 1700/2250/222 1702/2776/222
f 1803/2234/12 1806/2203/12 1807/3012/12
f 1784/2249/222 1788/2856/222 1787/3013/222
f 1807/3012/12 1806/2203/12 1808/3014/12
f 1786/3015/222 1784/2249/222 1787/3013/222
f 1808/3014/12 1805/2205/12 1809/2860/12
f 1782/3016/222 1785/2552/222 1786/3015/222
f 1666/2561/12 1669/2204/12 1670/3017/12
f 1688/2276/222 1691/2751/222 1690/3018/222
f 1689/3019/222 1688/2276/222 1690/3018/222
f 1670/3017/12 1668/2189/12 1671/3020/12
f 1685/3021/222 1688/2276/222 1689/3019/222
f 1671/3020/12 1668/2189/12 1672/2739/12
f 1425/2030/12 1805/2205/12 1407/1557/12
f 1782/3016/222 1413/1879/222 1785/2552/222
f 1711/2235/12 1669/2204/12 1806/2203/12
f 1700/2250/222 1687/2553/12 1688/2276/222
f 1642/3022/12 1645/2551/12 1646/3023/12
f 1664/3024/222 1662/2721/222 1665/2723/222
f 1646/3023/12 1644/2193/12 1647/2716/12
f 1660/2256/222 1663/2255/222 1664/3024/222
f 1645/2551/12 1709/3011/12 1715/2781/12
f 1663/2255/222 1720/3025/222 1662/2721/222
f 1718/3026/12 1716/2194/12 1719/2782/12
f 1426/3027/12 1643/2717/12 1717/2192/12
f 1714/2545/12 1717/2192/12 1718/3026/12
f 1722/2280/222 1725/2783/222 1724/3028/222
f 1668/2189/12 1709/3011/12 1645/2551/12
f 1720/3025/222 1699/2777/222 1662/2721/222
f 1736/3029/12 1734/2785/12 1737/2786/12
f 1732/3030/12 1735/2427/12 1736/3029/12
f 1726/3031/222 1729/3032/222 1730/3033/222
f 1730/3033/222 1728/2217/222 1731/2784/222
f 1707/3034/12 1705/2226/12 1708/2779/12
f 1703/3035/12 1706/3036/12 1707/3034/12
f 1692/3037/222 1695/2297/222 1696/3038/222
f 1696/3038/222 1694/2771/222 1697/2770/222
f 1492/2227/12 1706/3036/12 1820/2245/12
f 1791/2592/222 1694/2771/222 1813/2244/222
f 1798/2246/12 1802/2859/12 1801/3039/12
f 1800/3040/12 1798/2246/12 1801/3039/12
f 1789/3041/222 1792/3042/222 1793/3043/222
f 1793/3043/222 1792/3042/222 1794/3044/222
f 1796/3045/12 1799/2247/12 1800/3040/12
f 1794/3044/222 1791/2592/222 1795/2857/222
f 1798/2246/12 1703/3035/12 1797/2858/12
f 1694/2771/222 1789/3041/222 1693/2772/222
f 1797/2858/12 1710/2774/12 1803/2234/12
f 1693/2772/222 1783/2855/222 1698/2248/222
f 1734/2785/12 1426/3027/12 1733/2544/12
f 1422/3046/222 1726/3031/222 1428/2278/222
f 1735/2427/12 1704/2778/12 1488/2225/12
f 1497/3047/222 1899/3048/222 1897/2566/222
f 1498/3049/12 1401/2564/12 1896/3050/12
f 1897/3051/229 1898/3052/229 1896/2567/229
f 1899/3053/229 1424/2214/229 1898/3052/229
f 1502/3054/12 1896/3050/12 1898/3055/12
f 1501/3056/222 1422/3046/222 1899/3048/222
f 1503/3057/222 1509/2218/222 1901/2219/222
f 1728/2217/222 1422/3046/222 1901/2219/222
f 1900/2426/12 1898/3055/12 1424/3058/12
f 1900/2426/12 1734/2785/12 1735/2427/12
f 1491/2242/222 1692/3037/222 1487/2215/222
f 1504/2560/12 1502/3054/12 1900/2426/12
f 1503/3057/222 1901/2219/222 1501/3056/222
f 1749/3059/12 1752/3060/12 1754/2818/12
f 1738/2304/222 1741/2302/222 1743/2814/222
f 1752/3060/12 1520/2589/12 1751/2267/12
f 1515/3061/222 1742/2303/222 1772/2837/222
f 1520/2589/12 1753/2121/12 1522/2599/12
f 1519/2301/222 1740/2233/222 1741/2302/222
f 1744/3062/12 1747/2270/12 1748/2816/12
f 1755/3063/222 1757/2598/222 1759/2820/222
f 1747/2270/12 1432/1251/12 1354/2269/12
f 1357/2074/222 1431/1601/222 1430/2600/222
f 1778/2590/12 1781/3064/12 1780/3065/12
f 1355/1248/222 1771/3066/222 1738/2304/222
f 1767/3067/12 1820/2245/12 1768/3068/12
f 1773/2838/222 1772/2837/222 1774/2836/222
f 1438/2554/12 1429/1604/12 1776/2266/12
f 1437/2172/222 1771/3066/222 1355/1248/222
f 1513/2298/222 1515/3061/222 1772/2837/222
f 1778/2590/12 1777/2178/12 1781/3064/12
f 1429/1604/12 1750/2819/12 1776/2266/12
f 1516/3069/12 1514/2179/12 1778/2590/12
f 1779/2268/12 1778/2590/12 1780/3065/12
f 1557/2430/12 1766/2429/12 1767/3067/12
f 1762/3070/222 1813/2244/222 1763/3071/222
f 1760/3072/222 1812/2878/222 1762/3070/222
f 1818/2555/12 1821/2833/12 1822/3073/12
f 1813/2244/222 1764/2832/222 1763/3071/222
f 1820/2245/12 1769/2835/12 1768/3068/12
f 1417/2277/222 1681/2746/222 1419/2200/222
f 1418/2190/12 1675/2188/12 1673/2740/12
f 1822/3073/12 1821/2833/12 1823/3074/12
f 1812/2878/222 1817/2879/222 1816/3075/222
f 1813/2244/222 1816/3075/222 1815/3076/222
f 1823/3074/12 1820/2245/12 1824/3077/12
f 1814/3078/222 1813/2244/222 1815/3076/222
f 1824/3077/12 1799/2247/12 1825/2880/12
f 1810/3079/222 1791/2592/222 1814/3078/222
f 1796/3045/12 1410/1295/12 1799/2247/12
f 1810/3079/222 1411/1593/222 1791/2592/222
f 1765/2834/12 1818/2555/12 1438/2554/12
f 1812/2878/222 1437/2172/222 1811/2171/222
f 1645/2551/12 1420/2186/12 1668/2189/12
f 1662/2721/222 1419/2200/222 1661/2722/222
f 1834/2456/12 1836/2447/12 1838/3080/12
f 1832/3081/222 1829/2449/222 1833/2451/222
f 1871/2452/12 1841/2454/12 1840/3082/12
f 1826/2160/222 1877/2162/222 1830/3083/222
f 1839/3084/12 1871/2452/12 1840/3082/12
f 1830/3083/222 1877/2162/222 1831/3085/222
f 1838/3080/12 1870/3086/12 1839/3084/12
f 1831/3085/222 1878/2940/222 1832/3081/222
f 1866/3087/12 1870/3086/12 1872/3088/12
f 1873/3089/12 1868/2110/12 1874/2939/12
f 1875/2972/222 1880/2154/222 1881/3090/222
f 1882/3091/222 1878/2940/222 1883/2941/222
f 1872/3088/12 1869/2446/12 1873/3089/12
f 1881/3090/222 1879/2481/222 1882/3091/222
f 1866/3087/12 1835/2453/12 1871/2452/12
f 1433/2463/222 1399/1137/222 1826/2160/222
f 1862/2165/222 1843/3009/222 1847/2963/222
f 1888/2966/222 1886/2156/222 1889/2951/222
f 1460/3092/12 1891/2107/12 1892/2952/12
f 1402/2443/222 1455/2445/222 1884/2472/222
f 1551/3093/12 1629/2143/12 1483/2532/12
f 1477/3094/222 1624/2530/222 1478/2522/222
f 1630/2993/12 1571/2536/12 1398/2141/12
f 1622/2695/222 1396/2504/222 1564/2538/222
f 7/1/1 8/312/2 227/2/2
f 232/4/3 300/3095/3 298/5/4
f 230/7/6 295/11/10 301/8/7
f 1/10/9 294/565/295 295/11/10
f 98/12/11 36/76/12 34/13/12
f 229/9/8 301/8/7 297/15/14
f 231/16/15 297/15/14 300/17/3
f 54/19/16 31/34/12 23/20/12
f 53/22/18 70/87/58 90/23/19
f 234/25/21 299/42/33 296/26/22
f 85/28/24 74/97/67 97/29/25
f 296/26/22 322/431/22 268/31/27
f 57/33/28 35/36/12 31/34/12
f 62/35/29 32/38/12 35/36/12
f 94/14/13 34/13/12 32/38/12
f 61/39/31 82/60/47 85/28/24
f 33/40/12 36/76/12 98/12/11
f 233/6/5 298/5/4 299/42/33
f 117/43/34 105/3096/108 109/44/35
f 18/46/37 106/55/45 102/47/38
f 15/49/40 118/80/52 114/50/41
f 16/52/42 114/147/41 110/53/43
f 17/54/44 110/53/43 106/55/45
f 2/56/12 12/211/12 417/57/12
f 66/59/46 77/122/48 82/60/47
f 58/61/20 90/3097/19 77/62/48
f 23/20/12 22/69/12 411/64/12
f 41/66/49 394/3098/57 393/67/50
f 22/69/12 21/74/12 410/70/12
f 24/71/12 25/79/12 28/72/12
f 21/74/12 25/79/12 407/75/12
f 31/34/12 29/77/12 22/69/12
f 26/73/12 28/72/12 36/76/12
f 49/68/51 70/87/58 53/22/18
f 29/77/12 27/78/12 21/74/12
f 27/78/12 28/72/12 25/79/12
f 35/36/12 32/38/12 29/77/12
f 32/38/12 34/13/12 27/78/12
f 13/41/32 98/12/11 118/80/52
f 34/13/12 36/76/12 28/72/12
f 42/21/17 398/155/112 396/81/53
f 44/82/54 396/81/53 395/83/55
f 43/84/56 395/83/55 394/85/57
f 70/87/58 49/68/51 51/88/59
f 72/89/60 51/88/59 52/90/61
f 71/91/62 52/90/61 50/92/63
f 54/19/16 42/21/17 44/82/54
f 56/94/65 44/82/54 43/84/56
f 55/95/66 43/84/56 41/86/49
f 74/97/67 85/28/24 87/98/68
f 76/99/69 87/98/68 88/100/70
f 75/101/71 88/100/70 86/102/72
f 62/35/29 65/37/30 67/104/74
f 64/105/75 67/104/74 68/106/76
f 63/107/77 68/106/76 66/63/46
f 69/93/64 89/126/90 91/109/78
f 71/91/62 91/109/78 92/110/79
f 72/89/60 92/110/79 90/23/19
f 65/37/30 57/33/28 59/111/80
f 67/104/74 59/111/80 60/112/81
f 68/106/76 60/112/81 58/61/20
f 57/33/28 54/19/16 56/94/65
f 59/111/80 56/94/65 55/95/66
f 60/112/81 55/95/66 53/96/18
f 94/14/13 62/35/29 64/105/75
f 96/113/82 64/105/75 63/107/77
f 95/114/83 63/107/77 61/108/31
f 82/60/47 77/122/48 79/116/84
f 84/117/85 79/116/84 80/118/86
f 83/119/87 80/118/86 78/120/88
f 85/28/24 82/60/47 84/117/85
f 87/98/68 84/117/85 83/119/87
f 88/100/70 83/119/87 81/121/89
f 77/122/48 90/3099/19 92/123/79
f 79/124/84 92/110/79 91/109/78
f 80/125/86 91/109/78 89/126/90
f 45/128/91 377/525/273 378/129/92
f 47/130/93 378/129/92 376/131/94
f 48/132/95 376/131/94 382/133/96
f 98/12/11 94/14/13 96/113/82
f 100/135/98 96/113/82 95/114/83
f 99/136/99 95/114/83 93/115/26
f 117/43/34 113/45/36 115/138/100
f 119/139/101 115/138/100 116/140/102
f 120/141/103 116/140/102 114/50/41
f 113/142/36 109/148/35 111/143/104
f 115/144/100 111/143/104 112/145/105
f 116/146/102 112/145/105 110/53/43
f 109/148/35 105/151/108 107/149/106
f 111/143/104 107/149/106 108/150/107
f 112/145/105 108/150/107 106/55/45
f 105/151/108 101/154/111 103/152/109
f 107/149/106 103/152/109 104/153/110
f 108/150/107 104/153/110 102/47/38
f 101/154/111 74/97/67 76/99/69
f 103/152/109 76/99/69 75/101/71
f 104/153/110 75/101/71 73/103/73
f 97/137/25 117/43/34 119/139/101
f 99/136/99 119/139/101 120/141/103
f 100/135/98 120/141/103 118/80/52
f 42/21/17 23/20/12 408/65/12
f 101/154/111 105/151/108 117/156/34
f 6/157/113 7/1/1 228/3/1
f 241/159/114 242/196/141 306/160/115
f 239/162/116 238/170/122 309/163/117
f 121/165/119 239/162/116 303/164/118
f 204/167/121 200/192/138 148/168/12
f 238/170/122 240/172/124 305/171/123
f 240/172/124 241/3100/114 302/173/114
f 160/174/125 152/237/165 137/175/12
f 159/177/126 164/214/156 196/178/127
f 243/180/129 244/3101/730 304/181/130
f 191/183/132 199/291/207 203/184/133
f 304/181/130 244/3101/730 276/186/135
f 244/3101/730 272/3102/258 276/186/135
f 163/188/136 160/174/125 145/176/12
f 168/190/137 171/235/163 149/189/12
f 200/192/138 168/190/137 146/191/12
f 167/193/139 199/291/207 191/183/132
f 147/195/12 129/236/164 204/167/121
f 242/196/141 243/180/129 308/182/131
f 223/197/142 219/293/209 215/198/143
f 134/200/145 130/743/425 208/201/146
f 131/203/148 132/745/151 220/204/149
f 132/206/151 133/209/153 216/207/152
f 133/209/153 134/200/145 212/202/147
f 2/56/12 424/749/12 423/210/12
f 172/212/154 167/193/139 188/194/140
f 164/214/156 172/212/154 183/213/155
f 137/175/12 434/310/12 432/215/12
f 151/217/157 155/228/160 406/218/158
f 136/216/12 432/215/12 433/220/12
f 138/222/12 140/227/12 142/223/12
f 135/221/12 433/220/12 435/225/12
f 145/176/12 137/175/12 136/216/12
f 140/227/12 147/195/12 150/169/12
f 155/228/160 151/217/157 159/229/126
f 123/231/161 128/373/162 253/232/162
f 143/226/12 136/216/12 135/221/12
f 141/234/12 135/221/12 139/224/12
f 149/189/12 145/176/12 143/226/12
f 146/191/12 143/226/12 141/234/12
f 129/236/164 131/203/148 224/205/150
f 148/168/12 141/234/12 142/223/12
f 152/237/165 154/240/168 399/238/166
f 154/240/168 153/242/170 405/241/169
f 153/242/170 151/251/157 402/243/159
f 176/230/128 178/245/172 157/244/171
f 178/245/172 177/247/174 158/246/173
f 177/247/174 175/263/187 156/248/175
f 160/174/125 162/249/176 154/240/168
f 162/249/176 161/250/177 153/242/170
f 161/250/177 159/177/126 151/251/157
f 180/252/134 182/255/179 193/253/178
f 182/255/179 181/257/181 194/256/180
f 181/257/181 179/309/220 192/258/182
f 168/190/137 170/260/184 173/259/183
f 170/260/184 169/262/186 174/261/185
f 169/262/186 167/193/139 172/212/154
f 175/263/187 177/247/174 197/264/188
f 177/247/174 178/245/172 198/266/190
f 178/267/172 176/179/128 196/178/127
f 171/235/163 173/259/183 165/269/191
f 173/259/183 174/261/185 166/270/192
f 174/261/185 172/212/154 164/214/156
f 163/188/136 165/269/191 162/249/176
f 165/269/191 166/270/192 161/250/177
f 166/270/192 164/214/156 159/177/126
f 200/192/138 202/271/193 170/260/184
f 202/271/193 201/272/194 169/262/186
f 201/272/194 199/291/207 167/193/139
f 188/273/140 190/276/196 185/274/195
f 190/276/196 189/278/198 186/277/197
f 189/278/198 187/280/200 184/279/199
f 191/254/132 193/253/178 190/276/196
f 193/253/178 194/256/180 189/278/198
f 194/256/180 192/258/182 187/280/200
f 183/275/155 185/274/195 198/281/190
f 185/274/195 186/277/197 197/283/188
f 186/284/197 184/491/199 195/265/189
f 45/128/91 47/130/93 367/285/201
f 47/130/93 48/132/95 369/287/203
f 48/132/95 46/134/97 372/288/204
f 204/167/121 206/289/205 202/271/193
f 206/289/205 205/290/206 201/272/194
f 205/290/206 203/184/133 199/291/207
f 223/197/142 225/294/210 221/292/208
f 225/294/210 226/296/212 222/295/211
f 226/296/212 224/205/150 220/204/149
f 219/297/209 221/300/208 217/298/213
f 221/300/208 222/302/211 218/301/214
f 222/302/211 220/208/149 216/207/152
f 215/299/143 217/298/213 213/303/215
f 217/298/213 218/301/214 214/305/216
f 218/301/214 216/207/152 212/202/147
f 211/304/144 213/303/215 209/306/217
f 213/303/215 214/305/216 210/308/219
f 214/305/216 212/202/147 208/201/146
f 207/307/218 209/306/217 182/255/179
f 209/306/217 210/308/219 181/257/181
f 210/308/219 208/201/146 179/309/220
f 203/184/133 205/290/206 225/294/210
f 205/290/206 206/289/205 226/296/212
f 206/289/205 204/167/121 224/205/150
f 152/237/165 401/239/167 434/310/12
f 207/311/218 203/184/133 223/197/142
f 8/312/2 9/3103/221 236/313/221
f 6/314/222 4/329/222 230/315/222
f 7/317/222 6/314/222 229/316/222
f 8/319/222 7/317/222 231/318/222
f 9/321/222 8/319/222 232/320/222
f 10/323/222 9/321/222 233/322/222
f 5/325/222 10/323/222 234/324/222
f 273/327/222 5/325/222 235/326/222
f 4/329/222 245/862/222 1/330/222
f 245/331/223 4/372/224 144/332/224
f 124/334/225 122/354/226 247/335/226
f 122/337/222 124/340/222 238/338/222
f 124/340/222 125/342/222 240/341/222
f 125/342/222 126/344/222 241/343/222
f 126/344/222 127/346/222 242/345/222
f 127/346/222 128/348/222 243/347/222
f 128/348/222 123/350/222 244/349/222
f 123/350/222 271/3104/222 272/351/222
f 246/352/222 122/337/222 239/339/222
f 122/354/226 246/884/227 255/355/227
f 125/356/228 124/334/225 249/336/225
f 271/358/229 123/231/161 248/233/161
f 9/360/221 10/363/230 237/361/230
f 10/363/230 5/367/231 3/364/231
f 126/365/232 125/356/228 250/357/228
f 5/367/231 273/3105/229 275/368/229
f 127/369/233 126/3106/232 251/370/232
f 4/372/224 6/157/113 30/158/113
f 128/373/162 127/369/233 252/371/233
f 258/374/234 257/389/247 277/375/235
f 275/379/223 256/3107/223 270/402/256
f 270/402/256 289/377/237 275/379/223
f 263/380/238 265/3108/239 310/381/239
f 260/383/241 259/393/248 279/384/242
f 268/386/244 266/400/254 286/387/245
f 257/389/247 260/383/241 280/385/243
f 276/390/227 272/3109/227 271/391/227
f 259/393/248 264/3110/257 284/394/249
f 261/395/250 258/374/234 278/376/236
f 265/397/252 267/3111/505 287/398/253
f 266/400/254 262/3112/259 282/401/255
f 270/402/256 268/386/244 288/388/246
f 264/403/257 263/380/238 283/382/240
f 290/405/258 291/3113/258 293/406/135
f 262/408/259 261/395/250 281/396/251
f 292/407/135 293/406/135 289/410/27
f 287/411/27 289/410/27 288/412/27
f 288/412/27 286/416/27 283/414/27
f 310/413/261 285/413/260 288/412/27
f 282/415/27 284/417/27 283/414/27
f 284/417/27 282/415/27 281/418/27
f 279/419/27 281/418/27 278/420/27
f 287/398/253 267/3111/505 269/392/227
f 267/3111/505 276/390/227 269/392/227
f 274/424/223 256/3107/223 275/379/223
f 269/392/227 271/391/227 290/426/227
f 273/425/223 275/379/223 293/378/223
f 274/3114/258 235/27/23 256/428/135
f 235/27/23 296/26/22 256/428/135
f 299/42/33 298/5/4 324/429/4
f 296/26/22 299/42/33 325/430/33
f 297/15/14 301/8/7 321/432/7
f 298/5/4 300/3095/3 326/434/3
f 300/17/3 297/15/14 323/433/14
f 301/8/7 295/11/10 320/436/262
f 295/11/10 294/565/295 319/437/263
f 306/160/115 308/182/131 313/438/131
f 308/182/131 304/181/130 312/440/130
f 309/163/117 305/171/123 316/441/123
f 302/161/114 306/160/115 317/439/115
f 305/171/123 302/173/114 315/444/114
f 304/181/130 267/187/27 265/445/27
f 303/164/118 309/163/117 314/442/117
f 307/166/120 303/164/118 311/446/264
f 312/440/130 265/445/27 263/448/27
f 311/446/264 314/442/117 335/450/117
f 318/447/265 311/446/264 337/451/266
f 317/439/115 313/438/131 342/453/131
f 313/438/131 312/440/130 338/449/130
f 314/442/117 316/441/123 339/455/123
f 315/443/114 317/439/115 340/454/115
f 316/441/123 315/444/114 336/458/114
f 326/435/3 323/433/14 330/459/14
f 325/430/33 324/429/4 331/461/4
f 321/432/7 320/436/262 328/463/267
f 322/431/22 325/430/33 332/462/33
f 320/436/262 319/437/263 334/466/268
f 323/433/14 321/432/7 329/464/7
f 268/31/27 322/431/22 333/465/22
f 324/429/4 326/434/3 327/468/3
f 329/464/7 328/463/267 344/469/269
f 331/461/4 327/468/3 350/471/3
f 333/465/22 332/462/33 349/473/33
f 328/463/267 334/466/268 343/475/270
f 327/460/3 330/459/14 347/476/14
f 330/459/14 329/464/7 345/470/7
f 332/462/33 331/461/4 348/472/4
f 266/467/27 333/465/22 346/474/22
f 341/452/265 337/451/266 352/479/271
f 340/454/115 342/453/131 358/481/131
f 339/455/123 336/458/114 351/483/114
f 342/453/131 338/449/130 353/485/130
f 338/449/130 263/448/27 264/486/27
f 335/450/117 339/455/123 354/484/123
f 337/451/266 335/450/117 357/487/117
f 336/456/114 340/454/115 355/482/115
f 73/103/73 344/469/269 102/47/38
f 344/469/269 343/475/270 102/47/38
f 350/477/3 347/476/14 81/121/89
f 345/470/7 344/469/269 73/103/73
f 347/476/14 345/470/7 86/102/72
f 348/472/4 350/471/3 78/127/88
f 349/473/33 348/472/4 89/126/90
f 346/474/22 349/473/33 69/93/64
f 262/478/27 346/474/22 50/92/63
f 353/485/130 264/486/27 404/490/202
f 130/743/425 356/480/272 208/201/146
f 356/480/272 352/479/271 208/201/146
f 357/487/117 354/484/123 187/280/200
f 355/482/115 358/481/131 175/263/187
f 352/479/271 357/487/117 192/258/182
f 354/484/123 351/483/114 184/279/199
f 351/488/114 355/482/115 195/265/189
f 358/481/131 353/485/130 156/248/175
f 362/492/159 363/511/282 372/288/204
f 364/494/202 359/499/275 403/495/275
f 366/496/276 360/502/166 374/497/277
f 359/499/275 361/504/203 400/500/278
f 364/494/202 259/533/27 260/501/27
f 360/502/166 365/505/169 370/503/169
f 361/504/203 363/511/282 406/218/158
f 365/505/169 362/534/159 371/506/274
f 368/286/202 260/501/27 257/507/27
f 368/286/202 367/285/201 359/499/275
f 371/493/274 372/288/204 46/134/97
f 374/497/277 370/503/169 39/509/280
f 367/285/201 369/287/203 361/504/203
f 369/287/203 372/288/204 363/511/282
f 373/498/276 374/497/277 40/510/281
f 370/503/169 371/506/274 37/513/279
f 378/129/92 377/525/273 383/514/273
f 382/133/96 379/523/286 37/508/279
f 258/516/27 377/525/273 45/128/91
f 381/517/285 375/527/276 38/512/283
f 376/131/94 378/129/92 385/515/284
f 380/519/55 381/517/285 40/510/281
f 382/133/96 376/131/94 390/518/94
f 379/521/286 380/519/55 39/509/280
f 389/520/96 390/518/94 397/522/287
f 389/520/96 386/531/57 379/523/286
f 261/524/27 383/514/273 377/525/273
f 388/526/53 387/532/276 375/527/276
f 384/528/55 388/526/53 381/517/285
f 390/518/94 385/515/284 392/529/284
f 385/515/284 383/514/273 391/489/273
f 386/530/57 384/528/55 380/519/55
f 393/67/50 394/3098/57 386/531/57
f 395/83/55 396/81/53 388/526/53
f 396/81/53 398/155/112 387/532/276
f 393/67/50 397/522/287 51/88/59
f 397/522/287 392/529/284 52/90/61
f 391/489/273 383/514/273 261/524/27
f 392/529/284 391/489/273 50/92/63
f 394/85/57 395/83/55 384/528/55
f 403/495/275 400/500/278 157/244/171
f 402/219/159 406/218/158 363/511/282
f 400/500/278 406/218/158 155/228/160
f 404/490/202 403/495/275 158/246/173
f 404/490/202 264/486/27 259/533/27
f 399/238/166 405/241/169 365/505/169
f 401/239/167 399/238/166 360/502/166
f 405/241/169 402/243/159 362/534/159
f 408/65/12 411/64/12 416/535/12
f 409/537/12 407/75/12 25/79/12
f 411/64/12 410/70/12 415/538/12
f 398/155/112 408/65/12 413/536/12
f 410/70/12 407/75/12 412/539/12
f 416/535/12 415/538/12 420/540/12
f 414/542/12 412/539/12 407/75/12
f 387/532/276 413/536/12 418/543/12
f 415/538/12 412/539/12 417/57/12
f 413/536/12 416/535/12 421/541/12
f 419/58/12 417/57/12 412/539/12
f 375/527/276 418/543/12 20/544/12
f 420/540/12 417/57/12 12/211/12
f 418/543/12 421/541/12 19/546/12
f 421/541/12 420/540/12 11/545/12
f 423/210/12 424/749/12 429/547/12
f 426/549/12 425/551/12 19/546/12
f 422/550/12 373/498/276 38/512/283
f 423/210/12 426/549/12 11/545/12
f 425/551/12 422/550/12 20/544/12
f 428/548/12 429/547/12 436/552/12
f 427/553/12 430/555/12 425/551/12
f 431/554/12 366/496/276 373/498/276
f 428/548/12 427/553/12 426/549/12
f 430/555/12 431/554/12 422/550/12
f 435/225/12 436/552/12 138/222/12
f 433/220/12 432/215/12 430/555/12
f 434/310/12 401/239/167 366/496/276
f 435/225/12 433/220/12 427/553/12
f 432/215/12 434/310/12 431/554/12
f 441/556/288 643/702/288 642/557/289
f 647/559/290 648/594/316 708/560/291
f 645/562/292 644/569/297 711/563/293
f 1/10/9 645/562/292 705/564/294
f 523/566/296 519/591/313 459/567/12
f 644/569/297 646/571/299 707/570/298
f 646/571/299 647/3115/290 710/572/290
f 479/573/300 467/625/333 451/574/12
f 478/576/301 483/3116/327 515/577/302
f 649/579/304 650/3117/731 706/580/305
f 510/582/307 518/3118/378 522/583/308
f 706/580/305 681/959/310 679/585/310
f 482/587/311 479/573/300 457/575/12
f 487/589/312 490/624/332 460/588/12
f 519/591/313 487/589/312 458/590/12
f 486/592/314 518/3118/378 510/582/307
f 33/40/12 13/41/32 523/566/296
f 648/594/316 649/579/304 709/581/306
f 542/595/317 538/681/380 534/596/318
f 18/46/37 14/48/39 527/598/320
f 15/49/40 16/51/42 539/600/322
f 16/52/42 17/54/44 535/602/324
f 17/54/44 18/46/37 531/599/321
f 2/56/12 419/58/12 818/604/12
f 491/606/325 486/592/314 507/593/315
f 483/608/327 491/649/325 502/609/326
f 451/574/12 811/699/12 813/611/12
f 466/613/328 474/622/331 796/614/329
f 450/612/12 813/611/12 812/616/12
f 24/71/12 26/73/12 454/618/12
f 449/617/12 812/616/12 810/620/12
f 457/575/12 451/574/12 450/612/12
f 26/73/12 33/40/12 461/568/12
f 474/622/331 466/613/328 478/576/301
f 455/621/12 450/612/12 449/617/12
f 453/623/12 449/617/12 452/619/12
f 460/588/12 457/575/12 455/621/12
f 458/590/12 455/621/12 453/623/12
f 13/41/32 15/49/40 543/601/323
f 459/567/12 453/623/12 454/618/12
f 467/625/333 469/628/336 799/626/334
f 469/628/336 468/630/338 798/629/337
f 468/630/338 466/639/328 797/631/330
f 495/578/303 497/633/340 476/632/339
f 497/633/340 496/635/342 477/634/341
f 496/635/342 494/650/355 475/636/343
f 479/573/300 481/637/344 469/628/336
f 481/637/344 480/638/345 468/630/338
f 480/638/345 478/656/301 466/639/328
f 499/584/309 501/641/347 512/640/346
f 501/641/347 500/643/349 513/642/348
f 500/643/349 498/697/391 511/644/350
f 487/589/312 489/646/352 492/645/351
f 489/646/352 488/648/354 493/647/353
f 488/648/354 486/659/314 491/649/325
f 494/650/355 496/635/342 516/651/356
f 496/635/342 497/633/340 517/653/358
f 497/633/340 495/578/303 515/577/302
f 490/624/332 492/645/351 484/654/359
f 492/645/351 493/647/353 485/655/360
f 493/647/353 491/649/325 483/608/327
f 482/587/311 484/654/359 481/637/344
f 484/654/359 485/655/360 480/638/345
f 485/655/360 483/608/327 478/656/301
f 519/591/313 521/657/361 489/646/352
f 521/657/361 520/658/362 488/648/354
f 520/658/362 518/679/378 486/659/314
f 507/593/315 509/661/364 504/660/363
f 509/661/364 508/663/366 505/662/365
f 508/663/366 506/665/368 503/664/367
f 510/582/307 512/640/346 509/661/364
f 512/640/346 513/642/348 508/663/366
f 513/642/348 511/644/350 506/665/368
f 502/607/326 504/660/363 517/666/358
f 504/668/363 505/669/365 516/651/356
f 505/669/365 503/1012/367 514/652/357
f 470/670/369 472/673/372 781/671/370
f 472/673/372 473/675/374 779/674/373
f 473/675/374 471/823/479 785/676/375
f 523/566/296 525/677/376 521/657/361
f 525/677/376 524/678/377 520/658/362
f 524/678/377 522/698/308 518/679/378
f 542/595/317 544/682/381 540/680/379
f 544/682/381 545/684/383 541/683/382
f 545/684/383 543/601/323 539/600/322
f 538/685/380 540/688/379 536/686/384
f 540/688/379 541/690/382 537/689/385
f 541/690/382 539/603/322 535/602/324
f 534/687/318 536/686/384 532/691/386
f 536/686/384 537/689/385 533/693/387
f 537/689/385 535/602/324 531/599/321
f 530/692/319 532/691/386 528/694/388
f 532/691/386 533/693/387 529/696/390
f 533/693/387 531/599/321 527/598/320
f 526/695/389 528/694/388 501/641/347
f 528/694/388 529/696/390 500/643/349
f 529/696/390 527/598/320 498/697/391
f 522/698/308 524/678/377 544/682/381
f 524/678/377 525/677/376 545/684/383
f 525/677/376 523/566/296 543/601/323
f 467/625/333 801/627/335 811/699/12
f 526/695/389 522/583/308 542/700/317
f 440/701/392 456/900/392 643/702/288
f 656/703/393 712/715/393 716/704/394
f 654/706/396 713/709/399 718/707/397
f 121/165/119 307/166/120 713/709/399
f 619/710/400 565/764/12 563/711/12
f 653/708/398 718/707/397 715/713/402
f 655/714/403 715/713/402 712/715/393
f 575/716/404 561/731/12 555/717/12
f 574/719/406 591/3119/443 611/720/407
f 658/722/409 717/738/420 714/723/410
f 606/725/412 595/788/452 618/726/413
f 683/3120/506 659/724/411 687/729/415
f 659/724/411 714/723/410 687/729/415
f 578/730/416 564/733/12 561/731/12
f 583/732/417 562/735/12 564/733/12
f 615/712/401 563/711/12 562/735/12
f 582/736/419 603/751/430 606/725/412
f 147/195/12 565/764/12 619/710/400
f 657/737/395 716/966/394 717/738/420
f 638/739/421 626/839/490 630/740/422
f 134/200/145 627/747/428 623/742/424
f 131/203/148 639/772/437 635/744/426
f 132/206/151 635/836/426 631/746/427
f 133/209/153 631/746/427 627/747/428
f 2/56/12 446/605/12 823/748/12
f 587/750/429 598/753/431 603/751/430
f 579/752/408 611/804/407 598/753/431
f 555/717/12 554/759/12 830/754/12
f 566/756/432 805/1060/442 809/757/433
f 554/759/12 553/762/12 831/760/12
f 138/222/12 556/771/12 558/761/12
f 553/762/12 556/771/12 833/763/12
f 561/731/12 559/769/12 554/759/12
f 140/227/12 558/761/12 565/764/12
f 570/758/434 591/779/443 574/765/406
f 547/766/435 661/888/435 666/767/436
f 559/769/12 557/770/12 553/762/12
f 557/770/12 558/761/12 556/771/12
f 564/733/12 562/735/12 559/769/12
f 562/735/12 563/711/12 557/770/12
f 129/236/164 619/710/400 639/772/437
f 563/711/12 565/764/12 558/761/12
f 567/718/405 804/843/494 802/773/438
f 569/774/439 802/773/438 808/775/440
f 568/776/441 808/775/440 805/777/442
f 591/779/443 570/758/434 572/780/444
f 593/781/445 572/780/444 573/782/446
f 592/783/447 573/782/446 571/784/448
f 575/716/404 567/718/405 569/774/439
f 577/786/450 569/774/439 568/776/441
f 576/787/451 568/776/441 566/778/432
f 595/788/452 606/725/412 608/789/453
f 597/790/454 608/789/453 609/791/455
f 596/792/456 609/791/455 607/793/457
f 583/732/417 586/734/418 588/795/459
f 585/796/460 588/795/459 589/797/461
f 584/798/462 589/797/461 587/799/429
f 590/785/449 610/3121/475 612/801/463
f 592/783/447 612/801/463 613/802/464
f 593/803/445 613/817/464 611/804/407
f 586/734/418 578/730/416 580/806/465
f 588/795/459 580/806/465 581/807/466
f 589/797/461 581/807/466 579/721/408
f 578/730/416 575/716/404 577/786/450
f 580/806/465 577/786/450 576/787/451
f 581/807/466 576/787/451 574/719/406
f 615/712/401 583/732/417 585/796/460
f 617/808/467 585/796/460 584/798/462
f 616/809/468 584/798/462 582/800/419
f 603/751/430 598/753/431 600/811/469
f 605/812/470 600/811/469 601/813/471
f 604/814/472 601/813/471 599/815/473
f 606/725/412 603/751/430 605/812/470
f 608/789/453 605/812/470 604/814/472
f 609/791/455 604/814/472 602/816/474
f 598/753/431 611/804/407 613/817/464
f 600/811/469 613/817/464 612/818/463
f 601/813/471 612/818/463 610/819/475
f 470/670/369 771/1032/515 770/820/476
f 472/673/372 770/820/476 772/821/477
f 473/675/374 772/821/477 775/822/478
f 619/710/400 615/712/401 617/808/467
f 621/824/480 617/808/467 616/809/468
f 620/825/481 616/809/468 614/810/414
f 638/827/421 634/3122/423 636/828/482
f 640/829/483 636/828/482 637/830/484
f 641/831/485 637/830/484 635/744/426
f 634/741/423 630/740/422 632/832/486
f 636/833/482 632/832/486 633/834/487
f 637/835/484 633/834/487 631/746/427
f 630/740/422 626/839/490 628/837/488
f 632/832/486 628/837/488 629/838/489
f 633/834/487 629/838/489 627/747/428
f 626/839/490 622/842/493 624/840/491
f 628/837/488 624/840/491 625/841/492
f 629/838/489 625/841/492 623/742/424
f 622/842/493 595/788/452 597/790/454
f 624/840/491 597/790/454 596/792/456
f 625/841/492 596/792/456 594/794/458
f 618/826/413 638/827/421 640/829/483
f 620/825/481 640/829/483 641/831/485
f 621/824/480 641/831/485 639/772/437
f 567/718/405 555/717/12 832/755/12
f 622/842/493 626/839/490 638/739/421
f 442/844/289 642/3123/289 651/845/495
f 440/847/222 644/851/222 645/848/222
f 441/850/222 646/853/222 644/851/222
f 442/852/222 647/855/222 646/853/222
f 443/854/222 648/857/222 647/855/222
f 444/856/222 649/859/222 648/857/222
f 439/858/222 650/861/222 649/859/222
f 684/860/222 685/3124/222 650/861/222
f 438/849/222 645/848/222 1/330/222
f 245/331/223 254/333/223 560/863/496
f 548/865/497 662/886/497 660/866/498
f 546/868/222 654/883/222 653/869/222
f 548/870/222 653/869/222 655/871/222
f 549/872/222 655/871/222 656/873/222
f 550/874/222 656/873/222 657/875/222
f 551/876/222 657/875/222 658/877/222
f 552/878/222 658/877/222 659/879/222
f 547/880/222 659/879/222 683/881/222
f 246/352/222 121/353/222 654/883/222
f 546/867/498 660/866/498 255/355/227
f 549/885/499 663/894/499 662/886/497
f 682/887/500 680/3125/500 661/888/435
f 443/846/495 651/845/495 652/889/501
f 444/890/501 652/889/501 437/891/502
f 550/893/503 664/3126/503 663/894/499
f 439/892/502 437/891/502 686/895/500
f 551/897/504 665/901/504 664/898/503
f 438/864/496 560/863/496 456/900/392
f 552/768/436 666/767/436 665/901/504
f 669/902/234 689/924/236 688/903/235
f 681/907/256 667/954/223 686/905/223
f 686/905/223 704/957/223 700/906/237
f 674/908/238 694/932/240 719/909/239
f 671/911/241 691/917/243 690/912/242
f 679/914/244 699/930/246 697/915/245
f 668/904/247 688/903/235 691/917/243
f 687/918/227 680/952/227 682/919/227
f 670/913/248 690/912/242 695/921/249
f 672/923/250 692/937/251 689/924/236
f 676/925/252 696/3127/252 698/926/253
f 677/916/254 697/915/245 693/928/255
f 681/907/256 700/906/237 699/930/246
f 675/931/257 695/3128/249 694/932/240
f 701/933/506 703/938/415 704/934/415
f 673/936/259 693/3129/255 692/937/251
f 703/938/415 698/940/310 700/939/310
f 698/940/310 696/942/507 699/941/310
f 694/943/508 697/3130/310 699/941/310
f 696/942/507 719/942/12 694/943/508
f 693/944/310 697/3130/310 694/943/508
f 695/945/310 690/947/310 692/946/310
f 690/947/310 691/950/310 689/948/310
f 687/918/227 678/927/505 680/952/227
f 678/927/505 698/926/253 680/952/227
f 685/953/223 684/956/223 686/905/223
f 680/952/227 703/951/227 701/955/227
f 684/956/223 702/3131/223 704/957/223
f 706/580/305 650/3117/731 667/958/415
f 650/3117/731 685/3132/506 667/958/415
f 709/581/306 732/961/306 731/960/291
f 706/580/305 729/586/305 732/961/306
f 707/570/298 730/964/298 728/962/293
f 708/560/291 731/960/291 733/963/290
f 710/572/290 733/985/290 730/964/298
f 711/563/293 728/962/293 727/965/509
f 705/564/294 727/965/509 319/437/263
f 716/966/394 726/978/394 722/967/420
f 717/738/420 722/967/420 721/968/410
f 718/707/397 723/973/397 725/969/402
f 712/715/393 724/971/393 726/970/394
f 715/713/402 725/969/402 724/971/393
f 714/723/410 721/968/410 676/972/310
f 713/709/399 720/974/510 723/973/397
f 307/166/120 318/447/265 720/974/510
f 721/968/410 744/980/410 674/975/310
f 720/974/510 743/977/511 741/976/397
f 318/447/265 341/452/265 743/977/511
f 726/978/394 746/1003/394 747/979/420
f 722/967/420 747/979/420 744/980/410
f 723/973/397 741/976/397 745/981/402
f 724/971/393 742/984/393 746/982/394
f 725/969/402 745/981/402 742/984/393
f 733/985/290 734/996/290 737/986/298
f 732/961/306 739/989/306 738/987/291
f 728/962/293 736/990/293 735/988/512
f 729/586/305 740/991/305 739/989/306
f 727/965/509 735/988/512 334/466/268
f 730/964/298 737/986/298 736/990/293
f 679/585/310 677/1000/310 740/991/305
f 731/960/291 738/987/291 734/992/290
f 736/990/293 749/998/293 748/993/513
f 738/987/291 752/999/291 754/994/290
f 740/991/305 750/1001/305 753/995/306
f 735/988/512 748/993/513 343/475/270
f 734/996/290 754/1011/290 751/997/298
f 737/986/298 751/997/298 749/998/293
f 739/989/306 753/995/306 752/999/291
f 677/1000/310 673/1013/310 750/1001/305
f 341/452/265 356/480/272 756/1002/514
f 746/1003/394 759/1015/394 761/1004/420
f 745/981/402 758/1008/402 755/1005/393
f 747/979/420 761/1004/420 757/1006/410
f 744/980/410 757/1006/410 675/1007/310
f 741/976/397 760/1009/397 758/1008/402
f 743/977/511 756/1002/514 760/1009/397
f 742/984/393 755/1005/393 759/1010/394
f 343/475/270 748/993/513 527/598/320
f 748/993/513 498/697/391 527/598/320
f 754/1011/290 503/664/367 506/665/368
f 749/998/293 511/644/350 498/697/391
f 751/997/298 506/665/368 511/644/350
f 752/999/291 514/652/357 503/1012/367
f 753/995/306 494/650/355 514/652/357
f 750/1001/305 475/636/343 494/650/355
f 673/1013/310 794/1058/371 475/636/343
f 757/1006/410 571/784/448 807/1014/515
f 756/1002/514 356/480/272 623/742/424
f 356/480/272 130/743/425 623/742/424
f 760/1009/397 607/793/457 602/816/474
f 759/1015/394 610/3121/475 590/785/449
f 756/1002/514 594/794/458 607/793/457
f 758/1008/402 602/816/474 599/815/473
f 755/1005/393 599/815/473 610/819/475
f 761/1004/420 590/785/449 571/784/448
f 765/1016/442 774/1034/521 775/822/478
f 767/1018/515 807/1014/515 806/1019/517
f 769/1021/518 776/1036/518 777/1022/519
f 762/1020/517 806/1019/517 803/1024/520
f 767/1018/515 771/1032/515 671/1026/310
f 763/1023/438 777/1022/519 773/1028/440
f 764/1025/477 803/1024/520 809/757/433
f 768/1029/440 773/1028/440 774/1030/521
f 771/1032/515 470/670/369 668/1033/310
f 771/1032/515 767/1018/515 762/1020/517
f 774/1034/521 462/1040/524 471/823/479
f 777/1022/519 465/1037/523 464/1035/522
f 770/820/476 762/1020/517 764/1025/477
f 772/821/477 764/1025/477 766/1017/516
f 776/1036/518 463/1044/527 465/1037/523
f 773/1028/440 464/1035/522 462/1038/524
f 781/671/370 788/1046/528 786/1039/371
f 785/676/375 471/823/479 462/1040/524
f 669/1042/310 668/1033/310 470/670/369
f 784/1043/526 465/1037/523 463/1044/527
f 779/674/373 793/1048/373 788/1046/528
f 783/1047/337 464/1035/522 465/1037/523
f 785/676/375 792/1050/375 793/1048/373
f 782/1049/525 462/1038/524 464/1035/522
f 792/1050/375 796/614/329 800/1051/529
f 792/1050/375 785/676/375 782/1041/525
f 672/1053/310 669/1042/310 780/672/371
f 791/1054/334 784/1043/526 778/1045/518
f 787/1056/337 783/1047/337 784/1043/526
f 793/1048/373 800/1051/529 795/1057/528
f 788/1046/528 795/1057/528 794/1058/371
f 789/1059/330 782/1049/525 783/1047/337
f 796/614/329 792/1050/375 789/1052/330
f 798/629/337 787/1056/337 791/1054/334
f 799/626/334 791/1054/334 790/1055/518
f 796/614/329 474/622/331 476/632/339
f 800/1051/529 476/632/339 477/634/341
f 794/1058/371 673/1013/310 672/1053/310
f 795/1057/528 477/634/341 475/636/343
f 797/631/330 789/1059/330 787/1056/337
f 806/1019/517 573/782/446 572/780/444
f 805/1060/442 765/1016/442 766/1017/516
f 803/1024/520 572/780/444 570/758/434
f 807/1014/515 571/784/448 573/782/446
f 807/1014/515 767/1018/515 670/1027/310
f 802/773/438 763/1023/438 768/1029/440
f 804/843/494 769/1021/518 763/1023/438
f 808/775/440 768/1029/440 765/1031/442
f 811/699/12 815/1063/12 817/1061/12
f 409/537/12 24/71/12 452/619/12
f 813/611/12 817/1061/12 816/1062/12
f 801/627/335 790/1055/518 815/1063/12
f 812/616/12 816/1062/12 814/1064/12
f 817/1061/12 821/1067/12 820/1065/12
f 414/542/12 409/537/12 810/620/12
f 790/1055/518 778/1045/518 819/1066/12
f 816/1062/12 820/1065/12 818/604/12
f 815/1063/12 819/1066/12 821/1067/12
f 419/58/12 414/542/12 814/1064/12
f 778/1045/518 463/1044/527 448/1068/12
f 820/1065/12 445/1070/12 446/605/12
f 819/1066/12 448/1068/12 447/1069/12
f 821/1067/12 447/1069/12 445/1070/12
f 823/748/12 827/1074/12 429/547/12
f 825/1071/12 445/1070/12 447/1069/12
f 822/1073/12 448/1068/12 463/1044/527
f 823/748/12 446/605/12 445/1070/12
f 824/1072/12 447/1069/12 448/1068/12
f 827/1074/12 833/763/12 436/552/12
f 826/1075/12 825/1071/12 824/1072/12
f 829/1077/12 822/1073/12 776/1036/518
f 827/1074/12 823/748/12 825/1071/12
f 828/1076/12 824/1072/12 822/1073/12
f 833/763/12 556/771/12 138/222/12
f 831/760/12 826/1075/12 828/1076/12
f 832/755/12 829/1077/12 769/1021/518
f 833/763/12 827/1074/12 826/1075/12
f 830/754/12 828/1076/12 829/1077/12
f 1357/1081/227 1356/2109/227 834/1082/227
f 1393/1084/12 1404/1125/12 1320/1085/12
f 849/1087/435 870/3133/500 872/1088/500
f 856/1090/498 850/1595/498 855/1091/497
f 858/1092/497 855/1091/497 854/1093/499
f 1197/1097/12 1201/2070/12 1205/1095/12
f 1205/1095/12 1008/1253/12 1198/1096/12
f 861/1098/504 852/1237/504 851/1099/436
f 862/1100/436 851/1099/436 849/1087/435
f 835/1101/496 843/1115/496 848/1102/392
f 837/1103/392 848/1102/392 847/1104/288
f 838/1105/288 847/1104/288 846/1106/289
f 839/1108/289 846/3134/289 845/1109/495
f 840/1110/495 845/1109/495 844/1111/501
f 841/1112/501 844/1111/501 842/1113/502
f 843/1115/496 835/1101/496 993/1116/223
f 868/1120/12 1083/2004/12 1082/1532/12
f 1082/1532/12 937/1118/12 868/1120/12
f 863/1121/500 864/1163/500 1069/1122/500
f 865/1124/500 866/1128/500 836/1114/502
f 1404/1125/12 1342/1902/12 1345/1126/12
f 867/1127/500 868/1997/500 866/1128/500
f 1332/1129/222 1338/1473/222 1337/1130/222
f 1328/1132/530 1318/1945/530 1397/1133/531
f 1278/1135/222 1329/1944/222 1328/1136/222
f 1091/1138/222 1314/1705/222 1045/1139/222
f 1234/1144/532 1427/2170/227 1425/1145/227
f 1107/1150/533 1100/1734/533 875/1151/227
f 1262/1153/534 1411/2177/227 1410/1154/227
f 880/1159/500 1101/3135/535 1106/1160/535
f 876/1162/500 875/3136/500 864/1163/500
f 880/1164/12 1127/1747/12 1102/1165/12
f 1120/1167/12 1119/1744/12 878/1168/12
f 1169/1169/12 1168/1546/12 1096/1170/12
f 880/1159/500 879/1161/500 1113/1172/536
f 1103/1174/12 864/1533/12 875/1175/12
f 879/1177/222 1106/1987/222 1109/1178/222
f 1119/1183/537 1137/1775/537 877/1184/229
f 1179/1186/538 1184/1815/538 1156/1187/539
f 881/1189/500 882/2064/500 883/1190/500
f 940/1192/222 1180/1196/222 1179/1193/222
f 962/1195/222 1353/2067/222 1180/1196/222
f 884/1191/500 883/1190/500 873/1197/500
f 942/1199/222 857/1566/222 872/1200/222
f 941/1202/12 945/1639/12 1157/1203/12
f 1185/1205/540 1178/1809/540 1173/1206/541
f 1255/1211/12 1258/1180/12 1163/1212/12
f 1312/1214/542 1390/3137/543 1391/1215/543
f 1088/1217/12 1052/1750/12 1311/1218/12
f 944/1220/222 1265/1281/222 1213/1221/222
f 1272/1223/12 1251/1293/12 1250/1224/12
f 1150/1226/222 1152/1781/222 1236/1227/222
f 1155/1229/536 1162/1803/535 1150/1230/535
f 884/1262/222 874/3138/222 1174/1233/222
f 874/3138/222 1112/1234/222 1174/1233/222
f 1112/1234/222 1115/2035/222 1175/1232/222
f 1191/3139/222 1207/2073/222 1192/1209/222
f 1207/2073/222 1210/1235/222 1192/1209/222
f 860/1236/503 853/3140/503 852/1237/504
f 859/1094/499 854/1093/499 853/1238/503
f 885/1083/227 834/1082/227 1008/1240/227
f 1429/1242/227 1202/3141/544 1190/1243/544
f 1228/1245/12 1231/2079/12 1203/1246/12
f 1199/1252/12 1198/1096/12 1008/1253/12
f 1030/1256/222 1000/2007/222 924/1257/222
f 1140/1259/222 879/1177/222 877/1260/222
f 884/1262/222 1174/1233/222 1173/1263/222
f 889/1270/229 1301/3142/618 1294/1915/618
f 888/1268/229 1279/3143/545 1286/1269/545
f 889/1270/229 1294/1915/618 888/1268/229
f 1294/1271/222 1091/1138/222 1043/1272/222
f 888/1273/222 1031/1265/222 1280/1274/222
f 1058/1276/546 1044/3144/547 1050/1277/547
f 889/1279/12 1051/1968/12 1086/1219/12
f 1265/1281/222 944/1220/222 1147/1282/222
f 1190/1290/222 1194/1288/222 1227/1291/222
f 893/1296/227 892/1348/227 896/1297/497
f 900/1299/499 901/1300/499 897/1298/497
f 901/1300/499 900/1299/499 904/1301/503
f 904/1303/503 908/1307/504 909/1304/504
f 912/1306/436 913/1309/436 909/1304/504
f 912/1306/436 916/1310/500 917/1308/500
f 916/1310/500 920/1312/501 921/1311/501
f 920/1312/501 922/1314/495 923/1313/495
f 922/1314/495 924/3145/289 925/1315/289
f 924/1316/289 926/1319/288 927/1317/288
f 926/1319/288 928/1321/392 929/1320/392
f 928/1321/392 933/1323/223 934/1322/223
f 933/1323/223 932/1325/113 935/1324/113
f 932/1325/113 931/1327/1 936/1326/1
f 931/1327/1 930/3146/2 937/1328/2
f 937/1328/2 930/3146/2 938/1329/221
f 894/1331/230 895/1334/230 939/1332/221
f 895/1334/230 894/1331/230 898/1335/229
f 899/1336/229 898/1335/229 902/1337/162
f 906/1339/233 907/1340/233 903/1338/162
f 907/1340/233 906/1339/233 910/1341/232
f 911/1343/232 910/3147/232 914/1344/228
f 918/1346/225 919/1347/225 915/1345/228
f 919/1347/225 918/1346/225 892/1348/227
f 910/3148/222 906/1353/222 846/3149/222
f 906/1353/222 845/1352/222 846/3149/222
f 846/3149/222 847/3150/222 910/3148/222
f 910/3148/222 847/3150/222 914/3151/222
f 847/3150/222 848/1351/222 918/1350/222
f 848/1351/222 843/1487/222 892/1349/222
f 847/3150/222 918/1350/222 914/3151/222
f 902/1354/222 898/1432/222 844/3152/222
f 898/1432/222 842/1431/222 844/3152/222
f 844/3152/222 845/1352/222 902/1354/222
f 841/1357/12 836/1429/12 899/1428/12
f 903/1355/12 907/1359/12 840/1356/12
f 841/1357/12 899/1428/12 903/1355/12
f 915/3153/12 919/1426/12 838/3154/12
f 919/1426/12 837/1425/12 838/3154/12
f 838/3154/12 839/1358/12 911/1360/12
f 839/1358/12 840/1356/12 907/1359/12
f 911/1360/12 915/3153/12 838/3154/12
f 941/1361/227 940/1412/227 944/1362/497
f 945/1363/497 944/1362/497 948/1364/499
f 949/1365/499 948/1364/499 952/1366/503
f 952/1368/503 958/1371/504 959/1369/504
f 958/1371/504 960/1373/436 961/1372/436
f 960/1373/436 964/1375/500 965/1374/500
f 964/1375/500 966/1377/501 967/1376/501
f 966/1377/501 968/1379/495 969/1378/495
f 968/1379/495 972/3155/289 973/1380/289
f 974/1381/288 975/1385/288 973/1382/289
f 976/1384/392 977/1387/392 975/1385/288
f 976/1384/392 979/1388/223 980/1386/223
f 979/1388/223 981/1390/113 982/1389/113
f 981/1390/113 983/1392/1 984/1391/1
f 983/1392/1 985/3156/2 986/1393/2
f 986/1393/2 985/3156/2 978/1394/221
f 987/1396/221 978/3157/221 988/1397/230
f 942/1399/229 943/1400/229 989/1398/230
f 943/1400/229 942/1399/229 946/1401/162
f 950/1403/233 951/1404/233 947/1402/162
f 951/1404/233 950/1403/233 954/1405/232
f 955/1407/232 954/3158/232 956/1408/228
f 962/1410/225 963/1411/225 957/1409/228
f 963/1411/225 962/1410/225 940/1412/227
f 983/1413/222 859/1576/222 860/1414/222
f 941/1202/12 1187/2042/12 1352/1416/12
f 953/1418/12 1010/1620/12 1218/1419/12
f 980/1421/12 850/1584/12 1005/1422/12
f 893/1424/12 835/1489/12 837/1425/12
f 866/1427/12 895/1493/12 899/1428/12
f 894/1430/222 865/1495/222 842/1431/222
f 909/1078/12 869/1080/12 971/1433/12
f 871/1435/222 908/1465/222 904/1436/222
f 921/3159/12 1288/1439/12 917/1438/12
f 1288/1439/12 1322/2094/12 1321/1440/12
f 1281/1441/222 1285/3160/222 1279/1275/222
f 889/1279/12 1286/2089/12 1289/1445/12
f 920/1897/222 1281/1441/222 922/1258/222
f 1281/1441/222 1280/1274/222 1030/1256/222
f 1038/1452/12 1289/1445/12 1288/1439/12
f 1288/1439/12 921/3159/12 923/1451/12
f 1300/1455/12 1302/1706/12 1311/1218/12
f 1017/1457/548 1075/1714/541 1080/1458/541
f 1051/1460/549 1043/1682/549 1091/1461/536
f 1336/1463/222 1339/1472/222 912/1464/222
f 1278/1466/550 886/1544/551 887/1467/551
f 1036/1469/12 1038/1452/12 923/1451/12
f 913/2103/12 917/1438/12 1344/1957/12
f 917/1438/12 1321/1440/12 1344/1957/12
f 1344/1957/12 1321/1440/12 1345/1126/12
f 1338/1473/222 1332/1129/222 1331/1471/222
f 1331/1471/222 916/1898/222 1339/1472/222
f 916/1898/222 912/1464/222 1339/1472/222
f 905/1434/12 971/1433/12 990/1474/12
f 970/1437/222 904/1436/222 900/1476/222
f 970/1478/223 971/1486/223 869/1479/223
f 901/1475/12 990/1474/12 993/1481/12
f 991/1477/222 900/1476/222 896/1483/222
f 991/1485/223 990/1488/223 971/1486/223
f 992/1484/222 896/1483/222 892/1349/222
f 992/1117/223 993/1116/223 990/1488/223
f 897/1482/12 993/1481/12 835/1489/12
f 994/1490/227 995/1497/227 1001/1491/227
f 868/1120/12 939/1119/12 895/1493/12
f 938/1494/222 867/1522/222 865/1495/222
f 996/1496/227 997/1505/227 995/1497/227
f 997/1498/12 929/1507/12 934/1499/12
f 928/1501/222 996/1509/222 994/1502/222
f 999/1504/227 998/1511/227 997/1505/227
f 998/1506/12 927/1512/12 929/1507/12
f 926/1508/222 999/1513/222 996/1509/222
f 1000/1510/552 1036/1667/552 998/1511/227
f 1036/1469/12 925/1470/12 927/1512/12
f 924/1257/222 1000/2007/222 999/1513/222
f 931/1514/222 1003/1527/222 1074/1515/222
f 995/1500/12 934/1499/12 935/1517/12
f 933/1503/222 994/1502/222 1002/1519/222
f 938/1494/222 930/2104/222 867/1522/222
f 930/2104/222 1077/1516/222 867/1522/222
f 1001/1518/12 935/1517/12 936/1523/12
f 1002/1492/227 1001/1491/227 1004/1525/227
f 932/1520/222 1002/1519/222 1003/1527/222
f 1087/1535/539 1090/1715/539 1059/1536/553
f 1185/1538/12 1166/2039/12 1169/1169/12
f 1295/1543/554 1300/1926/554 887/1467/555
f 1097/1545/12 1096/1170/12 1168/1546/12
f 987/1553/12 852/1571/12 853/1554/12
f 1407/1557/12 1118/2025/12 1121/1182/12
f 947/1558/12 870/2061/12 849/1559/12
f 946/1201/222 872/1200/222 1349/1561/222
f 872/1088/500 870/3133/500 1348/1563/500
f 988/1565/222 862/1570/222 857/1566/222
f 943/1560/12 849/1559/12 851/1567/12
f 978/1569/222 861/1572/222 862/1570/222
f 989/1568/12 851/1567/12 852/1571/12
f 985/1415/222 860/1414/222 861/1572/222
f 986/1555/12 853/1554/12 854/1573/12
f 981/1575/222 858/1578/222 859/1576/222
f 979/1577/222 856/1597/222 858/1578/222
f 984/1574/12 854/1573/12 855/1579/12
f 1432/1581/223 1431/2585/223 1208/1582/556
f 982/1580/12 855/1579/12 850/1584/12
f 948/1222/222 1213/1221/222 1009/1585/222
f 973/1587/12 1203/1246/12 1230/1588/12
f 977/1423/12 1005/1422/12 1008/1253/12
f 1243/1591/222 1242/1858/222 1423/1592/222
f 1006/1594/227 1005/1602/227 850/1595/498
f 976/1596/222 1006/1603/222 856/1597/222
f 1007/1210/222 1210/1235/222 1209/1598/222
f 885/1599/222 1209/1598/222 1208/1600/222
f 1007/1241/227 1008/1240/227 1005/1602/227
f 974/1208/222 1007/1210/222 1006/1603/222
f 1167/1605/557 1172/1797/557 1151/1606/533
f 1125/1608/558 878/1185/229 877/1184/229
f 890/1611/559 891/3161/559 1217/1612/560
f 890/1614/561 1223/1855/562 1228/1615/562
f 958/1610/222 1009/1585/222 1011/1617/222
f 960/1618/222 1011/1617/222 1014/1621/222
f 1012/1623/229 1011/1628/229 1009/1624/563
f 961/1626/12 1012/1630/12 1010/1620/12
f 964/1622/222 1014/1621/222 1016/1285/222
f 1013/1627/229 1014/1634/229 1011/1628/229
f 965/1629/12 1013/1635/12 1012/1630/12
f 1229/1631/564 1222/1847/564 1016/1632/229
f 1015/1633/229 1016/1632/229 1014/1634/229
f 967/1158/12 1015/1157/12 1013/1635/12
f 1242/1636/565 1248/1878/565 1421/1637/223
f 1218/1419/12 1272/1223/12 945/1639/12
f 1023/1644/566 1018/1669/566 1022/1645/567
f 1025/1646/568 1022/1645/567 1021/1647/569
f 1026/1648/570 1021/1647/570 1020/1649/570
f 1027/1651/571 1020/3162/571 1019/1652/572
f 1028/1653/572 1019/1652/572 1017/1457/548
f 1029/1656/573 1037/1668/573 1042/1657/574
f 1032/1659/574 1042/3163/574 1041/1660/575
f 1033/1661/576 1041/1660/576 1040/1662/576
f 1034/1664/577 1040/3164/577 1039/1665/578
f 1035/1666/578 1039/1665/578 1036/1667/552
f 1037/1668/573 1029/1656/573 1018/1669/566
f 1046/1670/222 1047/1446/222 1031/1265/222
f 1050/1277/547 1044/3144/547 1049/1673/579
f 1054/1674/580 1049/1673/579 1048/1675/581
f 1055/1676/582 1048/1675/582 1047/1677/582
f 1056/1679/583 1047/3165/583 1046/1680/584
f 1057/1681/584 1046/1680/584 1043/1682/549
f 863/1683/222 1108/1724/222 1107/1684/222
f 1071/1686/12 1068/1534/12 1103/1174/12
f 1068/1534/12 1072/1991/12 1073/1688/12
f 1058/1690/546 1067/3166/546 1073/1691/585
f 1062/1692/585 1073/1691/585 1072/1693/586
f 1063/1694/587 1072/1693/587 1071/1695/587
f 1064/1697/588 1071/3167/588 1070/1698/589
f 1065/1699/589 1070/1698/589 1066/1537/553
f 1297/1704/222 1298/1969/222 1314/1705/222
f 1074/1708/557 1081/1721/557 1085/1709/225
f 1078/1711/232 1085/3168/232 1084/1712/232
f 1079/1713/162 1084/1712/162 1080/1458/541
f 1090/1715/539 1087/1535/539 1089/1716/288
f 1092/1717/288 1089/1716/288 1088/1718/289
f 1093/1720/501 1088/3169/501 1086/1462/536
f 1003/1526/227 1004/1525/227 1081/1721/557
f 1106/1160/535 1101/3135/535 1105/1729/504
f 1110/1730/504 1105/1729/504 1104/1731/499
f 1111/1733/499 1104/3170/499 1100/1734/533
f 1112/1735/539 1095/1742/539 1099/1736/288
f 1116/1737/288 1099/1736/288 1098/1738/289
f 1117/1740/501 1098/3171/501 1094/1173/536
f 874/1741/223 873/3172/223 1095/1742/539
f 1125/1608/558 1132/1609/558 1136/1758/590
f 1128/1759/590 1136/1758/590 1135/1760/232
f 1129/1762/232 1135/3173/232 1134/1763/591
f 1130/1764/591 1134/1763/591 1131/1765/532
f 1118/1767/565 1138/3174/565 1143/1768/592
f 1122/1769/592 1143/1768/592 1142/1770/2
f 1123/1772/2 1142/3175/2 1141/1773/593
f 1124/1774/593 1141/1773/593 1137/1775/537
f 1413/1776/223 1138/3174/565 1118/1767/565
f 1166/1207/541 1173/1206/541 1177/1792/162
f 1170/1793/232 1177/1792/232 1176/1794/232
f 1171/1796/225 1176/3176/225 1172/1797/557
f 1161/1607/533 1151/1606/533 1154/1798/497
f 1164/1800/503 1154/3177/503 1153/1801/503
f 1165/1802/436 1153/1801/436 1150/1230/535
f 1155/1229/536 1145/1231/536 1149/1804/501
f 1159/1806/289 1149/3178/289 1148/1807/289
f 1160/1808/392 1148/1807/392 1144/1188/539
f 1178/1809/540 1185/1205/540 1189/1810/230
f 1182/1812/2 1189/3179/2 1188/1813/2
f 1183/1814/113 1188/1813/113 1184/1815/538
f 1241/1816/537 1235/1870/558 1255/1817/558
f 1195/1819/222 1191/3139/222 1192/1209/222
f 1200/1820/12 1197/1097/12 1198/1096/12
f 1206/1821/12 1202/1247/12 1203/1246/12
f 1207/1824/594 1197/1833/594 1200/1825/595
f 1211/1827/596 1200/3180/596 1196/1583/556
f 1190/1243/544 1202/3141/544 1206/1828/591
f 1195/1830/590 1206/3181/590 1201/1831/597
f 1197/1833/594 1207/1824/594 1191/1832/597
f 1226/1838/222 1227/1291/222 1194/1288/222
f 1222/1286/222 1225/2078/222 1224/1839/222
f 1010/1625/563 1009/1624/563 1216/1840/598
f 1219/1841/599 1216/1840/599 1215/1842/599
f 1220/1844/600 1215/3182/600 1214/1845/600
f 1221/1846/601 1214/1845/601 1212/1613/560
f 1222/1847/564 1229/1631/564 1233/1848/602
f 1225/1850/603 1233/3183/603 1232/1851/603
f 1226/1852/604 1232/1851/604 1231/1853/604
f 1227/1854/605 1231/1853/605 1228/1615/562
f 1234/1144/532 1256/1146/532 1261/1863/591
f 1238/1864/591 1261/1863/591 1260/1865/232
f 1239/1867/232 1260/3184/232 1259/1868/590
f 1240/1869/590 1259/1868/590 1255/1817/558
f 1241/1816/537 1249/1818/537 1254/1871/593
f 1245/1872/593 1254/1871/593 1253/1873/2
f 1246/1875/2 1253/3185/2 1252/1876/592
f 1247/1877/592 1252/1876/592 1248/1878/565
f 1237/1549/222 1139/1548/222 1138/1757/222
f 1262/1153/534 1271/1155/534 1277/1883/606
f 1266/1884/606 1277/1883/606 1276/1885/607
f 1267/1887/608 1276/3186/608 1275/1888/608
f 1268/1889/609 1275/1888/609 1274/1890/610
f 1269/1892/610 1274/3187/610 1270/1893/611
f 1263/1894/611 1270/1893/611 1406/1895/612
f 916/1898/222 1331/1471/222 1281/1441/222
f 1331/1471/222 1330/1943/222 1281/1441/222
f 1403/1899/223 1337/3188/538 1342/1900/538
f 1286/1269/545 1279/3143/545 1285/1905/613
f 1290/1906/613 1285/1905/613 1284/1907/614
f 1291/1909/615 1284/3189/615 1283/1910/615
f 1292/1911/616 1283/1910/616 1282/1912/617
f 1293/1914/617 1282/3190/617 1278/1466/550
f 1294/1915/618 1301/3142/618 1305/1916/619
f 1296/1917/619 1305/1916/619 1304/1918/620
f 1297/1920/621 1304/3191/621 1303/1921/621
f 1298/1922/622 1303/1921/622 1302/1923/623
f 1299/1925/623 1302/3192/623 1300/1926/554
f 1306/1930/624 1313/1941/624 1317/1931/625
f 1308/1932/625 1317/1931/625 1316/1933/626
f 1309/1935/627 1316/3193/627 1315/1936/627
f 1310/1937/628 1315/1936/628 1314/1938/629
f 1311/1939/629 1314/1938/629 1312/1214/542
f 1306/1930/624 1387/2937/223 1388/1940/223
f 1330/1943/222 1335/3194/222 1328/1136/222
f 1318/1945/530 1328/1132/530 1335/1946/630
f 1324/1947/631 1335/1946/631 1334/1948/631
f 1325/1949/632 1334/1948/632 1333/1950/632
f 1326/1952/633 1333/3195/633 1327/1953/634
f 1327/1953/634 1395/2950/227 1393/1955/227
f 1342/1900/538 1337/3188/538 1341/1959/1
f 1346/1960/1 1341/1959/1 1340/1961/2
f 1347/1963/230 1340/3196/230 1336/1964/540
f 1336/1964/540 871/3197/229 869/1966/229
f 1053/1143/12 1056/1672/12 1057/1967/12
f 1092/1974/222 1045/1139/222 1133/1179/222
f 1052/1750/12 1126/1981/12 1639/1976/12
f 1052/1750/12 1089/2015/12 1087/1982/12
f 1327/1983/222 1332/1129/222 1403/1131/222
f 1110/1986/222 1111/1725/222 1108/1724/222
f 1104/1985/12 1105/1723/12 1102/1165/12
f 1127/1747/12 1087/1982/12 1066/1971/12
f 1090/1975/222 1133/1179/222 1109/1178/222
f 1108/1724/222 1061/1640/222 1064/1988/222
f 1018/1642/222 1062/1993/222 1063/1990/222
f 1060/1123/500 1069/1122/500 868/1997/500
f 1020/2001/222 1021/1995/222 1061/1640/222
f 1026/2000/12 1027/1999/12 1069/1528/12
f 1078/2005/222 1079/1700/222 1076/1521/222
f 1084/2003/12 1085/1702/12 1082/1532/12
f 1303/1707/12 1304/2013/12 1086/1219/12
f 1044/1266/222 1058/1992/222 1018/1642/222
f 1067/1994/12 1050/1141/12 1037/1255/12
f 1034/2010/222 1035/2006/222 1030/1256/222
f 1039/2009/12 1040/2012/12 1289/1445/12
f 1040/2012/12 1041/1655/12 1053/1143/12
f 1033/2008/222 1034/2010/222 1280/1274/222
f 887/1448/12 1300/1455/12 1307/1456/12
f 1313/1979/222 1415/1978/222 1131/1751/222
f 1346/1903/12 1347/1958/12 1344/1957/12
f 1415/2016/227 1639/3008/227 1126/1766/532
f 1390/1454/222 1312/2102/222 1295/2018/222
f 1114/1726/222 1140/1259/222 1152/1781/222
f 1238/2023/222 1239/2021/222 1236/1227/222
f 1260/2022/12 1261/1861/12 1257/1181/12
f 1140/1259/222 1142/2028/222 1143/1756/222
f 1122/2026/12 1123/2029/12 1120/1167/12
f 1425/2030/12 1407/1557/12 1257/1181/12
f 1234/2024/222 1237/1549/222 1413/1879/222
f 1163/1212/12 1258/1180/12 1121/1182/12
f 1152/1781/222 1140/1259/222 1139/1548/222
f 1116/2034/222 1117/1727/222 1114/1726/222
f 1098/2033/12 1099/1722/12 1096/1170/12
f 1115/2035/222 1114/1726/222 1172/2036/222
f 1170/2037/12 1171/1787/12 1168/1546/12
f 883/1539/12 1169/1169/12 1095/1171/12
f 1175/1232/222 1172/2036/222 1176/2040/222
f 1176/2040/222 1177/1788/222 1174/1233/222
f 1120/1167/12 1097/1545/12 1161/2019/12
f 1188/2041/12 1189/1791/12 1186/1790/12
f 1182/2044/222 1183/1789/222 1180/1196/222
f 1159/2046/12 1160/1785/12 1157/1203/12
f 1148/2048/222 1149/1778/222 1146/1283/222
f 945/1639/12 1272/1223/12 1158/1225/12
f 1243/1591/222 1265/1281/222 1146/1283/222
f 1252/2051/12 1253/2050/12 1250/1224/12
f 1246/2054/222 1247/1857/222 1243/1591/222
f 1250/1224/12 1249/1860/12 1155/2047/12
f 1146/1283/222 1145/1779/222 1241/2052/222
f 1249/1860/12 1255/1211/12 1162/1213/12
f 1145/1779/222 1150/1226/222 1235/1228/222
f 1186/1790/12 1185/1538/12 883/1539/12
f 881/2057/222 884/1262/222 1178/1264/222
f 1187/2042/12 941/1202/12 1156/1204/12
f 950/1562/222 1349/1561/222 1351/2058/222
f 951/2060/12 1348/2066/12 870/2061/12
f 1349/1564/500 1348/1563/500 1350/2062/500
f 1351/2063/500 1350/2062/500 882/2064/500
f 955/2065/12 1350/2069/12 1348/2066/12
f 954/2059/222 1351/2058/222 881/2057/222
f 1180/1196/222 1353/2067/222 881/2057/222
f 1352/1416/12 882/2056/12 1350/2069/12
f 1352/1416/12 1187/2042/12 1186/1790/12
f 944/1220/222 940/1192/222 1144/1194/222
f 1201/2070/12 1206/1821/12 1204/1822/12
f 1190/1290/222 1195/1819/222 1193/1289/222
f 968/2071/222 1224/1839/222 1194/1288/222
f 973/1587/12 975/1590/12 1205/1095/12
f 972/1287/222 1193/1289/222 1192/1209/222
f 1207/2073/222 1211/1823/222 1209/1598/222
f 1199/1252/12 834/1249/12 1432/1251/12
f 1219/2077/12 1220/3198/12 1272/1223/12
f 1230/1588/12 1233/2076/12 1229/1156/12
f 1231/2079/12 1232/2075/12 1230/1588/12
f 1214/2080/222 1215/3199/222 1265/1281/222
f 1265/1281/222 1215/3199/222 1216/1834/222
f 1272/1223/12 1220/3198/12 1221/1836/12
f 877/1260/222 879/1177/222 1133/1179/222
f 878/1168/12 1125/1745/12 1127/1747/12
f 1265/1281/222 1267/3200/222 1268/2084/222
f 1275/2083/12 1276/2086/12 1272/1223/12
f 1266/2085/222 1267/3200/222 1265/1281/222
f 1276/2086/12 1277/1882/12 1251/1293/12
f 1248/2055/12 1251/1293/12 1410/1295/12
f 1217/1837/12 891/1550/12 1270/1552/12
f 1264/1880/222 1263/1147/222 890/1149/222
f 1097/1545/12 1120/1167/12 880/1164/12
f 1114/1726/222 1113/1728/222 879/1177/222
f 1286/2089/12 1290/2096/12 1288/1439/12
f 1284/2090/222 1285/3160/222 1281/1441/222
f 1291/2093/12 1292/2091/12 1323/1442/12
f 1290/2096/12 1291/2093/12 1322/2094/12
f 1283/2095/222 1284/2090/222 1330/1943/222
f 1318/2097/12 1324/2101/12 1322/2094/12
f 1325/2098/12 1326/1942/12 1320/1085/12
f 1334/2100/222 1335/3194/222 1330/1943/222
f 1324/2101/12 1325/2098/12 1321/1440/12
f 1333/2099/222 1334/2100/222 1331/1471/222
f 1318/2097/12 1323/1442/12 1287/1444/12
f 1314/1705/222 1299/1970/222 1295/2018/222
f 1340/1973/222 1341/1956/222 1338/1473/222
f 913/2103/12 1344/1957/12 1343/1079/12
f 1004/1524/12 936/1523/12 1082/1532/12
f 1083/2004/12 868/1120/12 1024/1529/12
f 1075/1701/222 1017/1530/222 867/1522/222
f 1357/1081/227 1430/2262/227 1354/2108/227
f 1393/1084/12 1867/2938/12 1868/2110/12
f 1372/2111/161 1380/3201/161 1405/2112/229
f 1379/2114/226 1381/2117/225 1378/2115/225
f 1381/2117/225 1382/2260/228 1377/2118/228
f 1753/2121/12 1749/3059/12 1745/2817/12
f 1745/2817/12 1746/2119/12 1753/2121/12
f 1384/2122/233 1385/2125/162 1374/2123/162
f 1385/2125/162 1380/3201/161 1372/2111/161
f 1358/2126/224 1360/2129/113 1371/2127/113
f 1360/2129/113 1361/2131/1 1370/2130/1
f 1361/2131/1 1362/2133/2 1369/2132/2
f 1362/2133/2 1363/3202/221 1368/2134/221
f 1363/2135/221 1364/2138/230 1367/2136/230
f 1364/2138/230 1359/2148/231 1365/2139/231
f 1366/2128/224 1539/2497/223 1540/2140/223
f 1629/2143/12 1630/2993/12 1398/2141/12
f 1398/2141/12 1486/2502/12 1484/2142/12
f 1386/2144/229 1607/2987/229 1616/2145/229
f 1392/2147/229 1365/2139/231 1359/2148/231
f 1404/1125/12 1868/2110/12 1893/2150/12
f 1396/2152/229 1392/2147/229 1394/2149/229
f 1880/2154/222 1403/1131/222 1885/2155/222
f 1876/2157/635 1399/3203/636 1397/2158/636
f 1826/2160/222 1399/1137/222 1876/2161/222
f 1638/2163/222 1641/3004/222 1592/2164/222
f 1782/2169/637 1804/2863/637 1425/1145/227
f 1655/2173/557 1416/3204/227 1414/2174/227
f 1810/2176/638 1819/2882/638 1410/1154/227
f 1420/2181/229 1419/2196/229 1654/2182/541
f 1416/2184/229 1386/2144/229 1389/2146/229
f 1420/2186/12 1649/2719/12 1650/2187/12
f 1668/2189/12 1420/2186/12 1418/2190/12
f 1717/2192/12 1643/2717/12 1644/2193/12
f 1420/2181/229 1642/2735/540 1661/2195/540
f 1651/2197/12 1648/2973/12 1414/2198/12
f 1419/2200/222 1681/2746/222 1657/2201/222
f 1667/2206/639 1418/2607/500 1417/2207/500
f 1727/2209/539 1692/2805/538 1704/2210/538
f 1422/2212/229 1428/2220/229 1426/2213/229
f 1487/2215/222 1692/3037/222 1727/2216/222
f 1509/2218/222 1487/2215/222 1728/2217/222
f 1428/2220/229 1412/3205/229 1408/2221/229
f 1489/2222/222 1493/2565/222 1405/2223/222
f 1488/2225/12 1704/2778/12 1705/2226/12
f 1733/2228/536 1714/2787/535 1721/2229/535
f 1803/2234/12 1710/2774/12 1711/2235/12
f 1860/2236/640 1855/3206/640 1391/2237/641
f 1635/2239/12 1633/2295/12 1859/2240/12
f 1491/2242/222 1495/2587/222 1761/2243/222
f 1820/2245/12 1706/3036/12 1798/2246/12
f 1698/2248/222 1783/2855/222 1784/2249/222
f 1703/2251/540 1693/2800/540 1698/2252/541
f 1660/2256/222 1412/3207/222 1722/2280/222
f 1412/3207/222 1428/2278/222 1722/2280/222
f 1722/2280/222 1723/2254/222 1660/2256/222
f 1758/2257/222 1755/3063/222 1740/2233/222
f 1755/3063/222 1739/2815/222 1740/2233/222
f 1383/2258/232 1384/2122/233 1375/2124/233
f 1382/2260/228 1383/3208/232 1376/2261/232
f 1430/2262/227 1554/2602/227 1555/2263/227
f 1429/1242/227 1355/1244/227 1738/2264/642
f 1776/2266/12 1750/2819/12 1751/2267/12
f 1747/2270/12 1354/2269/12 1555/2120/12
f 1577/2273/222 1469/2460/222 1471/2274/222
f 1688/2276/222 1685/3021/222 1417/2277/222
f 1428/2278/222 1726/3031/222 1721/2279/222
f 1842/2911/713 1849/2913/713 1436/2284/500
f 1436/2284/500 1834/2900/643 1827/2285/643
f 1435/2286/500 1842/2911/713 1436/2284/500
f 1842/2287/222 1435/2289/222 1590/2288/222
f 1435/2289/222 1827/2450/222 1828/2290/222
f 1605/2291/644 1614/3209/644 1597/2292/645
f 1436/2294/12 1849/2898/12 1633/2295/12
f 1813/2244/222 1694/2771/222 1695/2297/222
f 1738/2304/222 1771/3066/222 1775/2305/222
f 1440/2307/227 1444/2311/225 1443/2308/225
f 1447/2310/228 1443/2308/225 1444/2311/225
f 1448/2312/228 1452/3210/232 1451/2313/232
f 1451/2314/232 1452/3211/232 1456/2315/233
f 1459/2317/162 1455/2316/233 1456/2315/233
f 1459/2317/162 1460/2318/162 1464/2319/229
f 1463/2320/229 1464/2319/229 1468/2321/230
f 1467/2322/230 1468/2321/230 1470/2323/221
f 1469/2325/221 1470/3212/221 1472/2326/2
f 1471/2327/2 1472/2326/2 1474/2328/1
f 1473/2329/1 1474/2328/1 1476/2330/113
f 1475/2331/113 1476/2330/113 1481/2332/223
f 1480/2333/223 1481/2332/223 1482/2334/392
f 1479/2335/392 1482/2334/392 1483/2336/288
f 1478/2337/288 1483/2336/288 1484/2338/289
f 1484/2340/289 1486/2344/495 1485/2341/495
f 1441/2343/501 1485/2341/495 1486/2344/495
f 1442/2345/501 1446/2347/500 1445/2346/500
f 1446/2347/500 1450/2350/436 1449/2348/436
f 1453/2349/504 1449/2348/436 1450/2350/436
f 1454/2351/504 1458/3213/503 1457/2352/503
f 1458/2353/503 1462/2357/499 1461/2354/499
f 1465/2356/497 1461/2354/499 1462/2357/499
f 1466/2358/497 1440/2307/227 1439/2309/227
f 1368/2362/222 1453/3214/222 1369/3215/222
f 1453/3214/222 1457/3216/222 1369/3215/222
f 1457/3216/222 1461/2359/222 1370/2361/222
f 1369/3215/222 1457/3216/222 1370/2361/222
f 1366/3217/222 1371/3218/222 1439/2496/222
f 1371/3218/222 1370/2361/222 1465/2360/222
f 1465/2360/222 1439/2496/222 1371/3218/222
f 1365/2440/222 1445/3219/222 1367/2363/222
f 1445/3219/222 1449/2364/222 1367/2363/222
f 1449/2364/222 1453/3214/222 1368/2362/222
f 1446/2366/12 1359/3220/12 1364/2367/12
f 1364/2367/12 1363/3221/12 1450/2365/12
f 1363/3221/12 1454/3222/12 1450/2365/12
f 1360/2435/12 1466/3223/12 1361/2369/12
f 1466/3223/12 1462/3224/12 1361/2369/12
f 1458/2370/12 1454/3222/12 1362/2368/12
f 1454/3222/12 1363/3221/12 1362/2368/12
f 1462/3224/12 1458/2370/12 1361/2369/12
f 1488/2371/227 1492/2374/225 1491/2372/225
f 1492/2374/225 1496/2376/228 1495/2375/228
f 1496/2376/228 1500/3225/232 1499/2377/232
f 1499/2378/232 1500/3226/232 1506/2379/233
f 1505/2380/233 1506/2379/233 1508/2381/162
f 1507/2382/162 1508/2381/162 1512/2383/229
f 1511/2384/229 1512/2383/229 1514/2385/230
f 1513/2386/230 1514/2385/230 1516/2387/221
f 1515/2389/221 1516/3227/221 1520/2390/2
f 1521/2392/1 1519/2391/2 1520/2390/2
f 1523/2394/113 1521/2392/1 1522/2393/1
f 1523/2394/113 1524/2395/113 1527/2396/223
f 1526/2397/223 1527/2396/223 1529/2398/392
f 1528/2399/392 1529/2398/392 1531/2400/288
f 1530/2401/288 1531/2400/288 1533/2402/289
f 1533/2404/289 1534/2407/495 1525/2405/495
f 1534/2407/495 1536/2410/501 1535/2408/501
f 1489/2409/500 1535/2408/501 1536/2410/501
f 1490/2411/500 1494/2414/436 1493/2412/436
f 1497/2413/504 1493/2412/436 1494/2414/436
f 1498/2415/504 1502/3228/503 1501/2416/503
f 1502/2417/503 1504/2421/499 1503/2418/499
f 1509/2420/497 1503/2418/499 1504/2421/499
f 1510/2422/497 1488/2371/227 1487/2373/227
f 1530/2423/222 1532/2575/222 1383/2424/222
f 1488/2225/12 1510/2559/12 1900/2426/12
f 1500/2428/12 1496/3229/12 1766/2429/12
f 1527/2431/12 1524/2591/12 1552/2432/12
f 1440/2434/12 1466/3223/12 1360/2435/12
f 1394/2437/12 1359/3220/12 1446/2366/12
f 1441/2439/222 1445/3219/222 1365/2440/222
f 1456/2105/12 1452/2482/12 1518/2442/12
f 1402/2443/222 1517/2484/222 1451/2444/222
f 1870/3086/12 1836/2447/12 1869/2446/12
f 1836/2447/12 1468/2462/12 1464/2448/12
f 1829/2449/222 1828/2290/222 1827/2450/222
f 1436/2294/12 1600/2167/12 1837/2455/12
f 1828/2290/222 1829/2449/222 1577/2273/222
f 1829/2449/222 1467/2894/222 1469/2460/222
f 1836/2447/12 1837/2455/12 1585/2479/12
f 1585/2479/12 1470/2461/12 1836/2447/12
f 1848/2464/12 1855/3003/12 1859/2240/12
f 1564/2466/646 1571/3230/646 1627/2467/535
f 1598/2469/647 1633/2713/540 1638/2470/540
f 1884/2472/222 1455/2445/222 1459/2473/222
f 1826/2475/648 1835/3231/648 1434/2476/649
f 1583/2478/12 1472/2521/12 1470/2461/12
f 1869/2446/12 1464/2448/12 1892/2952/12
f 1464/2448/12 1460/3092/12 1892/2952/12
f 1869/2446/12 1892/2952/12 1893/2150/12
f 1879/2481/222 1880/2154/222 1886/2156/222
f 1886/2156/222 1887/2474/222 1879/2481/222
f 1887/2474/222 1459/2473/222 1463/2480/222
f 1452/2482/12 1448/2489/12 1537/2483/12
f 1517/2484/222 1538/2491/222 1447/2485/222
f 1517/2486/223 1402/3232/223 1400/2487/223
f 1448/2489/12 1444/2498/12 1540/2490/12
f 1538/2491/222 1539/2495/222 1443/2492/222
f 1538/2493/223 1517/2486/223 1518/2488/223
f 1539/2495/222 1366/3217/222 1439/2496/222
f 1539/2497/223 1538/2493/223 1537/2494/223
f 1444/2498/12 1440/2434/12 1358/2436/12
f 1541/2499/227 1549/2533/227 1548/2500/227
f 1398/2141/12 1394/2437/12 1442/2438/12
f 1485/2503/222 1441/2439/222 1392/2441/222
f 1543/2505/227 1541/2499/227 1542/2501/227
f 1544/2507/12 1542/2525/12 1481/2508/12
f 1475/2510/222 1480/2527/222 1541/2511/222
f 1546/2513/227 1543/2505/227 1544/2506/227
f 1545/2515/12 1544/2507/12 1476/2509/12
f 1473/2517/222 1475/2510/222 1543/2512/222
f 1547/2519/650 1546/2513/227 1545/2514/227
f 1583/2478/12 1545/2515/12 1474/2516/12
f 1471/2274/222 1473/2517/222 1546/2518/222
f 1478/2522/222 1624/2530/222 1621/2523/222
f 1542/2525/12 1548/2531/12 1482/2526/12
f 1480/2527/222 1479/2535/222 1549/2528/222
f 1624/2530/222 1477/3094/222 1396/2504/222
f 1477/3094/222 1485/2503/222 1396/2504/222
f 1548/2531/12 1551/3093/12 1483/2532/12
f 1549/2533/227 1550/2715/227 1551/2534/227
f 1479/2535/222 1478/2522/222 1550/2524/222
f 1634/2541/538 1613/2694/651 1606/2542/651
f 1733/2544/12 1426/3027/12 1717/2192/12
f 1843/2549/652 1433/2477/653 1434/2476/653
f 1645/2551/12 1715/2781/12 1716/2194/12
f 1534/2556/12 1533/2576/12 1376/2557/12
f 1407/1557/12 1805/2205/12 1669/2204/12
f 1494/2562/12 1490/2570/12 1372/2563/12
f 1493/2565/222 1497/3047/222 1897/2566/222
f 1405/2112/229 1897/3051/229 1896/2567/229
f 1535/2568/222 1489/2222/222 1380/2224/222
f 1490/2570/12 1536/2574/12 1374/2571/12
f 1525/2572/222 1535/2568/222 1385/2569/222
f 1536/2574/12 1534/2556/12 1375/2558/12
f 1532/2575/222 1525/2572/222 1384/2573/222
f 1533/2576/12 1531/2582/12 1377/2577/12
f 1528/2578/222 1530/2423/222 1382/2425/222
f 1526/2580/222 1528/2578/222 1381/2579/222
f 1531/2582/12 1529/2586/12 1378/2583/12
f 1432/1581/223 1744/2825/654 1756/2584/654
f 1529/2586/12 1527/2431/12 1373/2433/12
f 1495/2587/222 1499/2608/222 1556/2588/222
f 1520/2589/12 1516/3069/12 1778/2590/12
f 1524/2591/12 1522/2599/12 1555/2120/12
f 1791/2592/222 1411/1593/222 1423/1592/222
f 1553/2594/227 1379/2114/226 1373/2116/226
f 1523/2596/222 1526/2580/222 1379/2581/222
f 1554/2232/222 1430/2600/222 1757/2598/222
f 1430/2600/222 1431/1601/222 1756/2601/222
f 1554/2602/227 1553/2594/227 1552/2595/227
f 1521/2231/222 1523/2596/222 1553/2597/222
f 1715/2603/533 1709/2793/557 1699/2604/557
f 1673/2606/655 1680/2753/655 1417/2207/500
f 1437/2610/656 1760/2847/657 1765/2611/657
f 1437/2613/658 1438/3233/658 1776/2614/659
f 1505/2609/222 1507/2618/222 1558/2616/222
f 1507/2618/222 1511/2625/222 1561/2619/222
f 1559/2620/500 1557/2839/660 1556/2621/660
f 1508/2623/12 1506/2617/12 1557/2430/12
f 1511/2625/222 1513/2298/222 1563/2300/222
f 1560/2626/500 1559/2620/500 1558/2622/500
f 1512/2628/12 1508/2623/12 1559/2624/12
f 1777/2630/661 1562/2633/500 1563/2631/500
f 1562/2633/500 1560/2626/500 1561/2627/500
f 1514/2179/12 1512/2628/12 1560/2629/12
f 1790/2634/662 1423/1638/223 1421/1637/223
f 1766/2429/12 1496/3229/12 1492/2227/12
f 1570/2640/612 1572/2643/664 1569/2641/663
f 1572/2643/664 1573/2645/665 1568/2644/665
f 1573/2645/666 1574/3234/666 1567/2646/666
f 1574/2647/667 1575/2650/668 1566/2648/668
f 1575/2650/668 1571/3230/646 1564/2466/646
f 1576/2653/669 1579/3235/670 1589/2654/670
f 1579/2656/670 1580/2659/671 1588/2657/671
f 1580/2659/672 1581/3236/672 1587/2660/672
f 1581/2661/673 1582/2664/674 1586/2662/674
f 1582/2664/674 1547/2519/650 1583/2520/650
f 1584/2655/669 1570/2640/612 1565/2642/612
f 1593/2665/222 1435/2289/222 1578/2281/222
f 1597/2292/645 1601/2669/676 1596/2668/675
f 1601/2669/676 1602/2671/677 1595/2670/677
f 1602/2671/678 1603/3237/678 1594/2672/678
f 1603/2673/679 1604/2676/680 1593/2674/680
f 1604/2676/680 1598/2469/647 1590/2471/647
f 1386/2677/222 1416/3238/222 1655/2678/222
f 1618/2680/12 1617/2981/12 1651/2197/12
f 1615/2540/12 1570/2982/12 1620/2681/12
f 1605/2683/644 1609/2686/681 1620/2684/681
f 1609/2686/681 1610/2688/682 1619/2687/682
f 1610/2688/683 1611/3239/683 1618/2689/683
f 1611/2690/684 1612/2693/685 1617/2691/685
f 1612/2693/685 1606/2542/651 1613/2694/651
f 1845/2699/222 1638/2163/222 1862/2165/222
f 1621/2702/533 1625/3240/497 1632/2703/497
f 1625/2705/503 1626/2708/503 1631/2706/503
f 1626/2708/436 1622/2468/535 1627/2467/535
f 1637/2543/538 1640/2710/1 1636/2709/1
f 1640/2710/1 1641/3241/2 1635/2711/2
f 1641/2712/230 1638/2470/540 1633/2713/540
f 1550/2715/227 1621/2702/533 1628/2704/533
f 1654/2182/541 1658/2725/233 1653/2724/233
f 1658/2725/233 1659/3242/228 1652/2726/228
f 1659/2727/228 1655/2173/557 1648/2175/557
f 1660/2729/538 1664/2732/1 1647/2730/1
f 1664/2732/1 1665/3243/2 1646/2733/2
f 1665/2734/230 1661/2195/540 1642/2735/540
f 1412/2737/223 1660/2729/538 1643/2731/538
f 1673/2606/655 1676/2754/686 1684/2752/686
f 1676/2754/686 1677/3244/503 1683/2755/503
f 1677/2756/503 1678/2759/687 1682/2757/687
f 1678/2759/687 1674/3007/637 1679/2760/637
f 1666/2761/662 1670/2764/688 1691/2762/688
f 1670/2764/688 1671/3245/289 1690/2765/289
f 1671/2766/289 1672/2769/689 1689/2767/689
f 1672/2769/689 1667/2206/639 1685/2208/639
f 1413/1776/223 1407/1777/223 1666/2761/662
f 1714/2787/535 1718/2789/436 1725/2788/436
f 1718/2789/503 1719/3246/503 1724/2790/503
f 1719/2791/497 1715/2603/533 1720/2605/533
f 1709/2793/557 1712/3247/225 1702/2794/225
f 1712/2795/232 1713/2798/232 1701/2796/232
f 1713/2798/162 1710/2253/541 1698/2252/541
f 1703/2251/540 1707/3248/230 1697/2799/230
f 1707/2801/2 1708/2804/2 1696/2802/2
f 1708/2804/113 1704/2210/538 1692/2805/538
f 1726/2230/536 1730/3249/501 1737/2806/501
f 1730/2807/289 1731/2810/289 1736/2808/289
f 1731/2810/392 1727/2209/539 1732/2211/539
f 1789/2811/639 1797/2871/639 1803/2812/655
f 1743/2814/222 1741/2302/222 1740/2233/222
f 1748/2816/12 1747/2270/12 1746/2119/12
f 1754/2818/12 1752/3060/12 1751/2267/12
f 1755/2821/690 1759/3250/691 1748/2822/691
f 1759/2824/692 1756/2584/654 1744/2825/654
f 1738/2264/642 1743/3251/687 1754/2827/687
f 1743/2828/686 1739/2831/693 1749/2829/693
f 1745/2823/690 1749/2829/693 1739/2831/693
f 1774/2836/222 1772/2837/222 1742/2303/222
f 1770/2299/222 1513/2298/222 1772/2837/222
f 1557/2839/660 1767/2841/694 1764/2840/694
f 1767/2841/695 1768/3252/695 1763/2842/695
f 1768/2843/696 1769/2846/696 1762/2844/696
f 1769/2846/697 1765/2611/657 1760/2847/657
f 1770/2632/661 1773/2849/698 1781/2848/698
f 1773/2849/699 1774/3253/699 1780/2850/699
f 1774/2851/700 1775/2854/700 1779/2852/700
f 1775/2854/701 1771/2615/659 1776/2614/659
f 1782/2169/637 1786/2864/687 1809/2862/687
f 1786/2864/687 1787/3254/503 1808/2865/503
f 1787/2866/503 1788/2869/686 1807/2867/686
f 1788/2869/686 1783/2813/655 1803/2812/655
f 1789/2811/639 1793/2872/689 1802/2870/689
f 1793/2872/689 1794/3255/289 1801/2873/289
f 1794/2874/289 1795/2877/688 1800/2875/688
f 1795/2877/688 1790/2634/662 1796/2635/662
f 1785/2552/222 1413/1879/222 1686/2750/222
f 1810/2176/638 1814/2883/702 1825/2881/702
f 1814/2883/702 1815/3256/703 1824/2884/703
f 1815/2885/704 1816/2888/704 1823/2886/704
f 1816/2888/705 1817/3257/706 1822/2889/706
f 1817/2890/706 1811/2893/707 1818/2891/707
f 1811/2893/707 1409/1896/566 1406/1895/566
f 1878/2940/222 1879/2481/222 1829/2449/222
f 1879/2481/222 1463/2480/222 1829/2449/222
f 1403/1899/223 1404/1901/223 1890/2895/539
f 1834/2900/643 1838/2902/708 1833/2901/708
f 1838/2902/708 1839/3258/709 1832/2903/709
f 1839/2904/710 1840/2907/710 1831/2905/710
f 1840/2907/711 1841/3259/712 1830/2908/712
f 1841/2909/712 1835/3231/648 1826/2475/648
f 1842/2911/713 1844/2914/714 1853/2912/714
f 1844/2914/714 1845/3260/715 1852/2915/715
f 1845/2916/716 1846/2919/716 1851/2917/716
f 1846/2919/717 1847/2921/718 1850/2920/718
f 1847/2921/718 1843/3261/652 1848/2922/652
f 1854/2926/719 1856/2929/720 1865/2927/720
f 1856/2929/720 1857/3262/721 1864/2930/721
f 1857/2931/722 1858/2934/722 1863/2932/722
f 1858/2934/723 1859/2936/724 1862/2935/724
f 1859/2936/724 1855/3206/640 1860/2236/640
f 1854/2926/719 1861/2928/719 1388/1940/223
f 1878/2940/222 1877/2162/222 1876/2161/222
f 1866/2159/635 1872/2943/725 1883/2942/725
f 1872/2943/726 1873/2945/726 1882/2944/726
f 1873/2945/727 1874/3263/727 1881/2946/727
f 1874/2947/728 1867/3264/729 1875/2948/729
f 1875/2948/729 1867/3264/729 1393/1955/227
f 1890/2895/539 1894/2955/288 1889/2954/288
f 1894/2955/288 1895/3265/289 1888/2956/289
f 1895/2957/501 1891/3266/536 1884/2958/536
f 1884/2958/536 1891/3266/536 1400/2960/500
f 1600/2167/12 1436/2294/12 1604/2962/12
f 1640/2967/222 1637/2976/222 1681/2746/222
f 1599/2241/12 1854/3005/12 1639/1976/12
f 1599/2241/12 1675/2188/12 1634/2970/12
f 1875/2972/222 1395/1984/222 1403/1131/222
f 1658/2975/222 1657/2201/222 1656/2679/222
f 1652/2974/12 1651/2197/12 1650/2187/12
f 1675/2188/12 1650/2187/12 1613/2964/12
f 1637/2976/222 1606/2965/222 1657/2201/222
f 1656/2679/222 1612/2984/222 1611/2977/222
f 1565/2637/222 1608/2636/222 1610/2978/222
f 1607/2987/229 1396/2152/229 1398/2153/229
f 1567/2991/222 1607/2539/222 1608/2636/222
f 1573/2990/12 1615/2540/12 1616/2537/12
f 1625/2995/222 1624/2530/222 1623/2529/222
f 1631/2994/12 1630/2993/12 1629/2143/12
f 1851/2701/12 1859/2240/12 1633/2295/12
f 1591/2283/222 1576/2651/222 1565/2637/222
f 1614/2983/12 1570/2982/12 1584/2271/12
f 1581/3000/222 1828/2290/222 1577/2273/222
f 1586/2999/12 1585/2479/12 1837/2455/12
f 1587/3001/12 1837/2455/12 1600/2167/12
f 1580/2998/222 1578/2281/222 1828/2290/222
f 1434/2459/12 1391/1449/12 1855/3003/12
f 1861/2969/222 1592/2164/222 1679/2744/222
f 1894/2897/12 1893/2150/12 1892/2952/12
f 1415/2016/227 1679/2760/637 1674/3007/637
f 1390/1454/222 1433/2463/222 1843/3009/222
f 1662/2721/222 1699/2777/222 1700/2250/222
f 1786/3015/222 1785/2552/222 1784/2249/222
f 1808/3014/12 1806/2203/12 1805/2205/12
f 1688/2276/222 1687/2553/12 1691/2751/222
f 1670/3017/12 1669/2204/12 1668/2189/12
f 1425/2030/12 1804/2861/12 1805/2205/12
f 1782/3016/222 1427/2031/222 1413/1879/222
f 1711/2235/12 1668/2189/12 1669/2204/12
f 1700/2250/222 1784/2249/222 1687/2553/12
f 1664/3024/222 1663/2255/222 1662/2721/222
f 1646/3023/12 1645/2551/12 1644/2193/12
f 1663/2255/222 1723/2254/222 1720/3025/222
f 1718/3026/12 1717/2192/12 1716/2194/12
f 1426/3027/12 1408/3267/12 1643/2717/12
f 1724/3028/222 1720/3025/222 1723/2254/222
f 1723/2254/222 1722/2280/222 1724/3028/222
f 1668/2189/12 1711/2235/12 1709/3011/12
f 1736/3029/12 1735/2427/12 1734/2785/12
f 1730/3033/222 1729/3032/222 1728/2217/222
f 1707/3034/12 1706/3036/12 1705/2226/12
f 1696/3038/222 1695/2297/222 1694/2771/222
f 1492/2227/12 1705/2226/12 1706/3036/12
f 1791/2592/222 1792/3042/222 1694/2771/222
f 1800/3040/12 1799/2247/12 1798/2246/12
f 1794/3044/222 1792/3042/222 1791/2592/222
f 1798/2246/12 1706/3036/12 1703/3035/12
f 1694/2771/222 1792/3042/222 1789/3041/222
f 1797/2858/12 1703/3035/12 1710/2774/12
f 1693/2772/222 1789/3041/222 1783/2855/222
f 1734/2785/12 1424/3058/12 1426/3027/12
f 1422/3046/222 1729/3032/222 1726/3031/222
f 1735/2427/12 1732/3030/12 1704/2778/12
f 1497/3047/222 1501/3056/222 1899/3048/222
f 1498/3049/12 1494/2562/12 1401/2564/12
f 1897/3051/229 1899/3053/229 1898/3052/229
f 1899/3053/229 1422/2212/229 1424/2214/229
f 1502/3054/12 1498/3049/12 1896/3050/12
f 1501/3056/222 1901/2219/222 1422/3046/222
f 1728/2217/222 1729/3032/222 1422/3046/222
f 1900/2426/12 1502/3054/12 1898/3055/12
f 1900/2426/12 1424/3058/12 1734/2785/12
f 1491/2242/222 1695/2297/222 1692/3037/222
f 1749/3059/12 1753/2121/12 1752/3060/12
f 1738/2304/222 1742/2303/222 1741/2302/222
f 1515/3061/222 1519/2301/222 1742/2303/222
f 1520/2589/12 1752/3060/12 1753/2121/12
f 1519/2301/222 1521/2231/222 1740/2233/222
f 1755/3063/222 1758/2257/222 1757/2598/222
f 1747/2270/12 1744/3062/12 1432/1251/12
f 1767/3067/12 1766/2429/12 1820/2245/12
f 1778/2590/12 1514/2179/12 1777/2178/12
f 1779/2268/12 1751/2267/12 1778/2590/12
f 1762/3070/222 1812/2878/222 1813/2244/222
f 1813/2244/222 1761/2243/222 1764/2832/222
f 1820/2245/12 1821/2833/12 1769/2835/12
f 1417/2277/222 1680/2749/222 1681/2746/222
f 1418/2190/12 1420/2186/12 1675/2188/12
f 1813/2244/222 1812/2878/222 1816/3075/222
f 1823/3074/12 1821/2833/12 1820/2245/12
f 1814/3078/222 1791/2592/222 1813/2244/222
f 1824/3077/12 1820/2245/12 1799/2247/12
f 1796/3045/12 1421/2088/12 1410/1295/12
f 1765/2834/12 1821/2833/12 1818/2555/12
f 1812/2878/222 1760/3072/222 1437/2172/222
f 1645/2551/12 1642/3022/12 1420/2186/12
f 1662/2721/222 1688/2276/222 1419/2200/222
f 1834/2456/12 1837/2455/12 1836/2447/12
f 1832/3081/222 1878/2940/222 1829/2449/222
f 1839/3084/12 1870/3086/12 1871/2452/12
f 1838/3080/12 1836/2447/12 1870/3086/12
f 1831/3085/222 1877/2162/222 1878/2940/222
f 1866/3087/12 1871/2452/12 1870/3086/12
f 1873/3089/12 1869/2446/12 1868/2110/12
f 1882/3091/222 1879/2481/222 1878/2940/222
f 1872/3088/12 1870/3086/12 1869/2446/12
f 1881/3090/222 1880/2154/222 1879/2481/222
f 1866/3087/12 1397/1450/12 1835/2453/12
f 1862/2165/222 1860/3010/222 1843/3009/222
f 1888/2966/222 1887/2474/222 1886/2156/222
f 1460/3092/12 1456/2105/12 1891/2107/12
f 1551/3093/12 1628/2698/12 1629/2143/12
f 1630/2993/12 1627/2992/12 1571/2536/12
f 1622/2695/222 1623/2529/222 1396/2504/222
